ref	root	class	hamza	pos	wazn
100:11:2	ربب	مضاعف	-	N	فَعَّهُمْ
100:1:1	عدو	ناقص	-	N	فَاعِيَات
100:4:1	ثور	أجوف	-	V	أَفَرْنَ
100:6:3	ربب	مضاعف	-	N	فَعِّهِ
100:8:2	حبب	مضاعف	-	N	فُعّ
100:8:4	شدد	مضاعف	-	N	فَعِيل
101:10:2	دري	ناقص	-	V	أَفْعَاكَ
101:11:1	نور	أجوف	-	N	فَار
101:3:2	دري	ناقص	-	V	أَفْعَاكَ
101:4:3	نوس	أجوف	-	N	فَاس
101:4:5	بثث	مضاعف	-	ADJ	مَفْعُول
101:7:4	رضو	ناقص	-	ADJ	فَاعِيَة
101:8:3	خفف	مضاعف	-	V	فَعَّت
101:9:1	امم	مضاعف	0	N	فُعُّهُ
102:1:1	لهو	ناقص	-	V	أَفْعَاكُمُ
102:2:2	زور	أجوف	-	V	فُرْتُمُ
102:6:1	راي	ناقص	1	V	تَفَوُنَّ
102:7:2	راي	ناقص	1	V	تَفَوُنَّهَع
103:3:6	وصي	لفيف	-	V	تَفَاعَوْا
103:3:7	حقق	مضاعف	-	N	فَعّ
103:3:8	وصي	لفيف	-	V	تَفَاعَوْا
104:1:2	كلل	مضاعف	-	N	فُعّ
104:2:3	مول	أجوف	-	N	فَالًا
104:2:4	عدد	مضاعف	-	V	فَعَّلَهُ
104:3:3	مول	أجوف	-	N	فَالَهُ
104:5:2	دري	ناقص	-	V	أَفْعَاكَ
104:6:1	نور	أجوف	-	N	فَار
104:7:4	فاد	صحيح سالم	1	N	أَفْئِدَة
104:8:3	وصد	مثال	-	N	مُؤْصَدَة
104:9:3	مدد	مضاعف	-	ADJ	فُمَعَّلَة
105:1:2	راي	ناقص	1	V	تَف
105:1:5	ربب	مضاعف	-	N	فَعُّكَ
105:2:5	ضلل	مضاعف	-	N	تَفْعِيل
106:2:3	شتو	ناقص	-	N	فِعَاء
106:3:2	ربب	مضاعف	-	N	فَعّ
107:2:3	دعع	مضاعف	-	V	يَفُعّ
107:3:2	حضض	مضاعف	-	V	يَفُعّ
107:4:2	صلو	ناقص	-	N	مُفَعِّين
107:5:4	صلو	ناقص	-	N	فَعَاتِهِمْ
107:6:3	راي	ناقص	1	V	يُفَعءُونَ
108:1:2	عطو	ناقص	-	V	أَفْعَيْنَاكَ
108:2:1	صلو	ناقص	-	V	فَعّ
108:2:2	ربب	مضاعف	-	N	فَعِّكَ
108:3:2	شنا	صحيح سالم	2	N	فَاعِئَكَ
109:1:1	قول	أجوف	-	V	فُل
10:100:2	كون	أجوف	-	V	فَان
10:100:5	امن	صحيح سالم	0	V	تُؤْمِن
10:101:1	قول	أجوف	-	V	فُل
10:101:14	امن	صحيح سالم	0	V	يُؤْمِنُونَ
10:101:9	ايي	لفيف	0	N	فعَات
10:102:10	قول	أجوف	-	V	فُل
10:102:5	يوم	لفيف	-	N	أَفَّام
10:103:10	امن	صحيح سالم	0	N	مُؤْمِنِين
10:103:2	نجو	ناقص	-	V	فُنَعِّي
10:103:7	حقق	مضاعف	-	N	فَعًّا
10:103:9	نجو	ناقص	-	V	فُنْع
10:104:1	قول	أجوف	-	V	فُل
10:104:21	وفي	لفيف	-	V	يَتَفَعَّاكُمْ
10:104:26	امن	صحيح سالم	0	N	مُؤْمِنِين
10:104:3	نوس	أجوف	-	N	فَاس
10:104:5	كون	أجوف	-	V	فُنْتُمْ
10:104:7	شكك	مضاعف	-	N	فَعّ
10:105:2	قوم	أجوف	-	V	أَفِم
10:106:10	ضرر	مضاعف	-	V	يَفُعُّكَ
10:106:2	دعو	ناقص	-	V	تَفْع
10:107:11	رود	أجوف	-	V	يُفِدْكَ
10:107:14	ردد	مضاعف	-	N	فَاعّ
10:107:16	صوب	أجوف	-	V	يُفِيب
10:107:19	شيا	أجوف	2	V	يَفَاء
10:107:2	مسس	مضاعف	-	V	يَفْعَلْكَ
10:107:4	ضرر	مضاعف	-	N	فُعّ
10:108:1	قول	أجوف	-	V	فُل
10:108:15	ضلل	مضاعف	-	V	فَعّ
10:108:17	ضلل	مضاعف	-	V	يَفِعّ
10:108:3	نوس	أجوف	-	N	فَاس
10:108:5	جيا	أجوف	2	V	فَاءَكُمُ
10:108:6	حقق	مضاعف	-	N	فَعّ
10:108:8	ربب	مضاعف	-	N	فَعِّكُمْ
10:10:12	اله	صحيح سالم	0	PN	لَّه
10:10:13	ربب	مضاعف	-	N	فَعّ
10:10:5	حيي	لفيف	-	N	تَفِعَّتُهُمْ
10:11:11	وذر	مثال	-	V	نَذَر
10:11:15	لقي	ناقص	-	N	فِعَاءَنَا
10:11:4	نوس	أجوف	-	N	فَّاس
10:11:5	شرر	مضاعف	-	N	فَعّ
10:12:10	قوم	أجوف	-	N	فَائِمًا
10:12:14	ضرر	مضاعف	-	N	فُعَّهُ
10:12:15	مرر	مضاعف	-	V	فَعّ
10:12:18	دعو	ناقص	-	V	يَفْعُنَا
10:12:2	مسس	مضاعف	-	V	فَعّ
10:12:20	ضرر	مضاعف	-	N	فُعّ
10:12:21	مسس	مضاعف	-	V	فَعَّهُ
10:12:26	كون	أجوف	-	V	فَانُعا
10:12:4	ضرر	مضاعف	-	N	فُعّ
10:12:5	دعو	ناقص	-	V	فَعَانَا
10:13:12	كون	أجوف	-	V	فَانُعا
10:13:13	امن	صحيح سالم	0	V	يُؤْمِنُوف
10:13:8	جيا	أجوف	2	V	فَاءَتْهُمْ
10:15:10	لقي	ناقص	-	N	فِعَاءَنَا
10:15:11	اتي	ناقص	0	V	فئْع
10:15:17	قول	أجوف	-	V	فُل
10:15:2	تلو	ناقص	-	V	فُتْعَى
10:15:24	لقي	ناقص	-	N	تِفْعَاء
10:15:33	خوف	أجوف	-	V	أَفَاف
10:15:36	ربب	مضاعف	-	N	فَعِّي
10:15:4	ايي	لفيف	0	N	فعَاتُنَا
10:15:6	قول	أجوف	-	V	فَال
10:16:1	قول	أجوف	-	V	فُل
10:16:3	شيا	أجوف	2	V	فَاء
10:16:9	دري	ناقص	-	V	أَفْعَاكُمْ
10:17:10	ايي	لفيف	0	N	فعَاتِهِ
10:18:15	قول	أجوف	-	V	فُل
10:18:16	نبا	صحيح سالم	2	V	أَتُفَعِّئُونَ
10:18:27	علو	ناقص	-	V	تَفَاعَى
10:18:7	ضرر	مضاعف	-	V	يَفُعُّهُمْ
10:19:12	ربب	مضاعف	-	N	فَعِّكَ
10:19:2	كون	أجوف	-	V	فَان
10:19:3	نوس	أجوف	-	N	فَاس
10:19:5	امم	مضاعف	0	N	فُعَّة
10:1:3	ايي	لفيف	0	N	فعَات
10:20:11	اله	صحيح سالم	0	PN	لَّه
10:20:5	ايي	لفيف	0	N	فعَة
10:20:7	ربب	مضاعف	-	N	فَعِّهِ
10:20:8	قول	أجوف	-	V	فُل
10:21:13	ايي	لفيف	0	N	فعَاتِنَا
10:21:14	قول	أجوف	-	V	فُل
10:21:2	ذوق	أجوف	-	V	أَفَقْنَا
10:21:3	نوس	أجوف	-	N	فَاس
10:21:7	ضرر	مضاعف	-	N	فَعَّاء
10:21:8	مسس	مضاعف	-	V	فَعَّتْهُمْ
10:22:14	روح	أجوف	-	N	فِيح
10:22:18	جيا	أجوف	2	V	فَاءَتْهَا
10:22:19	روح	أجوف	-	N	فِيح
10:22:21	جيا	أجوف	2	V	فَاءَهُمُ
10:22:24	كلل	مضاعف	-	N	فُعّ
10:22:25	كون	أجوف	-	N	مَفَان
10:22:26	ظنن	مضاعف	-	V	فَعُّوا
10:22:28	حوط	أجوف	-	V	أُفِيط
10:22:36	نجو	ناقص	-	V	أَفْعَيْتَنَا
10:22:5	برر	مضاعف	-	N	فَعّ
10:22:9	كون	أجوف	-	V	فُنْتُمْ
10:23:11	نوس	أجوف	-	N	فَاس
10:23:17	حيي	لفيف	-	N	فَعَاة
10:23:18	دنو	ناقص	-	ADJ	فُعْيَا
10:23:2	نجو	ناقص	-	V	أَفْعَاهُمْ
10:23:22	نبا	صحيح سالم	2	V	فُنَعِّئُكُمْ
10:23:24	كون	أجوف	-	V	فُنْتُمْ
10:23:5	بغي	ناقص	-	V	يَفْعُونَ
10:23:9	حقق	مضاعف	-	N	فَعّ
10:24:15	نوس	أجوف	-	N	فَاس
10:24:23	ظنن	مضاعف	-	V	فَعّ
10:24:28	اتي	ناقص	0	V	فَعَاهَا
10:24:3	حيي	لفيف	-	N	فَعَاة
10:24:37	غني	ناقص	-	V	تَفْع
10:24:4	دنو	ناقص	-	ADJ	فُعْيَا
10:24:41	ايي	لفيف	0	N	فعَات
10:24:5	موه	أجوف	-	N	فَاء
10:24:8	سمو	ناقص	-	N	فَعَاء
10:25:11	قوم	أجوف	-	N	مُسْتَفِيم
10:25:4	دور	أجوف	-	N	فَار
10:25:8	شيا	أجوف	2	V	يَفَاء
10:26:10	ذلل	مضاعف	-	N	فِعَّة
10:26:13	جنن	مضاعف	-	PN	فَعَّة
10:27:16	غشو	ناقص	-	V	أُفْعِيَت
10:27:24	نور	أجوف	-	N	فَار
10:27:3	سوا	أجوف	2	N	فَيِّئَات
10:27:4	جزي	ناقص	-	N	فَعَاء
10:27:5	سوا	أجوف	2	N	فَيِّئَة
10:27:8	ذلل	مضاعف	-	N	فِعَّة
10:28:13	قول	أجوف	-	V	فَال
10:28:16	كون	أجوف	-	V	فُنْتُمْ
10:28:8	كون	أجوف	-	N	مَفَانَكُمْ
10:29:7	كون	أجوف	-	V	فُنَّا
10:2:1	كون	أجوف	-	V	أَفَان
10:2:11	نوس	أجوف	-	N	فَاس
10:2:2	نوس	أجوف	-	N	فَّاس
10:2:20	ربب	مضاعف	-	N	فَعِّهِمْ
10:2:21	قول	أجوف	-	V	فَال
10:30:10	ولي	لفيف	-	N	مَفْعَاهُمُ
10:30:11	حقق	مضاعف	-	N	فَعّ
10:30:12	ضلل	مضاعف	-	V	فَعّ
10:30:15	كون	أجوف	-	V	فَانُعا
10:30:16	فري	ناقص	-	V	يَفْتَعُونَ
10:30:3	كلل	مضاعف	-	N	فُعّ
10:30:7	ردد	مضاعف	-	V	فُعُّوا
10:31:1	قول	أجوف	-	V	فُل
10:31:13	حيي	لفيف	-	N	فَعّ
10:31:15	موت	أجوف	-	N	فَيِّت
10:31:17	موت	أجوف	-	N	فَيِّت
10:31:19	حيي	لفيف	-	N	فَعّ
10:31:25	قول	أجوف	-	V	فُل
10:31:27	وقي	لفيف	-	V	تَتَّقُفنَ
10:31:5	سمو	ناقص	-	N	فَعَاء
10:32:3	ربب	مضاعف	-	N	فَعُّكُمُ
10:32:4	حقق	مضاعف	-	N	فَعّ
10:32:7	حقق	مضاعف	-	N	فَعّ
10:32:9	ضلل	مضاعف	-	N	فَعَال
10:33:10	امن	صحيح سالم	0	V	يُؤْمِنُونَ
10:33:2	حقق	مضاعف	-	V	فَعَّت
10:33:4	ربب	مضاعف	-	N	فَعِّكَ
10:34:1	قول	أجوف	-	V	فُل
10:34:10	قول	أجوف	-	V	فُل
10:34:15	عود	أجوف	-	V	يُفِيدُهُ
10:34:17	افك	صحيح سالم	0	V	تُؤْفَكُونَ
10:34:9	عود	أجوف	-	V	يُفِيدُهُ
10:35:1	قول	أجوف	-	V	فُل
10:35:12	حقق	مضاعف	-	N	فَعّ
10:35:16	حقق	مضاعف	-	N	فَعّ
10:35:17	حقق	مضاعف	-	ADJ	أَفَعّ
10:35:8	حقق	مضاعف	-	N	فَعّ
10:35:9	قول	أجوف	-	V	فُل
10:36:11	حقق	مضاعف	-	N	فَعّ
10:36:5	ظنن	مضاعف	-	N	فَعًّا
10:36:7	ظنن	مضاعف	-	N	فَعّ
10:37:2	كون	أجوف	-	V	فَان
10:37:21	ربب	مضاعف	-	N	فَعّ
10:38:10	طوع	أجوف	-	V	اسْتَفَعْتُمْ
10:38:15	كون	أجوف	-	V	فُنْتُمْ
10:38:3	فري	ناقص	-	V	افْتَعَاهُ
10:38:4	قول	أجوف	-	V	فُل
10:38:5	اتي	ناقص	0	V	فْعُوا
10:39:17	كون	أجوف	-	V	فَان
10:39:5	حوط	أجوف	-	V	يُفِيطُعا
10:39:8	اتي	ناقص	0	V	يَفْعِهِمْ
10:3:10	يوم	لفيف	-	N	أَفَّام
10:3:2	ربب	مضاعف	-	N	فَعَّكُمُ
10:3:26	ربب	مضاعف	-	N	فَعُّكُمْ
10:3:9	ستت	مضاعف	-	N	فِعَّل
10:40:10	ربب	مضاعف	-	N	فَعُّكَ
10:40:3	امن	صحيح سالم	0	V	يُؤْمِن
10:40:8	امن	صحيح سالم	0	V	يُؤْمِن
10:41:13	برا	صحيح سالم	2	N	فَعِيء
10:41:3	قول	أجوف	-	V	فُل
10:41:9	برا	صحيح سالم	2	N	فَعِيئُون
10:42:7	صمم	مضاعف	-	N	فُعّ
10:42:9	كون	أجوف	-	V	فَانُعا
10:43:9	كون	أجوف	-	V	فَانُعا
10:44:5	نوس	أجوف	-	N	فَاس
10:44:8	نوس	أجوف	-	N	فَاس
10:45:16	لقي	ناقص	-	N	فِعَاء
10:45:19	كون	أجوف	-	V	فَانُعا
10:45:7	سوع	أجوف	-	N	فَاعَة
10:46:2	راي	ناقص	1	V	نُفِيَنَّكَ
10:46:5	وعد	مثال	-	V	نَعِدُهُمْ
10:47:1	كلل	مضاعف	-	N	فُعّ
10:47:2	امم	مضاعف	0	N	فُعَّة
10:47:5	جيا	أجوف	2	V	فَاء
10:48:6	كون	أجوف	-	V	فُنْتُمْ
10:49:1	قول	أجوف	-	V	فُل
10:49:10	شيا	أجوف	2	V	فَاء
10:49:12	كلل	مضاعف	-	N	فُعّ
10:49:13	امم	مضاعف	0	N	فُعَّة
10:49:16	جيا	أجوف	2	V	فَاء
10:49:20	سوع	أجوف	-	N	فَاعَة
10:49:5	ضرر	مضاعف	-	N	فَعًّا
10:4:11	عود	أجوف	-	V	يُفِيدُهُ
10:4:23	حمم	مضاعف	-	N	فَعِيل
10:4:27	كون	أجوف	-	V	فَانُعا
10:4:6	حقق	مضاعف	-	N	فَعًّا
10:50:1	قول	أجوف	-	V	فُل
10:50:4	اتي	ناقص	0	V	فَعَاكُمْ
10:51:9	كون	أجوف	-	V	فُنْتُمْ
10:52:12	كون	أجوف	-	V	فُنْتُمْ
10:52:2	قول	أجوف	-	V	فِيل
10:52:9	جزي	ناقص	-	V	تُفْعَوْنَ
10:53:1	نبا	صحيح سالم	2	V	يَسْتَفْعِئُونَكَ
10:53:2	حقق	مضاعف	-	N	أَفَعّ
10:53:4	قول	أجوف	-	V	فُل
10:53:6	ربب	مضاعف	-	N	فَعِّي
10:53:8	حقق	مضاعف	-	N	فَعّ
10:54:11	سرر	مضاعف	-	V	أَفَعُّوا
10:54:14	راي	ناقص	1	V	فَعَوُا
10:54:3	كلل	مضاعف	-	N	فُعّ
10:54:9	فدي	ناقص	-	V	افْتَعَت
10:55:12	حقق	مضاعف	-	N	فَعّ
10:55:3	اله	صحيح سالم	0	PN	لَّه
10:56:2	حيي	لفيف	-	V	يُفْعِل
10:56:3	موت	أجوف	-	V	يُفِيت
10:57:14	امن	صحيح سالم	0	N	مُؤْمِنِين
10:57:2	نوس	أجوف	-	N	فَاس
10:57:4	جيا	أجوف	2	V	فَاءَتْكُمْ
10:57:7	ربب	مضاعف	-	N	فَعِّكُمْ
10:57:8	شفي	ناقص	-	N	فِعَاء
10:58:1	قول	أجوف	-	V	فُل
10:59:1	قول	أجوف	-	V	فُل
10:59:12	حلل	مضاعف	-	N	فَعَالًا
10:59:13	قول	أجوف	-	V	فُل
10:59:20	فري	ناقص	-	V	تَفْتَعُونَ
10:5:11	عدد	مضاعف	-	N	فَعَل
10:5:12	سنو	ناقص	-	N	فِعِين
10:5:19	حقق	مضاعف	-	N	فَعّ
10:5:21	ايي	لفيف	0	N	فعَات
10:5:5	ضوا	أجوف	2	N	فِيَاء
10:60:15	نوس	أجوف	-	N	فَاس
10:60:2	ظنن	مضاعف	-	N	فَعّ
10:60:4	فري	ناقص	-	V	يَفْتَعُونَ
10:60:9	قوم	أجوف	-	N	فِيَامَة
10:61:15	كون	أجوف	-	V	فُنَّا
10:61:24	ربب	مضاعف	-	N	فَعِّكَ
10:61:27	ذرر	مضاعف	-	N	فَعَّة
10:61:32	سمو	ناقص	-	N	فَعَاء
10:63:3	كون	أجوف	-	V	فَانُعا
10:63:4	وقي	لفيف	-	V	يَتَّقُفنَ
10:64:4	حيي	لفيف	-	N	فَعَاة
10:64:5	دنو	ناقص	-	ADJ	فُعْيَا
10:65:5	عزز	مضاعف	-	N	فِعَّة
10:65:6	اله	صحيح سالم	0	PN	لَّه
10:66:21	ظنن	مضاعف	-	N	فَعّ
10:66:3	اله	صحيح سالم	0	PN	لَّه
10:67:13	ايي	لفيف	0	N	فعَات
10:68:1	قول	أجوف	-	V	فَالُعا
10:69:1	قول	أجوف	-	V	فُل
10:69:4	فري	ناقص	-	V	يَفْتَعُونَ
10:6:12	ايي	لفيف	0	N	فعَات
10:6:14	وقي	لفيف	-	V	يَتَّقُفنَ
10:70:10	شدد	مضاعف	-	ADJ	فَعِيل
10:70:12	كون	أجوف	-	V	فَانُعا
10:70:3	دنو	ناقص	-	N	فُعْيَا
10:70:8	ذوق	أجوف	-	V	نُفِيقُهُمُ
10:71:1	تلو	ناقص	-	V	افْع
10:71:10	كون	أجوف	-	V	فَان
10:71:13	قوم	أجوف	-	N	مَفَامِي
10:71:15	ايي	لفيف	0	N	فعَات
10:71:25	كون	أجوف	-	V	يَفُن
10:71:28	غمم	مضاعف	-	N	فُعَّة
10:71:30	قضي	ناقص	-	V	افْعُوا
10:71:6	قول	أجوف	-	V	فَال
10:73:12	ايي	لفيف	0	N	فعَاتِنَا
10:73:15	كون	أجوف	-	V	فَان
10:73:2	نجو	ناقص	-	V	فَعَّيْنَاهُ
10:74:11	كون	أجوف	-	V	فَانُعا
10:74:12	امن	صحيح سالم	0	V	يُؤْمِنُوف
10:74:22	عدو	ناقص	-	N	مُفْتَعِين
10:74:8	جيا	أجوف	2	V	فَاءُوهُمْ
10:75:10	ايي	لفيف	0	N	فعَاتِنَا
10:75:12	كون	أجوف	-	V	فَانُعا
10:75:9	ملا	صحيح سالم	2	N	فَعَئِهِ
10:76:2	جيا	أجوف	2	V	فَاءَهُمُ
10:76:3	حقق	مضاعف	-	N	فَعّ
10:76:6	قول	أجوف	-	V	فَالُعا
10:77:1	قول	أجوف	-	V	فَال
10:77:4	حقق	مضاعف	-	N	فَعّ
10:77:6	جيا	أجوف	2	V	فَاءَكُمْ
10:78:1	قول	أجوف	-	V	فَالُعا
10:78:16	امن	صحيح سالم	0	N	مُؤْمِنِين
10:78:2	جيا	أجوف	2	V	أَفِئْتَنَا
10:78:7	ابو	ناقص	0	N	فعَاءَنَا
10:79:1	قول	أجوف	-	V	فَال
10:79:4	كلل	مضاعف	-	N	فُعّ
10:7:14	ايي	لفيف	0	N	فعَاتِنَا
10:7:5	لقي	ناقص	-	N	فِعَاءَنَا
10:7:7	حيي	لفيف	-	N	فَعَاة
10:7:8	دنو	ناقص	-	ADJ	فُعْيَا
10:80:10	لقي	ناقص	-	N	مُفْعُون
10:80:2	جيا	أجوف	2	V	فَاء
10:80:4	قول	أجوف	-	V	فَال
10:80:7	لقي	ناقص	-	V	أَفْعُوا
10:81:2	لقي	ناقص	-	V	أَفْعَوْا
10:81:3	قول	أجوف	-	V	فَال
10:81:6	جيا	أجوف	2	V	فِئْتُمْ
10:82:1	حقق	مضاعف	-	V	يُفِعّ
10:82:3	حقق	مضاعف	-	N	فَعّ
10:83:12	ملا	صحيح سالم	2	N	فَعَئِهِمْ
10:83:17	علو	ناقص	-	N	فَاع
10:83:5	ذرر	مضاعف	-	N	فُعِّيَّة
10:84:1	قول	أجوف	-	V	فَال
10:84:11	كون	أجوف	-	V	فُنْتُمْ
10:84:5	كون	أجوف	-	V	فُنْتُمْ
10:85:1	قول	أجوف	-	V	فَالُعا
10:85:5	ربب	مضاعف	-	N	فَعَّنَا
10:86:1	نجو	ناقص	-	V	فَعِّنَا
10:87:13	قوم	أجوف	-	V	أَفِيمُعا
10:87:14	صلو	ناقص	-	N	فَعَاة
10:87:16	امن	صحيح سالم	0	N	مُؤْمِنِين
10:87:4	اخو	ناقص	0	N	فَعِيهِ
10:88:1	قول	أجوف	-	V	فَال
10:88:11	حيي	لفيف	-	N	فَعَاة
10:88:12	دنو	ناقص	-	ADJ	فُعْيَا
10:88:13	ربب	مضاعف	-	N	فَعَّنَا
10:88:14	ضلل	مضاعف	-	V	يُفِعُّوا
10:88:17	ربب	مضاعف	-	N	فَعَّنَا
10:88:21	شدد	مضاعف	-	V	افْعُل
10:88:25	امن	صحيح سالم	0	V	يُؤْمِنُوف
10:88:27	راي	ناقص	1	V	يَفَوُع
10:88:3	ربب	مضاعف	-	N	فَعَّنَا
10:89:1	قول	أجوف	-	V	فَال
10:89:3	جوب	أجوف	-	V	أُفِيبَت
10:89:5	قوم	أجوف	-	V	اسْتَفِيمَا
10:8:2	اوي	لفيف	0	N	مَفْعَاهُمُ
10:8:3	نور	أجوف	-	N	فَار
10:8:5	كون	أجوف	-	V	فَانُعا
10:90:14	قول	أجوف	-	V	فَال
10:90:23	بني	ناقص	-	N	فَعُو
10:91:5	كون	أجوف	-	V	فُنْتَ
10:92:11	نوس	أجوف	-	N	فَاس
10:92:13	ايي	لفيف	0	N	فعَاتِنَا
10:92:2	نجو	ناقص	-	V	فُنَعِّيكَ
10:92:7	ايي	لفيف	0	N	فعَة
10:93:13	جيا	أجوف	2	V	فَاءَهُمُ
10:93:16	ربب	مضاعف	-	N	فَعَّكَ
10:93:20	قوم	أجوف	-	N	فِيَامَة
10:93:22	كون	أجوف	-	V	فَانُعا
10:94:10	قرا	صحيح سالم	2	V	يَفْعَءُونَ
10:94:15	جيا	أجوف	2	V	فَاءَكَ
10:94:16	حقق	مضاعف	-	N	فَعّ
10:94:18	ربب	مضاعف	-	N	فَعِّكَ
10:94:2	كون	أجوف	-	V	فُنْتَ
10:94:4	شكك	مضاعف	-	N	فَعّ
10:95:6	ايي	لفيف	0	N	فعَات
10:96:3	حقق	مضاعف	-	V	فَعَّت
10:96:6	ربب	مضاعف	-	N	فَعِّكَ
10:96:8	امن	صحيح سالم	0	V	يُؤْمِنُونَ
10:97:2	جيا	أجوف	2	V	فَاءَتْهُمْ
10:97:3	كلل	مضاعف	-	N	فُعّ
10:97:4	ايي	لفيف	0	N	فعَة
10:97:6	راي	ناقص	1	V	يَفَوُع
10:98:17	حيي	لفيف	-	N	فَعَاة
10:98:18	دنو	ناقص	-	ADJ	فُعْيَا
10:98:2	كون	أجوف	-	V	فَانَت
10:99:12	نوس	أجوف	-	N	فَاس
10:99:15	امن	صحيح سالم	0	N	مُؤْمِنِين
10:99:2	شيا	أجوف	2	V	فَاء
10:99:3	ربب	مضاعف	-	N	فَعُّكَ
10:99:8	كلل	مضاعف	-	N	فُعُّهُمْ
10:9:14	جنن	مضاعف	-	N	فَعَّات
10:9:7	ربب	مضاعف	-	N	فَعُّهُمْ
110:1:2	جيا	أجوف	2	V	فَاء
110:2:2	نوس	أجوف	-	N	فَاس
110:3:3	ربب	مضاعف	-	N	فَعِّكَ
110:3:6	كون	أجوف	-	V	فَان
111:1:1	تبب	مضاعف	-	V	فَعَّت
111:1:2	يدي	لفيف	-	N	فَعَا
111:1:3	ابو	ناقص	0	N	فَعِي
111:1:5	تبب	مضاعف	-	V	فَعّ
111:2:4	مول	أجوف	-	N	فَالُهُ
111:3:2	نور	أجوف	-	N	فَارًا
112:1:1	قول	أجوف	-	V	فُل
112:3:2	ولد	مثال	-	V	يَلِد
112:4:2	كون	أجوف	-	V	يَفُن
113:1:1	قول	أجوف	-	V	فُل
113:1:3	ربب	مضاعف	-	N	فَعّ
113:2:2	شرر	مضاعف	-	N	فَعّ
113:3:2	شرر	مضاعف	-	N	فَعّ
113:4:2	شرر	مضاعف	-	N	فَعّ
113:5:2	شرر	مضاعف	-	N	فَعّ
114:1:1	قول	أجوف	-	V	فُل
114:1:3	ربب	مضاعف	-	N	فَعّ
114:1:4	نوس	أجوف	-	N	فَاس
114:2:2	نوس	أجوف	-	N	فَاس
114:3:2	نوس	أجوف	-	N	فَاس
114:4:2	شرر	مضاعف	-	N	فَعّ
114:5:5	نوس	أجوف	-	N	فَاس
114:6:2	جنن	مضاعف	-	N	فِعَّة
114:6:3	نوس	أجوف	-	N	فَاس
11:100:5	قصص	مضاعف	-	V	نَفُعُّهُ
11:100:8	قوم	أجوف	-	N	فَائِم
11:101:16	شيا	أجوف	2	N	فَعْء
11:101:18	جيا	أجوف	2	V	فَاء
11:101:20	ربب	مضاعف	-	N	فَعِّكَ
11:101:22	زيد	أجوف	-	V	فَادُوهُمْ
11:101:24	تبب	مضاعف	-	N	فَتْعِيل
11:101:7	غني	ناقص	-	V	أَفْعَت
11:102:12	شدد	مضاعف	-	ADJ	فَعِيل
11:102:3	ربب	مضاعف	-	N	فَعِّكَ
11:103:13	نوس	أجوف	-	N	فَاس
11:103:4	ايي	لفيف	0	N	فعَة
11:103:6	خوف	أجوف	-	V	فَاف
11:104:2	اخر	صحيح سالم	0	V	نُؤَخِّرُهُ
11:104:5	عدد	مضاعف	-	N	مَفْعُول
11:105:2	اتي	ناقص	0	V	يَفْع
11:105:9	شقو	ناقص	-	N	فَعِيّ
11:106:5	نور	أجوف	-	N	فَار
11:107:10	ربب	مضاعف	-	N	فَعُّكَ
11:107:12	ربب	مضاعف	-	N	فَعَّكَ
11:107:15	رود	أجوف	-	V	يُفِيد
11:107:4	دوم	أجوف	-	V	فَامَت
11:107:9	شيا	أجوف	2	V	فَاء
11:108:14	شيا	أجوف	2	V	فَاء
11:108:15	ربب	مضاعف	-	N	فَعُّكَ
11:108:16	عطو	ناقص	-	N	فَعَاء
11:108:18	جذذ	مضاعف	-	N	مَفْعُول
11:108:5	جنن	مضاعف	-	PN	فَعَّة
11:108:9	دوم	أجوف	-	V	فَامَت
11:109:13	ابو	ناقص	0	N	فعَاؤُهُمْ
11:109:17	وفي	لفيف	-	N	مُفَعُّوهُمْ
11:109:2	كون	أجوف	-	V	تَف
11:10:2	ذوق	أجوف	-	V	أَفَقْنَاهُ
11:10:5	ضرر	مضاعف	-	N	فَعَّاء
11:10:6	مسس	مضاعف	-	V	فَعَّتْهُ
11:10:9	سوا	أجوف	2	N	فَيِّئَات
11:110:11	ربب	مضاعف	-	N	فَعِّكَ
11:110:16	شكك	مضاعف	-	N	فَعّ
11:111:2	كلل	مضاعف	-	N	فُعًّا
11:111:5	ربب	مضاعف	-	N	فَعُّكَ
11:112:1	قوم	أجوف	-	V	اسْتَفِم
11:112:5	توب	أجوف	-	V	فَاب
11:112:8	طغي	ناقص	-	V	تَفْعَوْا
11:113:6	مسس	مضاعف	-	V	تَفَعَّكُمُ
11:113:7	نور	أجوف	-	N	فَار
11:114:1	قوم	أجوف	-	V	أَفِم
11:114:11	سوا	أجوف	2	N	فَيِّئَات
11:114:2	صلو	ناقص	-	N	فَعَاة
11:116:15	قلل	مضاعف	-	N	فَعِيلًا
11:116:17	نجو	ناقص	-	V	أَفْعَيْنَا
11:116:2	كون	أجوف	-	V	فَان
11:116:25	كون	أجوف	-	V	فَانُعا
11:116:9	نهي	ناقص	-	V	يَفْعَوْنَ
11:117:2	كون	أجوف	-	V	فَان
11:117:3	ربب	مضاعف	-	N	فَعُّكَ
11:118:2	شيا	أجوف	2	V	فَاء
11:118:3	ربب	مضاعف	-	N	فَعُّكَ
11:118:5	نوس	أجوف	-	N	فَاس
11:118:6	امم	مضاعف	0	N	فُعَّة
11:118:9	زيل	أجوف	-	V	يَفَالُونَ
11:119:13	جنن	مضاعف	-	N	فِعَّة
11:119:14	نوس	أجوف	-	N	فَاس
11:119:4	ربب	مضاعف	-	N	فَعُّكَ
11:119:7	تمم	مضاعف	-	V	فَعَّت
11:119:9	ربب	مضاعف	-	N	فَعِّكَ
11:120:1	كلل	مضاعف	-	N	فُعًّا
11:120:11	جيا	أجوف	2	V	فَاءَكَ
11:120:14	حقق	مضاعف	-	N	فَعّ
11:120:17	امن	صحيح سالم	0	N	مُؤْمِنِين
11:120:2	قصص	مضاعف	-	V	نَفُعّ
11:121:1	قول	أجوف	-	V	فُل
11:121:4	امن	صحيح سالم	0	V	يُؤْمِنُونَ
11:121:7	كون	أجوف	-	N	مَفَانَتِكُمْ
11:123:1	اله	صحيح سالم	0	PN	لَّه
11:123:13	ربب	مضاعف	-	N	فَعُّكَ
11:123:8	كلل	مضاعف	-	N	فُعُّهُ
11:12:17	جيا	أجوف	2	V	فَاء
11:12:25	كلل	مضاعف	-	N	فُعّ
11:12:26	شيا	أجوف	2	N	فَعْء
11:12:7	ضيق	أجوف	-	N	فَائِق
11:13:12	طوع	أجوف	-	V	اسْتَفَعْتُمْ
11:13:17	كون	أجوف	-	V	فُنْتُمْ
11:13:3	فري	ناقص	-	V	افْتَعَاهُ
11:13:4	قول	أجوف	-	V	فُل
11:13:5	اتي	ناقص	0	V	فْعُوا
11:14:2	جوب	أجوف	-	V	يَسْتَفِيبُعا
11:15:2	كون	أجوف	-	V	فَان
11:15:3	رود	أجوف	-	V	يُفِيد
11:15:4	حيي	لفيف	-	N	فَعَاة
11:15:5	دنو	ناقص	-	ADJ	فُعْيَا
11:15:7	وفي	لفيف	-	V	نُفَعّ
11:16:15	كون	أجوف	-	V	فَانُعا
11:16:8	نور	أجوف	-	N	فَار
11:17:14	امم	مضاعف	0	N	فِعَالًا
11:17:17	امن	صحيح سالم	0	V	يُؤْمِنُونَ
11:17:2	كون	أجوف	-	V	فَان
11:17:24	نور	أجوف	-	N	فَار
11:17:27	كون	أجوف	-	V	تَف
11:17:32	حقق	مضاعف	-	N	فَعّ
11:17:34	ربب	مضاعف	-	N	فَعِّكَ
11:17:37	نوس	أجوف	-	N	فَاس
11:17:39	امن	صحيح سالم	0	V	يُؤْمِنُونَ
11:17:6	ربب	مضاعف	-	N	فَعِّهِ
11:18:11	ربب	مضاعف	-	N	فَعِّهِمْ
11:18:18	ربب	مضاعف	-	N	فَعِّهِمْ
11:19:2	صدد	مضاعف	-	V	يَفُعُّونَ
11:19:6	بغي	ناقص	-	V	يَفْعُونَهَا
11:1:4	ايي	لفيف	0	N	فعَاتُهُ
11:20:19	كون	أجوف	-	V	فَانُعا
11:20:20	طوع	أجوف	-	V	يَسْتَفِيعُعنَ
11:20:23	كون	أجوف	-	V	فَانُعا
11:20:8	كون	أجوف	-	V	فَان
11:21:5	ضلل	مضاعف	-	V	فَعّ
11:21:8	كون	أجوف	-	V	فَانُعا
11:21:9	فري	ناقص	-	V	يَفْتَعُونَ
11:23:11	جنن	مضاعف	-	PN	فَعَّة
11:23:8	ربب	مضاعف	-	N	فَعِّهِمْ
11:24:4	صمم	مضاعف	-	N	أَفَعّ
11:26:7	خوف	أجوف	-	V	أَفَاف
11:27:1	قول	أجوف	-	V	فَال
11:27:13	راي	ناقص	1	V	نَفَعكَ
11:27:19	بدو	ناقص	-	N	فَاعِي
11:27:22	راي	ناقص	1	V	نَفَى
11:27:28	ظنن	مضاعف	-	V	نَفُعُّكُمْ
11:27:8	راي	ناقص	1	V	نَفَعكَ
11:28:1	قول	أجوف	-	V	فَال
11:28:5	كون	أجوف	-	V	فُنْتُ
11:28:9	ربب	مضاعف	-	N	فَعِّي
11:29:17	لقي	ناقص	-	N	مُفَاعُو
11:29:18	ربب	مضاعف	-	N	فَعِّهِمْ
11:29:20	راي	ناقص	1	V	أَفَعكُمْ
11:29:5	مول	أجوف	-	N	فَالًا
11:31:20	اتي	ناقص	0	V	يُؤْتِيَهُمُ
11:32:1	قول	أجوف	-	V	فَالُعا
11:32:11	كون	أجوف	-	V	فُنْتَ
11:32:7	اتي	ناقص	0	V	فْعِنَا
11:32:9	وعد	مثال	-	V	تَعِدُنَا
11:33:1	قول	أجوف	-	V	فَال
11:33:7	شيا	أجوف	2	V	فَاء
11:34:10	كون	أجوف	-	V	فَان
11:34:12	رود	أجوف	-	V	يُفِيد
11:34:16	ربب	مضاعف	-	N	فَعُّكُمْ
11:34:5	رود	أجوف	-	V	أَفَدْتُ
11:35:10	برا	صحيح سالم	2	N	فَعِيء
11:35:3	فري	ناقص	-	V	افْتَعَاهُ
11:35:4	قول	أجوف	-	V	فُل
11:36:14	باس	صحيح سالم	1	V	تَفْتَئِس
11:36:16	كون	أجوف	-	V	فَانُعا
11:36:6	امن	صحيح سالم	0	V	يُؤْمِن
11:38:11	قول	أجوف	-	V	فَال
11:38:3	كلل	مضاعف	-	T	فُعَّمَا
11:38:4	مرر	مضاعف	-	V	فَعّ
11:39:10	قوم	أجوف	-	N	مُفِيم
11:39:7	حلل	مضاعف	-	V	يَفِعّ
11:3:12	سمو	ناقص	-	N	مُفَعًّى
11:3:13	اتي	ناقص	0	V	يُؤْت
11:3:14	كلل	مضاعف	-	N	فُعّ
11:3:19	ولي	لفيف	-	V	تَفَعَّوْا
11:3:21	خوف	أجوف	-	V	أَفَاف
11:3:3	ربب	مضاعف	-	N	فَعَّكُمْ
11:40:11	كلل	مضاعف	-	N	فُعّ
11:40:26	قلل	مضاعف	-	N	فَعِيل
11:40:3	جيا	أجوف	2	V	فَاء
11:40:5	فور	أجوف	-	V	فَار
11:40:7	قول	أجوف	-	V	فُلْنَا
11:41:1	قول	أجوف	-	V	فَال
11:41:4	سمو	ناقص	-	N	فْع
11:41:6	جري	ناقص	-	N	مَفْعَاهَا
11:41:7	رسو	ناقص	-	N	مُفْعَاهَا
11:41:9	ربب	مضاعف	-	N	فَعِّي
11:42:10	كون	أجوف	-	V	فَان
11:42:17	كون	أجوف	-	V	تَفُن
11:42:7	ندو	ناقص	-	V	فَاعَى
11:42:9	بني	ناقص	-	N	افْعَهُ
11:43:1	قول	أجوف	-	V	فَال
11:43:18	حول	أجوف	-	V	فَال
11:43:21	كون	أجوف	-	V	فَان
11:43:7	موه	أجوف	-	N	فَاء
11:43:8	قول	أجوف	-	V	فَال
11:44:1	قول	أجوف	-	V	فِيل
11:44:11	سوي	لفيف	-	V	افْتَعَت
11:44:14	قول	أجوف	-	V	فِيل
11:44:4	موه	أجوف	-	N	فَاءَكِ
11:44:5	سمو	ناقص	-	N	يَا فَعَاء
11:44:8	موه	أجوف	-	N	فَاء
11:45:1	ندو	ناقص	-	V	فَاعَى
11:45:12	حقق	مضاعف	-	N	فَعّ
11:45:3	ربب	مضاعف	-	N	فَعَّهُ
11:45:4	قول	أجوف	-	V	فَال
11:45:5	ربب	مضاعف	-	N	فَعِّ
11:46:1	قول	أجوف	-	V	فَال
11:46:19	وعظ	مثال	-	V	أَعِظُكَ
11:47:1	قول	أجوف	-	V	فَال
11:47:17	كون	أجوف	-	V	أَفُن
11:47:2	ربب	مضاعف	-	N	فَعِّ
11:48:1	قول	أجوف	-	V	فِيل
11:48:12	امم	مضاعف	0	N	فُعَل
11:48:15	مسس	مضاعف	-	V	يَفَعُّهُمْ
11:48:9	امم	مضاعف	0	N	فُعَل
11:49:19	وقي	لفيف	-	N	مُتَّقِين
11:49:8	كون	أجوف	-	V	فُنْتَ
11:4:6	كلل	مضاعف	-	N	فُعّ
11:4:7	شيا	أجوف	2	N	فَعْء
11:50:17	فري	ناقص	-	N	مُفْتَعُون
11:50:2	عود	أجوف	-	PN	فَاد
11:50:3	اخو	ناقص	0	N	فَعَاهُمْ
11:50:5	قول	أجوف	-	V	فَال
11:52:10	درر	مضاعف	-	N	مِفْعَالًا
11:52:11	زيد	أجوف	-	V	يَفِدْكُمْ
11:52:12	قوي	لفيف	-	N	فُعَّة
11:52:14	قوي	لفيف	-	N	فُعَّتِكُمْ
11:52:16	ولي	لفيف	-	V	تَتَفَعَّوْا
11:52:3	ربب	مضاعف	-	N	فَعَّكُمْ
11:52:8	سمو	ناقص	-	N	فَعَاء
11:53:1	قول	أجوف	-	V	فَالُعا
11:53:15	امن	صحيح سالم	0	N	مُؤْمِنِين
11:53:4	جيا	أجوف	2	V	فِئْتَنَا
11:54:14	برا	صحيح سالم	2	N	فَعِيء
11:54:4	عرو	ناقص	-	V	افْتَعَاكَ
11:54:7	سوا	أجوف	2	N	فُعء
11:54:8	قول	أجوف	-	V	فَال
11:56:15	ربب	مضاعف	-	N	فَعِّي
11:56:18	قوم	أجوف	-	N	مُسْتَفِيم
11:56:5	ربب	مضاعف	-	N	فَعِّي
11:56:6	ربب	مضاعف	-	N	فَعِّكُمْ
11:56:9	دبب	مضاعف	-	N	فَاعَّة
11:57:10	ربب	مضاعف	-	N	فَعِّي
11:57:14	ضرر	مضاعف	-	V	تَفُعُّونَهُ
11:57:17	ربب	مضاعف	-	N	فَعِّي
11:57:19	كلل	مضاعف	-	N	فُعّ
11:57:2	ولي	لفيف	-	V	تَفَعَّوْا
11:57:20	شيا	أجوف	2	N	فَعْء
11:58:11	نجو	ناقص	-	V	فَعَّيْنَاهُمْ
11:58:2	جيا	أجوف	2	V	فَاء
11:58:4	نجو	ناقص	-	V	فَعَّيْنَا
11:59:10	كلل	مضاعف	-	N	فُعّ
11:59:2	عود	أجوف	-	PN	فَاد
11:59:4	ايي	لفيف	0	N	فعَات
11:59:5	ربب	مضاعف	-	N	فَعِّهِمْ
11:59:6	عصي	ناقص	-	V	فَعَوْا
11:5:10	ثوب	أجوف	-	N	فِيَابَهُمْ
11:5:13	سرر	مضاعف	-	V	يُفِعُّونَ
11:5:3	ثني	ناقص	-	V	يَفْعُونَ
11:5:5	خفي	ناقص	-	V	يَسْتَفْعُوا
11:60:10	عود	أجوف	-	PN	فَادًا
11:60:12	ربب	مضاعف	-	N	فَعَّهُمْ
11:60:15	عود	أجوف	-	PN	فَاد
11:60:4	دنو	ناقص	-	N	فُعْيَا
11:60:7	قوم	أجوف	-	N	فِيَامَة
11:61:25	ربب	مضاعف	-	N	فَعِّي
11:61:27	جوب	أجوف	-	N	مُفِيب
11:61:3	اخو	ناقص	0	N	فَعَاهُمْ
11:61:5	قول	أجوف	-	V	فَال
11:62:1	قول	أجوف	-	V	فَالُعا
11:62:14	ابو	ناقص	0	N	فعَاؤُنَا
11:62:17	شكك	مضاعف	-	N	فَعّ
11:62:4	كون	أجوف	-	V	فُنْتَ
11:62:9	نهي	ناقص	-	V	أَتَفْعَانَا
11:63:1	قول	أجوف	-	V	فَال
11:63:5	كون	أجوف	-	V	فُنْتُ
11:63:9	ربب	مضاعف	-	N	فَعِّي
11:64:13	مسس	مضاعف	-	V	تَفَعُّوهَا
11:64:14	سوا	أجوف	2	N	فُعء
11:64:3	نوق	أجوف	-	N	فَاقَة
11:64:6	ايي	لفيف	0	N	فعَة
11:64:7	وذر	مثال	-	V	ذَرُفهَا
11:65:2	قول	أجوف	-	V	فَال
11:65:5	دور	أجوف	-	N	فَارِكُمْ
11:65:7	يوم	لفيف	-	N	أَفَّام
11:66:15	ربب	مضاعف	-	N	فَعَّكَ
11:66:18	عزز	مضاعف	-	ADJ	فَعِيل
11:66:2	جيا	أجوف	2	V	فَاء
11:66:4	نجو	ناقص	-	V	فَعَّيْنَا
11:67:7	دور	أجوف	-	N	فِيَارِهِمْ
11:68:3	غني	ناقص	-	V	يَفْعَوْا
11:68:9	ربب	مضاعف	-	N	فَعَّهُمْ
11:69:13	جيا	أجوف	2	V	فَاء
11:69:2	جيا	أجوف	2	V	فَاءَت
11:69:6	قول	أجوف	-	V	فَالُعا
11:69:8	قول	أجوف	-	V	فَال
11:6:11	قرر	مضاعف	-	N	مُسْتَفَعَّهَا
11:6:13	كلل	مضاعف	-	N	فُعّ
11:6:3	دبب	مضاعف	-	N	فَاعَّة
11:70:10	خوف	أجوف	-	N	فِيفَة
11:70:11	قول	أجوف	-	V	فَالُعا
11:70:13	خوف	أجوف	-	V	تَفَف
11:70:5	وصل	مثال	-	V	تَصِل
11:71:2	قوم	أجوف	-	N	فَائِمَة
11:71:7	وري	لفيف	-	N	فَعَاء
11:72:1	قول	أجوف	-	V	فَالَت
11:72:11	شيا	أجوف	2	N	فَعْء
11:72:3	ولد	مثال	-	V	أَأَلِد
11:73:1	قول	أجوف	-	V	فَالُعا
11:74:6	جيا	أجوف	2	V	فَاءَتْهُ
11:75:5	نوب	أجوف	-	N	مُفِيب
11:76:14	ردد	مضاعف	-	N	مَفْعُول
11:76:7	جيا	أجوف	2	V	فَاء
11:76:9	ربب	مضاعف	-	N	فَعِّكَ
11:77:10	قول	أجوف	-	V	فَال
11:77:2	جيا	أجوف	2	V	فَاءَت
11:77:5	سوا	أجوف	2	V	فِيء
11:77:7	ضيق	أجوف	-	V	فَاق
11:78:1	جيا	أجوف	2	V	فَاءَهُ
11:78:10	قول	أجوف	-	V	فَال
11:78:17	وقي	لفيف	-	V	اتَّقُفا
11:78:20	خزي	ناقص	-	V	تُفْعُونِ
11:78:7	كون	أجوف	-	V	فَانُعا
11:78:9	سوا	أجوف	2	N	فَيِّئَات
11:79:1	قول	أجوف	-	V	فَالُعا
11:79:13	رود	أجوف	-	V	نُفِيد
11:79:7	بني	ناقص	-	N	فَعَاتِكَ
11:79:9	حقق	مضاعف	-	N	فَعّ
11:7:12	موه	أجوف	-	N	فَاء
11:7:18	قول	أجوف	-	V	فُلْتَ
11:7:7	ستت	مضاعف	-	N	فِعَّل
11:7:8	يوم	لفيف	-	N	أَفَّام
11:7:9	كون	أجوف	-	V	فَان
11:80:1	قول	أجوف	-	V	فَال
11:80:11	شدد	مضاعف	-	ADJ	فَعِيل
11:80:6	قوي	لفيف	-	N	فُعَّة
11:81:1	قول	أجوف	-	V	فَالُعا
11:81:21	صوب	أجوف	-	N	مُفِيبُهَا
11:81:23	صوب	أجوف	-	V	أَفَابَهُمْ
11:81:5	ربب	مضاعف	-	N	فَعِّكَ
11:81:7	وصل	مثال	-	V	يَصِلُفا
11:81:9	سري	ناقص	-	V	أَفْع
11:82:2	جيا	أجوف	2	V	فَاء
11:82:5	علو	ناقص	-	N	فَاعِيَهَا
11:83:3	ربب	مضاعف	-	N	فَعِّكَ
11:84:17	وزن	مثال	-	N	مِيزَان
11:84:19	راي	ناقص	1	V	أَفَعكُمْ
11:84:22	خوف	أجوف	-	V	أَفَاف
11:84:26	حوط	أجوف	-	N	مُفِيط
11:84:3	اخو	ناقص	0	N	فَعَاهُمْ
11:84:5	قول	أجوف	-	V	فَال
11:85:2	وفي	لفيف	-	V	أَفْعُوا
11:85:4	وزن	مثال	-	N	مِيزَان
11:85:8	نوس	أجوف	-	N	فَاس
11:86:6	كون	أجوف	-	V	فُنْتُمْ
11:86:7	امن	صحيح سالم	0	N	مُؤْمِنِين
11:87:1	قول	أجوف	-	V	فَالُعا
11:87:16	شيا	أجوف	2	V	نَفَاء
11:87:3	صلو	ناقص	-	N	أَفَعَاتُكَ
11:87:9	ابو	ناقص	0	N	فعَاؤُنَا
11:88:1	قول	أجوف	-	V	فَال
11:88:15	رود	أجوف	-	V	أُفِيد
11:88:20	نهي	ناقص	-	V	أَفْعَاكُمْ
11:88:23	رود	أجوف	-	V	أُفِيد
11:88:27	طوع	أجوف	-	V	اسْتَفَعْتُ
11:88:35	نوب	أجوف	-	V	أُفِيب
11:88:5	كون	أجوف	-	V	فُنْتُ
11:88:9	ربب	مضاعف	-	N	فَعِّي
11:89:4	شقق	مضاعف	-	N	فِعَالِي
11:89:6	صوب	أجوف	-	V	يُفِيبَكُمْ
11:89:9	صوب	أجوف	-	V	أَفَاب
11:8:17	حيق	أجوف	-	V	فَاق
11:8:20	كون	أجوف	-	V	فَانُعا
11:8:22	هزا	صحيح سالم	2	V	يَسْتَفْعِئُونَ
11:8:6	امم	مضاعف	0	N	فُعَّة
11:8:7	عدد	مضاعف	-	N	مَفْعُولَة
11:90:2	ربب	مضاعف	-	N	فَعَّكُمْ
11:90:7	ربب	مضاعف	-	N	فَعِّي
11:90:9	ودد	مضاعف	-	ADJ	فَعُول
11:91:1	قول	أجوف	-	V	فَالُعا
11:91:18	عزز	مضاعف	-	N	فَعِيل
11:91:9	راي	ناقص	1	V	نَفَعكَ
11:92:1	قول	أجوف	-	V	فَال
11:92:12	ربب	مضاعف	-	N	فَعِّي
11:92:15	حوط	أجوف	-	N	مُفِيط
11:92:4	عزز	مضاعف	-	N	أَفَعّ
11:92:9	وري	لفيف	-	LOC	فَعَاءَكُمْ
11:93:4	كون	أجوف	-	N	مَفَانَتِكُمْ
11:94:17	دور	أجوف	-	N	فِيَارِهِمْ
11:94:2	جيا	أجوف	2	V	فَاء
11:94:4	نجو	ناقص	-	V	فَعَّيْنَا
11:95:3	غني	ناقص	-	V	يَفْعَوْا
11:96:4	ايي	لفيف	0	N	فعَاتِنَا
11:97:3	ملا	صحيح سالم	2	N	فَعَئِهِ
11:98:4	قوم	أجوف	-	N	فِيَامَة
11:98:6	نور	أجوف	-	N	فَار
11:98:7	باس	صحيح سالم	1	V	فِئْس
11:99:6	قوم	أجوف	-	N	فِيَامَة
11:99:7	باس	صحيح سالم	1	V	فِئْس
11:9:10	ياس	مثال	1	N	فَئُوس
11:9:2	ذوق	أجوف	-	V	أَفَقْنَا
12:100:17	ربب	مضاعف	-	N	فَعِّي
12:100:18	حقق	مضاعف	-	N	فَعًّا
12:100:26	جيا	أجوف	2	V	فَاء
12:100:39	ربب	مضاعف	-	N	فَعِّي
12:100:42	شيا	أجوف	2	V	يَفَاء
12:100:5	خرر	مضاعف	-	V	فَعُّوا
12:100:8	قول	أجوف	-	V	فَال
12:100:9	ابو	ناقص	0	N	يَف أَعَتِ
12:101:1	ربب	مضاعف	-	N	فَعِّ
12:101:16	دنو	ناقص	-	N	فُعْيَا
12:102:8	كون	أجوف	-	V	فُنْتَ
12:103:3	نوس	أجوف	-	N	فَاس
12:103:6	امن	صحيح سالم	0	N	مُؤْمِنِين
12:105:3	ايي	لفيف	0	N	فعَة
12:105:7	مرر	مضاعف	-	V	يَفُعُّونَ
12:106:2	امن	صحيح سالم	0	V	يُؤْمِن
12:107:10	سوع	أجوف	-	N	فَاعَة
12:107:4	غشو	ناقص	-	N	فَاعِيَة
12:108:1	قول	أجوف	-	V	فُل
12:109:18	كون	أجوف	-	V	فَان
12:109:23	دور	أجوف	-	N	فَار
12:109:27	وقي	لفيف	-	V	اتَّقَفْا
12:10:1	قول	أجوف	-	V	فَال
12:10:10	جبب	مضاعف	-	N	فُعّ
12:10:15	كون	أجوف	-	V	فُنْتُمْ
12:10:2	قول	أجوف	-	N	فَائِل
12:10:7	لقي	ناقص	-	V	أَفْعُوهُ
12:110:11	نجو	ناقص	-	V	فُعِّي
12:110:13	شيا	أجوف	2	V	نَفَاء
12:110:15	ردد	مضاعف	-	V	يُفَعّ
12:110:5	ظنن	مضاعف	-	V	فَعُّوا
12:110:9	جيا	أجوف	2	V	فَاءَهُمْ
12:111:18	كلل	مضاعف	-	N	فُعّ
12:111:19	شيا	أجوف	2	N	فَعْء
12:111:2	كون	أجوف	-	V	فَان
12:111:23	امن	صحيح سالم	0	V	يُؤْمِنُونَ
12:111:4	قصص	مضاعف	-	N	فَعَلِهِمْ
12:111:7	لبب	مضاعف	-	N	أَفْعَال
12:111:9	كون	أجوف	-	V	فَان
12:11:1	قول	أجوف	-	V	فَالُعا
12:11:2	ابو	ناقص	0	N	يَف أَعَانَا
12:12:3	غدو	ناقص	-	N	فَعًا
12:13:1	قول	أجوف	-	V	فَال
12:13:10	ذاب	صحيح سالم	1	N	فِئْب
12:13:7	خوف	أجوف	-	V	أَفَاف
12:14:1	قول	أجوف	-	V	فَالُعا
12:14:4	ذاب	صحيح سالم	1	N	فِئْب
12:15:12	نبا	صحيح سالم	2	V	تُفَعِّئَنَّهُمْ
12:15:9	جبب	مضاعف	-	N	فُعّ
12:16:1	جيا	أجوف	2	V	فَاءُوا
12:16:2	ابو	ناقص	0	N	فَعَاهُمْ
12:16:3	عشو	ناقص	-	N	فِعَاء
12:16:4	بكي	ناقص	-	V	يَفْعُونَ
12:17:1	قول	أجوف	-	V	فَالُعا
12:17:11	ذاب	صحيح سالم	1	N	فِئْب
12:17:14	امن	صحيح سالم	0	N	مُؤْمِن
12:17:17	كون	أجوف	-	V	فُنَّا
12:17:2	ابو	ناقص	0	N	يَف أَعَانَا
12:18:1	جيا	أجوف	2	V	فَاءُوا
12:18:15	عون	أجوف	-	N	مُسْتَفَان
12:18:18	وصف	مثال	-	V	تَصِفُفنَ
12:18:4	دمو	ناقص	-	N	فَع
12:18:6	قول	أجوف	-	V	فَال
12:19:1	جيا	أجوف	2	V	فَاءَت
12:19:11	سرر	مضاعف	-	V	أَفَعُّوهُ
12:19:5	دلو	ناقص	-	V	أَفْعَى
12:19:7	قول	أجوف	-	V	فَال
12:1:3	ايي	لفيف	0	N	فعَات
12:20:1	شري	ناقص	-	V	فَعَوْهُ
12:20:5	عدد	مضاعف	-	ADJ	مَفْعُولَة
12:20:6	كون	أجوف	-	V	فَانُعا
12:21:1	قول	أجوف	-	V	فَال
12:21:13	اخذ	صحيح سالم	0	V	نَتَّخِذَهُ
12:21:3	شري	ناقص	-	V	افْتَعَاهُ
12:21:30	نوس	أجوف	-	N	فَاس
12:21:8	ثوي	لفيف	-	N	مَفْعَاهُ
12:22:3	شدد	مضاعف	-	N	أَفُعَّهُ
12:23:10	قول	أجوف	-	V	فَالَت
12:23:13	قول	أجوف	-	V	فَال
12:23:14	عوذ	أجوف	-	N	مَفَاذ
12:23:17	ربب	مضاعف	-	N	فَعِّي
12:24:10	ربب	مضاعف	-	N	فَعِّهِ
12:24:14	سوا	أجوف	2	N	فُعء
12:24:2	همم	مضاعف	-	V	فَعَّت
12:24:4	همم	مضاعف	-	V	فَعّ
12:25:10	بوب	أجوف	-	N	فَاب
12:25:11	قول	أجوف	-	V	فَالَت
12:25:13	جزي	ناقص	-	N	فَعَاء
12:25:15	رود	أجوف	-	V	أَفَاد
12:25:2	بوب	أجوف	-	N	فَاب
12:25:3	قدد	مضاعف	-	V	فَعَّت
12:25:7	لفو	ناقص	-	V	أَفْعَيَا
12:25:8	سود	أجوف	-	N	فَيِّدَهَا
12:26:1	قول	أجوف	-	V	فَال
12:26:11	كون	أجوف	-	V	فَان
12:26:13	قدد	مضاعف	-	V	فُعّ
12:27:2	كون	أجوف	-	V	فَان
12:27:4	قدد	مضاعف	-	V	فُعّ
12:28:4	قدد	مضاعف	-	V	فُعّ
12:28:7	قول	أجوف	-	V	فَال
12:29:10	خطا	صحيح سالم	2	N	فَاعِئِين
12:29:8	كون	أجوف	-	V	فُنْتِ
12:30:1	قول	أجوف	-	V	فَال
12:30:13	حبب	مضاعف	-	N	فُعًّا
12:30:15	راي	ناقص	1	V	نَفَعهَا
12:30:17	ضلل	مضاعف	-	N	فَعَال
12:30:6	عزز	مضاعف	-	ADJ	فَعِيل
12:30:8	فتي	ناقص	-	N	فَعَاهَا
12:31:10	كلل	مضاعف	-	N	فُعّ
12:31:14	قول	أجوف	-	V	فَالَت
12:31:22	قول	أجوف	-	V	فُلْنَ
12:31:23	حوش	أجوف	-	N	فَاش
12:31:24	اله	صحيح سالم	0	PN	لَّه
12:31:8	وكا	مثال	2	N	مُتَّكَأ
12:31:9	اتي	ناقص	0	V	فعَت
12:32:1	قول	أجوف	-	V	فَالَت
12:32:4	لوم	أجوف	-	V	فُمْتُنَّنِي
12:33:1	قول	أجوف	-	V	فَال
12:33:13	صبو	ناقص	-	V	أَفْع
12:33:15	كون	أجوف	-	V	أَفُن
12:33:2	ربب	مضاعف	-	N	فَعِّ
12:33:4	حبب	مضاعف	-	ADJ	أَفَعّ
12:34:1	جوب	أجوف	-	V	اسْتَفَاب
12:34:3	ربب	مضاعف	-	N	فَعُّهُ
12:35:2	بدو	ناقص	-	V	فَعَا
12:35:7	راي	ناقص	1	V	فَعَوُا
12:35:8	ايي	لفيف	0	N	فعَات
12:36:11	قول	أجوف	-	V	فَال
12:36:25	راي	ناقص	1	V	نَفَعكَ
12:36:5	قول	أجوف	-	V	فَال
12:37:1	قول	أجوف	-	V	فَال
12:37:15	ربب	مضاعف	-	N	فَعِّي
12:37:18	ملل	مضاعف	-	N	فِعَّة
12:37:21	امن	صحيح سالم	0	V	يُؤْمِنُونَ
12:38:14	شيا	أجوف	2	N	فَعْء
12:38:2	ملل	مضاعف	-	N	فِعَّة
12:38:21	نوس	أجوف	-	N	فَاس
12:38:24	نوس	أجوف	-	N	فَاس
12:38:3	ابو	ناقص	0	N	فعَائِي
12:38:8	كون	أجوف	-	V	فَان
12:39:3	ربب	مضاعف	-	N	أَأَفْعَال
12:3:12	كون	أجوف	-	V	فُنْتَ
12:3:2	قصص	مضاعف	-	V	نَفُعّ
12:3:5	قصص	مضاعف	-	N	فَعَل
12:40:19	اله	صحيح سالم	0	PN	لَّه
12:40:27	قوم	أجوف	-	ADJ	فَيِّم
12:40:30	نوس	أجوف	-	N	فَاس
12:40:6	سمو	ناقص	-	N	أَفْعَاء
12:40:9	ابو	ناقص	0	N	فعَاؤُكُمْ
12:41:6	ربب	مضاعف	-	N	فَعَّهُ
12:42:1	قول	أجوف	-	V	فَال
12:42:10	نسي	ناقص	-	V	أَفْعَاهُ
12:42:13	ربب	مضاعف	-	N	فَعِّهِ
12:42:18	سنو	ناقص	-	N	فِعِين
12:42:3	ظنن	مضاعف	-	V	فَعّ
12:42:5	نجو	ناقص	-	N	فَاع
12:42:9	ربب	مضاعف	-	N	فَعِّكَ
12:43:1	قول	أجوف	-	V	فَال
12:43:22	كون	أجوف	-	V	فُنْتُمْ
12:43:23	راي	ناقص	1	N	فُّؤْيَع
12:43:4	راي	ناقص	1	V	أَفَى
12:44:1	قول	أجوف	-	V	فَالُعا
12:45:1	قول	أجوف	-	V	فَال
12:45:3	نجو	ناقص	-	V	فَعَا
12:45:5	ذكر	صحيح سالم	-	V	ادَّكَر
12:45:7	امم	مضاعف	0	N	فُعَّة
12:45:9	نبا	صحيح سالم	2	V	أُفَعِّئُكُمْ
12:46:20	نوس	أجوف	-	N	فَاس
12:46:4	فتي	ناقص	-	V	أَفْعِنَا
12:47:1	قول	أجوف	-	V	فَال
12:47:12	قلل	مضاعف	-	N	فَعِيلًا
12:47:4	سنو	ناقص	-	N	فِعِين
12:47:8	وذر	مثال	-	V	ذَرُفهُ
12:48:13	قلل	مضاعف	-	N	فَعِيلًا
12:48:7	شدد	مضاعف	-	ADJ	فِعَال
12:49:6	عوم	أجوف	-	N	فَام
12:49:8	غيث	أجوف	-	V	يُفَاث
12:49:9	نوس	أجوف	-	N	فَاس
12:4:2	قول	أجوف	-	V	فَال
12:4:4	ابو	ناقص	0	N	فَعِيهِ
12:4:5	ابو	ناقص	0	N	يَف أَعَتِ
12:50:1	قول	أجوف	-	V	فَال
12:50:11	ربب	مضاعف	-	N	فَعِّكَ
12:50:14	بول	أجوف	-	N	فَال
12:50:20	ربب	مضاعف	-	N	فَعِّي
12:50:6	جيا	أجوف	2	V	فَاءَهُ
12:50:8	قول	أجوف	-	V	فَال
12:51:1	قول	أجوف	-	V	فَال
12:51:10	حوش	أجوف	-	N	فَاش
12:51:11	اله	صحيح سالم	0	PN	لَّه
12:51:16	سوا	أجوف	2	N	فُعء
12:51:17	قول	أجوف	-	V	فَالَت
12:51:19	عزز	مضاعف	-	ADJ	فَعِيل
12:51:22	حقق	مضاعف	-	N	فَعّ
12:51:9	قول	أجوف	-	V	فُلْنَ
12:52:12	خون	أجوف	-	N	فَائِنِين
12:52:5	خون	أجوف	-	V	أَفُنْهُ
12:53:11	ربب	مضاعف	-	N	فَعِّي
12:53:13	ربب	مضاعف	-	N	فَعِّي
12:53:2	برا	صحيح سالم	2	V	أُفَعِّئ
12:53:7	سوا	أجوف	2	N	فُعء
12:54:1	قول	أجوف	-	V	فَال
12:54:9	قول	أجوف	-	V	فَال
12:55:1	قول	أجوف	-	V	فَال
12:56:10	صوب	أجوف	-	V	نُفِيب
12:56:13	شيا	أجوف	2	V	نَفَاء
12:56:9	شيا	أجوف	2	V	يَفَاء
12:57:6	كون	أجوف	-	V	فَانُعا
12:57:7	وقي	لفيف	-	V	يَتَّقُفنَ
12:58:1	جيا	أجوف	2	V	فَاء
12:59:11	راي	ناقص	1	V	تَفَوْنَ
12:59:4	قول	أجوف	-	V	فَال
12:59:6	اخو	ناقص	0	N	فَع
12:59:9	ابو	ناقص	0	N	فَعِيكُمْ
12:5:1	قول	أجوف	-	V	فَال
12:5:4	قصص	مضاعف	-	V	تَفْعُل
12:5:5	راي	ناقص	1	N	فُؤْيَعكَ
12:61:1	قول	أجوف	-	V	فَالُعا
12:61:4	ابو	ناقص	0	N	فَعَاهُ
12:62:1	قول	أجوف	-	V	فَال
12:63:12	اخو	ناقص	0	N	فَعَانَا
12:63:13	كيل	أجوف	-	V	نَفْتَل
12:63:4	ابو	ناقص	0	N	فَعِيهِمْ
12:63:5	قول	أجوف	-	V	فَالُعا
12:63:6	ابو	ناقص	0	N	يَف أَعَانَا
12:64:1	قول	أجوف	-	V	فَال
12:64:9	اخو	ناقص	0	N	فَعِيهِ
12:65:14	ردد	مضاعف	-	V	فُعَّت
12:65:19	اخو	ناقص	0	N	فَعَانَا
12:65:20	زيد	أجوف	-	V	نَفْدَاد
12:65:6	ردد	مضاعف	-	V	فُعَّت
12:65:8	قول	أجوف	-	V	فَالُعا
12:65:9	ابو	ناقص	0	N	يَف أَعَانَا
12:66:1	قول	أجوف	-	V	فَال
12:66:14	حوط	أجوف	-	V	يُفَاط
12:66:17	اتي	ناقص	0	V	فعَوْهُ
12:66:19	قول	أجوف	-	V	فَال
12:66:6	اتي	ناقص	0	V	تُؤْتُونِ
12:67:1	قول	أجوف	-	V	فَال
12:67:18	شيا	أجوف	2	N	فَعْء
12:67:22	اله	صحيح سالم	0	PN	لَّه
12:67:6	بوب	أجوف	-	N	فَاب
12:68:14	شيا	أجوف	2	N	فَعْء
12:68:16	حوج	أجوف	-	N	فَاجَة
12:68:20	قضي	ناقص	-	V	فَعَاهَا
12:68:28	نوس	أجوف	-	N	فَاس
12:68:8	كون	أجوف	-	V	فَان
12:69:13	باس	صحيح سالم	1	V	تَفْتَئِس
12:69:15	كون	أجوف	-	V	فَانُعا
12:69:7	اخو	ناقص	0	N	فَعَاهُ
12:69:8	قول	أجوف	-	V	فَال
12:6:12	اول	أجوف	0	N	فل
12:6:15	تمم	مضاعف	-	V	أَفَعَّهَا
12:6:23	ربب	مضاعف	-	N	فَعَّكَ
12:6:3	ربب	مضاعف	-	N	فَعُّكَ
12:6:8	تمم	مضاعف	-	V	يُفِعّ
12:70:11	اذن	صحيح سالم	0	N	مُؤَذِّن
12:70:8	اخو	ناقص	0	N	فَعِيهِ
12:71:1	قول	أجوف	-	V	فَالُعا
12:72:1	قول	أجوف	-	V	فَالُعا
12:72:6	جيا	أجوف	2	V	فَاء
12:73:1	قول	أجوف	-	V	فَالُعا
12:73:11	كون	أجوف	-	V	فُنَّا
12:73:6	جيا	أجوف	2	V	فِئْنَا
12:74:1	قول	أجوف	-	V	فَالُعا
12:74:3	جزي	ناقص	-	N	فَعَاؤُهُ
12:74:5	كون	أجوف	-	V	فُنْتُمْ
12:75:1	قول	أجوف	-	V	فَالُعا
12:75:2	جزي	ناقص	-	N	فَعَاؤُهُ
12:75:8	جزي	ناقص	-	N	فَعَاؤُهُ
12:76:10	اخو	ناقص	0	N	فَعِيهِ
12:76:12	كيد	أجوف	-	V	فِدْنَا
12:76:15	كون	أجوف	-	V	فَان
12:76:17	اخو	ناقص	0	N	فَعَاهُ
12:76:23	شيا	أجوف	2	V	يَفَاء
12:76:28	شيا	أجوف	2	V	نَفَاء
12:76:30	كلل	مضاعف	-	N	فُعّ
12:76:4	وعي	لفيف	-	N	فِعَاء
12:76:5	اخو	ناقص	0	N	فَعِيهِ
12:76:9	وعي	لفيف	-	N	فِعَاء
12:77:1	قول	أجوف	-	V	فَالُعا
12:77:10	سرر	مضاعف	-	V	أَفَعَّهَا
12:77:15	بدو	ناقص	-	V	يُفْعِهَا
12:77:17	قول	أجوف	-	V	فَال
12:77:19	شرر	مضاعف	-	N	فَعّ
12:77:20	كون	أجوف	-	N	مَفَانًا
12:77:24	وصف	مثال	-	V	تَصِفُفنَ
12:77:6	اخو	ناقص	0	N	فَع
12:78:1	قول	أجوف	-	V	فَالُعا
12:78:11	كون	أجوف	-	N	مَفَانَهُ
12:78:13	راي	ناقص	1	V	نَفَعكَ
12:78:3	عزز	مضاعف	-	N	فَعِيل
12:78:6	ابو	ناقص	0	N	فَعًا
12:78:9	اخذ	صحيح سالم	0	V	خُذ
12:79:1	قول	أجوف	-	V	فَال
12:79:2	عوذ	أجوف	-	N	مَفَاذ
12:7:2	كون	أجوف	-	V	فَان
12:7:6	ايي	لفيف	0	N	فعَات
12:80:11	ابو	ناقص	0	N	فَعَاكُمْ
12:80:30	ابو	ناقص	0	N	فَعِي
12:80:5	نجو	ناقص	-	N	فَعِيًّا
12:80:6	قول	أجوف	-	V	فَال
12:81:15	كون	أجوف	-	V	فُنَّا
12:81:3	ابو	ناقص	0	N	فَعِيكُمْ
12:81:5	ابو	ناقص	0	N	يَف أَعَانَا
12:81:7	بني	ناقص	-	N	افْعَكَ
12:82:4	كون	أجوف	-	V	فُنَّا
12:83:1	قول	أجوف	-	V	فَال
12:84:3	قول	أجوف	-	V	فَال
12:85:1	قول	أجوف	-	V	فَالُعا
12:86:1	قول	أجوف	-	V	فَال
12:86:4	بثث	مضاعف	-	N	فَعِّي
12:87:3	حسس	مضاعف	-	V	تَفَعَّلُوا
12:87:6	اخو	ناقص	0	N	فَعِيهِ
12:88:10	جيا	أجوف	2	V	فِئْنَا
12:88:12	زجو	ناقص	-	N	مُفْعَاة
12:88:13	وفي	لفيف	-	V	أَفْع
12:88:4	قول	أجوف	-	V	فَالُعا
12:88:6	عزز	مضاعف	-	N	فَعِيل
12:88:7	مسس	مضاعف	-	V	فَعَّنَا
12:88:9	ضرر	مضاعف	-	N	فُعّ
12:89:1	قول	أجوف	-	V	فَال
12:89:7	اخو	ناقص	0	N	فَعِيهِ
12:8:12	ابو	ناقص	0	N	فَعَانَا
12:8:14	ضلل	مضاعف	-	N	فَعَال
12:8:2	قول	أجوف	-	V	فَالُعا
12:8:5	حبب	مضاعف	-	ADJ	أَفَعّ
12:8:7	ابو	ناقص	0	N	فَعِينَا
12:90:1	قول	أجوف	-	V	فَالُعا
12:90:11	منن	مضاعف	-	V	فَعّ
12:90:16	وقي	لفيف	-	V	يَتَّق
12:90:5	قول	أجوف	-	V	فَال
12:90:9	اخو	ناقص	0	N	فَعِي
12:91:1	قول	أجوف	-	V	فَالُعا
12:91:8	كون	أجوف	-	V	فُنَّا
12:91:9	خطا	صحيح سالم	2	N	فَاعِئِين
12:92:1	قول	أجوف	-	V	فَال
12:93:4	لقي	ناقص	-	V	أَفْعُوهُ
12:93:7	ابو	ناقص	0	N	فَعِي
12:93:8	اتي	ناقص	0	V	يَفْع
12:94:4	قول	أجوف	-	V	فَال
12:94:7	وجد	مثال	-	V	أَجِد
12:94:8	روح	أجوف	-	N	فِيح
12:95:1	قول	أجوف	-	V	فَالُعا
12:95:5	ضلل	مضاعف	-	N	فَعَالِكَ
12:96:10	قول	أجوف	-	V	فَال
12:96:12	قول	أجوف	-	V	أَفُل
12:96:3	جيا	أجوف	2	V	فَاء
12:96:5	لقي	ناقص	-	V	أَفْعَاهُ
12:96:8	ردد	مضاعف	-	V	افْتَعّ
12:97:1	قول	أجوف	-	V	فَالُعا
12:97:2	ابو	ناقص	0	N	يَف أَعَانَا
12:97:7	كون	أجوف	-	V	فُنَّا
12:97:8	خطا	صحيح سالم	2	N	فَاعِئِين
12:98:1	قول	أجوف	-	V	فَال
12:98:5	ربب	مضاعف	-	N	فَعِّي
12:99:12	شيا	أجوف	2	V	فَاء
12:99:8	قول	أجوف	-	V	فَال
12:9:6	خلو	ناقص	-	V	يَفْع
12:9:9	ابو	ناقص	0	N	فَعِيكُمْ
13:10:1	سوي	لفيف	-	N	فَعَاء
13:10:11	خفي	ناقص	-	N	مُسْتَفْع
13:10:4	سرر	مضاعف	-	V	أَفَعّ
13:11:23	رود	أجوف	-	V	أَفَاد
13:11:28	ردد	مضاعف	-	N	مَفَعّ
13:11:35	ولي	لفيف	-	N	فَاع
13:12:3	راي	ناقص	1	V	يُفِيكُمُ
13:12:7	نشا	صحيح سالم	2	V	يُفْعِئ
13:13:12	شيا	أجوف	2	V	يَفَاء
13:13:18	شدد	مضاعف	-	N	فَعِيل
13:13:6	خوف	أجوف	-	N	فِيفَتِهِ
13:13:9	صوب	أجوف	-	V	يُفِيب
13:14:11	شيا	أجوف	2	N	فَعْء
13:14:14	كفف	مضاعف	-	N	فَعَّيْهِ
13:14:16	موه	أجوف	-	N	فَاء
13:14:18	فوه	أجوف	-	N	فَاهُ
13:14:23	دعو	ناقص	-	N	فُعَاء
13:14:27	ضلل	مضاعف	-	N	فَعَال
13:14:3	حقق	مضاعف	-	N	فَعّ
13:14:9	جوب	أجوف	-	V	يَسْتَفِيبُعنَ
13:15:1	اله	صحيح سالم	0	PN	لَّه
13:15:9	ظلل	مضاعف	-	N	فِعَالُهُمْ
13:16:1	قول	أجوف	-	V	فُل
13:16:18	ضرر	مضاعف	-	N	فَعًّا
13:16:19	قول	أجوف	-	V	فُل
13:16:3	ربب	مضاعف	-	N	فَعّ
13:16:31	اله	صحيح سالم	0	PN	لَّه
13:16:38	قول	أجوف	-	V	فُل
13:16:41	كلل	مضاعف	-	N	فُعّ
13:16:42	شيا	أجوف	2	N	فَعْء
13:16:6	قول	أجوف	-	V	فُل
13:16:8	قول	أجوف	-	V	فُل
13:17:11	ربو	ناقص	-	N	فَاعِيًا
13:17:16	نور	أجوف	-	N	فَار
13:17:17	بغي	ناقص	-	N	افْتِعَاء
13:17:26	حقق	مضاعف	-	N	فَعّ
13:17:3	سمو	ناقص	-	N	فَعَاء
13:17:35	نوس	أجوف	-	N	فَاس
13:17:4	موه	أجوف	-	N	فَاء
13:17:5	سيل	أجوف	-	V	فَالَت
13:18:18	فدي	ناقص	-	V	افْتَعَوْا
13:18:2	جوب	أجوف	-	V	اسْتَفَابُعا
13:18:22	سوا	أجوف	2	N	فُعء
13:18:24	اوي	لفيف	0	N	مَفْعَاهُمْ
13:18:26	باس	صحيح سالم	1	V	فِئْس
13:18:3	ربب	مضاعف	-	N	فَعِّهِمُ
13:18:7	جوب	أجوف	-	V	يَسْتَفِيبُعا
13:19:15	لبب	مضاعف	-	N	أَفْعَال
13:19:7	ربب	مضاعف	-	N	فَعِّكَ
13:19:8	حقق	مضاعف	-	N	فَعّ
13:1:10	حقق	مضاعف	-	N	فَعّ
13:1:13	نوس	أجوف	-	N	فَاس
13:1:15	امن	صحيح سالم	0	V	يُؤْمِنُونَ
13:1:3	ايي	لفيف	0	N	فعَات
13:1:9	ربب	مضاعف	-	N	فَعِّكَ
13:20:2	وفي	لفيف	-	V	يُفعُونَ
13:20:7	وثق	مثال	-	N	مِيثَاق
13:21:10	ربب	مضاعف	-	N	فَعَّهُمْ
13:21:11	خوف	أجوف	-	V	يَفَافُعنَ
13:21:12	سوا	أجوف	2	N	فُعء
13:21:2	وصل	مثال	-	V	يَصِلُفنَ
13:21:9	خشي	ناقص	-	V	يَفْعَوْنَ
13:22:11	سرر	مضاعف	-	N	فِعًّا
13:22:13	درا	صحيح سالم	2	V	يَفْعَءُونَ
13:22:15	سوا	أجوف	2	N	فَيِّئَة
13:22:19	دور	أجوف	-	N	فَار
13:22:3	بغي	ناقص	-	N	افْتِعَاء
13:22:5	ربب	مضاعف	-	N	فَعِّهِمْ
13:22:6	قوم	أجوف	-	V	أَفَامُعا
13:22:7	صلو	ناقص	-	N	فَعَاة
13:23:1	جنن	مضاعف	-	N	فَعَّات
13:23:14	كلل	مضاعف	-	N	فُعّ
13:23:15	بوب	أجوف	-	N	فَاب
13:23:7	ابو	ناقص	0	N	فعَائِهِمْ
13:23:9	ذرر	مضاعف	-	N	فُعِّيَّاتِهِمْ
13:24:7	دور	أجوف	-	N	فَار
13:25:22	سوا	أجوف	2	N	فُعء
13:25:23	دور	أجوف	-	N	فَار
13:25:7	وثق	مثال	-	N	مِيثَاقِهِ
13:26:11	حيي	لفيف	-	N	فَعَاة
13:26:12	دنو	ناقص	-	ADJ	فُعْيَا
13:26:5	شيا	أجوف	2	V	يَفَاء
13:26:8	حيي	لفيف	-	N	فَعَاة
13:26:9	دنو	ناقص	-	ADJ	فُعْيَا
13:27:10	قول	أجوف	-	V	فُل
13:27:13	ضلل	مضاعف	-	V	يُفِعّ
13:27:15	شيا	أجوف	2	V	يَفَاء
13:27:19	نوب	أجوف	-	V	أَفَاب
13:27:7	ايي	لفيف	0	N	فعَة
13:27:9	ربب	مضاعف	-	N	فَعِّهِ
13:29:5	طيب	أجوف	-	N	فُوبَع
13:29:8	اوب	أجوف	0	N	مَفب
13:2:15	كلل	مضاعف	-	N	فُعّ
13:2:18	سمو	ناقص	-	N	مُفَعًّى
13:2:22	ايي	لفيف	0	N	فعَات
13:2:24	لقي	ناقص	-	N	فِعَاء
13:2:25	ربب	مضاعف	-	N	فَعِّكُمْ
13:2:26	يقن	مثال	-	V	تُوقِنُونَ
13:2:7	راي	ناقص	1	V	تَفَوْنَهَع
13:30:18	قول	أجوف	-	V	فُل
13:30:20	ربب	مضاعف	-	N	فَعِّي
13:30:28	توب	أجوف	-	N	مَفَابِ
13:30:4	امم	مضاعف	0	N	فُعَّة
13:30:6	خلو	ناقص	-	V	فَعَت
13:30:9	امم	مضاعف	0	N	فُعَل
13:31:16	اله	صحيح سالم	0	PN	لَّه
13:31:25	شيا	أجوف	2	V	يَفَاء
13:31:28	نوس	أجوف	-	N	فَاس
13:31:31	زيل	أجوف	-	V	يَفَال
13:31:34	صوب	أجوف	-	V	تُفِيبُهُمْ
13:31:39	حلل	مضاعف	-	V	تَفُعّ
13:31:42	دور	أجوف	-	N	فَارِهِمْ
13:31:51	وعد	مثال	-	N	مِيعَاد
13:32:12	كون	أجوف	-	V	فَان
13:32:2	هزا	صحيح سالم	2	V	اسْتُفْعِئ
13:32:6	ملو	ناقص	-	V	أَفْعَيْتُ
13:33:10	اله	صحيح سالم	0	PN	لَّه
13:33:12	قول	أجوف	-	V	فُل
13:33:15	نبا	صحيح سالم	2	V	تُفَعِّئُونَهُ
13:33:3	قوم	أجوف	-	N	فَائِم
13:33:30	صدد	مضاعف	-	V	فُعُّوا
13:33:34	ضلل	مضاعف	-	V	يُفْعِل
13:33:39	هدي	ناقص	-	N	فَاع
13:33:5	كلل	مضاعف	-	N	فُعّ
13:34:14	وقي	لفيف	-	N	فَاع
13:34:4	حيي	لفيف	-	N	فَعَاة
13:34:5	دنو	ناقص	-	ADJ	فُعْيَا
13:34:8	شقق	مضاعف	-	ADJ	أَفَعّ
13:35:11	دوم	أجوف	-	N	فَائِم
13:35:12	ظلل	مضاعف	-	N	فِعُّهَا
13:35:16	وقي	لفيف	-	V	اتَّقَفْا
13:35:19	نور	أجوف	-	N	فَار
13:35:2	جنن	مضاعف	-	PN	فَعَّة
13:35:5	وقي	لفيف	-	N	مُتَّقُفن
13:36:13	قول	أجوف	-	V	فُل
13:36:25	اوب	أجوف	0	N	مَفب
13:37:19	وقي	لفيف	-	N	فَاع
13:37:7	هوي	لفيف	-	N	أَفْعَاءَهُمْ
13:37:9	جيا	أجوف	2	V	فَاءَكَ
13:38:11	كون	أجوف	-	V	فَان
13:38:15	ايي	لفيف	0	N	فعَة
13:38:19	كلل	مضاعف	-	N	فُعّ
13:38:9	ذرر	مضاعف	-	N	فُعِّيَّة
13:39:4	شيا	أجوف	2	V	يَفَاء
13:39:7	امم	مضاعف	0	N	فُعّ
13:3:10	كلل	مضاعف	-	N	فُعّ
13:3:16	غشو	ناقص	-	V	يُفْعِي
13:3:22	ايي	لفيف	0	N	فعَات
13:3:3	مدد	مضاعف	-	V	فَعّ
13:3:7	رسو	ناقص	-	N	فَوَاعِي
13:40:3	راي	ناقص	1	V	نُفِيَنَّكَ
13:40:6	وعد	مثال	-	V	نَعِدُهُمْ
13:41:2	راي	ناقص	1	V	يَفَوْع
13:42:12	كلل	مضاعف	-	N	فُعّ
13:42:18	دور	أجوف	-	N	فَار
13:42:6	اله	صحيح سالم	0	PN	لَّه
13:43:4	ليس	أجوف	-	V	فَسْتَ
13:43:6	قول	أجوف	-	V	فُل
13:4:14	موه	أجوف	-	N	فَاء
13:4:25	ايي	لفيف	0	N	فعَات
13:4:5	جنن	مضاعف	-	N	فَعَّات
13:5:11	جدد	مضاعف	-	ADJ	فَعِيل
13:5:15	ربب	مضاعف	-	N	فَعِّهِمْ
13:5:17	غلل	مضاعف	-	N	أَفْعَال
13:5:22	نور	أجوف	-	N	فَار
13:5:6	كون	أجوف	-	V	فُنَّا
13:6:11	ربب	مضاعف	-	N	فَعَّكَ
13:6:14	نوس	أجوف	-	N	فَّاس
13:6:18	ربب	مضاعف	-	N	فَعَّكَ
13:6:19	شدد	مضاعف	-	N	فَعِيل
13:6:2	سوا	أجوف	2	N	فَيِّئَة
13:6:6	خلو	ناقص	-	V	فَعَت
13:7:13	كلل	مضاعف	-	N	فُعّ
13:7:15	هدي	ناقص	-	N	فَاع
13:7:7	ايي	لفيف	0	N	فعَة
13:7:9	ربب	مضاعف	-	N	فَعِّهِ
13:8:11	زيد	أجوف	-	V	تَفْدَاد
13:8:12	كلل	مضاعف	-	N	فُعّ
13:8:13	شيا	أجوف	2	N	فَعْء
13:8:5	كلل	مضاعف	-	N	فُعّ
13:9:5	علو	ناقص	-	N	مُتَفَاع
14:10:1	قول	أجوف	-	V	فَالَت
14:10:14	اخر	صحيح سالم	0	V	يُؤَخِّرَكُمْ
14:10:17	سمو	ناقص	-	N	مُفَعًّى
14:10:18	قول	أجوف	-	V	فَالُعا
14:10:24	رود	أجوف	-	V	تُفِيدُعنَ
14:10:26	صدد	مضاعف	-	V	تَفُعُّونَا
14:10:28	كون	أجوف	-	V	فَان
14:10:30	ابو	ناقص	0	N	فعَاؤُنَا
14:10:31	اتي	ناقص	0	V	فْعُونَا
14:10:5	شكك	مضاعف	-	N	فَعّ
14:11:1	قول	أجوف	-	V	فَالَت
14:11:11	منن	مضاعف	-	V	يَفُعّ
14:11:14	شيا	أجوف	2	V	يَفَاء
14:11:18	كون	أجوف	-	V	فَان
14:11:29	امن	صحيح سالم	0	N	مُؤْمِنُون
14:12:8	هدي	ناقص	-	V	فَعَانَا
14:13:1	قول	أجوف	-	V	فَال
14:13:11	ملل	مضاعف	-	N	فِعَّتِنَا
14:13:14	ربب	مضاعف	-	N	فَعُّهُمْ
14:14:7	خوف	أجوف	-	V	فَاف
14:14:8	قوم	أجوف	-	N	مَفَامِي
14:14:9	خوف	أجوف	-	V	فَاف
14:15:2	خيب	أجوف	-	V	فَاب
14:15:3	كلل	مضاعف	-	N	فُعّ
14:16:2	وري	لفيف	-	N	فَعَائِهِ
14:16:6	موه	أجوف	-	N	فَاء
14:16:7	صدد	مضاعف	-	ADJ	فَعِيل
14:17:12	موت	أجوف	-	N	فَيِّت
14:17:14	وري	لفيف	-	N	فَعَائِهِ
14:17:3	كود	أجوف	-	V	يَفَاد
14:17:4	سوغ	أجوف	-	V	يُفِيغُهُ
14:17:8	كلل	مضاعف	-	N	فُعّ
14:17:9	كون	أجوف	-	N	مَفَان
14:18:18	شيا	أجوف	2	N	فَعْء
14:18:21	ضلل	مضاعف	-	N	فَعَال
14:18:4	ربب	مضاعف	-	N	فَعِّهِمْ
14:18:7	شدد	مضاعف	-	V	افْتَعَّت
14:18:9	روح	أجوف	-	N	فِيح
14:19:10	شيا	أجوف	2	V	يَفَأ
14:19:12	اتي	ناقص	0	V	يَفْع
14:19:14	جدد	مضاعف	-	ADJ	فَعِيل
14:19:2	راي	ناقص	1	V	تَف
14:19:8	حقق	مضاعف	-	N	فَعّ
14:1:12	ربب	مضاعف	-	N	فَعِّهِمْ
14:1:15	عزز	مضاعف	-	ADJ	فَعِيل
14:1:6	نوس	أجوف	-	N	فَاس
14:20:5	عزز	مضاعف	-	N	فَعِيل
14:21:14	غني	ناقص	-	N	مُفْعُون
14:21:2	اله	صحيح سالم	0	PN	لَّه
14:21:20	شيا	أجوف	2	N	فَعْء
14:21:21	قول	أجوف	-	V	فَالُعا
14:21:23	هدي	ناقص	-	V	فَعَانَا
14:21:26	سوي	لفيف	-	N	فَعَاء
14:21:4	قول	أجوف	-	V	فَال
14:21:9	كون	أجوف	-	V	فُنَّا
14:22:1	قول	أجوف	-	V	فَال
14:22:10	حقق	مضاعف	-	N	فَعّ
14:22:14	كون	أجوف	-	V	فَان
14:22:22	جوب	أجوف	-	V	اسْتَفَبْتُمْ
14:23:14	ربب	مضاعف	-	N	فَعِّهِمْ
14:23:15	حيي	لفيف	-	N	تَفِعَّتُهُمْ
14:23:6	جنن	مضاعف	-	N	فَعَّات
14:24:15	سمو	ناقص	-	N	فَعَاء
14:24:2	راي	ناقص	1	V	تَف
14:25:1	اتي	ناقص	0	V	تُؤْتِي
14:25:10	نوس	أجوف	-	N	فَّاس
14:25:3	كلل	مضاعف	-	N	فُعّ
14:25:6	ربب	مضاعف	-	N	فَعِّهَا
14:26:13	قرر	مضاعف	-	N	فَعَال
14:26:6	جثث	مضاعف	-	V	افْتُعَّت
14:27:12	ضلل	مضاعف	-	V	يُفِعّ
14:27:18	شيا	أجوف	2	V	يَفَاء
14:27:8	حيي	لفيف	-	N	فَعَاة
14:27:9	دنو	ناقص	-	ADJ	فُعْيَا
14:28:11	دور	أجوف	-	N	فَار
14:28:2	راي	ناقص	1	V	تَف
14:28:9	حلل	مضاعف	-	V	أَفَعُّوا
14:29:2	صلي	ناقص	-	V	يَفْعَوْنَهَا
14:29:3	باس	صحيح سالم	1	V	فِئْس
14:29:4	قرر	مضاعف	-	N	فَعَال
14:2:14	شدد	مضاعف	-	ADJ	فَعِيل
14:30:12	نور	أجوف	-	N	فَار
14:30:2	اله	صحيح سالم	0	PN	لَّه
14:30:3	ندد	مضاعف	-	N	أَفْعَالًا
14:30:4	ضلل	مضاعف	-	V	يُفِعُّوا
14:30:7	قول	أجوف	-	V	فُل
14:31:1	قول	أجوف	-	V	فُل
14:31:10	سرر	مضاعف	-	N	فِعًّا
14:31:21	خلل	مضاعف	-	N	فِعَال
14:31:5	قوم	أجوف	-	V	يُفِيمُعا
14:31:6	صلو	ناقص	-	N	فَعَاة
14:32:8	سمو	ناقص	-	N	فَعَاء
14:32:9	موه	أجوف	-	N	فَاء
14:34:1	اتي	ناقص	0	V	فعَاكُمْ
14:34:11	حصي	ناقص	-	V	تُفْعُوهَا
14:34:3	كلل	مضاعف	-	N	فُعّ
14:34:7	عدد	مضاعف	-	V	تَفُعُّوا
14:35:2	قول	أجوف	-	V	فَال
14:35:4	ربب	مضاعف	-	N	فَعِّ
14:36:1	ربب	مضاعف	-	N	فَعِّ
14:36:3	ضلل	مضاعف	-	V	أَفْعَلْنَ
14:36:6	نوس	أجوف	-	N	فَاس
14:37:1	ربب	مضاعف	-	N	فَعَّنَا
14:37:13	ربب	مضاعف	-	N	فَعَّنَا
14:37:14	قوم	أجوف	-	V	يُفِيمُعا
14:37:15	صلو	ناقص	-	N	فَعَاة
14:37:17	فاد	صحيح سالم	1	N	أَفْئِدَة
14:37:19	نوس	أجوف	-	N	فَاس
14:37:5	ذرر	مضاعف	-	N	فُعِّيَّتِي
14:37:6	ودي	لفيف	-	N	فَاع
14:38:1	ربب	مضاعف	-	N	فَعَّنَا
14:38:13	شيا	أجوف	2	N	فَعْء
14:38:18	سمو	ناقص	-	N	فَعَاء
14:39:11	ربب	مضاعف	-	N	فَعِّي
14:39:13	دعو	ناقص	-	N	فُعَاء
14:39:2	اله	صحيح سالم	0	PN	لَّه
14:3:11	بغي	ناقص	-	V	يَفْعُونَهَا
14:3:15	ضلل	مضاعف	-	N	فَعَال
14:3:2	حبب	مضاعف	-	V	يَسْتَفِعُّونَ
14:3:3	حيي	لفيف	-	N	فَعَاة
14:3:4	دنو	ناقص	-	ADJ	فُعْيَا
14:3:7	صدد	مضاعف	-	V	يَفُعُّونَ
14:40:1	ربب	مضاعف	-	N	فَعِّ
14:40:3	قوم	أجوف	-	N	مُفِيم
14:40:4	صلو	ناقص	-	N	فَعَاة
14:40:6	ذرر	مضاعف	-	N	فُعِّيَّتِي
14:40:7	ربب	مضاعف	-	N	فَعَّنَا
14:40:9	دعو	ناقص	-	N	فُعَاءِ
14:41:1	ربب	مضاعف	-	N	فَعَّنَا
14:41:5	امن	صحيح سالم	0	N	مُؤْمِنِين
14:42:9	اخر	صحيح سالم	0	V	يُؤَخِّرُهُمْ
14:43:3	راس	صحيح سالم	1	N	فُءُوسِهِمْ
14:43:5	ردد	مضاعف	-	V	يَفْتَعّ
14:43:8	فاد	صحيح سالم	1	N	أَفْئِدَتُهُمْ
14:43:9	هوي	لفيف	-	N	فَعَاء
14:44:14	جوب	أجوف	-	V	نُفِب
14:44:2	نوس	أجوف	-	N	فَاس
14:44:9	ربب	مضاعف	-	N	فَعَّنَا
14:46:8	كون	أجوف	-	V	فَان
14:47:9	عزز	مضاعف	-	ADJ	فَعِيل
14:48:8	اله	صحيح سالم	0	PN	لَّه
14:49:1	راي	ناقص	1	V	تَفَى
14:4:10	ضلل	مضاعف	-	V	يُفِعّ
14:4:13	شيا	أجوف	2	V	يَفَاء
14:4:16	شيا	أجوف	2	V	يَفَاء
14:4:18	عزز	مضاعف	-	N	فَعِيل
14:50:4	غشو	ناقص	-	V	تَفْعَى
14:50:6	نور	أجوف	-	N	فَار
14:51:3	كلل	مضاعف	-	N	فُعّ
14:52:13	لبب	مضاعف	-	N	أَفْعَال
14:52:3	نوس	أجوف	-	N	فَّاس
14:5:13	يوم	لفيف	-	N	أَفَّام
14:5:18	ايي	لفيف	0	N	فعَات
14:5:19	كلل	مضاعف	-	N	فُعّ
14:5:4	ايي	لفيف	0	N	فعَاتِنَا
14:6:10	نجو	ناقص	-	V	أَفْعَاكُمْ
14:6:12	اول	أجوف	0	N	فل
14:6:15	سوا	أجوف	2	N	فُعء
14:6:18	بني	ناقص	-	N	أَفْعَاءَكُمْ
14:6:19	حيي	لفيف	-	V	يَسْتَفْعُونَ
14:6:2	قول	أجوف	-	V	فَال
14:6:20	نسو	ناقص	-	N	فِعَاءَكُمْ
14:6:23	بلو	ناقص	-	N	فَعَاء
14:6:25	ربب	مضاعف	-	N	فَعِّكُمْ
14:7:11	شدد	مضاعف	-	N	فَعِيل
14:7:3	ربب	مضاعف	-	N	فَعُّكُمْ
14:8:1	قول	أجوف	-	V	فَال
14:9:18	جيا	أجوف	2	V	فَاءَتْهُمْ
14:9:2	اتي	ناقص	0	V	يَفْعِكُمْ
14:9:21	ردد	مضاعف	-	V	فَعُّوا
14:9:25	قول	أجوف	-	V	فَالُعا
14:9:33	شكك	مضاعف	-	N	فَعّ
14:9:9	عود	أجوف	-	PN	فَاد
15:11:6	كون	أجوف	-	V	فَانُعا
15:11:8	هزا	صحيح سالم	2	V	يَسْتَفْعِئُونَ
15:13:2	امن	صحيح سالم	0	V	يُؤْمِنُونَ
15:13:5	خلو	ناقص	-	V	فَعَت
15:13:6	سنن	مضاعف	-	N	فُعَّة
15:14:4	بوب	أجوف	-	N	فَابًا
15:14:6	سمو	ناقص	-	N	فَعَاء
15:14:7	ظلل	مضاعف	-	V	فَعُّوا
15:15:1	قول	أجوف	-	V	فَالُعا
15:16:4	سمو	ناقص	-	N	فَعَاء
15:17:3	كلل	مضاعف	-	N	فُعّ
15:19:10	شيا	أجوف	2	N	فَعْء
15:19:2	مدد	مضاعف	-	V	فَعَلْنَاهَا
15:19:5	رسو	ناقص	-	N	فَوَاعِي
15:19:9	كلل	مضاعف	-	N	فُعّ
15:1:3	ايي	لفيف	0	N	فعَات
15:20:6	ليس	أجوف	-	V	فَسْتُمْ
15:21:3	شيا	أجوف	2	N	فَعْء
15:22:2	روح	أجوف	-	N	فِيَاح
15:22:6	سمو	ناقص	-	N	فَعَاء
15:22:7	موه	أجوف	-	N	فَاء
15:23:3	حيي	لفيف	-	V	نُفْعِل
15:23:4	موت	أجوف	-	V	نُفِيت
15:25:2	ربب	مضاعف	-	N	فَعَّكَ
15:26:8	سنن	مضاعف	-	N	مَفْعُول
15:27:1	جنن	مضاعف	-	N	فَاعّ
15:27:6	نور	أجوف	-	N	فَار
15:27:7	سمم	مضاعف	-	N	فَعُول
15:28:12	سنن	مضاعف	-	N	مَفْعُول
15:28:2	قول	أجوف	-	V	فَال
15:28:3	ربب	مضاعف	-	N	فَعُّكَ
15:29:7	وقع	مثال	-	V	قَعُفا
15:2:2	ودد	مضاعف	-	V	يَفَعّ
15:2:6	كون	أجوف	-	V	فَانُعا
15:30:3	كلل	مضاعف	-	N	فُعُّهُمْ
15:32:1	قول	أجوف	-	V	فَال
15:33:1	قول	أجوف	-	V	فَال
15:33:11	سنن	مضاعف	-	N	مَفْعُول
15:33:3	كون	أجوف	-	V	أَفُن
15:34:1	قول	أجوف	-	V	فَال
15:36:1	قول	أجوف	-	V	فَال
15:36:2	ربب	مضاعف	-	N	فَعِّ
15:37:1	قول	أجوف	-	V	فَال
15:39:1	قول	أجوف	-	V	فَال
15:39:2	ربب	مضاعف	-	N	فَعِّ
15:3:1	وذر	مثال	-	V	ذَرْهُمْ
15:3:4	لهو	ناقص	-	V	يُفْعِهِمُ
15:41:1	قول	أجوف	-	V	فَال
15:41:5	قوم	أجوف	-	N	مُسْتَفِيم
15:44:4	كلل	مضاعف	-	N	فُعّ
15:44:5	بوب	أجوف	-	N	فَاب
15:44:7	جزا	صحيح سالم	2	N	فُعْء
15:45:2	وقي	لفيف	-	N	مُتَّقِين
15:45:4	جنن	مضاعف	-	N	فَعَّات
15:47:6	غلل	مضاعف	-	N	فِعّ
15:47:9	سرر	مضاعف	-	N	فُعُل
15:48:2	مسس	مضاعف	-	V	يَفَعُّهُمْ
15:49:1	نبا	صحيح سالم	2	V	فَعِّئ
15:51:1	نبا	صحيح سالم	2	V	فَعِّئْهُمْ
15:52:4	قول	أجوف	-	V	فَالُعا
15:52:6	قول	أجوف	-	V	فَال
15:53:1	قول	أجوف	-	V	فَالُعا
15:54:1	قول	أجوف	-	V	فَال
15:54:5	مسس	مضاعف	-	V	فَعَّنِيَ
15:55:1	قول	أجوف	-	V	فَالُعا
15:55:3	حقق	مضاعف	-	N	فَعّ
15:55:5	كون	أجوف	-	V	تَفُن
15:56:1	قول	أجوف	-	V	فَال
15:56:6	ربب	مضاعف	-	N	فَعِّهِ
15:56:8	ضلل	مضاعف	-	N	فَاعُّون
15:57:1	قول	أجوف	-	V	فَال
15:58:1	قول	أجوف	-	V	فَالُعا
15:59:2	اول	أجوف	0	N	فل
15:5:4	امم	مضاعف	0	N	فُعَّة
15:61:2	جيا	أجوف	2	V	فَاء
15:61:3	اول	أجوف	0	N	فل
15:62:1	قول	أجوف	-	V	فَال
15:63:1	قول	أجوف	-	V	فَالُعا
15:63:3	جيا	أجوف	2	V	فِئْنَاكَ
15:63:5	كون	أجوف	-	V	فَانُعا
15:63:7	مري	ناقص	-	V	يَفْتَعُونَ
15:64:2	حقق	مضاعف	-	N	فَعّ
15:65:1	سري	ناقص	-	V	أَفْع
15:65:12	مضي	ناقص	-	V	افْعُوا
15:65:14	امر	صحيح سالم	0	V	تُؤْمَرُونَ
15:67:1	جيا	أجوف	2	V	فَاء
15:68:1	قول	أجوف	-	V	فَال
15:69:1	وقي	لفيف	-	V	اتَّقُفا
15:69:4	خزي	ناقص	-	V	تُفْعُونِ
15:6:1	قول	أجوف	-	V	فَالُعا
15:6:8	جنن	مضاعف	-	N	مَفْعُول
15:70:1	قول	أجوف	-	V	فَالُعا
15:70:3	نهي	ناقص	-	V	فَنْعَكَ
15:71:1	قول	أجوف	-	V	فَال
15:71:5	كون	أجوف	-	V	فُنْتُمْ
15:74:2	علو	ناقص	-	N	فَاعِيَهَا
15:75:4	ايي	لفيف	0	N	فعَات
15:76:3	قوم	أجوف	-	N	مُفِيم
15:77:4	ايي	لفيف	0	N	فعَة
15:77:5	امن	صحيح سالم	0	N	مُؤْمِنِين
15:78:2	كون	أجوف	-	V	فَان
15:79:4	امم	مضاعف	0	N	فِعَال
15:7:6	كون	أجوف	-	V	فُنْتَ
15:81:2	ايي	لفيف	0	N	فعَاتِنَا
15:81:3	كون	أجوف	-	V	فَانُعا
15:82:1	كون	أجوف	-	V	فَانُعا
15:84:5	كون	أجوف	-	V	فَانُعا
15:85:10	سوع	أجوف	-	N	فَاعَة
15:85:8	حقق	مضاعف	-	N	فَعّ
15:86:2	ربب	مضاعف	-	N	فَعَّكَ
15:88:15	امن	صحيح سالم	0	N	مُؤْمِنِين
15:88:2	مدد	مضاعف	-	V	تَفُعَّنَّ
15:89:1	قول	أجوف	-	V	فُل
15:8:5	حقق	مضاعف	-	N	فَعّ
15:8:7	كون	أجوف	-	V	فَانُعا
15:91:4	عضو	ناقص	-	N	فِعِين
15:92:1	ربب	مضاعف	-	N	فَعِّكَ
15:93:2	كون	أجوف	-	V	فَانُعا
15:94:3	امر	صحيح سالم	0	V	تُؤْمَر
15:95:3	هزا	صحيح سالم	2	N	مُسْتَفْعِئِين
15:98:3	ربب	مضاعف	-	N	فَعِّكَ
15:98:4	كون	أجوف	-	V	فُن
15:99:2	ربب	مضاعف	-	N	فَعَّكَ
16:100:5	ولي	لفيف	-	V	يَتَفَعَّوْنَهُ
16:101:10	قول	أجوف	-	V	فَالُعا
16:101:13	فري	ناقص	-	N	مُفْتَع
16:101:3	ايي	لفيف	0	N	فعَة
16:101:4	كون	أجوف	-	N	مَفَان
16:101:5	ايي	لفيف	0	N	فعَة
16:102:1	قول	أجوف	-	V	فُل
16:102:6	ربب	مضاعف	-	N	فَعِّكَ
16:102:7	حقق	مضاعف	-	N	فَعّ
16:104:4	امن	صحيح سالم	0	V	يُؤْمِنُونَ
16:104:5	ايي	لفيف	0	N	فعَات
16:105:6	امن	صحيح سالم	0	V	يُؤْمِنُونَ
16:105:7	ايي	لفيف	0	N	فعَات
16:107:3	حبب	مضاعف	-	V	اسْتَفَعُّوا
16:107:4	حيي	لفيف	-	N	فَعَاة
16:107:5	دنو	ناقص	-	ADJ	فُعْيَا
16:10:13	سوم	أجوف	-	V	تُفِيمُعنَ
16:10:5	سمو	ناقص	-	N	فَعَاء
16:10:6	موه	أجوف	-	N	فَاء
16:110:14	ربب	مضاعف	-	N	فَعَّكَ
16:110:3	ربب	مضاعف	-	N	فَعَّكَ
16:111:3	كلل	مضاعف	-	N	فُعّ
16:111:9	كلل	مضاعف	-	N	فُعّ
16:112:12	كلل	مضاعف	-	N	فُعّ
16:112:13	كون	أجوف	-	N	مَفَان
16:112:17	ذوق	أجوف	-	V	أَفَاقَهَا
16:112:23	كون	أجوف	-	V	فَانُعا
16:112:5	كون	أجوف	-	V	فَانَت
16:113:2	جيا	أجوف	2	V	فَاءَهُمْ
16:114:1	اكل	صحيح سالم	0	V	كُلُوف
16:114:11	كون	أجوف	-	V	فُنْتُمْ
16:114:5	حلل	مضاعف	-	N	فَعَالًا
16:115:14	ضرر	مضاعف	-	V	افْطُعّ
16:115:16	بغي	ناقص	-	N	فَاع
16:115:18	عدو	ناقص	-	N	فَاع
16:115:4	موت	أجوف	-	N	فَيْتَة
16:115:5	دمو	ناقص	-	N	فَع
16:115:9	هلل	مضاعف	-	V	أُفِعّ
16:116:11	فري	ناقص	-	V	تَفْتَعُوا
16:116:17	فري	ناقص	-	V	يَفْتَعُونَ
16:116:4	وصف	مثال	-	V	تَصِف
16:116:8	حلل	مضاعف	-	N	فَعَال
16:117:2	قلل	مضاعف	-	ADJ	فَعِيل
16:118:13	كون	أجوف	-	V	فَانُعا
16:118:3	هود	أجوف	-	V	فَادُعا
16:118:6	قصص	مضاعف	-	V	فَعَلْنَا
16:119:15	ربب	مضاعف	-	N	فَعَّكَ
16:119:3	ربب	مضاعف	-	N	فَعَّكَ
16:119:6	سوا	أجوف	2	N	فُعء
16:119:9	توب	أجوف	-	V	فَابُعا
16:11:14	ايي	لفيف	0	N	فعَة
16:11:9	كلل	مضاعف	-	N	فُعّ
16:120:3	كون	أجوف	-	V	فَان
16:120:4	امم	مضاعف	0	N	فُعَّة
16:120:6	اله	صحيح سالم	0	PN	لَّه
16:120:9	كون	أجوف	-	V	يَف
16:121:3	جبي	ناقص	-	V	افْتَعَاهُ
16:121:4	هدي	ناقص	-	V	فَعَاهُ
16:121:7	قوم	أجوف	-	N	مُسْتَفِيم
16:122:3	دنو	ناقص	-	N	فُعْيَا
16:123:10	كون	أجوف	-	V	فَان
16:123:6	ملل	مضاعف	-	N	فِعَّة
16:124:13	قوم	أجوف	-	N	فِيَامَة
16:124:15	كون	أجوف	-	V	فَانُعا
16:124:9	ربب	مضاعف	-	N	فَعَّكَ
16:125:1	دعو	ناقص	-	V	افْع
16:125:13	ربب	مضاعف	-	N	فَعَّكَ
16:125:17	ضلل	مضاعف	-	V	فَعّ
16:125:4	ربب	مضاعف	-	N	فَعِّكَ
16:127:10	كون	أجوف	-	V	تَف
16:128:5	وقي	لفيف	-	V	اتَّقَفْا
16:12:13	ايي	لفيف	0	N	فعَات
16:13:11	ايي	لفيف	0	N	فعَة
16:14:13	راي	ناقص	1	V	تَفَى
16:14:17	بغي	ناقص	-	V	تَفْتَعُوا
16:14:8	طرو	ناقص	-	ADJ	فَعِيًّا
16:15:11	هدي	ناقص	-	V	تَفْتَعُونَ
16:15:4	رسو	ناقص	-	N	فَوَاعِي
16:16:4	هدي	ناقص	-	V	يَفْتَعُونَ
16:18:2	عدد	مضاعف	-	V	تَفُعُّوا
16:18:6	حصي	ناقص	-	V	تُفْعُوهَا
16:19:4	سرر	مضاعف	-	V	تُفِعُّونَ
16:1:7	علو	ناقص	-	V	تَفَاعَى
16:21:3	حيي	لفيف	-	N	أَفْعَاء
16:22:6	امن	صحيح سالم	0	V	يُؤْمِنُونَ
16:23:12	حبب	مضاعف	-	V	يُفِعّ
16:23:7	سرر	مضاعف	-	V	يُفِعُّونَ
16:24:2	قول	أجوف	-	V	فِيل
16:24:6	ربب	مضاعف	-	N	فَعُّكُمْ
16:24:7	قول	أجوف	-	V	فَالُعا
16:25:13	سوا	أجوف	2	V	فَاء
16:25:15	وزر	مثال	-	V	يَزِرُفنَ
16:25:5	قوم	أجوف	-	N	فِيَامَة
16:25:9	ضلل	مضاعف	-	V	يُفِعُّونَهُمْ
16:26:11	خرر	مضاعف	-	V	فَعّ
16:26:16	اتي	ناقص	0	V	فَعَاهُمُ
16:27:10	شقق	مضاعف	-	V	تُفَاعُّونَ
16:27:12	قول	أجوف	-	V	فَال
16:27:14	اتي	ناقص	0	V	فُوعُوا
16:27:19	سوا	أجوف	2	N	فُعء
16:27:3	قوم	أجوف	-	N	فِيَامَة
16:27:9	كون	أجوف	-	V	فُنْتُمْ
16:28:12	سوا	أجوف	2	N	فُعء
16:28:18	كون	أجوف	-	V	فُنْتُمْ
16:28:2	وفي	لفيف	-	V	تَتَفَعَّاهُمُ
16:28:6	لقي	ناقص	-	V	أَفْعَوُا
16:28:9	كون	أجوف	-	V	فُنَّا
16:29:6	باس	صحيح سالم	1	V	فِئْس
16:2:18	وقي	لفيف	-	V	اتَّقُفنِ
16:2:8	شيا	أجوف	2	V	يَفَاء
16:30:1	قول	أجوف	-	V	فِيل
16:30:13	دنو	ناقص	-	N	فُعْيَا
16:30:15	دور	أجوف	-	N	فَار
16:30:19	دور	أجوف	-	N	فَار
16:30:20	وقي	لفيف	-	N	مُتَّقِين
16:30:3	وقي	لفيف	-	V	اتَّقَفْا
16:30:6	ربب	مضاعف	-	N	فَعُّكُمْ
16:30:7	قول	أجوف	-	V	فَالُعا
16:31:1	جنن	مضاعف	-	N	فَعَّات
16:31:11	شيا	أجوف	2	V	يَفَاءُونَ
16:31:15	وقي	لفيف	-	N	مُتَّقِين
16:32:11	كون	أجوف	-	V	فُنْتُمْ
16:32:2	وفي	لفيف	-	V	تَتَفَعَّاهُمُ
16:32:9	جنن	مضاعف	-	PN	فَعَّة
16:33:10	ربب	مضاعف	-	N	فَعِّكَ
16:33:20	كون	أجوف	-	V	فَانُعا
16:34:1	صوب	أجوف	-	V	أَفَابَهُمْ
16:34:10	هزا	صحيح سالم	2	V	يَسْتَفْعِئُونَ
16:34:2	سوا	أجوف	2	N	فَيِّئَات
16:34:5	حيق	أجوف	-	V	فَاق
16:34:8	كون	أجوف	-	V	فَانُعا
16:35:1	قول	أجوف	-	V	فَال
16:35:12	شيا	أجوف	2	N	فَعْء
16:35:15	ابو	ناقص	0	N	فعَاؤُنَا
16:35:21	شيا	أجوف	2	N	فَعْء
16:35:5	شيا	أجوف	2	V	فَاء
16:36:11	طغي	ناقص	-	N	فَاعُوت
16:36:18	حقق	مضاعف	-	V	فَعَّت
16:36:20	ضلل	مضاعف	-	N	فَعَالَة
16:36:26	كون	أجوف	-	V	فَان
16:36:4	كلل	مضاعف	-	N	فُعّ
16:36:5	امم	مضاعف	0	N	فُعَّة
16:37:10	ضلل	مضاعف	-	V	يُفِعّ
16:37:4	هدي	ناقص	-	N	فُعَاهُمْ
16:38:13	حقق	مضاعف	-	N	فَعًّا
16:38:16	نوس	أجوف	-	N	فَاس
16:39:10	كون	أجوف	-	V	فَانُعا
16:3:4	حقق	مضاعف	-	N	فَعّ
16:3:5	علو	ناقص	-	V	تَفَاعَى
16:40:3	شيا	أجوف	2	N	فَعْء
16:40:5	رود	أجوف	-	V	أَفَدْنَاهُ
16:40:9	كون	أجوف	-	V	فُن
16:41:11	دنو	ناقص	-	N	فُعْيَا
16:41:17	كون	أجوف	-	V	فَانُعا
16:41:9	بوا	أجوف	2	V	نُفَعِّئَنَّهُمْ
16:42:4	ربب	مضاعف	-	N	فَعِّهِمْ
16:43:13	كون	أجوف	-	V	فُنْتُمْ
16:44:7	نوس	أجوف	-	N	فَّاس
16:45:4	سوا	أجوف	2	N	فَيِّئَات
16:47:6	ربب	مضاعف	-	N	فَعَّكُمْ
16:47:7	راف	صحيح سالم	1	N	فَءُوف
16:48:10	ظلل	مضاعف	-	N	فِعَالُهُ
16:48:15	اله	صحيح سالم	0	PN	لَّه
16:48:2	راي	ناقص	1	V	يَفَوْع
16:48:8	شيا	أجوف	2	N	فَعْء
16:49:1	اله	صحيح سالم	0	PN	لَّه
16:49:10	دبب	مضاعف	-	N	فَاعَّة
16:50:1	خوف	أجوف	-	V	يَفَافُعنَ
16:50:2	ربب	مضاعف	-	N	فَعَّهُمْ
16:50:7	امر	صحيح سالم	0	V	يُؤْمَرُونَ
16:51:1	قول	أجوف	-	V	فَال
16:51:4	اخذ	صحيح سالم	0	V	تَتَّخِذُوف
16:52:11	وقي	لفيف	-	V	تَتَّقُفنَ
16:53:10	ضرر	مضاعف	-	N	فُعّ
16:53:9	مسس	مضاعف	-	V	فَعَّكُمُ
16:54:4	ضرر	مضاعف	-	N	فُعّ
16:54:9	ربب	مضاعف	-	N	فَعِّهِمْ
16:56:11	كون	أجوف	-	V	فُنْتُمْ
16:56:12	فري	ناقص	-	V	تَفْتَعُونَ
16:57:2	اله	صحيح سالم	0	PN	لَّه
16:57:3	بني	ناقص	-	N	فَعَات
16:58:5	ظلل	مضاعف	-	V	فَعّ
16:59:13	دسس	مضاعف	-	V	يَفُعُّهُ
16:59:17	سوا	أجوف	2	V	فَاء
16:59:5	سوا	أجوف	2	N	فُعء
16:5:5	دفا	صحيح سالم	2	N	فِعْء
16:60:11	عزز	مضاعف	-	N	فَعِيل
16:60:3	امن	صحيح سالم	0	V	يُؤْمِنُونَ
16:60:6	سوا	أجوف	2	N	فَعْء
16:60:7	اله	صحيح سالم	0	PN	لَّه
16:60:9	علو	ناقص	-	N	أَفْعَى
16:61:10	دبب	مضاعف	-	N	فَاعَّة
16:61:12	اخر	صحيح سالم	0	V	يُؤَخِّرُهُمْ
16:61:15	سمو	ناقص	-	N	مُفَعًّى
16:61:17	جيا	أجوف	2	V	فَاء
16:61:21	سوع	أجوف	-	N	فَاعَة
16:61:4	نوس	أجوف	-	N	فَاس
16:62:15	نور	أجوف	-	N	فَار
16:62:2	اله	صحيح سالم	0	PN	لَّه
16:62:5	وصف	مثال	-	V	تَصِف
16:63:5	امم	مضاعف	0	N	فُعَل
16:64:14	امن	صحيح سالم	0	V	يُؤْمِنُونَ
16:65:14	ايي	لفيف	0	N	فعَة
16:65:4	سمو	ناقص	-	N	فَعَاء
16:65:5	موه	أجوف	-	N	فَاء
16:65:6	حيي	لفيف	-	V	أَفْعَا
16:66:13	دمو	ناقص	-	N	فَع
16:66:16	سوغ	أجوف	-	N	فَائِغًا
16:67:13	ايي	لفيف	0	N	فعَة
16:67:5	اخذ	صحيح سالم	0	V	تَتَّخِذُونَ
16:68:2	ربب	مضاعف	-	N	فَعُّكَ
16:69:17	شفي	ناقص	-	N	فِعَاء
16:69:18	نوس	أجوف	-	N	فَّاس
16:69:2	اكل	صحيح سالم	0	V	كُلِي
16:69:22	ايي	لفيف	0	N	فعَة
16:69:4	كلل	مضاعف	-	N	فُعّ
16:69:8	ربب	مضاعف	-	N	فَعِّكِ
16:69:9	ذلل	مضاعف	-	N	فُعُلًا
16:6:5	روح	أجوف	-	V	تُفِيحُعنَ
16:70:4	وفي	لفيف	-	V	يَتَفَعَّاكُمْ
16:70:7	ردد	مضاعف	-	V	يُفَعّ
16:71:11	ردد	مضاعف	-	N	فَاعِّي
16:71:19	سوي	لفيف	-	N	فَعَاء
16:72:17	امن	صحيح سالم	0	V	يُؤْمِنُونَ
16:73:15	طوع	أجوف	-	V	يَسْتَفِيعُعنَ
16:74:3	اله	صحيح سالم	0	PN	لَّه
16:75:18	سرر	مضاعف	-	N	فِعًّا
16:75:21	سوي	لفيف	-	V	يَفْتَعُونَ
16:75:23	اله	صحيح سالم	0	PN	لَّه
16:75:9	شيا	أجوف	2	N	فَعْء
16:76:10	شيا	أجوف	2	N	فَعْء
16:76:12	كلل	مضاعف	-	N	فَعّ
16:76:14	ولي	لفيف	-	N	مَفْعَاهُ
16:76:18	اتي	ناقص	0	V	يَفْع
16:76:29	قوم	أجوف	-	N	مُسْتَفِيم
16:77:1	اله	صحيح سالم	0	PN	لَّه
16:77:17	كلل	مضاعف	-	N	فُعّ
16:77:18	شيا	أجوف	2	N	فَعْء
16:77:7	سوع	أجوف	-	N	فَاعَة
16:78:13	فاد	صحيح سالم	1	N	أَفْئِدَة
16:78:5	امم	مضاعف	0	N	فُعَّهَاتِكُلْ
16:79:16	ايي	لفيف	0	N	فعَات
16:79:18	امن	صحيح سالم	0	V	يُؤْمِنُونَ
16:79:2	راي	ناقص	1	V	يَفَوْع
16:79:7	جوو	لفيف	-	N	فَعّ
16:79:8	سمو	ناقص	-	N	فَعَاء
16:7:12	ربب	مضاعف	-	N	فَعَّكُمْ
16:7:13	راف	صحيح سالم	1	N	فَءُوف
16:7:9	شقق	مضاعف	-	N	فِعّ
16:80:13	خفف	مضاعف	-	V	تَسْتَفِعُّونَهَا
16:80:17	قوم	أجوف	-	N	إِفَامَتِكُمْ
16:80:22	اثث	مضاعف	0	N	فَعَالًا
16:81:11	كنن	مضاعف	-	N	أَفْعَالًا
16:81:15	وقي	لفيف	-	V	تَقِيكُمُ
16:81:16	حرر	مضاعف	-	N	فَعّ
16:81:18	وقي	لفيف	-	V	تَقِيكُمْ
16:81:21	تمم	مضاعف	-	V	يُفِعّ
16:81:6	ظلل	مضاعف	-	N	فِعَالًا
16:82:2	ولي	لفيف	-	V	تَفَعَّوْا
16:84:4	كلل	مضاعف	-	N	فُعّ
16:84:5	امم	مضاعف	0	N	فُعَّة
16:84:9	اذن	صحيح سالم	0	V	يُؤْذَن
16:85:7	خفف	مضاعف	-	V	يُفَعَّل
16:86:11	كون	أجوف	-	V	فُنَّا
16:86:15	لقي	ناقص	-	V	أَفْعَوْا
16:86:6	قول	أجوف	-	V	فَالُعا
16:86:7	ربب	مضاعف	-	N	فَعَّنَا
16:87:1	لقي	ناقص	-	V	أَفْعَوْا
16:87:10	فري	ناقص	-	V	يَفْتَعُونَ
16:87:6	ضلل	مضاعف	-	V	فَعّ
16:87:9	كون	أجوف	-	V	فَانُعا
16:88:12	كون	أجوف	-	V	فَانُعا
16:88:3	صدد	مضاعف	-	V	فَعُّوا
16:88:7	زيد	أجوف	-	V	فِدْنَاهُمْ
16:89:10	جيا	أجوف	2	V	فِئْنَا
16:89:19	كلل	مضاعف	-	N	فُعّ
16:89:20	شيا	أجوف	2	N	فَعْء
16:89:4	كلل	مضاعف	-	N	فُعّ
16:89:5	امم	مضاعف	0	N	فُعَّة
16:90:14	وعظ	مثال	-	V	يَعِظُكُمْ
16:90:6	اتي	ناقص	0	N	فِيعَاء
16:91:1	وفي	لفيف	-	V	أَفْعُوا
16:92:10	اخذ	صحيح سالم	0	V	تَتَّخِذُونَ
16:92:16	امم	مضاعف	0	N	فُعَّة
16:92:18	ربو	ناقص	-	V	أَفْعَى
16:92:20	امم	مضاعف	0	N	فُعَّة
16:92:28	قوم	أجوف	-	N	فِيَامَة
16:92:30	كون	أجوف	-	V	فُنْتُمْ
16:92:8	قوي	لفيف	-	N	فُعَّة
16:93:10	شيا	أجوف	2	V	يَفَاء
16:93:13	شيا	أجوف	2	V	يَفَاء
16:93:16	كون	أجوف	-	V	فُنْتُمْ
16:93:2	شيا	أجوف	2	V	فَاء
16:93:5	امم	مضاعف	0	N	فُعَّة
16:93:8	ضلل	مضاعف	-	V	يُفِعّ
16:94:11	سوا	أجوف	2	N	فُعء
16:94:13	صدد	مضاعف	-	V	فَعَلْتُمْ
16:94:2	اخذ	صحيح سالم	0	V	تَتَّخِذُوف
16:94:6	زلل	مضاعف	-	V	تَفِعّ
16:95:14	كون	أجوف	-	V	فُنْتُمْ
16:95:2	شري	ناقص	-	V	تَفْتَعُوا
16:95:6	قلل	مضاعف	-	ADJ	فَعِيلًا
16:96:14	كون	أجوف	-	V	فَانُعا
16:96:7	بقي	ناقص	-	N	فَاع
16:97:10	حيي	لفيف	-	V	نُفْعِلَنَّهُ
16:97:11	حيي	لفيف	-	N	فَعَاة
16:97:17	كون	أجوف	-	V	فَانُعا
16:97:9	امن	صحيح سالم	0	N	مُؤْمِن
16:98:4	عوذ	أجوف	-	V	اسْتَفِذ
16:99:9	ربب	مضاعف	-	N	فَعِّهِمْ
16:9:6	جور	أجوف	-	N	فَائِر
16:9:8	شيا	أجوف	2	V	فَاء
16:9:9	هدي	ناقص	-	V	فَعَاكُمْ
17:100:1	قول	أجوف	-	V	فُل
17:100:12	كون	أجوف	-	V	فَان
17:100:7	ربب	مضاعف	-	N	فَعِّي
17:101:11	جيا	أجوف	2	V	فَاءَهُمْ
17:101:12	قول	أجوف	-	V	فَال
17:101:16	ظنن	مضاعف	-	V	أَفُعُّكَ
17:101:5	ايي	لفيف	0	N	فعَات
17:102:1	قول	أجوف	-	V	فَال
17:102:13	ظنن	مضاعف	-	V	أَفُعُّكَ
17:102:8	ربب	مضاعف	-	N	فَعّ
17:103:1	رود	أجوف	-	V	أَفَاد
17:103:3	فزز	مضاعف	-	V	يَسْتَفِعَّهُمْ
17:104:1	قول	أجوف	-	V	فُلْنَا
17:104:12	جيا	أجوف	2	V	فِئْنَا
17:104:14	لفف	مضاعف	-	N	فَعِيلًا
17:104:9	جيا	أجوف	2	V	فَاء
17:105:1	حقق	مضاعف	-	N	فَعّ
17:105:3	حقق	مضاعف	-	N	فَعّ
17:106:5	نوس	أجوف	-	N	فَاس
17:107:1	قول	أجوف	-	V	فُل
17:107:14	تلو	ناقص	-	V	يُفْعَى
17:107:16	خرر	مضاعف	-	V	يَفِعُّونَ
17:107:6	امن	صحيح سالم	0	V	تُؤْمِنُوف
17:107:9	اتي	ناقص	0	V	فُوعُوا
17:108:3	ربب	مضاعف	-	N	فَعِّنَا
17:108:5	كون	أجوف	-	V	فَان
17:108:7	ربب	مضاعف	-	N	فَعِّنَا
17:109:1	خرر	مضاعف	-	V	يَفِعُّونَ
17:109:3	بكي	ناقص	-	V	يَفْعُونَ
17:10:4	امن	صحيح سالم	0	V	يُؤْمِنُونَ
17:110:1	قول	أجوف	-	V	فُل
17:110:11	سمو	ناقص	-	N	أَفْعَاء
17:110:15	صلو	ناقص	-	N	فَعَاتِكَ
17:110:19	بغي	ناقص	-	V	افْتَع
17:111:1	قول	أجوف	-	V	فُل
17:111:15	كون	أجوف	-	V	يَفُن
17:111:19	ذلل	مضاعف	-	N	فُعّ
17:111:3	اله	صحيح سالم	0	PN	لَّه
17:111:6	اخذ	صحيح سالم	0	V	يَتَّخِذ
17:111:9	كون	أجوف	-	V	يَفُن
17:11:1	دعو	ناقص	-	V	يَفْع
17:11:3	شرر	مضاعف	-	N	فَعّ
17:11:4	دعو	ناقص	-	N	فُعَاءَهُ
17:11:6	كون	أجوف	-	V	فَان
17:12:12	بغي	ناقص	-	V	تَفْتَعُوا
17:12:15	ربب	مضاعف	-	N	فَعِّكُمْ
17:12:17	عدد	مضاعف	-	N	فَعَل
17:12:18	سنو	ناقص	-	N	فِعِين
17:12:20	كلل	مضاعف	-	N	فُعّ
17:12:21	شيا	أجوف	2	N	فَعْء
17:12:4	ايي	لفيف	0	N	فعَتَلْن
17:12:6	ايي	لفيف	0	N	فعَة
17:12:9	ايي	لفيف	0	N	فعَة
17:13:1	كلل	مضاعف	-	N	فُعّ
17:13:10	قوم	أجوف	-	N	فِيَامَة
17:13:12	لقي	ناقص	-	V	يَفْعَاهُ
17:13:4	طير	أجوف	-	N	فَائِرَهُ
17:15:12	وزر	مثال	-	V	تَزِر
17:15:17	كون	أجوف	-	V	فُنَّا
17:15:7	ضلل	مضاعف	-	V	فَعّ
17:15:9	ضلل	مضاعف	-	V	يَفِعّ
17:16:10	حقق	مضاعف	-	V	فَعّ
17:16:2	رود	أجوف	-	V	أَفَدْنَا
17:17:9	ربب	مضاعف	-	N	فَعِّكَ
17:18:11	رود	أجوف	-	V	نُفِيد
17:18:16	صلي	ناقص	-	V	يَفْعَاهَا
17:18:17	ذمم	مضاعف	-	N	مَفْعُولًا
17:18:2	كون	أجوف	-	V	فَان
17:18:3	رود	أجوف	-	V	يُفِيد
17:18:9	شيا	أجوف	2	V	نَفَاء
17:19:10	كون	أجوف	-	V	فَان
17:19:2	رود	أجوف	-	V	أَفَاد
17:19:8	امن	صحيح سالم	0	N	مُؤْمِن
17:1:11	قصو	ناقص	-	ADJ	أَفْعَى
17:1:15	راي	ناقص	1	V	نُفِيَهُ
17:1:17	ايي	لفيف	0	N	فعَاتِنَا
17:20:1	كلل	مضاعف	-	N	فُعًّا
17:20:10	عطو	ناقص	-	N	فَعَاء
17:20:11	ربب	مضاعف	-	N	فَعِّكَ
17:20:2	مدد	مضاعف	-	V	نُفِعّ
17:20:6	عطو	ناقص	-	N	فَعَاء
17:20:7	ربب	مضاعف	-	N	فَعِّكَ
17:20:9	كون	أجوف	-	V	فَان
17:22:8	ذمم	مضاعف	-	N	مَفْعُولًا
17:23:15	كلو	ناقص	-	N	فِعَاهُمَا
17:23:17	قول	أجوف	-	V	تَفُل
17:23:19	افف	مضاعف	0	N	فُعّ
17:23:2	ربب	مضاعف	-	N	فَعُّكَ
17:23:22	قول	أجوف	-	V	فُل
17:24:11	ربو	ناقص	-	V	فَعَّيَانِي
17:24:4	ذلل	مضاعف	-	N	فُعّ
17:24:7	قول	أجوف	-	V	فُل
17:24:8	ربب	مضاعف	-	N	فَعِّ
17:25:1	ربب	مضاعف	-	N	فَعُّكُمْ
17:25:10	كون	أجوف	-	V	فَان
17:26:1	اتي	ناقص	0	V	فع
17:26:4	حقق	مضاعف	-	N	فَعَّهُ
17:26:6	بني	ناقص	-	N	افْع
17:27:3	كون	أجوف	-	V	فَانُعا
17:27:6	كون	أجوف	-	V	فَان
17:27:8	ربب	مضاعف	-	N	فَعِّهِ
17:28:4	بغي	ناقص	-	N	افْتِعَاء
17:28:7	ربب	مضاعف	-	N	فَعِّكَ
17:28:9	قول	أجوف	-	V	فُل
17:29:3	يدي	لفيف	-	N	فَعَكَ
17:29:4	غلل	مضاعف	-	N	مَفْعُولَة
17:29:9	كلل	مضاعف	-	N	فُعّ
17:2:9	اخذ	صحيح سالم	0	V	تَتَّخِذُوف
17:30:2	ربب	مضاعف	-	N	فَعَّكَ
17:30:6	شيا	أجوف	2	V	يَفَاء
17:30:9	كون	أجوف	-	V	فَان
17:31:11	كون	أجوف	-	V	فَان
17:32:3	زني	ناقص	-	N	فِعَا
17:32:5	كون	أجوف	-	V	فَان
17:32:7	سوا	أجوف	2	V	فَاء
17:33:21	كون	أجوف	-	V	فَان
17:33:8	حقق	مضاعف	-	N	فَعّ
17:34:11	شدد	مضاعف	-	N	أَفُعَّهُ
17:34:12	وفي	لفيف	-	V	أَفْعُوا
17:34:16	كون	أجوف	-	V	فَان
17:34:17	سال	صحيح سالم	1	N	مَفْئُولًع
17:34:3	مول	أجوف	-	N	فَال
17:35:1	وفي	لفيف	-	V	أَفْعُوا
17:35:4	كيل	أجوف	-	V	فِلْتُمْ
17:35:5	وزن	مثال	-	V	زِنُفا
17:35:7	قوم	أجوف	-	N	مُسْتَفِيم
17:36:12	كلل	مضاعف	-	N	فُعّ
17:36:14	كون	أجوف	-	V	فَان
17:36:16	سال	صحيح سالم	1	N	مَفْئُولًع
17:36:2	قفو	ناقص	-	V	تَفْع
17:37:2	مشي	ناقص	-	V	تَفْع
17:38:1	كلل	مضاعف	-	N	فُعّ
17:38:3	كون	أجوف	-	V	فَان
17:38:4	سوا	أجوف	2	N	فَيِّئُهُ
17:38:6	ربب	مضاعف	-	N	فَعِّكَ
17:39:5	ربب	مضاعف	-	N	فَعُّكَ
17:3:1	ذرر	مضاعف	-	N	فُعِّيَّة
17:3:7	كون	أجوف	-	V	فَان
17:40:1	صفو	ناقص	-	V	أَفَأَفْعَاكُمْ
17:40:2	ربب	مضاعف	-	N	فَعُّكُمْ
17:42:1	قول	أجوف	-	V	فُل
17:42:3	كون	أجوف	-	V	فَان
17:42:9	بغي	ناقص	-	V	افْتَعَوْا
17:43:2	علو	ناقص	-	V	تَفَاعَى
17:44:10	شيا	أجوف	2	N	فَعْء
17:44:19	كون	أجوف	-	V	فَان
17:45:9	امن	صحيح سالم	0	V	يُؤْمِنُونَ
17:46:12	ربب	مضاعف	-	N	فَعَّكَ
17:46:16	ولي	لفيف	-	V	فَعَّوْا
17:46:4	كنن	مضاعف	-	N	أَفِعَّة
17:48:6	ضلل	مضاعف	-	V	فَعُّوا
17:48:8	طوع	أجوف	-	V	يَسْتَفِيعُعنَ
17:49:1	قول	أجوف	-	V	فَالُعا
17:49:3	كون	أجوف	-	V	فُنَّا
17:49:9	جدد	مضاعف	-	ADJ	فَعِيلًا
17:4:10	مرر	مضاعف	-	N	فَعَّتَيْن
17:4:11	علو	ناقص	-	V	تَفْعُنَّ
17:50:1	قول	أجوف	-	V	فُل
17:50:5	حدد	مضاعف	-	N	فَعِيلًا
17:51:10	قول	أجوف	-	V	فُل
17:51:14	مرر	مضاعف	-	N	فَعَّة
17:51:17	راس	صحيح سالم	1	N	فُءُوسَهُمْ
17:51:21	قول	أجوف	-	V	فُل
17:51:9	عود	أجوف	-	V	يُفِيدُنَا
17:52:3	جوب	أجوف	-	V	تَسْتَفِيبُعنَ
17:52:5	ظنن	مضاعف	-	V	تَفُعُّولَ
17:52:9	قلل	مضاعف	-	N	فَعِيلًا
17:53:1	قول	أجوف	-	V	فُل
17:53:13	كون	أجوف	-	V	فَان
17:54:1	ربب	مضاعف	-	N	فَعُّكُمْ
17:54:5	شيا	أجوف	2	V	يَفَأ
17:54:9	شيا	أجوف	2	V	يَفَأ
17:55:1	ربب	مضاعف	-	N	فَعُّكَ
17:55:10	نبا	صحيح سالم	2	N	فَعِيِّين
17:56:1	قول	أجوف	-	V	فُل
17:56:10	ضرر	مضاعف	-	N	فُعّ
17:57:12	خوف	أجوف	-	V	يَفَافُعنَ
17:57:16	ربب	مضاعف	-	N	فَعِّكَ
17:57:17	كون	أجوف	-	V	فَان
17:57:4	بغي	ناقص	-	V	يَفْتَعُونَ
17:57:6	ربب	مضاعف	-	N	فَعِّهِمُ
17:58:13	شدد	مضاعف	-	ADJ	فَعِيلًا
17:58:14	كون	أجوف	-	V	فَان
17:58:9	قوم	أجوف	-	N	فِيَامَة
17:59:13	نوق	أجوف	-	N	فَاقَة
17:59:19	ايي	لفيف	0	N	فعَات
17:59:5	ايي	لفيف	0	N	فعَات
17:5:11	شدد	مضاعف	-	ADJ	فَعِيل
17:5:12	جوس	أجوف	-	V	فَاسُعا
17:5:13	خلل	مضاعف	-	N	فِعَال
17:5:14	دور	أجوف	-	N	فِيَار
17:5:15	كون	أجوف	-	V	فَان
17:5:2	جيا	أجوف	2	V	فَاء
17:60:10	راي	ناقص	1	N	فُؤْيَع
17:60:12	راي	ناقص	1	V	أَفَيْنَعكَ
17:60:15	نوس	أجوف	-	N	فَّاس
17:60:2	قول	أجوف	-	V	فُلْنَا
17:60:5	ربب	مضاعف	-	N	فَعَّكَ
17:60:6	حوط	أجوف	-	V	أَفَاط
17:60:7	نوس	أجوف	-	N	فَاس
17:61:2	قول	أجوف	-	V	فُلْنَا
17:61:9	قول	أجوف	-	V	فَال
17:62:1	قول	أجوف	-	V	فَال
17:62:11	قوم	أجوف	-	N	فِيَامَة
17:62:13	ذرر	مضاعف	-	N	فُعِّيَّتَهُ
17:62:15	قلل	مضاعف	-	N	فَعِيلًا
17:63:1	قول	أجوف	-	V	فَال
17:63:8	جزي	ناقص	-	N	فَعَاؤُكُمْ
17:63:9	جزي	ناقص	-	N	فَعَاء
17:64:1	فزز	مضاعف	-	V	اسْتَفْعِل
17:64:14	وعد	مثال	-	V	عِدْهُمْ
17:64:16	وعد	مثال	-	V	يَعِدُهُمُ
17:64:19	غرر	مضاعف	-	N	فُعُولًا
17:64:3	طوع	أجوف	-	V	اسْتَفَعْتَ
17:65:8	ربب	مضاعف	-	N	فَعِّكَ
17:66:1	ربب	مضاعف	-	N	فَعُّكُمُ
17:66:12	كون	أجوف	-	V	فَان
17:66:3	زجو	ناقص	-	V	يُفْعِي
17:66:8	بغي	ناقص	-	V	تَفْتَعُوا
17:67:12	نجو	ناقص	-	V	فَعَّاكُمْ
17:67:14	برر	مضاعف	-	N	فَعّ
17:67:16	كون	أجوف	-	V	فَان
17:67:2	مسس	مضاعف	-	V	فَعَّكُمُ
17:67:3	ضرر	مضاعف	-	N	فُعّ
17:67:6	ضلل	مضاعف	-	V	فَعّ
17:68:13	وجد	مثال	-	V	تَجِدُفا
17:68:6	برر	مضاعف	-	N	فَعّ
17:69:12	روح	أجوف	-	N	فِيح
17:69:18	وجد	مثال	-	V	تَجِدُفا
17:69:4	عود	أجوف	-	V	يُفِيدَكُمْ
17:69:6	تور	أجوف	-	N	فَارَة
17:6:2	ردد	مضاعف	-	V	فَعَلْنَا
17:6:4	كرر	مضاعف	-	N	فَعَّة
17:6:6	مدد	مضاعف	-	V	أَفْعَلْنَاكُمْ
17:70:7	برر	مضاعف	-	N	فَعّ
17:71:11	قرا	صحيح سالم	2	V	يَفْعَءُونَ
17:71:3	كلل	مضاعف	-	N	فُعّ
17:71:5	امم	مضاعف	0	N	فِعَالِهِمْ
17:72:10	ضلل	مضاعف	-	N	أَفَعّ
17:72:2	كون	أجوف	-	V	فَان
17:73:13	خلل	مضاعف	-	N	فَعِيلًا
17:73:2	كود	أجوف	-	V	فَادُعا
17:74:5	كود	أجوف	-	V	فِدْتَ
17:74:9	قلل	مضاعف	-	ADJ	فَعِيلًا
17:75:2	ذوق	أجوف	-	V	أَفَقْنَاكَ
17:75:4	حيي	لفيف	-	N	فَعَاة
17:75:6	موت	أجوف	-	N	فَمَات
17:75:9	وجد	مثال	-	V	تَجِد
17:76:13	قلل	مضاعف	-	N	فَعِيلًا
17:76:2	كود	أجوف	-	V	فَادُعا
17:76:3	فزز	مضاعف	-	V	يَسْتَفِعُّونَكَ
17:77:1	سنن	مضاعف	-	N	فُعَّة
17:77:10	سنن	مضاعف	-	N	فُعَّتِلَا
17:77:9	وجد	مثال	-	V	تَجِد
17:78:1	قوم	أجوف	-	V	أَفِم
17:78:13	كون	أجوف	-	V	فَان
17:78:2	صلو	ناقص	-	N	فَعَاة
17:79:10	ربب	مضاعف	-	N	فَعُّكَ
17:79:11	قوم	أجوف	-	N	مَفَامًا
17:7:19	مرر	مضاعف	-	N	فَعَّة
17:7:6	سوا	أجوف	2	V	أَفَأْتُمْ
17:7:9	جيا	أجوف	2	V	فَاء
17:80:1	قول	أجوف	-	V	فُل
17:80:2	ربب	مضاعف	-	N	فَعِّ
17:81:1	قول	أجوف	-	V	فُل
17:81:2	جيا	أجوف	2	V	فَاء
17:81:3	حقق	مضاعف	-	N	فَعّ
17:81:8	كون	أجوف	-	V	فَان
17:82:6	شفي	ناقص	-	N	فِعَاء
17:82:8	امن	صحيح سالم	0	N	مُؤْمِنِين
17:83:10	شرر	مضاعف	-	N	فَعّ
17:83:11	كون	أجوف	-	V	فَان
17:83:12	ياس	مثال	1	N	فَئُوسًع
17:83:9	مسس	مضاعف	-	V	فَعَّهُ
17:84:1	قول	أجوف	-	V	فُل
17:84:2	كلل	مضاعف	-	N	فُعّ
17:84:6	ربب	مضاعف	-	N	فَعُّكُمْ
17:85:14	قلل	مضاعف	-	N	فَعِيلًا
17:85:4	قول	أجوف	-	V	فُل
17:85:8	ربب	مضاعف	-	N	فَعِّي
17:86:2	شيا	أجوف	2	V	فِئْنَا
17:86:9	وجد	مثال	-	V	تَجِد
17:87:4	ربب	مضاعف	-	N	فَعِّكَ
17:87:7	كون	أجوف	-	V	فَان
17:88:1	قول	أجوف	-	V	فُل
17:88:13	اتي	ناقص	0	V	يَفْعُونَ
17:88:16	كون	أجوف	-	V	فَان
17:88:5	جنن	مضاعف	-	N	فِعّ
17:88:8	اتي	ناقص	0	V	يَفْعُوا
17:89:12	نوس	أجوف	-	N	فَاس
17:89:3	نوس	أجوف	-	N	فَّاس
17:89:8	كلل	مضاعف	-	N	فُعّ
17:8:2	ربب	مضاعف	-	N	فَعُّكُمْ
17:8:6	عود	أجوف	-	V	فُدْتُمْ
17:8:7	عود	أجوف	-	V	فُدْنَا
17:90:1	قول	أجوف	-	V	فَالُعا
17:90:3	امن	صحيح سالم	0	V	نُؤْمِن
17:91:10	خلل	مضاعف	-	N	فِعَالَهَا
17:91:4	جنن	مضاعف	-	N	فَعَّة
17:92:3	سمو	ناقص	-	N	فَعَاء
17:93:10	سمو	ناقص	-	N	فَعَاء
17:93:12	امن	صحيح سالم	0	V	نُؤْمِن
17:93:18	قرا	صحيح سالم	2	V	نَفْعَؤُهُ
17:93:19	قول	أجوف	-	V	فُل
17:93:21	ربب	مضاعف	-	N	فَعِّي
17:93:23	كون	أجوف	-	V	فُنْتُ
17:94:11	قول	أجوف	-	V	فَالُعا
17:94:3	نوس	أجوف	-	N	فَاس
17:94:5	امن	صحيح سالم	0	V	يُؤْمِنُوف
17:94:7	جيا	أجوف	2	V	فَاءَهُمُ
17:95:1	قول	أجوف	-	V	فُل
17:95:12	سمو	ناقص	-	N	فَعَاء
17:95:3	كون	أجوف	-	V	فَان
17:95:7	مشي	ناقص	-	V	يَفْعُونَ
17:96:1	قول	أجوف	-	V	فُل
17:96:8	كون	أجوف	-	V	فَان
17:97:16	قوم	أجوف	-	N	فِيَامَة
17:97:2	هدي	ناقص	-	V	يَفْع
17:97:21	صمم	مضاعف	-	N	فُعًّا
17:97:22	اوي	لفيف	0	N	مَفْعَاهُمْ
17:97:24	كلل	مضاعف	-	T	فُعَّمَا
17:97:25	خبو	ناقص	-	V	فَعَت
17:97:26	زيد	أجوف	-	V	فِدْنَاهُمْ
17:97:5	هدي	ناقص	-	N	مُفْتَع
17:97:7	ضلل	مضاعف	-	V	يُفْعِل
17:97:9	وجد	مثال	-	V	تَجِد
17:98:14	جدد	مضاعف	-	ADJ	فَعِيلًا
17:98:2	جزي	ناقص	-	N	فَعَاؤُهُمْ
17:98:5	ايي	لفيف	0	N	فعَاتِنَا
17:98:6	قول	أجوف	-	V	فَالُعا
17:98:8	كون	أجوف	-	V	فُنَّا
17:99:2	راي	ناقص	1	V	يَفَوْع
17:9:9	امن	صحيح سالم	0	N	مُؤْمِنِين
18:101:10	طوع	أجوف	-	V	يَسْتَفِيعُعنَ
18:101:2	كون	أجوف	-	V	فَانَت
18:101:5	غطو	ناقص	-	N	فِعَاء
18:101:8	كون	أجوف	-	V	فَانُعا
18:102:5	اخذ	صحيح سالم	0	V	يَتَّخِذُوف
18:103:1	قول	أجوف	-	V	فُل
18:103:3	نبا	صحيح سالم	2	V	فُنَعِّئُكُمْ
18:104:2	ضلل	مضاعف	-	V	فَعّ
18:104:5	حيي	لفيف	-	N	فَعَاة
18:104:6	دنو	ناقص	-	ADJ	فُعْيَا
18:105:10	قوم	أجوف	-	V	نُفِيم
18:105:13	قوم	أجوف	-	N	فِيَامَة
18:105:4	ايي	لفيف	0	N	فعَات
18:105:5	ربب	مضاعف	-	N	فَعِّهِمْ
18:105:6	لقي	ناقص	-	N	فِعَائِهِ
18:106:2	جزي	ناقص	-	N	فَعَاؤُهُمْ
18:106:7	ايي	لفيف	0	N	فعَاتِل
18:107:6	كون	أجوف	-	V	فَانَت
18:107:8	جنن	مضاعف	-	N	فَعَّات
18:108:4	بغي	ناقص	-	V	يَفْعُونَ
18:109:1	قول	أجوف	-	V	فُل
18:109:14	ربب	مضاعف	-	N	فَعِّي
18:109:16	جيا	أجوف	2	V	فِئْنَا
18:109:18	مدد	مضاعف	-	N	فَعَلًا
18:109:3	كون	أجوف	-	V	فَان
18:109:5	مدد	مضاعف	-	N	فِعَالًا
18:109:7	ربب	مضاعف	-	N	فَعِّي
18:10:12	هيا	أجوف	2	V	فَعِّئ
18:10:6	قول	أجوف	-	V	فَالُعا
18:10:7	ربب	مضاعف	-	N	فَعَّنَا
18:10:8	اتي	ناقص	0	V	فعِنَا
18:110:1	قول	أجوف	-	V	فُل
18:110:13	كون	أجوف	-	V	فَان
18:110:15	لقي	ناقص	-	N	فِعَاء
18:110:16	ربب	مضاعف	-	N	فَعِّهِ
18:110:23	ربب	مضاعف	-	N	فَعِّهِ
18:11:6	سنو	ناقص	-	N	فِعِين
18:11:7	عدد	مضاعف	-	ADJ	فَعَلًا
18:13:10	زيد	أجوف	-	V	فِدْنَاهُمْ
18:13:2	قصص	مضاعف	-	V	نَفُعّ
18:13:5	حقق	مضاعف	-	N	فَعّ
18:13:9	ربب	مضاعف	-	N	فَعِّهِمْ
18:14:17	قول	أجوف	-	V	فُلْنَا
18:14:19	شطط	مضاعف	-	N	فَعَلًا
18:14:5	قوم	أجوف	-	V	فَامُعا
18:14:6	قول	أجوف	-	V	فَالُعا
18:14:7	ربب	مضاعف	-	N	فَعُّنَا
18:14:8	ربب	مضاعف	-	N	فَعّ
18:15:8	اتي	ناقص	0	V	يَفْعُونَ
18:16:12	ربب	مضاعف	-	N	فَعُّكُمْ
18:16:15	هيا	أجوف	2	V	يُفَعِّئ
18:16:7	اوي	لفيف	0	V	فْعُوا
18:17:1	راي	ناقص	1	V	تَفَى
18:17:21	ايي	لفيف	0	N	فعَات
18:17:24	هدي	ناقص	-	V	يَفْع
18:17:27	هدي	ناقص	-	N	مُفْتَع
18:17:29	ضلل	مضاعف	-	V	يُفْعِل
18:17:31	وجد	مثال	-	V	تَجِد
18:18:19	فرر	مضاعف	-	N	فِعَالًا
18:18:20	ملا	صحيح سالم	2	V	فُعِئْتَ
18:19:10	قول	أجوف	-	V	فَالُعا
18:19:16	قول	أجوف	-	V	فَالُعا
18:19:17	ربب	مضاعف	-	N	فَعُّكُمْ
18:19:29	زكو	ناقص	-	N	أَفْعَى
18:19:31	اتي	ناقص	0	V	يَفْعِكُمْ
18:19:5	قول	أجوف	-	V	فَال
18:19:6	قول	أجوف	-	N	فَائِل
18:1:2	اله	صحيح سالم	0	PN	لَّه
18:20:7	عود	أجوف	-	V	يُفِيدُعكُمْ
18:20:9	ملل	مضاعف	-	N	فِعَّتِهِمْ
18:21:10	سوع	أجوف	-	N	فَاعَة
18:21:18	قول	أجوف	-	V	فَالُعا
18:21:19	بني	ناقص	-	V	افْعُوا
18:21:22	ربب	مضاعف	-	N	فَعُّهُمْ
18:21:25	قول	أجوف	-	V	فَال
18:21:30	اخذ	صحيح سالم	0	V	نَتَّخِذَنَّ
18:21:8	حقق	مضاعف	-	N	فَعّ
18:22:15	قول	أجوف	-	V	فُل
18:22:16	ربب	مضاعف	-	N	فَعِّي
18:22:18	عدد	مضاعف	-	N	فِعَّتِهِمْ
18:22:22	قلل	مضاعف	-	N	فَعِيل
18:22:24	مري	ناقص	-	V	تُفَاع
18:22:27	مري	ناقص	-	N	فِعَاء
18:22:30	فتي	ناقص	-	V	تَسْتَفْع
18:23:3	شيا	أجوف	2	N	فَعْء
18:23:7	غدو	ناقص	-	N	فَعًا
18:24:13	ربب	مضاعف	-	N	فَعِّي
18:24:3	شيا	أجوف	2	V	يَفَاء
18:24:6	ربب	مضاعف	-	N	فَعَّكَ
18:24:9	قول	أجوف	-	V	فُل
18:25:5	ماي	ناقص	1	N	فِعئَة
18:25:6	سنو	ناقص	-	N	فِعِين
18:25:7	زيد	أجوف	-	V	افْدَادُوا
18:26:1	قول	أجوف	-	V	فُل
18:27:1	تلو	ناقص	-	V	افْع
18:27:12	وجد	مثال	-	V	تَجِد
18:27:7	ربب	مضاعف	-	N	فَعِّكَ
18:28:12	عدو	ناقص	-	V	تَفْع
18:28:15	رود	أجوف	-	V	تُفِيد
18:28:17	حيي	لفيف	-	N	فَعَاة
18:28:18	دنو	ناقص	-	ADJ	فُعْيَا
18:28:20	طوع	أجوف	-	V	تُفِع
18:28:27	هوي	لفيف	-	N	فَعَاهُ
18:28:28	كون	أجوف	-	V	فَان
18:28:6	ربب	مضاعف	-	N	فَعَّهُمْ
18:28:7	غدو	ناقص	-	N	فَعَاة
18:28:8	عشو	ناقص	-	N	فَعِيّ
18:28:9	رود	أجوف	-	V	يُفِيدُعنَ
18:29:1	قول	أجوف	-	V	فُل
18:29:14	نور	أجوف	-	N	فَارًا
18:29:15	حوط	أجوف	-	V	أَفَاط
18:29:19	غوث	أجوف	-	V	يَسْتَفِيثُعا
18:29:2	حقق	مضاعف	-	N	فَعّ
18:29:20	غوث	أجوف	-	V	يُفَاثُعا
18:29:21	موه	أجوف	-	N	فَاء
18:29:25	باس	صحيح سالم	1	V	فِئْس
18:29:27	سوا	أجوف	2	V	فَاءَت
18:29:4	ربب	مضاعف	-	N	فَعِّكُمْ
18:29:6	شيا	أجوف	2	V	فَاء
18:29:7	امن	صحيح سالم	0	V	يُؤْمِن
18:29:9	شيا	أجوف	2	V	فَاء
18:2:1	قوم	أجوف	-	ADJ	فَيِّمًا
18:2:4	شدد	مضاعف	-	ADJ	فَعِيلًا
18:2:8	امن	صحيح سالم	0	N	مُؤْمِنِين
18:31:16	ثوب	أجوف	-	N	فِيَابًا
18:31:21	وكا	مثال	2	N	مُتَّكِئِين
18:31:3	جنن	مضاعف	-	N	فَعَّات
18:31:9	حلي	ناقص	-	V	يُفَعَّوْنَ
18:32:10	حفف	مضاعف	-	V	فَعَلْنَاهُمَا
18:32:7	جنن	مضاعف	-	N	فَعَّتَيْل
18:33:1	كلو	ناقص	-	N	فِعْتَا
18:33:10	خلل	مضاعف	-	N	فِعَالَهُمَا
18:33:2	جنن	مضاعف	-	N	فَعَّتَيْل
18:33:3	اتي	ناقص	0	V	فعَت
18:34:1	كون	أجوف	-	V	فَان
18:34:11	مول	أجوف	-	N	فَالًا
18:34:12	عزز	مضاعف	-	N	أَفَعّ
18:34:4	قول	أجوف	-	V	فَال
18:35:2	جنن	مضاعف	-	N	فَعَّتَهُ
18:35:6	قول	أجوف	-	V	فَال
18:35:8	ظنن	مضاعف	-	V	أَفُعّ
18:36:2	ظنن	مضاعف	-	V	أَفُعّ
18:36:3	سوع	أجوف	-	N	فَاعَة
18:36:4	قوم	أجوف	-	N	فَائِمَة
18:36:6	ردد	مضاعف	-	V	فُعِلْتُ
18:36:8	ربب	مضاعف	-	N	فَعِّي
18:36:9	وجد	مثال	-	V	أَجِدَنَّ
18:37:1	قول	أجوف	-	V	فَال
18:37:15	سوي	لفيف	-	V	فَعَّاكَ
18:38:4	ربب	مضاعف	-	N	فَعِّي
18:38:7	ربب	مضاعف	-	N	فَعِّي
18:39:10	قوي	لفيف	-	N	فُعَّة
18:39:14	راي	ناقص	1	V	تَفَنِ
18:39:16	قلل	مضاعف	-	N	أَفَعّ
18:39:18	مول	أجوف	-	N	فَالًا
18:39:4	جنن	مضاعف	-	N	فَعَّتَكَ
18:39:5	قول	أجوف	-	V	فُلْتَ
18:39:7	شيا	أجوف	2	V	فَاء
18:40:12	سمو	ناقص	-	N	فَعَاء
18:40:2	ربب	مضاعف	-	N	فَعِّي
18:40:4	اتي	ناقص	0	V	يُؤْتِيَنِ
18:40:7	جنن	مضاعف	-	N	فَعَّتِكَ
18:41:3	موه	أجوف	-	N	فَاؤُهَا
18:41:6	طوع	أجوف	-	V	تَسْتَفِيع
18:42:1	حوط	أجوف	-	V	أُفِيط
18:42:18	ربب	مضاعف	-	N	فَعِّي
18:42:5	كفف	مضاعف	-	N	فَعَّيْهِ
18:43:10	كون	أجوف	-	V	فَان
18:43:2	كون	أجوف	-	V	تَفُن
18:43:4	فاي	ناقص	1	N	فِئَة
18:44:3	اله	صحيح سالم	0	PN	لَّه
18:44:4	حقق	مضاعف	-	N	فَعّ
18:45:17	روح	أجوف	-	N	فِيَاح
18:45:18	كون	أجوف	-	V	فَان
18:45:21	كلل	مضاعف	-	N	فُعّ
18:45:22	شيا	أجوف	2	N	فَعْء
18:45:4	حيي	لفيف	-	N	فَعَاة
18:45:5	دنو	ناقص	-	ADJ	فُعْيَا
18:45:6	موه	أجوف	-	N	فَاء
18:45:9	سمو	ناقص	-	N	فَعَاء
18:46:1	مول	أجوف	-	N	فَال
18:46:10	ربب	مضاعف	-	N	فَعِّكَ
18:46:2	بني	ناقص	-	N	فَعُون
18:46:4	حيي	لفيف	-	N	فَعَاة
18:46:5	دنو	ناقص	-	ADJ	فُعْيَا
18:47:4	راي	ناقص	1	V	تَفَى
18:48:10	مرر	مضاعف	-	N	فَعَّة
18:48:3	ربب	مضاعف	-	N	فَعِّكَ
18:48:4	صفف	مضاعف	-	N	فَعًّا
18:48:6	جيا	أجوف	2	V	فِئْتُمُونَا
18:49:19	حصي	ناقص	-	V	أَفْعَاهَا
18:49:26	ربب	مضاعف	-	N	فَعُّكَ
18:49:3	راي	ناقص	1	V	تَفَى
18:4:3	قول	أجوف	-	V	فَالُعا
18:50:11	جنن	مضاعف	-	N	فِعّ
18:50:15	ربب	مضاعف	-	N	فَعِّهِ
18:50:17	ذرر	مضاعف	-	N	فُعِّيَّتَهُ
18:50:2	قول	أجوف	-	V	فُلْنَا
18:50:24	باس	صحيح سالم	1	V	فِئْس
18:50:9	كون	أجوف	-	V	فَان
18:51:10	كون	أجوف	-	V	فُنْتُ
18:51:11	اخذ	صحيح سالم	0	N	مُتَّخِذ
18:51:12	ضلل	مضاعف	-	N	مُفِعِّين
18:52:9	جوب	أجوف	-	V	يَسْتَفِيبُعا
18:53:3	نور	أجوف	-	N	فَار
18:53:4	ظنن	مضاعف	-	V	فَعُّوا
18:53:8	وجد	مثال	-	V	يَجِدُفا
18:54:10	كون	أجوف	-	V	فَان
18:54:13	شيا	أجوف	2	N	فَعْء
18:54:6	نوس	أجوف	-	N	فَّاس
18:54:8	كلل	مضاعف	-	N	فُعّ
18:55:10	ربب	مضاعف	-	N	فَعَّهُمْ
18:55:14	سنن	مضاعف	-	N	فُعَّة
18:55:3	نوس	أجوف	-	N	فَاس
18:55:5	امن	صحيح سالم	0	V	يُؤْمِنُوف
18:55:7	جيا	أجوف	2	V	فَاءَهُمُ
18:56:13	حقق	مضاعف	-	N	فَعّ
18:56:15	ايي	لفيف	0	N	فعَاتِل
18:57:12	يدي	لفيف	-	N	فَعَاهُ
18:57:17	كنن	مضاعف	-	N	أَفِعَّة
18:57:24	دعو	ناقص	-	V	تَفْعُهُمْ
18:57:28	هدي	ناقص	-	V	يَفْتَعُوا
18:57:5	ايي	لفيف	0	N	فعَات
18:57:6	ربب	مضاعف	-	N	فَعِّهِ
18:58:1	ربب	مضاعف	-	N	فَعُّكَ
18:58:16	وجد	مثال	-	V	يَجِدُفا
18:58:19	وال	مثال	1	N	مَفْئِلًع
18:5:7	ابو	ناقص	0	N	فعَائِهِمْ
18:60:2	قول	أجوف	-	V	فَال
18:60:4	فتي	ناقص	-	N	فَعَاهُ
18:62:3	قول	أجوف	-	V	فَال
18:62:4	فتي	ناقص	-	N	فَعَاهُ
18:62:5	اتي	ناقص	0	V	فعِنَا
18:62:6	غدو	ناقص	-	N	فَعَاءَنَا
18:63:1	قول	أجوف	-	V	فَال
18:64:1	قول	أجوف	-	V	فَال
18:64:4	كون	أجوف	-	V	فُنَّا
18:64:5	بغي	ناقص	-	V	نَفْع
18:64:6	ردد	مضاعف	-	V	افْتَعَّا
18:64:9	قصص	مضاعف	-	N	فَعَلًا
18:66:1	قول	أجوف	-	V	فَال
18:67:1	قول	أجوف	-	V	فَال
18:67:4	طوع	أجوف	-	V	تَسْتَفِيع
18:68:6	حوط	أجوف	-	V	تُفِط
18:69:1	قول	أجوف	-	V	فَال
18:69:2	وجد	مثال	-	V	تَجِدُنِي
18:69:4	شيا	أجوف	2	V	فَاء
18:6:8	امن	صحيح سالم	0	V	يُؤْمِنُوف
18:70:1	قول	أجوف	-	V	فَال
18:70:7	شيا	أجوف	2	N	فَعْء
18:71:13	جيا	أجوف	2	V	فِئْتَ
18:71:8	قول	أجوف	-	V	فَال
18:72:1	قول	أجوف	-	V	فَال
18:72:3	قول	أجوف	-	V	أَفُل
18:72:6	طوع	أجوف	-	V	تَسْتَفِيع
18:73:1	قول	أجوف	-	V	فَال
18:74:10	زكو	ناقص	-	N	فَعِيَّة
18:74:14	جيا	أجوف	2	V	فِئْتَ
18:74:7	قول	أجوف	-	V	فَال
18:75:1	قول	أجوف	-	V	فَال
18:75:3	قول	أجوف	-	V	أَفُل
18:75:7	طوع	أجوف	-	V	تَسْتَفِيع
18:76:1	قول	أجوف	-	V	فَال
18:76:5	شيا	أجوف	2	N	فَعْء
18:77:15	رود	أجوف	-	V	يُفِيد
18:77:17	قضض	مضاعف	-	V	يَنْفَعّ
18:77:18	قوم	أجوف	-	V	أَفَامَهُ
18:77:19	قول	أجوف	-	V	فَال
18:77:21	شيا	أجوف	2	V	فِئْتَ
18:77:9	ابي	ناقص	0	V	فَعَوْا
18:78:1	قول	أجوف	-	V	فَال
18:78:10	طوع	أجوف	-	V	تَسْتَفِع
18:78:6	نبا	صحيح سالم	2	V	أُفَعِّئُكَ
18:79:11	كون	أجوف	-	V	فَان
18:79:12	وري	لفيف	-	LOC	فَعَاءَهُمْ
18:79:15	كلل	مضاعف	-	N	فُعّ
18:79:3	كون	أجوف	-	V	فَانَت
18:79:8	رود	أجوف	-	V	أَفَدْتُ
18:80:3	كون	أجوف	-	V	فَان
18:80:5	امن	صحيح سالم	0	N	مُؤْمِنَيْن
18:81:1	رود	أجوف	-	V	أَفَدْنَا
18:81:4	ربب	مضاعف	-	N	فَعُّهُمَا
18:81:7	زكو	ناقص	-	N	فَعَاة
18:82:12	كون	أجوف	-	V	فَان
18:82:15	رود	أجوف	-	V	أَفَاد
18:82:16	ربب	مضاعف	-	N	فَعُّكَ
18:82:19	شدد	مضاعف	-	N	أَفُعَّهُمَا
18:82:24	ربب	مضاعف	-	N	فَعِّكَ
18:82:3	كون	أجوف	-	V	فَان
18:82:33	طوع	أجوف	-	V	تَسْفِع
18:82:8	كون	أجوف	-	V	فَان
18:83:5	قول	أجوف	-	V	فُل
18:84:10	سبب	مضاعف	-	N	فَعَلًا
18:84:8	كلل	مضاعف	-	N	فُعّ
18:84:9	شيا	أجوف	2	N	فَعْء
18:85:2	سبب	مضاعف	-	N	فَعَلًا
18:86:10	حما	صحيح سالم	2	ADJ	فَعِئَة
18:86:14	قول	أجوف	-	V	فُلْنَا
18:86:22	اخذ	صحيح سالم	0	V	تَتَّخِذ
18:87:1	قول	أجوف	-	V	فَال
18:87:10	ربب	مضاعف	-	N	فَعِّهِ
18:87:8	ردد	مضاعف	-	V	يُفَعّ
18:88:7	جزي	ناقص	-	N	فَعَاء
18:89:3	سبب	مضاعف	-	N	فَعَلًا
18:91:3	حوط	أجوف	-	V	أَفَطْنَا
18:92:3	سبب	مضاعف	-	N	فَعَلًا
18:93:11	كود	أجوف	-	V	يَفَادُعنَ
18:93:5	سدد	مضاعف	-	N	فَعَّيْن
18:94:1	قول	أجوف	-	V	فَالُعا
18:94:19	سدد	مضاعف	-	N	فَعًّا
18:95:1	قول	أجوف	-	V	فَال
18:95:5	ربب	مضاعف	-	N	فَعِّي
18:95:8	قوي	لفيف	-	N	فُعَّة
18:96:14	نور	أجوف	-	N	فَارًا
18:96:15	قول	أجوف	-	V	فَال
18:96:3	حدد	مضاعف	-	N	فَعِيل
18:96:9	قول	أجوف	-	V	فَال
18:97:2	طوع	أجوف	-	V	اسْفَاعُعا
18:97:6	طوع	أجوف	-	V	اسْتَفَاعُعا
18:98:1	قول	أجوف	-	V	فَال
18:98:11	دكك	مضاعف	-	N	فَعَّاء
18:98:12	كون	أجوف	-	V	فَان
18:98:14	ربب	مضاعف	-	N	فَعِّي
18:98:15	حقق	مضاعف	-	N	فَعًّا
18:98:5	ربب	مضاعف	-	N	فَعِّي
18:98:7	جيا	أجوف	2	V	فَاء
18:98:9	ربب	مضاعف	-	N	فَعِّي
18:9:7	كون	أجوف	-	V	فَانُعا
18:9:9	ايي	لفيف	0	N	فعَاتِنَا
19:10:1	قول	أجوف	-	V	فَال
19:10:10	نوس	أجوف	-	N	فَاس
19:10:2	ربب	مضاعف	-	N	فَعِّ
19:10:5	ايي	لفيف	0	N	فعَة
19:10:6	قول	أجوف	-	V	فَال
19:10:7	ايي	لفيف	0	N	فعَتُكَ
19:11:11	عشو	ناقص	-	T	فَعِيًّا
19:12:2	اخذ	صحيح سالم	0	V	خُذ
19:12:4	قوي	لفيف	-	N	فُعَّة
19:12:7	صبو	ناقص	-	N	فَعِيًّا
19:13:1	حنن	مضاعف	-	N	فَعَالًا
19:13:4	زكو	ناقص	-	N	فَعَاة
19:13:5	كون	أجوف	-	V	فَان
19:13:6	وقي	لفيف	-	N	تَقِيًّا
19:14:1	برر	مضاعف	-	N	فَعًّا
19:14:4	كون	أجوف	-	V	يَفُن
19:15:9	حيي	لفيف	-	N	فَعًّا
19:16:9	كون	أجوف	-	LOC	مَفَانًا
19:18:1	قول	أجوف	-	V	فَالَت
19:18:7	كون	أجوف	-	V	فُنْتَ
19:18:8	وقي	لفيف	-	N	تَقِيًّا
19:19:1	قول	أجوف	-	V	فَال
19:19:5	ربب	مضاعف	-	N	فَعِّكِ
19:19:6	وهب	مثال	-	V	أَهَب
19:19:9	زكو	ناقص	-	ADJ	فَعِيًّا
19:20:1	قول	أجوف	-	V	فَالَت
19:20:10	كون	أجوف	-	V	أَف
19:20:7	مسس	مضاعف	-	V	يَفْعَلْنِي
19:21:1	قول	أجوف	-	V	فَال
19:21:10	نوس	أجوف	-	N	فَّاس
19:21:13	كون	أجوف	-	V	فَان
19:21:3	قول	أجوف	-	V	فَال
19:21:4	ربب	مضاعف	-	N	فَعُّكِ
19:21:7	هون	أجوف	-	N	فَيِّن
19:21:9	ايي	لفيف	0	N	فعَة
19:22:4	كون	أجوف	-	LOC	مَفَانًا
19:22:5	قصو	ناقص	-	ADJ	فَعِيًّا
19:23:1	جيا	أجوف	2	V	أَفَاءَهَا
19:23:11	كون	أجوف	-	V	فُنْتُ
19:23:6	قول	أجوف	-	V	فَالَت
19:23:8	موت	أجوف	-	V	فِتُّ
19:24:1	ندو	ناقص	-	V	فَاعَاهَا
19:24:8	ربب	مضاعف	-	N	فَعُّكِ
19:25:1	هزز	مضاعف	-	V	فُعِّي
19:26:1	اكل	صحيح سالم	0	V	كُلِي
19:26:3	قرر	مضاعف	-	V	فَعِّي
19:26:6	راي	ناقص	1	V	تَفَيِنَّ
19:27:1	اتي	ناقص	0	V	فَعَت
19:27:5	قول	أجوف	-	V	فَالُعا
19:27:8	جيا	أجوف	2	V	فِئْتِ
19:28:1	اخو	ناقص	0	N	يَف أُعْت
19:28:10	امم	مضاعف	0	N	فُعُّكِ
19:28:4	كون	أجوف	-	V	فَان
19:28:7	سوا	أجوف	2	N	فَعْء
19:28:9	كون	أجوف	-	V	فَانَت
19:29:1	شور	أجوف	-	V	أَفَارَت
19:29:10	صبو	ناقص	-	N	فَعِيًّا
19:29:3	قول	أجوف	-	V	فَالُعا
19:29:7	كون	أجوف	-	V	فَان
19:2:3	ربب	مضاعف	-	N	فَعِّكَ
19:30:1	قول	أجوف	-	V	فَال
19:31:10	دوم	أجوف	-	V	فُمْتُ
19:31:11	حيي	لفيف	-	N	فَعًّا
19:31:5	كون	أجوف	-	V	فُنْتُ
19:31:7	صلو	ناقص	-	N	فَعَاة
19:31:8	زكو	ناقص	-	N	فَعَاة
19:32:1	برر	مضاعف	-	N	فَعًّا
19:32:6	شقو	ناقص	-	ADJ	فَعِيًّا
19:33:9	حيي	لفيف	-	N	فَعًّا
19:34:3	بني	ناقص	-	N	افْع
19:34:6	حقق	مضاعف	-	N	فَعّ
19:34:9	مري	ناقص	-	V	يَفْتَعُونَ
19:35:15	كون	أجوف	-	V	فُن
19:35:2	كون	أجوف	-	V	فَان
19:35:3	اله	صحيح سالم	0	PN	لَّه
19:35:5	اخذ	صحيح سالم	0	V	يَتَّخِذ
19:36:3	ربب	مضاعف	-	N	فَعِّي
19:36:4	ربب	مضاعف	-	N	فَعُّكُمْ
19:36:8	قوم	أجوف	-	N	مُسْتَفِيم
19:38:10	ضلل	مضاعف	-	N	فَعَال
19:38:5	اتي	ناقص	0	V	يَفْعُونَنَا
19:39:12	امن	صحيح سالم	0	V	يُؤْمِنُونَ
19:3:2	ندو	ناقص	-	V	فَاعَى
19:3:3	ربب	مضاعف	-	N	فَعَّهُ
19:3:4	ندو	ناقص	-	N	فِعَاء
19:40:3	ورث	مثال	-	V	نَرِث
19:41:6	كون	أجوف	-	V	فَان
19:42:2	قول	أجوف	-	V	فَال
19:42:3	ابو	ناقص	0	N	فَعِيهِ
19:42:4	ابو	ناقص	0	N	يَف أَعَتِ
19:43:1	ابو	ناقص	0	N	يَف أَعَتِ
19:43:11	هدي	ناقص	-	V	أَفْعِكَ
19:43:4	جيا	أجوف	2	V	فَاءَنِع
19:43:9	اتي	ناقص	0	V	يَفْعِكَ
19:44:1	ابو	ناقص	0	N	يَف أَعَتِ
19:44:7	كون	أجوف	-	V	فَان
19:45:1	ابو	ناقص	0	N	يَف أَعَتِ
19:45:3	خوف	أجوف	-	V	أَفَاف
19:45:5	مسس	مضاعف	-	V	يَفَعَّكَ
19:46:1	قول	أجوف	-	V	فَال
19:46:12	ملو	ناقص	-	N	فَعِيًّا
19:46:9	نهي	ناقص	-	V	تَفْتَع
19:47:1	قول	أجوف	-	V	فَال
19:47:10	حفو	ناقص	-	N	فَعِيًّا
19:47:6	ربب	مضاعف	-	N	فَعِّي
19:47:8	كون	أجوف	-	V	فَان
19:48:12	دعو	ناقص	-	N	فُعَاء
19:48:13	ربب	مضاعف	-	N	فَعِّي
19:48:14	شقو	ناقص	-	ADJ	فَعِيًّا
19:48:8	ربب	مضاعف	-	N	فَعِّي
19:49:12	كلل	مضاعف	-	N	فُعًّا
19:4:1	قول	أجوف	-	V	فَال
19:4:11	كون	أجوف	-	V	أَفُن
19:4:12	دعو	ناقص	-	N	فُعَائِكَ
19:4:13	ربب	مضاعف	-	N	فَعِّ
19:4:14	شقو	ناقص	-	N	فَعِيًّا
19:4:2	ربب	مضاعف	-	N	فَعِّ
19:50:9	علو	ناقص	-	ADJ	فَعِيًّا
19:51:6	كون	أجوف	-	V	فَان
19:51:8	كون	أجوف	-	V	فَان
19:52:1	ندو	ناقص	-	V	فَاعَيْنَاهُ
19:52:7	نجو	ناقص	-	N	فَعِيًّا
19:53:5	اخو	ناقص	0	N	فَعَاهُ
19:54:6	كون	أجوف	-	V	فَان
19:54:9	كون	أجوف	-	V	فَان
19:55:1	كون	أجوف	-	V	فَان
19:55:4	صلو	ناقص	-	N	فَعَاة
19:55:5	زكو	ناقص	-	N	فَعَاة
19:55:6	كون	أجوف	-	V	فَان
19:55:8	ربب	مضاعف	-	N	فَعِّهِ
19:55:9	رضو	ناقص	-	N	مَفْعِيًّا
19:56:6	كون	أجوف	-	V	فَان
19:57:2	كون	أجوف	-	N	مَفَانًا
19:57:3	علو	ناقص	-	ADJ	فَعِيًّا
19:58:16	ذرر	مضاعف	-	N	فُعِّيَّة
19:58:23	تلو	ناقص	-	V	فُتْعَى
19:58:25	ايي	لفيف	0	N	فعَات
19:58:27	خرر	مضاعف	-	V	فَعُّوا
19:58:7	نبا	صحيح سالم	2	N	فَعِيِّين
19:58:9	ذرر	مضاعف	-	N	فُعِّيَّة
19:59:10	لقي	ناقص	-	V	يَفْعَوْنَ
19:59:11	غوي	لفيف	-	N	فَيًّا
19:59:5	ضيع	أجوف	-	V	أَفَاعُوا
19:59:6	صلو	ناقص	-	N	فَعَاة
19:5:2	خوف	أجوف	-	V	فِفْتُ
19:5:6	كون	أجوف	-	V	فَانَت
19:5:9	وهب	مثال	-	V	هَب
19:60:3	توب	أجوف	-	V	فَاب
19:60:9	جنن	مضاعف	-	PN	فَعَّة
19:61:1	جنن	مضاعف	-	N	فَعَّات
19:61:9	كون	أجوف	-	V	فَان
19:62:11	عشو	ناقص	-	T	فَعِيًّا
19:63:2	جنن	مضاعف	-	PN	فَعَّة
19:63:8	كون	أجوف	-	V	فَان
19:63:9	وقي	لفيف	-	N	تَقِيًّا
19:64:16	كون	أجوف	-	V	فَان
19:64:17	ربب	مضاعف	-	N	فَعُّكَ
19:64:5	ربب	مضاعف	-	N	فَعِّكَ
19:65:1	ربب	مضاعف	-	N	فَعّ
19:65:12	سمو	ناقص	-	N	فَعِيًّا
19:66:5	موت	أجوف	-	V	فِتُّ
19:66:8	حيي	لفيف	-	N	فَعًّا
19:67:9	كون	أجوف	-	V	يَف
19:68:1	ربب	مضاعف	-	N	فَعِّكَ
19:68:8	جثو	ناقص	-	N	فِعِيًّا
19:69:10	عتو	ناقص	-	N	فِعِيًّا
19:69:4	كلل	مضاعف	-	N	فُعّ
19:69:7	شدد	مضاعف	-	N	أَفَعّ
19:6:1	ورث	مثال	-	V	يَرِثُنِي
19:6:2	ورث	مثال	-	V	يَرِث
19:6:4	اول	أجوف	0	N	فل
19:6:7	ربب	مضاعف	-	N	فَعِّ
19:6:8	رضو	ناقص	-	N	فَعِيًّا
19:71:5	كون	أجوف	-	V	فَان
19:71:7	ربب	مضاعف	-	N	فَعِّكَ
19:72:2	نجو	ناقص	-	V	فُنَعِّي
19:72:4	وقي	لفيف	-	V	اتَّقَفْا
19:72:5	وذر	مثال	-	V	نَذَر
19:72:8	جثو	ناقص	-	N	فِعِيًّا
19:73:14	قوم	أجوف	-	N	مَفَامًا
19:73:16	ندو	ناقص	-	N	فَعِيًّا
19:73:2	تلو	ناقص	-	V	فُتْعَى
19:73:4	ايي	لفيف	0	N	فعَاتُنَا
19:73:6	قول	أجوف	-	V	فَال
19:74:8	اثث	مضاعف	0	N	فَعَالًا
19:74:9	راي	ناقص	1	N	فِئْيًع
19:75:1	قول	أجوف	-	V	فُل
19:75:12	راي	ناقص	1	V	فَعَوْا
19:75:18	سوع	أجوف	-	N	فَاعَة
19:75:22	شرر	مضاعف	-	N	فَعّ
19:75:23	كون	أجوف	-	N	مَفَانًا
19:75:3	كون	أجوف	-	V	فَان
19:75:5	ضلل	مضاعف	-	N	فَعَالَة
19:75:6	مدد	مضاعف	-	V	يَفْعُل
19:75:9	مدد	مضاعف	-	N	فَعًّا
19:76:10	ربب	مضاعف	-	N	فَعِّكَ
19:76:13	ردد	مضاعف	-	N	مَفَعًّا
19:76:4	هدي	ناقص	-	V	افْتَعَوْا
19:77:4	ايي	لفيف	0	N	فعَاتِنَا
19:77:5	قول	أجوف	-	V	فَال
19:77:7	مول	أجوف	-	N	فَالًا
19:79:5	مدد	مضاعف	-	V	نَفُعّ
19:79:9	مدد	مضاعف	-	N	فَعًّا
19:7:12	سمو	ناقص	-	N	فَعِيًّا
19:7:5	سمو	ناقص	-	N	افْعُهُ
19:80:1	ورث	مثال	-	V	نَرِثُهُ
19:81:8	عزز	مضاعف	-	N	فِعًّا
19:82:6	ضدد	مضاعف	-	N	فِعًّا
19:83:2	راي	ناقص	1	V	تَف
19:83:8	ازز	مضاعف	0	V	تَؤُزُّهُمْ
19:83:9	ازز	مضاعف	0	N	فَعًّا
19:84:5	عدد	مضاعف	-	V	نَفُعّ
19:84:7	عدد	مضاعف	-	N	فَعًّا
19:85:3	وقي	لفيف	-	N	مُتَّقِين
19:88:1	قول	أجوف	-	V	فَالُعا
19:89:2	جيا	أجوف	2	V	فِئْتُمْ
19:89:4	ادد	مضاعف	0	ADJ	فِعًّا
19:8:1	قول	أجوف	-	V	فَال
19:8:14	عتو	ناقص	-	N	فِعِيًّا
19:8:2	ربب	مضاعف	-	N	فَعِّ
19:8:7	كون	أجوف	-	V	فَانَت
19:90:1	كود	أجوف	-	V	تَفَاد
19:90:5	شقق	مضاعف	-	V	تَنْفَعّ
19:90:7	خرر	مضاعف	-	V	تَفِعّ
19:90:9	هدد	مضاعف	-	N	فَعًّا
19:92:5	اخذ	صحيح سالم	0	V	يَتَّخِذ
19:93:2	كلل	مضاعف	-	N	فُعّ
19:94:2	حصي	ناقص	-	V	أَفْعَاهُمْ
19:94:3	عدد	مضاعف	-	V	فَعَّهُمْ
19:94:4	عدد	مضاعف	-	N	فَعًّا
19:95:1	كلل	مضاعف	-	N	فُعُّهُمْ
19:95:4	قوم	أجوف	-	N	فِيَامَة
19:96:9	ودد	مضاعف	-	N	فُعًّا
19:97:10	لدد	مضاعف	-	ADJ	فُعًّا
19:97:6	وقي	لفيف	-	N	مُتَّقِين
19:98:7	حسس	مضاعف	-	V	تُفِعّ
19:9:1	قول	أجوف	-	V	فَال
19:9:13	كون	أجوف	-	V	تَف
19:9:3	قول	أجوف	-	V	فَال
19:9:4	ربب	مضاعف	-	N	فَعُّكَ
19:9:7	هون	أجوف	-	N	فَيِّن
1:1:1	سمو	ناقص	-	N	فْع
1:2:2	اله	صحيح سالم	0	PN	لَّه
1:2:3	ربب	مضاعف	-	N	فَعّ
1:5:4	عون	أجوف	-	V	نَسْتَفِين
1:6:1	هدي	ناقص	-	V	افْعِنَا
1:6:3	قوم	أجوف	-	ADJ	مُسْتَفِيم
1:7:9	ضلل	مضاعف	-	N	فَاعِّين
20:100:7	قوم	أجوف	-	N	فِيَامَة
20:101:3	سوا	أجوف	2	V	فَاء
20:101:6	قوم	أجوف	-	N	فِيَامَة
20:105:4	قول	أجوف	-	V	فُل
20:105:6	ربب	مضاعف	-	N	فَعِّي
20:106:1	وذر	مثال	-	V	يَذَرُهَا
20:106:2	قوع	أجوف	-	N	فَاعًا
20:107:2	راي	ناقص	1	V	تَفَى
20:108:3	دعو	ناقص	-	N	فَاعِي
20:109:10	رضو	ناقص	-	V	فَعِي
20:10:15	وجد	مثال	-	V	أَجِد
20:10:17	نور	أجوف	-	N	فَار
20:10:3	نور	أجوف	-	N	فَارًا
20:10:4	قول	أجوف	-	V	فَال
20:10:9	نور	أجوف	-	N	فَارًا
20:110:8	حوط	أجوف	-	V	يُفِيطُعنَ
20:111:1	عنو	ناقص	-	V	فَعَت
20:111:3	حيي	لفيف	-	N	فَعّ
20:111:6	خيب	أجوف	-	V	فَاب
20:112:6	امن	صحيح سالم	0	N	مُؤْمِن
20:112:8	خوف	أجوف	-	V	يَفَاف
20:113:10	وقي	لفيف	-	V	يَتَّقُفنَ
20:114:1	علو	ناقص	-	V	تَفَاعَى
20:114:14	قول	أجوف	-	V	فُل
20:114:15	ربب	مضاعف	-	N	فَعِّ
20:114:16	زيد	أجوف	-	V	فِدْنِع
20:114:4	حقق	مضاعف	-	N	فَعّ
20:115:9	وجد	مثال	-	V	نَجِد
20:116:2	قول	أجوف	-	V	فُلْنَا
20:117:1	قول	أجوف	-	V	فُلْنَا
20:117:11	جنن	مضاعف	-	PN	فَعَّة
20:117:12	شقو	ناقص	-	V	تَفْعَى
20:119:6	ضحو	ناقص	-	V	تَفْعَى
20:11:2	اتي	ناقص	0	V	فَعَاهَا
20:11:3	ندو	ناقص	-	V	فُوعِي
20:120:13	بلو	ناقص	-	V	يَفْعَى
20:120:4	قول	أجوف	-	V	فَال
20:120:7	دلل	مضاعف	-	V	أَفُعُّكَ
20:121:11	جنن	مضاعف	-	PN	فَعَّة
20:121:14	ربب	مضاعف	-	N	فَعَّهُ
20:121:3	بدو	ناقص	-	V	فَعَت
20:122:2	جبي	ناقص	-	V	افْتَعَاهُ
20:122:3	ربب	مضاعف	-	N	فَعُّهُ
20:122:4	توب	أجوف	-	V	فَاب
20:123:1	قول	أجوف	-	V	فَال
20:123:16	ضلل	مضاعف	-	V	يَفِعّ
20:123:18	شقو	ناقص	-	V	يَفْعَى
20:124:11	قوم	أجوف	-	N	فِيَامَة
20:125:1	قول	أجوف	-	V	فَال
20:125:2	ربب	مضاعف	-	N	فَعِّ
20:125:7	كون	أجوف	-	V	فُنْتُ
20:126:1	قول	أجوف	-	V	فَال
20:126:3	اتي	ناقص	0	V	فَعَتْكَ
20:126:4	ايي	لفيف	0	N	فعَاتُنَا
20:127:11	شدد	مضاعف	-	N	أَفَعّ
20:127:6	امن	صحيح سالم	0	V	يُؤْمِن
20:127:7	ايي	لفيف	0	N	فعَات
20:127:8	ربب	مضاعف	-	N	فَعِّهِ
20:128:15	ايي	لفيف	0	N	فعَات
20:128:2	هدي	ناقص	-	V	يَفْع
20:128:9	مشي	ناقص	-	V	يَفْعُونَ
20:129:5	ربب	مضاعف	-	N	فَعِّكَ
20:129:6	كون	أجوف	-	V	فَان
20:129:9	سمو	ناقص	-	ADJ	مُفَعًّى
20:12:3	ربب	مضاعف	-	N	فَعُّكَ
20:12:7	ودي	لفيف	-	N	فَاع
20:130:14	اني	ناقص	0	N	فعَاء
20:130:20	رضو	ناقص	-	V	تَفْعَى
20:130:7	ربب	مضاعف	-	N	فَعِّكَ
20:131:11	حيي	لفيف	-	N	فَعَاة
20:131:12	دنو	ناقص	-	ADJ	فُعْيَا
20:131:16	ربب	مضاعف	-	N	فَعِّكَ
20:131:2	مدد	مضاعف	-	V	تَفُعَّنَّ
20:132:12	وقي	لفيف	-	N	تَّقْفَى
20:132:3	صلو	ناقص	-	N	فَعَاة
20:133:1	قول	أجوف	-	V	فَالُعا
20:133:4	ايي	لفيف	0	N	فعَة
20:133:6	ربب	مضاعف	-	N	فَعِّهِ
20:133:8	اتي	ناقص	0	V	تَفْعِهِمْ
20:134:14	ايي	لفيف	0	N	فعَاتِكَ
20:134:18	ذلل	مضاعف	-	V	نَفِعّ
20:134:7	قول	أجوف	-	V	فَالُعا
20:134:8	ربب	مضاعف	-	N	فَعَّنَا
20:135:1	قول	أجوف	-	V	فُل
20:135:2	كلل	مضاعف	-	N	فُعّ
20:13:2	خير	أجوف	-	V	افْتَرْتُكَ
20:14:10	صلو	ناقص	-	N	فَعَاة
20:14:9	قوم	أجوف	-	V	أَفِم
20:15:2	سوع	أجوف	-	N	فَاعَة
20:15:4	كود	أجوف	-	V	أَفَاد
20:15:7	كلل	مضاعف	-	N	فُعّ
20:16:2	صدد	مضاعف	-	V	يَفُعَّنَّكَ
20:16:6	امن	صحيح سالم	0	V	يُؤْمِن
20:16:9	هوي	لفيف	-	N	فَعَاهُ
20:18:1	قول	أجوف	-	V	فَال
20:18:3	عصو	ناقص	-	N	فَعَايَ
20:18:6	هشش	مضاعف	-	V	أَفُعّ
20:19:1	قول	أجوف	-	V	فَال
20:19:2	لقي	ناقص	-	V	أَفْعِهَا
20:20:1	لقي	ناقص	-	V	أَفْعَاهَا
20:20:4	حيي	لفيف	-	N	فَعَّة
20:21:1	قول	أجوف	-	V	فَال
20:21:2	اخذ	صحيح سالم	0	V	خُذْهَف
20:21:4	خوف	أجوف	-	V	تَفَف
20:21:5	عود	أجوف	-	V	نُفِيدُهَا
20:22:1	ضمم	مضاعف	-	V	افْعُل
20:22:10	ايي	لفيف	0	N	فعَة
20:22:2	يدي	لفيف	-	N	فَعَكَ
20:22:9	سوا	أجوف	2	N	فُعء
20:23:1	راي	ناقص	1	V	نُفِيَكَ
20:23:3	ايي	لفيف	0	N	فعَاتِنَا
20:25:1	قول	أجوف	-	V	فَال
20:25:2	ربب	مضاعف	-	N	فَعِّ
20:27:1	حلل	مضاعف	-	V	افْعُل
20:2:5	شقو	ناقص	-	V	تَفْعَى
20:30:2	اخو	ناقص	0	N	فَعِي
20:31:1	شدد	مضاعف	-	V	افْعُل
20:35:2	كون	أجوف	-	V	فُنْتَ
20:36:1	قول	أجوف	-	V	فَال
20:36:4	سال	صحيح سالم	1	N	فُؤْلَكَ
20:37:2	منن	مضاعف	-	V	فَعَلَّا
20:37:4	مرر	مضاعف	-	N	فَعَّة
20:38:4	امم	مضاعف	0	N	فُعِّكَ
20:39:18	حبب	مضاعف	-	N	مَفَعَّة
20:39:7	يمم	مضاعف	-	N	فَعّ
20:39:8	لقي	ناقص	-	V	يُفْعِهِ
20:39:9	يمم	مضاعف	-	N	فَعّ
20:40:12	امم	مضاعف	0	N	فُعِّكَ
20:40:14	قرر	مضاعف	-	V	تَفَعّ
20:40:20	نجو	ناقص	-	V	فَعَّيْنَاكَ
20:40:22	غمم	مضاعف	-	N	فَعّ
20:40:26	سنو	ناقص	-	T	فِعِين
20:40:3	اخو	ناقص	0	N	فُعْتُكَ
20:40:31	جيا	أجوف	2	V	فِئْتَ
20:40:6	دلل	مضاعف	-	V	أَفُعُّكُمْ
20:42:4	ايي	لفيف	0	N	فعَاتِل
20:42:6	وني	لفيف	-	V	تَنِيَا
20:45:1	قول	أجوف	-	V	فَالَا
20:45:2	ربب	مضاعف	-	N	فَعَّنَا
20:45:4	خوف	أجوف	-	V	نَفَاف
20:46:1	قول	أجوف	-	V	فَال
20:46:3	خوف	أجوف	-	V	تَفَافَا
20:46:7	راي	ناقص	1	V	أَفَى
20:47:13	جيا	أجوف	2	V	فِئْنَاكَ
20:47:14	ايي	لفيف	0	N	فعَة
20:47:16	ربب	مضاعف	-	N	فَعِّكَ
20:47:5	ربب	مضاعف	-	N	فَعِّكَ
20:49:1	قول	أجوف	-	V	فَال
20:49:3	ربب	مضاعف	-	N	فَعُّكُمَا
20:4:6	علو	ناقص	-	ADJ	فُعَى
20:50:1	قول	أجوف	-	V	فَال
20:50:2	ربب	مضاعف	-	N	فَعُّنَا
20:50:4	عطو	ناقص	-	V	أَفْعَى
20:50:5	كلل	مضاعف	-	N	فُعّ
20:50:6	شيا	أجوف	2	N	فَعْء
20:51:1	قول	أجوف	-	V	فَال
20:51:3	بول	أجوف	-	N	فَال
20:52:1	قول	أجوف	-	V	فَال
20:52:4	ربب	مضاعف	-	N	فَعِّي
20:52:8	ضلل	مضاعف	-	V	يَفِعّ
20:52:9	ربب	مضاعف	-	N	فَعِّي
20:53:12	سمو	ناقص	-	N	فَعَاء
20:53:13	موه	أجوف	-	N	فَاء
20:53:19	شتت	مضاعف	-	ADJ	فَعَّى
20:54:1	اكل	صحيح سالم	0	V	كُلُوف
20:54:2	رعي	ناقص	-	V	افْعَوْا
20:54:7	ايي	لفيف	0	N	فعَات
20:55:4	عود	أجوف	-	V	نُفِيدُكُمْ
20:55:7	تور	أجوف	-	N	فَارَة
20:56:2	راي	ناقص	1	V	أَفَيْنَعهُ
20:56:3	ايي	لفيف	0	N	فعَاتِنَا
20:56:4	كلل	مضاعف	-	N	فُعَّهَا
20:57:1	قول	أجوف	-	V	فَال
20:57:2	جيا	أجوف	2	V	أَفِئْتَنَا
20:58:13	كون	أجوف	-	N	مَفَانًا
20:59:1	قول	أجوف	-	V	فَال
20:59:7	نوس	أجوف	-	N	فَاس
20:59:8	ضحو	ناقص	-	T	فُعًى
20:61:1	قول	أجوف	-	V	فَال
20:61:13	خيب	أجوف	-	V	فَاب
20:61:6	فري	ناقص	-	V	تَفْتَعُوا
20:62:4	سرر	مضاعف	-	V	أَفَعُّوا
20:63:1	قول	أجوف	-	V	فَالُعا
20:63:5	رود	أجوف	-	V	يُفِيدَانِ
20:64:10	علو	ناقص	-	V	اسْتَفْعَى
20:64:4	اتي	ناقص	0	V	فئْعُوا
20:64:5	صفف	مضاعف	-	N	فَعًّا
20:65:1	قول	أجوف	-	V	فَالُعا
20:66:1	قول	أجوف	-	V	فَال
20:66:3	لقي	ناقص	-	V	أَفْعُوا
20:66:6	عصو	ناقص	-	N	فِعِيُّهُمْ
20:67:4	خوف	أجوف	-	N	فِيفَة
20:68:1	قول	أجوف	-	V	فُلْنَا
20:68:3	خوف	أجوف	-	V	تَفَف
20:68:6	علو	ناقص	-	N	أَفْعَى
20:69:1	لقي	ناقص	-	V	أَفْع
20:70:4	قول	أجوف	-	V	فَالُعا
20:70:6	ربب	مضاعف	-	N	فَعّ
20:71:1	قول	أجوف	-	V	فَال
20:71:24	شدد	مضاعف	-	N	أَفَعّ
20:72:1	قول	أجوف	-	V	فَالُعا
20:72:11	قضي	ناقص	-	V	افْع
20:72:14	قضي	ناقص	-	N	فَاع
20:72:18	حيي	لفيف	-	N	فَعَاة
20:72:19	دنو	ناقص	-	ADJ	فُعْيَا
20:72:3	اثر	صحيح سالم	0	V	نُؤْثِرَكَ
20:72:6	جيا	أجوف	2	V	فَاءَنَا
20:73:3	ربب	مضاعف	-	N	فَعِّنَا
20:74:13	حيي	لفيف	-	V	يَفْعَل
20:74:3	اتي	ناقص	0	V	يَفْع
20:74:4	ربب	مضاعف	-	N	فَعَّهُ
20:75:10	علو	ناقص	-	ADJ	فُعَى
20:75:2	اتي	ناقص	0	V	يَفْعِهِ
20:75:3	امن	صحيح سالم	0	N	مُؤْمِنًف
20:76:1	جنن	مضاعف	-	N	فَعَّات
20:76:10	جزي	ناقص	-	N	فَعَاء
20:76:12	زكو	ناقص	-	V	تَفَعَّى
20:77:15	خوف	أجوف	-	V	تَفَاف
20:77:6	سري	ناقص	-	V	أَفْع
20:78:4	غشو	ناقص	-	V	فَعِيَهُمْ
20:78:6	يمم	مضاعف	-	N	فَعّ
20:78:8	غشو	ناقص	-	V	فَعِيَهُمْ
20:79:1	ضلل	مضاعف	-	V	أَفَعّ
20:7:6	سرر	مضاعف	-	N	فِعّ
20:80:13	منن	مضاعف	-	N	فَعّ
20:80:4	نجو	ناقص	-	V	أَفْعَيْنَاكُمْ
20:81:1	اكل	صحيح سالم	0	V	كُلُوف
20:81:13	حلل	مضاعف	-	V	يَفْعِل
20:81:7	طغي	ناقص	-	V	تَفْعَوْا
20:81:9	حلل	مضاعف	-	V	يَفِعّ
20:82:4	توب	أجوف	-	V	فَاب
20:84:1	قول	أجوف	-	V	فَال
20:84:8	ربب	مضاعف	-	N	فَعِّ
20:84:9	رضو	ناقص	-	V	تَفْعَى
20:85:1	قول	أجوف	-	V	فَال
20:85:8	ضلل	مضاعف	-	V	أَفَعَّهُمُ
20:86:10	وعد	مثال	-	V	يَعِدْكُمْ
20:86:11	ربب	مضاعف	-	N	فَعُّكُمْ
20:86:14	طول	أجوف	-	V	أَفَفَال
20:86:18	رود	أجوف	-	V	أَفَدْتُمْ
20:86:20	حلل	مضاعف	-	V	يَفِعّ
20:86:24	ربب	مضاعف	-	N	فَعِّكُمْ
20:86:7	قول	أجوف	-	V	فَال
20:87:1	قول	أجوف	-	V	فَالُعا
20:88:7	قول	أجوف	-	V	فَالُعا
20:89:10	ضرر	مضاعف	-	N	فَعًّا
20:89:2	راي	ناقص	1	V	يَفَوْنَ
20:8:7	سمو	ناقص	-	N	أَفْعَاء
20:90:12	ربب	مضاعف	-	N	فَعَّكُمُ
20:90:15	طوع	أجوف	-	V	أَفِيعُعا
20:90:2	قول	أجوف	-	V	فَال
20:91:1	قول	أجوف	-	V	فَالُعا
20:92:1	قول	أجوف	-	V	فَال
20:92:7	ضلل	مضاعف	-	V	فَعُّوا
20:94:1	قول	أجوف	-	V	فَال
20:94:2	بني	ناقص	-	N	يَا افْعَ أُمَّ
20:95:1	قول	أجوف	-	V	فَال
20:96:1	قول	أجوف	-	V	فَال
20:97:1	قول	أجوف	-	V	فَال
20:97:10	مسس	مضاعف	-	IMPN	فِعَال
20:97:20	ظلل	مضاعف	-	V	فَعْتَ
20:97:27	يمم	مضاعف	-	N	فَعّ
20:97:6	حيي	لفيف	-	N	فَعَاة
20:98:10	كلل	مضاعف	-	N	فُعّ
20:98:11	شيا	أجوف	2	N	فَعْء
20:99:2	قصص	مضاعف	-	V	نَفُعّ
20:9:2	اتي	ناقص	0	V	فَعَاكَ
21:102:3	حسس	مضاعف	-	N	فَعِيلَهَا
21:102:7	شهو	ناقص	-	V	افْتَعَت
21:103:10	كون	أجوف	-	V	فُنْتُمْ
21:103:5	لقي	ناقص	-	V	تَتَفَعَّاهُمُ
21:104:11	عود	أجوف	-	V	نُفِيدُهُ
21:104:15	كون	أجوف	-	V	فُنَّا
21:104:3	سمو	ناقص	-	N	فَعَاء
21:104:4	طوي	لفيف	-	N	فَيّ
21:105:10	ورث	مثال	-	V	يَرِثُهَا
21:108:1	قول	أجوف	-	V	فُل
21:109:2	ولي	لفيف	-	V	تَفَعَّوْا
21:109:3	قول	أجوف	-	V	فُل
21:109:6	سوي	لفيف	-	N	فَعَاء
21:112:1	قول	أجوف	-	V	فَال
21:112:10	وصف	مثال	-	V	تَصِفُفنَ
21:112:2	ربب	مضاعف	-	N	فَعِّ
21:112:4	حقق	مضاعف	-	N	فَعّ
21:112:5	ربب	مضاعف	-	N	فَعُّنَا
21:112:7	عون	أجوف	-	N	مُسْتَفَان
21:11:5	كون	أجوف	-	V	فَانَت
21:12:2	حسس	مضاعف	-	V	أَفَعُّوا
21:14:1	قول	أجوف	-	V	فَالُعا
21:14:4	كون	أجوف	-	V	فُنَّا
21:15:2	زيل	أجوف	-	V	فَالَت
21:16:3	سمو	ناقص	-	N	فَعَاء
21:17:10	كون	أجوف	-	V	فُنَّا
21:17:2	رود	أجوف	-	V	أَفَدْنَا
21:17:4	اخذ	صحيح سالم	0	V	نَتَّخِذ
21:18:13	وصف	مثال	-	V	تَصِفُفنَ
21:18:3	حقق	مضاعف	-	N	فَعّ
21:1:2	نوس	أجوف	-	N	فَّاس
21:22:10	ربب	مضاعف	-	N	فَعّ
21:22:13	وصف	مثال	-	V	يَصِفُفنَ
21:22:2	كون	أجوف	-	V	فَان
21:24:20	حقق	مضاعف	-	N	فَعّ
21:24:6	قول	أجوف	-	V	فُل
21:26:1	قول	أجوف	-	V	فَالُعا
21:28:11	رضو	ناقص	-	V	افْتَعَى
21:29:2	قول	أجوف	-	V	يَفُل
21:2:6	ربب	مضاعف	-	N	فَعِّهِمْ
21:30:13	موه	أجوف	-	N	فَاء
21:30:14	كلل	مضاعف	-	N	فُعّ
21:30:15	شيا	أجوف	2	N	فَعْء
21:30:16	حيي	لفيف	-	ADJ	فَعّ
21:30:18	امن	صحيح سالم	0	V	يُؤْمِنُونَ
21:30:2	راي	ناقص	1	V	يَف
21:30:8	كون	أجوف	-	V	فَانَتَا
21:31:10	فجج	مضاعف	-	N	فِعَالًا
21:31:13	هدي	ناقص	-	V	يَفْتَعُونَ
21:31:4	رسو	ناقص	-	N	فَوَاعِي
21:32:2	سمو	ناقص	-	N	فَعَاء
21:32:7	ايي	لفيف	0	N	فعَاتِهَا
21:33:8	كلل	مضاعف	-	N	فُعّ
21:34:8	موت	أجوف	-	V	فِتَّ
21:35:1	كلل	مضاعف	-	N	فُعّ
21:35:3	ذوق	أجوف	-	N	فَائِقَة
21:35:6	شرر	مضاعف	-	N	فَعّ
21:36:2	راي	ناقص	1	V	فَعكَ
21:36:6	اخذ	صحيح سالم	0	V	يَتَّخِذُونَكَ
21:37:5	راي	ناقص	1	V	أُفِيكُمْ
21:37:6	ايي	لفيف	0	N	فعَاتِل
21:38:6	كون	أجوف	-	V	فُنْتُمْ
21:39:10	نور	أجوف	-	N	فَار
21:39:7	كفف	مضاعف	-	V	يَفُعُّونَ
21:3:1	لهو	ناقص	-	N	فَاعِيَة
21:3:12	اتي	ناقص	0	V	فَفَعَأْتُونَ
21:3:3	سرر	مضاعف	-	V	أَفَعُّوا
21:40:6	طوع	أجوف	-	V	يَسْتَفِيعُعنَ
21:40:7	ردد	مضاعف	-	N	فَعَّهَا
21:41:11	كون	أجوف	-	V	فَانُعا
21:41:13	هزا	صحيح سالم	2	V	يَسْتَفْعِئُونَ
21:41:2	هزا	صحيح سالم	2	V	اسْتُفْعِئ
21:41:6	حيق	أجوف	-	V	فَاق
21:42:1	قول	أجوف	-	V	فُل
21:42:12	ربب	مضاعف	-	N	فَعِّهِمْ
21:42:3	كلا	صحيح سالم	2	V	يَفْعَؤُكُمْ
21:43:8	طوع	أجوف	-	V	يَسْتَفِيعُعنَ
21:44:10	راي	ناقص	1	V	يَفَوْنَ
21:44:4	ابو	ناقص	0	N	فعَاءَهُمْ
21:44:6	طول	أجوف	-	V	فَال
21:45:1	قول	أجوف	-	V	فُل
21:45:7	صمم	مضاعف	-	N	فُعّ
21:45:8	دعو	ناقص	-	N	فُعَاء
21:46:10	كون	أجوف	-	V	فُنَّا
21:46:2	مسس	مضاعف	-	V	فَعَّتْهُمْ
21:46:6	ربب	مضاعف	-	N	فَعِّكَ
21:47:1	وضع	مثال	-	V	نَضَع
21:47:11	كون	أجوف	-	V	فَان
21:47:13	حبب	مضاعف	-	N	فَعَّة
21:47:5	قوم	أجوف	-	N	فِيَامَة
21:48:6	ضوا	أجوف	2	N	فِيَاء
21:48:8	وقي	لفيف	-	N	مُتَّقِين
21:49:2	خشي	ناقص	-	V	يَفْعَوْنَ
21:49:3	ربب	مضاعف	-	N	فَعَّهُمْ
21:49:7	سوع	أجوف	-	N	فَاعَة
21:4:1	قول	أجوف	-	V	فَال
21:4:2	ربب	مضاعف	-	N	فَعِّي
21:4:6	سمو	ناقص	-	N	فَعَاء
21:51:7	كون	أجوف	-	V	فُنَّا
21:52:2	قول	أجوف	-	V	فَال
21:52:3	ابو	ناقص	0	N	فَعِيهِ
21:53:1	قول	أجوف	-	V	فَالُعا
21:53:3	ابو	ناقص	0	N	فعَاءَنَا
21:54:1	قول	أجوف	-	V	فَال
21:54:3	كون	أجوف	-	V	فُنْتُمْ
21:54:5	ابو	ناقص	0	N	فعَاؤُكُمْ
21:54:7	ضلل	مضاعف	-	N	فَعَال
21:55:1	قول	أجوف	-	V	فَالُعا
21:55:2	جيا	أجوف	2	V	أَفِئْتَنَا
21:55:3	حقق	مضاعف	-	N	فَعّ
21:56:1	قول	أجوف	-	V	فَال
21:56:3	ربب	مضاعف	-	N	فَعُّكُمْ
21:56:4	ربب	مضاعف	-	N	فَعّ
21:57:6	ولي	لفيف	-	V	تُفَعُّوا
21:58:2	جذذ	مضاعف	-	N	فُعَالًا
21:59:1	قول	أجوف	-	V	فَالُعا
21:5:10	اتي	ناقص	0	V	يَفْعِنَا
21:5:11	ايي	لفيف	0	N	فعَة
21:5:2	قول	أجوف	-	V	فَالُعا
21:5:6	فري	ناقص	-	V	افْتَعَاهُ
21:60:1	قول	أجوف	-	V	فَالُعا
21:60:5	قول	أجوف	-	V	يُفَال
21:61:1	قول	أجوف	-	V	فَالُعا
21:61:2	اتي	ناقص	0	V	فْعُوا
21:61:6	نوس	أجوف	-	N	فَاس
21:62:1	قول	أجوف	-	V	فَالُعا
21:63:1	قول	أجوف	-	V	فَال
21:63:8	كون	أجوف	-	V	فَانُعا
21:64:4	قول	أجوف	-	V	فَالُعا
21:65:4	راس	صحيح سالم	1	N	فُءُوسِهِمْ
21:66:1	قول	أجوف	-	V	فَال
21:66:11	ضرر	مضاعف	-	V	يَفُعُّكُمْ
21:67:1	افف	مضاعف	0	N	فُعّ
21:68:1	قول	أجوف	-	V	فَالُعا
21:68:6	كون	أجوف	-	V	فُنْتُمْ
21:69:1	قول	أجوف	-	V	فُلْنَا
21:69:2	نور	أجوف	-	N	يَا فَار
21:6:8	امن	صحيح سالم	0	V	يُؤْمِنُونَ
21:70:1	رود	أجوف	-	V	أَفَادُعا
21:71:1	نجو	ناقص	-	V	فَعَّيْنَاهُ
21:72:6	كلل	مضاعف	-	N	فُعًّا
21:73:10	صلو	ناقص	-	N	فَعَاة
21:73:11	اتي	ناقص	0	N	فِيعَاء
21:73:12	زكو	ناقص	-	N	فَعَاة
21:73:13	كون	أجوف	-	V	فَانُعا
21:73:2	امم	مضاعف	0	N	فَئِعَّة
21:73:3	هدي	ناقص	-	V	يَفْعُونَ
21:73:9	قوم	أجوف	-	N	إِفَام
21:74:13	كون	أجوف	-	V	فَانُعا
21:74:15	سوا	أجوف	2	N	فَعْء
21:74:5	نجو	ناقص	-	V	فَعَّيْنَاهُ
21:74:9	كون	أجوف	-	V	فَانَت
21:76:3	ندو	ناقص	-	V	فَاعَى
21:76:6	جوب	أجوف	-	V	اسْتَفَبْنَا
21:76:8	نجو	ناقص	-	V	فَعَّيْنَاهُ
21:77:10	سوا	أجوف	2	N	فَعْء
21:77:6	ايي	لفيف	0	N	فعَاتِنَا
21:77:8	كون	أجوف	-	V	فَانُعا
21:78:12	كون	أجوف	-	V	فُنَّا
21:79:13	كون	أجوف	-	V	فُنَّا
21:79:3	كلل	مضاعف	-	N	فُعًّا
21:7:12	كون	أجوف	-	V	فُنْتُمْ
21:81:11	كون	أجوف	-	V	فُنَّا
21:81:12	كلل	مضاعف	-	N	فُعّ
21:81:13	شيا	أجوف	2	N	فَعْء
21:81:2	روح	أجوف	-	N	فِيح
21:82:10	كون	أجوف	-	V	فُنَّا
21:83:3	ندو	ناقص	-	V	فَاعَى
21:83:4	ربب	مضاعف	-	N	فَعَّهُ
21:83:6	مسس	مضاعف	-	V	فَعَّنِيَ
21:83:7	ضرر	مضاعف	-	N	فُعّ
21:84:1	جوب	أجوف	-	V	اسْتَفَبْنَا
21:84:7	ضرر	مضاعف	-	N	فُعّ
21:85:5	كلل	مضاعف	-	N	فُعّ
21:87:11	ندو	ناقص	-	V	فَاعَى
21:87:21	كون	أجوف	-	V	فُنْتُ
21:87:6	ظنن	مضاعف	-	V	فَعّ
21:88:1	جوب	أجوف	-	V	اسْتَفَبْنَا
21:88:3	نجو	ناقص	-	V	فَعَّيْنَاهُ
21:88:5	غمم	مضاعف	-	N	فَعّ
21:88:7	نجو	ناقص	-	V	فُنْعِي
21:88:8	امن	صحيح سالم	0	N	مُؤْمِنِين
21:89:3	ندو	ناقص	-	V	فَاعَى
21:89:4	ربب	مضاعف	-	N	فَعَّهُ
21:89:5	ربب	مضاعف	-	N	فَعِّ
21:89:7	وذر	مثال	-	V	تَذَرْنِي
21:8:8	كون	أجوف	-	V	فَانُعا
21:90:1	جوب	أجوف	-	V	اسْتَفَبْنَا
21:90:10	كون	أجوف	-	V	فَانُعا
21:90:17	كون	أجوف	-	V	فَانُعا
21:91:10	ايي	لفيف	0	N	فعَة
21:91:9	بني	ناقص	-	N	افْعَهَا
21:92:3	امم	مضاعف	0	N	فُعَّتُكُلْ
21:92:4	امم	مضاعف	0	N	فُعَّة
21:92:7	ربب	مضاعف	-	N	فَعُّكُمْ
21:93:4	كلل	مضاعف	-	N	فُعّ
21:94:6	امن	صحيح سالم	0	N	مُؤْمِن
21:96:8	كلل	مضاعف	-	N	فُعّ
21:97:12	كون	أجوف	-	V	فُنَّا
21:97:18	كون	أجوف	-	V	فُنَّا
21:97:3	حقق	مضاعف	-	ADJ	فَعّ
21:99:2	كون	أجوف	-	V	فَان
21:99:7	كلل	مضاعف	-	N	فُعّ
21:9:4	نجو	ناقص	-	V	أَفْعَيْنَاهُمْ
21:9:6	شيا	أجوف	2	V	نَفَاء
22:10:4	يدي	لفيف	-	N	فَعَاكَ
22:11:14	صوب	أجوف	-	V	أَفَابَتْهُ
22:11:2	نوس	أجوف	-	N	فَاس
22:11:20	دنو	ناقص	-	N	فُعْيَا
22:11:9	صوب	أجوف	-	V	أَفَابَهُ
22:12:13	ضلل	مضاعف	-	N	فَعَال
22:12:7	ضرر	مضاعف	-	V	يَفُعُّهُ
22:13:3	ضرر	مضاعف	-	N	فَعُّهُ
22:13:7	باس	صحيح سالم	1	V	فِئْس
22:13:9	باس	صحيح سالم	1	V	فِئْس
22:14:17	رود	أجوف	-	V	يُفِيد
22:14:8	جنن	مضاعف	-	N	فَعَّات
22:15:11	مدد	مضاعف	-	V	يَفْعُل
22:15:12	سبب	مضاعف	-	N	فَعَل
22:15:14	سمو	ناقص	-	N	فَعَاء
22:15:2	كون	أجوف	-	V	فَان
22:15:3	ظنن	مضاعف	-	V	يَفُعّ
22:15:9	دنو	ناقص	-	N	فُعْيَا
22:16:3	ايي	لفيف	0	N	فعَات
22:16:9	رود	أجوف	-	V	يُفِيد
22:17:16	قوم	أجوف	-	N	فِيَامَة
22:17:20	كلل	مضاعف	-	N	فُعّ
22:17:21	شيا	أجوف	2	N	فَعْء
22:17:5	هود	أجوف	-	V	فَادُعا
22:17:6	صبا	صحيح سالم	2	PN	فَاعِئِين
22:18:18	دبب	مضاعف	-	N	فَوَاعّ
22:18:2	راي	ناقص	1	V	تَف
22:18:21	نوس	أجوف	-	N	فَاس
22:18:23	حقق	مضاعف	-	V	فَعّ
22:18:27	هون	أجوف	-	V	يُفِن
22:18:37	شيا	أجوف	2	V	يَفَاء
22:19:10	ثوب	أجوف	-	N	فِيَاب
22:19:12	نور	أجوف	-	N	فَار
22:19:13	صبب	مضاعف	-	V	يُفَعّ
22:19:16	راس	صحيح سالم	1	N	فُءُوسِهِمُ
22:19:17	حمم	مضاعف	-	ADJ	فَعِيل
22:19:5	ربب	مضاعف	-	N	فَعِّهِمْ
22:1:2	نوس	أجوف	-	N	فَاس
22:1:3	وقي	لفيف	-	V	اتَّقُفا
22:1:4	ربب	مضاعف	-	N	فَعَّكُمْ
22:1:7	سوع	أجوف	-	N	فَاعَة
22:1:8	شيا	أجوف	2	N	فَعْء
22:21:4	حدد	مضاعف	-	N	فَعِيل
22:22:1	كلل	مضاعف	-	T	فُعَّمَا
22:22:2	رود	أجوف	-	V	أَفَادُعا
22:22:7	غمم	مضاعف	-	N	فَعّ
22:22:8	عود	أجوف	-	V	أُفِيدُعا
22:23:13	حلي	ناقص	-	V	يُفَعَّوْنَ
22:23:19	لالا	رباعي	13	N	فُؤْلُؤًع
22:23:22	حرر	مضاعف	-	N	فَعِيل
22:23:8	جنن	مضاعف	-	N	فَعَّات
22:24:1	هدي	ناقص	-	V	فُعُوا
22:24:6	هدي	ناقص	-	V	فُعُوا
22:25:12	نوس	أجوف	-	N	فَّاس
22:25:13	سوي	لفيف	-	N	فَعَاء
22:25:16	بدو	ناقص	-	N	فَاع
22:25:18	رود	أجوف	-	V	يُفِد
22:25:22	ذوق	أجوف	-	V	نُفِقْهُ
22:25:4	صدد	مضاعف	-	V	يَفُعُّونَ
22:26:13	طوف	أجوف	-	N	فَّائِفِين
22:26:14	قوم	أجوف	-	N	فَائِمِين
22:26:4	كون	أجوف	-	N	مَفَان
22:27:12	كلل	مضاعف	-	N	فُعّ
22:27:13	فجج	مضاعف	-	N	فَعّ
22:27:3	نوس	أجوف	-	N	فَاس
22:27:4	حجج	مضاعف	-	N	فَعّ
22:27:5	اتي	ناقص	0	V	يَفْعُوكَ
22:27:8	كلل	مضاعف	-	N	فُعّ
22:28:16	اكل	صحيح سالم	0	V	كُلُوف
22:28:5	سمو	ناقص	-	N	افْع
22:28:8	يوم	لفيف	-	N	أَفَّام
22:29:2	قضي	ناقص	-	V	يَفْعُوا
22:29:4	وفي	لفيف	-	V	يُفعُوا
22:2:13	راي	ناقص	1	V	تَفَى
22:2:14	نوس	أجوف	-	N	فَاس
22:2:2	راي	ناقص	1	V	تَفَوْنَهَع
22:2:22	شدد	مضاعف	-	ADJ	فَعِيل
22:2:4	كلل	مضاعف	-	N	فُعّ
22:2:8	وضع	مثال	-	V	تَضَع
22:2:9	كلل	مضاعف	-	N	فُعّ
22:30:10	ربب	مضاعف	-	N	فَعِّهِ
22:30:11	حلل	مضاعف	-	V	أُفِعَّت
22:30:16	تلو	ناقص	-	V	يُفْعَى
22:31:10	خرر	مضاعف	-	V	فَعّ
22:31:12	سمو	ناقص	-	N	فَعَاء
22:31:18	روح	أجوف	-	N	فِيح
22:31:2	اله	صحيح سالم	0	PN	لَّه
22:31:20	كون	أجوف	-	N	مَفَان
22:32:8	وقي	لفيف	-	N	تَقْفَى
22:33:6	سمو	ناقص	-	N	مُفَعًّى
22:33:8	حلل	مضاعف	-	N	مَفِعُّهَا
22:34:1	كلل	مضاعف	-	N	فُعّ
22:34:2	امم	مضاعف	0	N	فُعَّة
22:34:6	سمو	ناقص	-	N	افْع
22:35:10	صوب	أجوف	-	V	أَفَابَهُمْ
22:35:11	قوم	أجوف	-	N	مُفِيمِي
22:35:12	صلو	ناقص	-	N	فَعَاة
22:36:11	سمو	ناقص	-	N	افْع
22:36:14	صفف	مضاعف	-	N	فَوَاعّ
22:36:18	اكل	صحيح سالم	0	V	كُلُوف
22:36:22	عرر	مضاعف	-	N	مُفْتَعّ
22:37:18	هدي	ناقص	-	V	فَعَاكُمْ
22:37:2	نيل	أجوف	-	V	يَفَال
22:37:6	دمو	ناقص	-	N	فِعَاؤُهَا
22:37:8	نيل	أجوف	-	V	يَفَالُهُ
22:37:9	وقي	لفيف	-	N	تَقْفَى
22:38:10	حبب	مضاعف	-	V	يُفِعّ
22:38:11	كلل	مضاعف	-	N	فُعّ
22:3:10	كلل	مضاعف	-	N	فُعّ
22:3:2	نوس	أجوف	-	N	فَاس
22:40:10	ربب	مضاعف	-	N	فَعُّنَا
22:40:15	نوس	أجوف	-	N	فَاس
22:40:25	سمو	ناقص	-	N	افْع
22:40:35	عزز	مضاعف	-	ADJ	فَعِيل
22:40:4	دور	أجوف	-	N	فِيَارِهِمْ
22:40:6	حقق	مضاعف	-	N	فَعّ
22:41:12	نهي	ناقص	-	V	فَعَوْا
22:41:15	اله	صحيح سالم	0	PN	لَّه
22:41:6	قوم	أجوف	-	V	أَفَامُعا
22:41:7	صلو	ناقص	-	N	فَعَاة
22:41:8	اتي	ناقص	0	V	فعَوُا
22:41:9	زكو	ناقص	-	N	فَعَاة
22:42:8	عود	أجوف	-	PN	فَاد
22:44:10	كون	أجوف	-	V	فَان
22:44:5	ملو	ناقص	-	V	أَفْعَيْتُ
22:45:11	بار	صحيح سالم	1	N	فِئْر
22:47:10	ربب	مضاعف	-	N	فَعِّكَ
22:47:12	سنو	ناقص	-	N	فَعَة
22:47:14	عدد	مضاعف	-	V	تَفُعُّونَ
22:48:4	ملو	ناقص	-	V	أَفْعَيْتُ
22:49:1	قول	أجوف	-	V	فُل
22:49:3	نوس	أجوف	-	N	فَاس
22:4:5	ولي	لفيف	-	V	تَفَعَّاهُ
22:4:7	ضلل	مضاعف	-	V	يُفِعُّهُ
22:51:2	سعي	ناقص	-	V	فَعَوْا
22:51:4	ايي	لفيف	0	N	فعَاتِنَا
22:52:24	ايي	لفيف	0	N	فعَاتِهِ
22:52:8	نبا	صحيح سالم	2	N	فَعِيّ
22:53:10	قسو	ناقص	-	N	فَاعِيَة
22:53:15	شقق	مضاعف	-	N	فِعَال
22:54:16	هدي	ناقص	-	N	فَاع
22:54:21	قوم	أجوف	-	N	مُسْتَفِيم
22:54:3	اتي	ناقص	0	V	فُوعُوا
22:54:6	حقق	مضاعف	-	N	فَعّ
22:54:8	ربب	مضاعف	-	N	فَعِّكَ
22:54:9	امن	صحيح سالم	0	V	يُؤْمِنُوف
22:55:10	سوع	أجوف	-	N	فَاعَة
22:55:2	زيل	أجوف	-	V	يَفَال
22:56:11	جنن	مضاعف	-	N	فَعَّات
22:56:3	اله	صحيح سالم	0	PN	لَّه
22:57:4	ايي	لفيف	0	N	فعَاتِنَا
22:57:8	هون	أجوف	-	N	مُفِين
22:58:9	موت	أجوف	-	V	فَاتُعا
22:5:2	نوس	أجوف	-	N	فَاس
22:5:27	قرر	مضاعف	-	V	نُفِعّ
22:5:31	شيا	أجوف	2	V	نَفَاء
22:5:34	سمو	ناقص	-	N	مُفَعًّى
22:5:4	كون	أجوف	-	V	فُنْتُمْ
22:5:40	شدد	مضاعف	-	N	أَفُعَّكُمْ
22:5:46	ردد	مضاعف	-	V	يُفَعّ
22:5:56	راي	ناقص	1	V	تَفَى
22:5:62	موه	أجوف	-	N	فَاء
22:5:63	هزز	مضاعف	-	V	افْتَعَّت
22:5:64	ربو	ناقص	-	V	فَعَت
22:5:67	كلل	مضاعف	-	N	فُعّ
22:62:16	علو	ناقص	-	N	فَعِيّ
22:62:5	حقق	مضاعف	-	N	فَعّ
22:63:2	راي	ناقص	1	V	تَف
22:63:7	سمو	ناقص	-	N	فَعَاء
22:63:8	موه	أجوف	-	N	فَاء
22:65:16	سمو	ناقص	-	N	فَعَاء
22:65:18	وقع	مثال	-	V	تَقَع
22:65:2	راي	ناقص	1	V	تَف
22:65:25	نوس	أجوف	-	N	فَاس
22:65:26	راف	صحيح سالم	1	N	فَءُوف
22:66:3	حيي	لفيف	-	V	أَفْعَاكُمْ
22:66:5	موت	أجوف	-	V	يُفِيتُكُمْ
22:66:7	حيي	لفيف	-	V	يُفْعِلكُمْ
22:67:1	كلل	مضاعف	-	N	فُعّ
22:67:11	دعو	ناقص	-	V	افْع
22:67:13	ربب	مضاعف	-	N	فَعِّكَ
22:67:17	قوم	أجوف	-	N	مُسْتَفِيم
22:67:2	امم	مضاعف	0	N	فُعَّة
22:68:3	قول	أجوف	-	V	فُل
22:69:5	قوم	أجوف	-	N	فِيَامَة
22:69:7	كون	أجوف	-	V	فُنْتُمْ
22:6:11	كلل	مضاعف	-	N	فُعّ
22:6:12	شيا	أجوف	2	N	فَعْء
22:6:5	حقق	مضاعف	-	N	فَعّ
22:6:7	حيي	لفيف	-	V	يُفْعِل
22:70:8	سمو	ناقص	-	N	فَعَاء
22:72:12	كود	أجوف	-	V	يَفَادُعنَ
22:72:17	ايي	لفيف	0	N	فعَاتِنَا
22:72:18	قول	أجوف	-	V	فُل
22:72:19	نبا	صحيح سالم	2	V	أَفَأُفَعِّئُكُمْ
22:72:2	تلو	ناقص	-	V	فُتْعَى
22:72:20	شرر	مضاعف	-	N	فَعّ
22:72:23	نور	أجوف	-	N	فَار
22:72:28	باس	صحيح سالم	1	V	فِئْس
22:72:4	ايي	لفيف	0	N	فعَاتُنَا
22:73:15	ذبب	مضاعف	-	N	فُعَالًا
22:73:2	نوس	أجوف	-	N	فَاس
22:73:21	ذبب	مضاعف	-	N	فُعَال
22:74:4	حقق	مضاعف	-	N	فَعّ
22:74:9	عزز	مضاعف	-	ADJ	فَعِيل
22:75:2	صفو	ناقص	-	V	يَفْطَعِي
22:75:7	نوس	أجوف	-	N	فَاس
22:77:7	ربب	مضاعف	-	N	فَعَّكُمْ
22:78:15	ملل	مضاعف	-	N	فِعَّة
22:78:16	ابو	ناقص	0	N	فَعِيكُمْ
22:78:19	سمو	ناقص	-	V	فَعَّاكُمُ
22:78:32	نوس	أجوف	-	N	فَاس
22:78:33	قوم	أجوف	-	V	أَفِيمُعا
22:78:34	صلو	ناقص	-	N	فَعَاة
22:78:35	اتي	ناقص	0	V	فعُوا
22:78:36	زكو	ناقص	-	N	فَعَاة
22:78:4	حقق	مضاعف	-	N	فَعّ
22:78:40	ولي	لفيف	-	N	مَفْعَاكُمْ
22:78:7	جبي	ناقص	-	V	افْتَعَاكُمْ
22:7:2	سوع	أجوف	-	N	فَاعَة
22:8:13	نور	أجوف	-	N	مُفِير
22:8:2	نوس	أجوف	-	N	فَاس
22:9:11	ذوق	أجوف	-	V	نُفِيقُهُ
22:9:13	قوم	أجوف	-	N	فِيَامَة
22:9:3	ضلل	مضاعف	-	V	يُفِعّ
22:9:9	دنو	ناقص	-	N	فُعْيَا
23:100:10	قول	أجوف	-	N	فَائِلُهَا
23:100:12	وري	لفيف	-	N	فَعَائِهِمْ
23:103:2	خفف	مضاعف	-	V	فَعَّت
23:104:3	نور	أجوف	-	N	فَار
23:105:2	كون	أجوف	-	V	تَفُن
23:105:3	ايي	لفيف	0	N	فعَاتِل
23:105:4	تلو	ناقص	-	V	فُتْعَى
23:105:6	كون	أجوف	-	V	فُنْتُمْ
23:106:1	قول	أجوف	-	V	فَالُعا
23:106:2	ربب	مضاعف	-	N	فَعَّنَا
23:106:6	كون	أجوف	-	V	فُنَّا
23:106:8	ضلل	مضاعف	-	ADJ	فَاعِّين
23:107:1	ربب	مضاعف	-	N	فَعَّنَا
23:107:5	عود	أجوف	-	V	فُدْنَا
23:108:1	قول	أجوف	-	V	فَال
23:109:2	كون	أجوف	-	V	فَان
23:109:7	ربب	مضاعف	-	N	فَعَّنَا
23:110:4	نسي	ناقص	-	V	أَفْعَوْكُمْ
23:110:6	كون	أجوف	-	V	فُنْتُمْ
23:111:8	فوز	أجوف	-	N	فَائِزُعن
23:112:1	قول	أجوف	-	V	فَال
23:112:6	عدد	مضاعف	-	N	فَعَل
23:112:7	سنو	ناقص	-	N	فِعِين
23:113:1	قول	أجوف	-	V	فَالُعا
23:113:8	عدد	مضاعف	-	N	فَاعِّين
23:114:1	قول	أجوف	-	V	فَال
23:114:5	قلل	مضاعف	-	N	فَعِيلًا
23:114:8	كون	أجوف	-	V	فُنْتُمْ
23:116:1	علو	ناقص	-	V	تَفَاعَى
23:116:4	حقق	مضاعف	-	N	فَعّ
23:116:9	ربب	مضاعف	-	N	فَعّ
23:117:14	ربب	مضاعف	-	N	فَعِّهِ
23:117:2	دعو	ناقص	-	V	يَفْع
23:118:1	قول	أجوف	-	V	فُل
23:118:2	ربب	مضاعف	-	N	فَعِّ
23:11:2	ورث	مثال	-	V	يَرِثُفنَ
23:12:5	سلل	مضاعف	-	N	فُعَالَة
23:13:5	قرر	مضاعف	-	N	فَعَال
23:15:5	موت	أجوف	-	N	فَيِّتُعن
23:16:4	قوم	أجوف	-	N	فِيَامَة
23:17:7	كون	أجوف	-	V	فُنَّا
23:18:3	سمو	ناقص	-	N	فَعَاء
23:18:4	موه	أجوف	-	N	فَاء
23:19:4	جنن	مضاعف	-	N	فَعَّات
23:1:3	امن	صحيح سالم	0	N	مُؤْمِنُون
23:23:16	وقي	لفيف	-	V	تَتَّقُفنَ
23:23:6	قول	أجوف	-	V	فَال
23:24:1	قول	أجوف	-	V	فَال
23:24:12	رود	أجوف	-	V	يُفِيد
23:24:17	شيا	أجوف	2	V	فَاء
23:24:25	ابو	ناقص	0	N	فعَائِنَا
23:25:6	جنن	مضاعف	-	N	فِعَّة
23:26:1	قول	أجوف	-	V	فَال
23:26:2	ربب	مضاعف	-	N	فَعِّ
23:27:11	فور	أجوف	-	V	فَار
23:27:16	كلل	مضاعف	-	N	فُعّ
23:27:9	جيا	أجوف	2	V	فَاء
23:28:10	اله	صحيح سالم	0	PN	لَّه
23:28:12	نجو	ناقص	-	V	فَعَّانَا
23:28:8	قول	أجوف	-	V	فُل
23:29:1	قول	أجوف	-	V	فُل
23:29:2	ربب	مضاعف	-	N	فَعِّ
23:2:4	صلو	ناقص	-	N	فَعَاتِهِمْ
23:30:4	ايي	لفيف	0	N	فعَات
23:30:6	كون	أجوف	-	V	فُنَّا
23:30:7	بلو	ناقص	-	N	مُفْتَعِين
23:32:14	وقي	لفيف	-	V	تَتَّقُفنَ
23:33:1	قول	أجوف	-	V	فَال
23:33:12	حيي	لفيف	-	N	فَعَاة
23:33:13	دنو	ناقص	-	ADJ	فُعْيَا
23:33:8	لقي	ناقص	-	N	فِعَاء
23:34:2	طوع	أجوف	-	V	أَفَعْتُمْ
23:35:1	وعد	مثال	-	V	أَيَعِدُكُمْ
23:35:4	موت	أجوف	-	V	فِتُّمْ
23:35:5	كون	أجوف	-	V	فُنْتُمْ
23:37:4	حيي	لفيف	-	N	فَعَاتُنَا
23:37:5	دنو	ناقص	-	ADJ	فُعْيَا
23:37:7	حيي	لفيف	-	V	نَفْعَا
23:38:12	امن	صحيح سالم	0	N	مُؤْمِنِين
23:39:1	قول	أجوف	-	V	فَال
23:39:2	ربب	مضاعف	-	N	فَعِّ
23:40:1	قول	أجوف	-	V	فَال
23:40:3	قلل	مضاعف	-	N	فَعِيل
23:41:3	حقق	مضاعف	-	N	فَعّ
23:41:5	غثو	ناقص	-	N	فُعَاء
23:43:4	امم	مضاعف	0	N	فُعَّة
23:44:19	امن	صحيح سالم	0	V	يُؤْمِنُونَ
23:44:4	وتر	مثال	-	N	تَتْرَى
23:44:5	كلل	مضاعف	-	N	فُعّ
23:44:7	جيا	أجوف	2	V	فَاء
23:44:8	امم	مضاعف	0	N	فُعَّة
23:45:4	اخو	ناقص	0	N	فَعَاهُ
23:45:6	ايي	لفيف	0	N	فعَاتِنَا
23:46:3	ملا	صحيح سالم	2	N	فَعَئِهِ
23:46:5	كون	أجوف	-	V	فَانُعا
23:46:7	علو	ناقص	-	ADJ	فَاعِين
23:47:1	قول	أجوف	-	V	فَالُعا
23:48:2	كون	أجوف	-	V	فَانُعا
23:49:6	هدي	ناقص	-	V	يَفْتَعُونَ
23:4:3	زكو	ناقص	-	N	فَّعَاة
23:50:10	قرر	مضاعف	-	N	فَعَال
23:50:2	بني	ناقص	-	N	افْع
23:50:4	امم	مضاعف	0	N	فُعَّهُ
23:50:5	ايي	لفيف	0	N	فعَة
23:51:3	اكل	صحيح سالم	0	V	كُلُوف
23:52:3	امم	مضاعف	0	N	فُعَّتُكُلْ
23:52:4	امم	مضاعف	0	N	فُعَّة
23:52:7	ربب	مضاعف	-	N	فَعُّكُمْ
23:52:8	وقي	لفيف	-	V	اتَّقُفنِ
23:53:5	كلل	مضاعف	-	N	فُعّ
23:54:1	وذر	مثال	-	V	ذَرْهُمْ
23:55:3	مدد	مضاعف	-	V	نُفِعُّهُمْ
23:55:6	مول	أجوف	-	N	فَال
23:57:6	ربب	مضاعف	-	N	فَعِّهِمْ
23:58:3	ايي	لفيف	0	N	فعَات
23:58:4	ربب	مضاعف	-	N	فَعِّهِمْ
23:58:5	امن	صحيح سالم	0	V	يُؤْمِنُونَ
23:59:3	ربب	مضاعف	-	N	فَعِّهِمْ
23:60:2	اتي	ناقص	0	V	يُؤْتُونَ
23:60:4	اتي	ناقص	0	V	فعَوْا
23:60:9	ربب	مضاعف	-	N	فَعِّهِمْ
23:62:9	حقق	مضاعف	-	N	فَعّ
23:66:2	كون	أجوف	-	V	فَانَت
23:66:3	ايي	لفيف	0	N	فعَاتِل
23:66:4	تلو	ناقص	-	V	فُتْعَى
23:66:6	كون	أجوف	-	V	فُنْتُمْ
23:68:5	جيا	أجوف	2	V	فَاءَهُمْ
23:68:8	اتي	ناقص	0	V	يَفْع
23:68:9	ابو	ناقص	0	N	فعَاءَهُمُ
23:70:4	جنن	مضاعف	-	N	فِعَّة
23:70:6	جيا	أجوف	2	V	فَاءَهُمْ
23:70:7	حقق	مضاعف	-	N	فَعّ
23:70:9	حقق	مضاعف	-	N	فَعّ
23:71:3	حقق	مضاعف	-	N	فَعّ
23:71:4	هوي	لفيف	-	N	أَفْعَاءَهُمْ
23:72:5	ربب	مضاعف	-	N	فَعِّكَ
23:73:5	قوم	أجوف	-	N	مُسْتَفِيم
23:74:4	امن	صحيح سالم	0	V	يُؤْمِنُونَ
23:75:7	ضرر	مضاعف	-	N	فُعّ
23:75:8	لجج	مضاعف	-	V	فَعُّوا
23:76:5	كين	أجوف	-	V	اسْتَفَانُوا
23:76:6	ربب	مضاعف	-	N	فَعِّهِمْ
23:77:5	بوب	أجوف	-	N	فَابًا
23:77:8	شدد	مضاعف	-	ADJ	فَعِيل
23:78:7	فاد	صحيح سالم	1	N	أَفْئِدَة
23:78:8	قلل	مضاعف	-	ADJ	فَعِيلًا
23:7:3	وري	لفيف	-	LOC	فَعَاء
23:80:3	حيي	لفيف	-	V	يُفْعِل
23:80:4	موت	أجوف	-	V	يُفِيت
23:81:2	قول	أجوف	-	V	فَالُعا
23:81:5	قول	أجوف	-	V	فَال
23:82:1	قول	أجوف	-	V	فَالُعا
23:82:3	موت	أجوف	-	V	فِتْنَا
23:82:4	كون	أجوف	-	V	فُنَّا
23:83:4	ابو	ناقص	0	N	فعَاؤُنَا
23:84:1	قول	أجوف	-	V	فُل
23:84:7	كون	أجوف	-	V	فُنْتُمْ
23:85:2	اله	صحيح سالم	0	PN	لَّه
23:85:3	قول	أجوف	-	V	فُل
23:86:1	قول	أجوف	-	V	فُل
23:86:3	ربب	مضاعف	-	N	فَعّ
23:86:6	ربب	مضاعف	-	N	فَعّ
23:87:2	اله	صحيح سالم	0	PN	لَّه
23:87:3	قول	أجوف	-	V	فُل
23:87:5	وقي	لفيف	-	V	تَتَّقُفنَ
23:88:1	قول	أجوف	-	V	فُل
23:88:10	جور	أجوف	-	V	يُفَار
23:88:13	كون	أجوف	-	V	فُنْتُمْ
23:88:3	يدي	لفيف	-	N	فَعِهِ
23:88:5	كلل	مضاعف	-	N	فُعّ
23:88:6	شيا	أجوف	2	N	فَعْء
23:88:8	جور	أجوف	-	V	يُفِير
23:89:2	اله	صحيح سالم	0	PN	لَّه
23:89:3	قول	أجوف	-	V	فُل
23:8:5	رعي	ناقص	-	N	فَاعُون
23:90:3	حقق	مضاعف	-	N	فَعّ
23:91:13	كلل	مضاعف	-	N	فُعّ
23:91:17	علو	ناقص	-	V	فَعَا
23:91:24	وصف	مثال	-	V	يَصِفُفنَ
23:91:7	كون	أجوف	-	V	فَان
23:92:4	علو	ناقص	-	V	تَفَاعَى
23:93:1	قول	أجوف	-	V	فُل
23:93:2	ربب	مضاعف	-	N	فَعِّ
23:93:4	راي	ناقص	1	V	تُفِيَنِّي
23:94:1	ربب	مضاعف	-	N	فَعِّ
23:95:4	راي	ناقص	1	V	نُفِيَكَ
23:95:6	وعد	مثال	-	V	نَعِدُهُمْ
23:96:5	سوا	أجوف	2	N	فَيِّئَة
23:96:9	وصف	مثال	-	V	يَصِفُفنَ
23:97:1	قول	أجوف	-	V	فُل
23:97:2	ربب	مضاعف	-	N	فَعِّ
23:98:3	ربب	مضاعف	-	N	فَعِّ
23:99:3	جيا	أجوف	2	V	فَاء
23:99:6	قول	أجوف	-	V	فَال
23:99:7	ربب	مضاعف	-	N	فَعِّ
24:11:15	كلل	مضاعف	-	N	فُعّ
24:11:16	مرا	صحيح سالم	2	N	افْعِئ
24:11:3	جيا	أجوف	2	V	فَاءُوا
24:11:9	شرر	مضاعف	-	N	فَعًّا
24:12:4	ظنن	مضاعف	-	V	فَعّ
24:12:5	امن	صحيح سالم	0	N	مُؤْمِنُون
24:12:6	امن	صحيح سالم	0	N	مُؤْمِنَفت
24:12:9	قول	أجوف	-	V	فَالُعا
24:13:2	جيا	أجوف	2	V	فَاءُوا
24:13:8	اتي	ناقص	0	V	يَفْعُوا
24:14:12	فيض	أجوف	-	V	أَفَضْتُمْ
24:14:7	دنو	ناقص	-	N	فُعْيَا
24:14:9	مسس	مضاعف	-	V	فَعَّكُمْ
24:15:12	هون	أجوف	-	N	فَيِّنًا
24:15:2	لقي	ناقص	-	V	تَفَعَّوْنَهُ
24:16:4	قول	أجوف	-	V	فُلْتُمْ
24:17:1	وعظ	مثال	-	V	يَعِظُكُمُ
24:17:8	كون	أجوف	-	V	فُنْتُمْ
24:17:9	امن	صحيح سالم	0	N	مُؤْمِنِين
24:18:4	ايي	لفيف	0	N	فعَات
24:19:14	دنو	ناقص	-	N	فُعْيَا
24:19:3	حبب	مضاعف	-	V	يُفِعُّونَ
24:1:6	ايي	لفيف	0	N	فعَات
24:20:8	راف	صحيح سالم	1	N	فَءُوف
24:21:22	زكو	ناقص	-	V	فَعَى
24:21:29	زكو	ناقص	-	V	يُفَعِّي
24:21:31	شيا	أجوف	2	V	يَفَاء
24:22:19	حبب	مضاعف	-	V	تُفِعُّونَ
24:22:2	الو	ناقص	0	V	يَفْتَع
24:22:6	وسع	مثال	-	N	سَعَة
24:22:8	اتي	ناقص	0	V	يُؤْتُوف
24:23:3	رمي	ناقص	-	V	يَفْعُونَ
24:23:6	امن	صحيح سالم	0	ADJ	مُؤْمِنَفت
24:23:9	دنو	ناقص	-	N	فُعْيَا
24:24:8	كون	أجوف	-	V	فَانُعا
24:25:10	حقق	مضاعف	-	N	فَعّ
24:25:5	حقق	مضاعف	-	ADJ	فَعّ
24:26:10	برا	صحيح سالم	2	N	مُفَعَّءُون
24:28:12	قول	أجوف	-	V	فِيل
24:28:17	زكو	ناقص	-	N	أَفْعَى
24:28:3	وجد	مثال	-	V	تَجِدُفا
24:28:9	اذن	صحيح سالم	0	V	يُؤْذَن
24:2:17	كون	أجوف	-	V	فُنْتُمْ
24:2:18	امن	صحيح سالم	0	V	تُؤْمِنُونَ
24:2:24	طوف	أجوف	-	ADJ	فَائِفَة
24:2:26	امن	صحيح سالم	0	N	مُؤْمِنِين
24:2:4	كلل	مضاعف	-	N	فُعّ
24:2:7	ماي	ناقص	1	N	فِعئَة
24:30:1	قول	أجوف	-	V	فُل
24:30:2	امن	صحيح سالم	0	N	مُؤْمِنِين
24:30:3	غضض	مضاعف	-	V	يَفُعُّوا
24:30:9	زكو	ناقص	-	N	أَفْعَى
24:31:1	قول	أجوف	-	V	فُل
24:31:2	امن	صحيح سالم	0	N	مُؤْمِنَفت
24:31:20	بدو	ناقص	-	V	يُفْعِينَ
24:31:25	ابو	ناقص	0	N	فعَائِهِنَّ
24:31:27	ابو	ناقص	0	N	فعَاء
24:31:3	غضض	مضاعف	-	V	يَفْعُلْنَ
24:31:30	بني	ناقص	-	N	أَفْعَائِهِنَّ
24:31:32	بني	ناقص	-	N	أَفْعَاء
24:31:43	نسو	ناقص	-	N	فِعَائِهِنَّ
24:31:62	نسو	ناقص	-	N	فِعَاء
24:31:76	امن	صحيح سالم	0	N	مُؤْمِنُون
24:31:9	بدو	ناقص	-	V	يُفْعِينَ
24:32:11	غني	ناقص	-	V	يُفْعِهِمُ
24:32:7	امو	ناقص	0	N	فِعَائِكُمْ
24:33:1	عفف	مضاعف	-	V	يَسْتَفْعِل
24:33:12	بغي	ناقص	-	V	يَفْتَعُونَ
24:33:22	اتي	ناقص	0	V	فعُوهُمْ
24:33:24	مول	أجوف	-	N	فَال
24:33:27	اتي	ناقص	0	V	فعَاكُمْ
24:33:32	بغي	ناقص	-	N	فِعَاء
24:33:34	رود	أجوف	-	V	أَفَدْنَ
24:33:36	بغي	ناقص	-	V	تَفْتَعُوا
24:33:38	حيي	لفيف	-	N	فَعَاة
24:33:39	دنو	ناقص	-	ADJ	فُعْيَا
24:33:4	وجد	مثال	-	V	يَجِدُفنَ
24:34:13	وقي	لفيف	-	N	مُتَّقِين
24:34:4	ايي	لفيف	0	N	فعَات
24:35:12	زجج	مضاعف	-	N	فُعَالَة
24:35:13	زجج	مضاعف	-	N	فُعَالَة
24:35:16	درر	مضاعف	-	ADJ	فُعِّيّ
24:35:26	كود	أجوف	-	V	يَفَاد
24:35:28	ضوا	أجوف	2	V	يُفِيء
24:35:31	مسس	مضاعف	-	V	تَفْعَلْهُ
24:35:32	نور	أجوف	-	N	فَار
24:35:40	شيا	أجوف	2	V	يَفَاء
24:35:44	نوس	أجوف	-	N	فَّاس
24:35:46	كلل	مضاعف	-	N	فُعّ
24:35:47	شيا	أجوف	2	N	فَعْء
24:35:7	شكو	ناقص	-	N	مِفْعَاة
24:36:9	سمو	ناقص	-	N	افْعُهُ
24:37:10	قوم	أجوف	-	N	إِفَام
24:37:11	صلو	ناقص	-	N	فَعَاة
24:37:12	اتي	ناقص	0	N	فِيعَاء
24:37:13	زكو	ناقص	-	N	فَعَاة
24:37:14	خوف	أجوف	-	V	يَفَافُعنَ
24:37:3	لهو	ناقص	-	V	تُفْعِيهِمْ
24:38:12	شيا	أجوف	2	V	يَفَاء
24:39:11	جيا	أجوف	2	V	فَاءَهُ
24:39:13	وجد	مثال	-	V	يَجِدْهُ
24:39:18	وفي	لفيف	-	V	فَعَّاهُ
24:39:5	قوع	أجوف	-	N	فِيعَة
24:39:8	موه	أجوف	-	N	فَاء
24:3:12	زني	ناقص	-	N	فَاع
24:3:18	امن	صحيح سالم	0	N	مُؤْمِنِين
24:40:20	يدي	لفيف	-	N	فَعَهُ
24:40:22	كود	أجوف	-	V	يَفَد
24:40:23	راي	ناقص	1	V	يَفَعهَا
24:40:5	لجج	مضاعف	-	ADJ	فُعِّيّ
24:40:6	غشو	ناقص	-	V	يَفْعَاهُ
24:41:12	صفف	مضاعف	-	N	فَاعَّات
24:41:13	كلل	مضاعف	-	N	فُعّ
24:41:16	صلو	ناقص	-	N	فَعَاتَهُ
24:41:2	راي	ناقص	1	V	تَف
24:42:1	اله	صحيح سالم	0	PN	لَّه
24:43:13	راي	ناقص	1	V	تَفَى
24:43:17	خلل	مضاعف	-	N	فِعَالِهِ
24:43:2	راي	ناقص	1	V	تَف
24:43:20	سمو	ناقص	-	N	فَعَاء
24:43:26	صوب	أجوف	-	V	يُفِيب
24:43:29	شيا	أجوف	2	V	يَفَاء
24:43:33	شيا	أجوف	2	V	يَفَاء
24:43:34	كود	أجوف	-	V	يَفَاد
24:43:35	سنو	ناقص	-	N	فَعَا
24:43:5	زجو	ناقص	-	V	يُفْعِي
24:43:8	الف	صحيح سالم	0	V	يُؤَلِّف
24:45:25	شيا	أجوف	2	V	يَفَاء
24:45:29	كلل	مضاعف	-	N	فُعّ
24:45:3	كلل	مضاعف	-	N	فُعّ
24:45:30	شيا	أجوف	2	N	فَعْء
24:45:4	دبب	مضاعف	-	N	فَاعَّة
24:45:6	موه	أجوف	-	N	فَاء
24:46:11	قوم	أجوف	-	N	مُسْتَفِيم
24:46:3	ايي	لفيف	0	N	فعَات
24:46:8	شيا	أجوف	2	V	يَفَاء
24:47:15	امن	صحيح سالم	0	N	مُؤْمِنِين
24:47:5	طوع	أجوف	-	V	أَفَعْنَا
24:49:2	كون	أجوف	-	V	يَفُن
24:49:4	حقق	مضاعف	-	N	فَعّ
24:49:5	اتي	ناقص	0	V	يَفْعُوا
24:4:2	رمي	ناقص	-	V	يَفْعُونَ
24:4:6	اتي	ناقص	0	V	يَفْعُوا
24:50:5	ريب	أجوف	-	V	افْتَابُوا
24:50:7	خوف	أجوف	-	V	يَفَافُعنَ
24:51:15	طوع	أجوف	-	V	أَفَعْنَا
24:51:2	كون	أجوف	-	V	فَان
24:51:4	امن	صحيح سالم	0	N	مُؤْمِنِين
24:52:10	فوز	أجوف	-	N	فَائِزُعن
24:52:2	طوع	أجوف	-	V	يُفِع
24:52:5	خشي	ناقص	-	V	يَفْع
24:52:7	وقي	لفيف	-	V	يَتَّقْهِ
24:53:11	طوع	أجوف	-	N	فَاعَة
24:53:8	قول	أجوف	-	V	فُل
24:54:1	قول	أجوف	-	V	فُل
24:54:16	طوع	أجوف	-	V	تُفِيعُعهُ
24:54:17	هدي	ناقص	-	V	تَفْتَعُوا
24:54:2	طوع	أجوف	-	V	أَفِيعُعا
24:54:4	طوع	أجوف	-	V	أَفِيعُعا
24:54:7	ولي	لفيف	-	V	تَفَعَّوْا
24:55:20	رضو	ناقص	-	V	افْتَعَى
24:56:1	قوم	أجوف	-	V	أَفِيمُعا
24:56:2	صلو	ناقص	-	N	فَعَاة
24:56:3	اتي	ناقص	0	V	فعُوا
24:56:4	زكو	ناقص	-	N	فَعَاة
24:56:5	طوع	أجوف	-	V	أَفِيعُعا
24:57:10	باس	صحيح سالم	1	V	فِئْس
24:57:8	اوي	لفيف	0	N	مَفْعَاهُمُ
24:57:9	نور	أجوف	-	N	فَار
24:58:14	مرر	مضاعف	-	N	فَعَّات
24:58:17	صلو	ناقص	-	N	فَعَاة
24:58:20	وضع	مثال	-	V	تَضَعُفنَ
24:58:21	ثوب	أجوف	-	N	فِيَابَكُمْ
24:58:26	صلو	ناقص	-	N	فَعَاة
24:58:27	عشو	ناقص	-	N	فِعَاء
24:58:46	ايي	لفيف	0	N	فعَات
24:59:16	ايي	لفيف	0	N	فعَاتِهِ
24:5:3	توب	أجوف	-	V	فَابُعا
24:60:12	وضع	مثال	-	V	يَضَعْنَ
24:60:13	ثوب	أجوف	-	N	فِيَابَهُنَّ
24:60:18	عفف	مضاعف	-	V	يَسْتَفْعِلْنَ
24:60:3	نسو	ناقص	-	N	فِعَاء
24:61:22	ابو	ناقص	0	N	فعَائِكُمْ
24:61:25	امم	مضاعف	0	N	فُعَّهَاتِكُلْ
24:61:34	عمم	مضاعف	-	N	أَفْعَالِكُمْ
24:61:37	عمم	مضاعف	-	N	فَعَّاتِكُلْ
24:61:43	خول	أجوف	-	N	فَالَاتِكُمْ
24:61:57	شتت	مضاعف	-	N	أَفْعَالًا
24:61:64	حيي	لفيف	-	N	تَفِعَّة
24:61:74	ايي	لفيف	0	N	فعَات
24:62:2	امن	صحيح سالم	0	N	مُؤْمِنُون
24:62:22	امن	صحيح سالم	0	V	يُؤْمِنُونَ
24:62:31	شيا	أجوف	2	V	فِئْتَ
24:62:8	كون	أجوف	-	V	فَانُعا
24:63:13	سلل	مضاعف	-	V	يَتَفَعَّلُونَ
24:63:22	صوب	أجوف	-	V	تُفِيبَهُمْ
24:63:25	صوب	أجوف	-	V	يُفِيبَهُمْ
24:63:3	دعو	ناقص	-	N	فُعَاء
24:63:6	دعو	ناقص	-	N	فُعَاء
24:64:16	نبا	صحيح سالم	2	V	يُفَعِّئُهُمْ
24:64:20	كلل	مضاعف	-	N	فُعّ
24:64:21	شيا	أجوف	2	N	فَعْء
24:64:3	اله	صحيح سالم	0	PN	لَّه
24:6:2	رمي	ناقص	-	V	يَفْعُونَ
24:6:5	كون	أجوف	-	V	يَفُن
24:7:7	كون	أجوف	-	V	فَان
24:9:7	كون	أجوف	-	V	فَان
25:10:10	جنن	مضاعف	-	N	فَعَّات
25:10:4	شيا	أجوف	2	V	فَاء
25:11:3	سوع	أجوف	-	N	فَاعَة
25:11:7	سوع	أجوف	-	N	فَاعَة
25:12:2	راي	ناقص	1	V	فَعَتْهُمْ
25:12:4	كون	أجوف	-	N	مَفَان
25:13:2	لقي	ناقص	-	V	أُفْعُوا
25:13:4	كون	أجوف	-	N	مَفَانًا
25:15:1	قول	أجوف	-	V	فُل
25:15:10	كون	أجوف	-	V	فَانَت
25:15:12	جزي	ناقص	-	N	فَعَاء
25:15:5	جنن	مضاعف	-	N	فَعَّة
25:15:9	وقي	لفيف	-	N	مُتَّقُفن
25:16:10	سال	صحيح سالم	1	N	مَفْئُولًع
25:16:4	شيا	أجوف	2	V	يَفَاءُونَ
25:16:6	كون	أجوف	-	V	فَان
25:16:8	ربب	مضاعف	-	N	فَعِّكَ
25:17:10	ضلل	مضاعف	-	V	أَفْعَلْتُمْ
25:17:15	ضلل	مضاعف	-	V	فَعُّوا
25:18:1	قول	أجوف	-	V	فَالُعا
25:18:15	ابو	ناقص	0	N	فعَاءَهُمْ
25:18:17	نسي	ناقص	-	V	فَعُوا
25:18:19	كون	أجوف	-	V	فَانُعا
25:18:4	كون	أجوف	-	V	فَان
25:18:8	اخذ	صحيح سالم	0	V	نَتَّخِذ
25:19:13	ذوق	أجوف	-	V	نُفِقْهُ
25:19:6	طوع	أجوف	-	V	تَسْتَفِيعُعنَ
25:20:10	مشي	ناقص	-	V	يَفْعُونَ
25:20:18	كون	أجوف	-	V	فَان
25:20:19	ربب	مضاعف	-	N	فَعُّكَ
25:21:1	قول	أجوف	-	V	فَال
25:21:11	راي	ناقص	1	V	نَفَى
25:21:12	ربب	مضاعف	-	N	فَعَّنَا
25:21:5	لقي	ناقص	-	N	فِعَاءَنَا
25:22:2	راي	ناقص	1	V	يَفَوْنَ
25:23:8	هبو	ناقص	-	N	فَعَاء
25:24:2	جنن	مضاعف	-	PN	فَعَّة
25:24:5	قرر	مضاعف	-	N	مُسْتَفَعًّا
25:25:2	شقق	مضاعف	-	V	تَفَعَّل
25:25:3	سمو	ناقص	-	N	فَعَاء
25:25:4	غمم	مضاعف	-	N	فَعَال
25:26:3	حقق	مضاعف	-	N	فَعّ
25:26:5	كون	أجوف	-	V	فَان
25:27:2	عضض	مضاعف	-	V	يَفَعّ
25:28:6	خلل	مضاعف	-	N	فَعِيلًا
25:29:2	ضلل	مضاعف	-	V	أَفَعَّنِي
25:29:7	جيا	أجوف	2	V	فَاءَنِع
25:29:8	كون	أجوف	-	V	فَان
25:2:10	كون	أجوف	-	V	يَفُن
25:2:16	كلل	مضاعف	-	N	فُعّ
25:2:17	شيا	أجوف	2	N	فَعْء
25:2:7	اخذ	صحيح سالم	0	V	يَتَّخِذ
25:30:1	قول	أجوف	-	V	فَال
25:30:3	ربب	مضاعف	-	N	يَا فَعِّ
25:31:3	كلل	مضاعف	-	N	فُعّ
25:31:4	نبا	صحيح سالم	2	N	فَعِيّ
25:31:9	ربب	مضاعف	-	N	فَعِّكَ
25:32:1	قول	أجوف	-	V	فَال
25:33:2	اتي	ناقص	0	V	يَفْعُونَكَ
25:33:5	جيا	أجوف	2	V	فِئْنَاكَ
25:33:6	حقق	مضاعف	-	N	فَعّ
25:34:10	ضلل	مضاعف	-	N	أَفَعّ
25:34:8	شرر	مضاعف	-	N	فَعّ
25:34:9	كون	أجوف	-	N	مَفَانًا
25:35:7	اخو	ناقص	0	N	فَعَاهُ
25:36:1	قول	أجوف	-	V	فُلْنَا
25:36:7	ايي	لفيف	0	N	فعَاتِنَا
25:37:8	نوس	أجوف	-	N	فَّاس
25:37:9	ايي	لفيف	0	N	فعَة
25:38:1	عود	أجوف	-	PN	فَادًا
25:38:4	رسس	مضاعف	-	N	فَعّ
25:39:1	كلل	مضاعف	-	N	فُعًّا
25:39:5	كلل	مضاعف	-	N	فُعًّا
25:3:13	ضرر	مضاعف	-	N	فَعًّا
25:3:20	حيي	لفيف	-	N	فَعَاة
25:40:11	راي	ناقص	1	V	يَفَوْنَهَع
25:40:13	كون	أجوف	-	V	فَانُعا
25:40:2	اتي	ناقص	0	V	فَعَوْا
25:40:8	سوا	أجوف	2	N	فَعْء
25:41:2	راي	ناقص	1	V	فَعَوْكَ
25:41:4	اخذ	صحيح سالم	0	V	يَتَّخِذُونَكَ
25:42:13	راي	ناقص	1	V	يَفَوْنَ
25:42:16	ضلل	مضاعف	-	N	أَفَعّ
25:42:2	كود	أجوف	-	V	فَاد
25:42:3	ضلل	مضاعف	-	V	يُفِعُّنَا
25:43:5	هوي	لفيف	-	N	فَعَاهُ
25:44:14	ضلل	مضاعف	-	N	أَفَعّ
25:45:16	دلل	مضاعف	-	N	فَعِيلًا
25:45:2	راي	ناقص	1	V	تَف
25:45:4	ربب	مضاعف	-	N	فَعِّكَ
25:45:6	مدد	مضاعف	-	V	فَعّ
25:45:7	ظلل	مضاعف	-	N	فِعّ
25:45:9	شيا	أجوف	2	V	فَاء
25:48:11	سمو	ناقص	-	N	فَعَاء
25:48:12	موه	أجوف	-	N	فَاء
25:48:4	روح	أجوف	-	N	فِيَاح
25:49:1	حيي	لفيف	-	V	نُفْعِل
25:49:4	موت	أجوف	-	ADJ	فَيْتًا
25:4:1	قول	أجوف	-	V	فَال
25:4:14	جيا	أجوف	2	V	فَاءُوا
25:4:8	فري	ناقص	-	V	افْتَعَاهُ
25:4:9	عون	أجوف	-	V	أَفَانَهُ
25:50:7	نوس	أجوف	-	N	فَاس
25:51:2	شيا	أجوف	2	V	فِئْنَا
25:51:5	كلل	مضاعف	-	N	فُعّ
25:52:2	طوع	أجوف	-	V	تُفِع
25:53:10	اجج	مضاعف	0	N	فُعَال
25:54:10	كون	أجوف	-	V	فَان
25:54:11	ربب	مضاعف	-	N	فَعُّكَ
25:54:5	موه	أجوف	-	N	فَاء
25:55:10	كون	أجوف	-	V	فَان
25:55:13	ربب	مضاعف	-	N	فَعِّهِ
25:55:9	ضرر	مضاعف	-	V	يَفُعُّهُمْ
25:57:1	قول	أجوف	-	V	فُل
25:57:11	اخذ	صحيح سالم	0	V	يَتَّخِذ
25:57:13	ربب	مضاعف	-	N	فَعِّهِ
25:57:9	شيا	أجوف	2	V	فَاء
25:58:3	حيي	لفيف	-	N	فَعّ
25:59:8	ستت	مضاعف	-	N	فِعَّل
25:59:9	يوم	لفيف	-	N	أَفَّام
25:5:1	قول	أجوف	-	V	فَالُعا
25:5:6	ملو	ناقص	-	V	تُفْعَى
25:60:12	زيد	أجوف	-	V	فَادَهُمْ
25:60:2	قول	أجوف	-	V	فِيل
25:60:6	قول	أجوف	-	V	فَالُعا
25:61:11	نور	أجوف	-	N	مُفِيرًا
25:61:5	سمو	ناقص	-	N	فَعَاء
25:62:12	رود	أجوف	-	V	أَفَاد
25:62:8	رود	أجوف	-	V	أَفَاد
25:63:11	قول	أجوف	-	V	فَالُعا
25:63:4	مشي	ناقص	-	V	يَفْعُونَ
25:64:3	ربب	مضاعف	-	N	فَعِّهِمْ
25:64:5	قوم	أجوف	-	N	فِيَامًا
25:65:10	كون	أجوف	-	V	فَان
25:65:3	ربب	مضاعف	-	N	فَعَّنَا
25:66:2	سوا	أجوف	2	V	فَاءَت
25:66:3	قرر	مضاعف	-	N	مُسْتَفَعًّا
25:66:4	قوم	أجوف	-	N	مُفَامًا
25:67:8	كون	أجوف	-	V	فَان
25:68:15	حقق	مضاعف	-	N	فَعّ
25:68:17	زني	ناقص	-	V	يَفْعُونَ
25:68:21	لقي	ناقص	-	V	يَفْع
25:69:5	قوم	أجوف	-	N	فِيَامَة
25:69:8	هون	أجوف	-	N	مُفَانًا
25:6:1	قول	أجوف	-	V	فُل
25:6:10	كون	أجوف	-	V	فَان
25:6:5	سرر	مضاعف	-	N	فِعّ
25:70:11	سوا	أجوف	2	N	فَيِّئَاتِهِمْ
25:70:13	كون	أجوف	-	V	فَان
25:70:3	توب	أجوف	-	V	فَاب
25:71:2	توب	أجوف	-	V	فَاب
25:71:9	توب	أجوف	-	N	مَفَابًا
25:72:6	مرر	مضاعف	-	V	فَعُّوا
25:72:8	مرر	مضاعف	-	V	فَعُّوا
25:73:4	ايي	لفيف	0	N	فعَات
25:73:5	ربب	مضاعف	-	N	فَعِّهِمْ
25:73:7	خرر	مضاعف	-	V	يَفِعُّوا
25:73:9	صمم	مضاعف	-	N	فُعًّا
25:74:12	وقي	لفيف	-	N	مُتَّقِين
25:74:13	امم	مضاعف	0	N	فِعَالًا
25:74:3	ربب	مضاعف	-	N	فَعَّنَا
25:74:4	وهب	مثال	-	V	هَب
25:74:8	ذرر	مضاعف	-	N	فُعِّيَّاتِنَا
25:74:9	قرر	مضاعف	-	N	فُعَّة
25:75:2	جزي	ناقص	-	V	يُفْعَوْنَ
25:75:6	لقي	ناقص	-	V	يُفَعَّوْنَ
25:75:8	حيي	لفيف	-	N	تَفِعَّة
25:76:4	قرر	مضاعف	-	N	مُسْتَفَعًّا
25:76:5	قوم	أجوف	-	N	مُفَامًا
25:77:1	قول	أجوف	-	V	فُل
25:77:5	ربب	مضاعف	-	N	فَعِّي
25:77:7	دعو	ناقص	-	N	فُعَاؤُكُمْ
25:7:1	قول	أجوف	-	V	فَالُعا
25:8:11	قول	أجوف	-	V	فَال
25:8:8	جنن	مضاعف	-	N	فَعَّة
25:9:6	ضلل	مضاعف	-	V	فَعُّوا
25:9:8	طوع	أجوف	-	V	يَسْتَفِيعُعنَ
26:101:3	حمم	مضاعف	-	ADJ	فَعِيل
26:102:4	كرر	مضاعف	-	N	فَعَّة
26:102:7	امن	صحيح سالم	0	N	مُؤْمِنِين
26:103:4	ايي	لفيف	0	N	فعَة
26:103:6	كون	أجوف	-	V	فَان
26:103:8	امن	صحيح سالم	0	N	مُؤْمِنِين
26:104:2	ربب	مضاعف	-	N	فَعَّكَ
26:104:4	عزز	مضاعف	-	N	فَعِيل
26:106:2	قول	أجوف	-	V	فَال
26:106:7	وقي	لفيف	-	V	تَتَّقُفنَ
26:108:1	وقي	لفيف	-	V	اتَّقُفا
26:108:3	طوع	أجوف	-	V	أَفِيعُعنِ
26:109:10	ربب	مضاعف	-	N	فَعّ
26:10:2	ندو	ناقص	-	V	فَاعَى
26:10:3	ربب	مضاعف	-	N	فَعُّكَ
26:10:6	اتي	ناقص	0	V	فئْع
26:110:1	وقي	لفيف	-	V	اتَّقُفا
26:110:3	طوع	أجوف	-	V	أَفِيعُعنِ
26:111:1	قول	أجوف	-	V	فَالُعا
26:112:1	قول	أجوف	-	V	فَال
26:112:5	كون	أجوف	-	V	فَانُعا
26:113:5	ربب	مضاعف	-	N	فَعِّي
26:114:4	امن	صحيح سالم	0	N	مُؤْمِنِين
26:116:1	قول	أجوف	-	V	فَالُعا
26:116:4	نهي	ناقص	-	V	تَفْتَع
26:117:1	قول	أجوف	-	V	فَال
26:117:2	ربب	مضاعف	-	N	فَعِّ
26:118:5	نجو	ناقص	-	V	فَعِّنِي
26:118:9	امن	صحيح سالم	0	N	مُؤْمِنِين
26:119:1	نجو	ناقص	-	V	أَفْعَيْنَاهُ
26:11:4	وقي	لفيف	-	V	يَتَّقُفنَ
26:121:4	ايي	لفيف	0	N	فعَة
26:121:6	كون	أجوف	-	V	فَان
26:121:8	امن	صحيح سالم	0	N	مُؤْمِنِين
26:122:2	ربب	مضاعف	-	N	فَعَّكَ
26:122:4	عزز	مضاعف	-	N	فَعِيل
26:123:2	عود	أجوف	-	PN	فَاد
26:124:2	قول	أجوف	-	V	فَال
26:124:7	وقي	لفيف	-	V	تَتَّقُفنَ
26:126:1	وقي	لفيف	-	V	اتَّقُفا
26:126:3	طوع	أجوف	-	V	أَفِيعُعنِ
26:127:10	ربب	مضاعف	-	N	فَعّ
26:128:1	بني	ناقص	-	V	أَتَفْعُونَ
26:128:2	كلل	مضاعف	-	N	فُعّ
26:128:4	ايي	لفيف	0	N	فعَة
26:129:1	اخذ	صحيح سالم	0	V	تَتَّخِذُونَ
26:12:1	قول	أجوف	-	V	فَال
26:12:2	ربب	مضاعف	-	N	فَعِّ
26:12:4	خوف	أجوف	-	V	أَفَاف
26:131:1	وقي	لفيف	-	V	اتَّقُفا
26:131:3	طوع	أجوف	-	V	أَفِيعُعنِ
26:132:1	وقي	لفيف	-	V	اتَّقُفا
26:132:3	مدد	مضاعف	-	V	أَفَعَّكُمْ
26:133:1	مدد	مضاعف	-	V	أَفَعَّكُمْ
26:134:1	جنن	مضاعف	-	N	فَعَّات
26:135:2	خوف	أجوف	-	V	أَفَاف
26:136:1	قول	أجوف	-	V	فَالُعا
26:136:2	سوي	لفيف	-	N	فَعَاء
26:136:7	كون	أجوف	-	V	تَفُن
26:139:10	امن	صحيح سالم	0	N	مُؤْمِنِين
26:139:6	ايي	لفيف	0	N	فعَة
26:139:8	كون	أجوف	-	V	فَان
26:140:2	ربب	مضاعف	-	N	فَعَّكَ
26:140:4	عزز	مضاعف	-	N	فَعِيل
26:142:2	قول	أجوف	-	V	فَال
26:142:7	وقي	لفيف	-	V	تَتَّقُفنَ
26:144:1	وقي	لفيف	-	V	اتَّقُفا
26:144:3	طوع	أجوف	-	V	أَفِيعُعنِ
26:145:10	ربب	مضاعف	-	N	فَعّ
26:147:2	جنن	مضاعف	-	N	فَعَّات
26:14:4	خوف	أجوف	-	V	أَفَاف
26:150:1	وقي	لفيف	-	V	اتَّقُفا
26:150:3	طوع	أجوف	-	V	أَفِيعُعنِ
26:151:2	طوع	أجوف	-	V	تُفِيعُعا
26:153:1	قول	أجوف	-	V	فَالُعا
26:154:6	اتي	ناقص	0	V	فْع
26:154:7	ايي	لفيف	0	N	فعَة
26:154:9	كون	أجوف	-	V	فُنْتَ
26:155:1	قول	أجوف	-	V	فَال
26:155:3	نوق	أجوف	-	N	فَاقَة
26:156:2	مسس	مضاعف	-	V	تَفَعُّوهَا
26:156:3	سوا	أجوف	2	N	فُعء
26:158:10	امن	صحيح سالم	0	N	مُؤْمِنِين
26:158:6	ايي	لفيف	0	N	فعَة
26:158:8	كون	أجوف	-	V	فَان
26:159:2	ربب	مضاعف	-	N	فَعَّكَ
26:159:4	عزز	مضاعف	-	N	فَعِيل
26:15:1	قول	أجوف	-	V	فَال
26:15:4	ايي	لفيف	0	N	فعَاتِنَا
26:161:2	قول	أجوف	-	V	فَال
26:161:7	وقي	لفيف	-	V	تَتَّقُفنَ
26:163:1	وقي	لفيف	-	V	اتَّقُفا
26:163:3	طوع	أجوف	-	V	أَفِيعُعنِ
26:164:10	ربب	مضاعف	-	N	فَعّ
26:165:1	اتي	ناقص	0	V	فَعَأْتُونَ
26:166:1	وذر	مثال	-	V	تَذَرُفنَ
26:166:5	ربب	مضاعف	-	N	فَعُّكُمْ
26:167:1	قول	أجوف	-	V	فَالُعا
26:167:4	نهي	ناقص	-	V	تَفْتَع
26:168:1	قول	أجوف	-	V	فَال
26:169:1	ربب	مضاعف	-	N	فَعِّ
26:169:2	نجو	ناقص	-	V	فَعِّنِي
26:16:6	ربب	مضاعف	-	N	فَعّ
26:170:1	نجو	ناقص	-	V	فَعَّيْنَاهُ
26:173:4	سوا	أجوف	2	V	فَاء
26:174:4	ايي	لفيف	0	N	فعَة
26:174:6	كون	أجوف	-	V	فَان
26:174:8	امن	صحيح سالم	0	N	مُؤْمِنِين
26:175:2	ربب	مضاعف	-	N	فَعَّكَ
26:175:4	عزز	مضاعف	-	N	فَعِيل
26:177:2	قول	أجوف	-	V	فَال
26:177:6	وقي	لفيف	-	V	تَتَّقُفنَ
26:179:1	وقي	لفيف	-	V	اتَّقُفا
26:179:3	طوع	أجوف	-	V	أَفِيعُعنِ
26:180:10	ربب	مضاعف	-	N	فَعّ
26:181:1	وفي	لفيف	-	V	أَفْعُوا
26:182:1	وزن	مثال	-	V	زِنُفا
26:182:3	قوم	أجوف	-	N	مُسْتَفِيم
26:183:3	نوس	أجوف	-	N	فَاس
26:184:1	وقي	لفيف	-	V	اتَّقُفا
26:185:1	قول	أجوف	-	V	فَالُعا
26:186:7	ظنن	مضاعف	-	V	نَفُعُّكَ
26:187:5	سمو	ناقص	-	N	فَعَاء
26:187:7	كون	أجوف	-	V	فُنْتَ
26:188:1	قول	أجوف	-	V	فَال
26:188:2	ربب	مضاعف	-	N	فَعِّي
26:189:5	ظلل	مضاعف	-	N	فُعَّة
26:189:7	كون	أجوف	-	V	فَان
26:18:1	قول	أجوف	-	V	فَال
26:18:10	سنو	ناقص	-	N	فِعِين
26:18:3	ربو	ناقص	-	V	نُفَعِّكَ
26:190:4	ايي	لفيف	0	N	فعَة
26:190:6	كون	أجوف	-	V	فَان
26:190:8	امن	صحيح سالم	0	N	مُؤْمِنِين
26:191:2	ربب	مضاعف	-	N	فَعَّكَ
26:191:4	عزز	مضاعف	-	N	فَعِيل
26:192:3	ربب	مضاعف	-	N	فَعّ
26:197:2	كون	أجوف	-	V	يَفُن
26:197:4	ايي	لفيف	0	N	فعَة
26:199:4	كون	أجوف	-	V	فَانُعا
26:199:6	امن	صحيح سالم	0	N	مُؤْمِنِين
26:201:2	امن	صحيح سالم	0	V	يُؤْمِنُونَ
26:201:5	راي	ناقص	1	V	يَفَوُع
26:205:4	سنو	ناقص	-	N	فِعِين
26:206:2	جيا	أجوف	2	V	فَاءَهُمْ
26:206:4	كون	أجوف	-	V	فَانُعا
26:207:5	كون	أجوف	-	V	فَانُعا
26:209:3	كون	أجوف	-	V	فُنَّا
26:20:1	قول	أجوف	-	V	فَال
26:20:6	ضلل	مضاعف	-	N	فَاعِّين
26:211:5	طوع	أجوف	-	V	يَسْتَفِيعُعنَ
26:213:2	دعو	ناقص	-	V	تَفْع
26:215:6	امن	صحيح سالم	0	N	مُؤْمِنِين
26:216:2	عصي	ناقص	-	V	فَعَوْكَ
26:216:3	قول	أجوف	-	V	فُل
26:216:5	برا	صحيح سالم	2	N	فَعِيء
26:217:3	عزز	مضاعف	-	N	فَعِيل
26:218:2	راي	ناقص	1	V	يَفَعكَ
26:21:1	فرر	مضاعف	-	V	فَعَلْتُ
26:21:4	خوف	أجوف	-	V	فِفْتُكُمْ
26:21:7	ربب	مضاعف	-	N	فَعِّي
26:221:2	نبا	صحيح سالم	2	V	أُفَعِّئُكُمْ
26:222:3	كلل	مضاعف	-	N	فُعّ
26:223:1	لقي	ناقص	-	V	يُفْعُونَ
26:224:3	غوي	لفيف	-	N	فَاعُون
26:225:2	راي	ناقص	1	V	تَف
26:225:5	كلل	مضاعف	-	N	فُعّ
26:225:6	ودي	لفيف	-	N	فَاع
26:22:3	منن	مضاعف	-	V	تَفُعُّهَا
26:23:1	قول	أجوف	-	V	فَال
26:23:4	ربب	مضاعف	-	N	فَعّ
26:24:1	قول	أجوف	-	V	فَال
26:24:2	ربب	مضاعف	-	N	فَعّ
26:24:8	كون	أجوف	-	V	فُنْتُمْ
26:24:9	يقن	مثال	-	N	مُوقِنِفن
26:25:1	قول	أجوف	-	V	فَال
26:26:1	قول	أجوف	-	V	فَال
26:26:2	ربب	مضاعف	-	N	فَعُّكُمْ
26:26:3	ربب	مضاعف	-	N	فَعّ
26:26:4	ابو	ناقص	0	N	فعَائِكُمُ
26:27:1	قول	أجوف	-	V	فَال
26:27:7	جنن	مضاعف	-	N	مَفْعُول
26:28:1	قول	أجوف	-	V	فَال
26:28:2	ربب	مضاعف	-	N	فَعّ
26:28:8	كون	أجوف	-	V	فُنْتُمْ
26:29:1	قول	أجوف	-	V	فَال
26:2:2	ايي	لفيف	0	N	فعَات
26:30:1	قول	أجوف	-	V	فَال
26:30:3	جيا	أجوف	2	V	فِئْتُكَ
26:30:4	شيا	أجوف	2	N	فَعْء
26:31:1	قول	أجوف	-	V	فَال
26:31:2	اتي	ناقص	0	V	فْع
26:31:5	كون	أجوف	-	V	فُنْتَ
26:32:2	عصو	ناقص	-	N	فَعَاهُ
26:33:2	يدي	لفيف	-	N	فَعَهُ
26:34:1	قول	أجوف	-	V	فَال
26:35:1	رود	أجوف	-	V	يُفِيد
26:36:1	قول	أجوف	-	V	فَالُعا
26:36:2	رجو	ناقص	-	V	أَفْعِهْ
26:36:3	اخو	ناقص	0	N	فَعَاهُ
26:37:1	اتي	ناقص	0	V	يَفْعُوكَ
26:37:2	كلل	مضاعف	-	N	فُعّ
26:38:3	وقت	مثال	-	N	مِيقَات
26:39:1	قول	أجوف	-	V	فِيل
26:39:2	نوس	أجوف	-	N	فَّاس
26:3:6	امن	صحيح سالم	0	N	مُؤْمِنِين
26:40:5	كون	أجوف	-	V	فَانُعا
26:41:10	كون	أجوف	-	V	فُنَّا
26:41:2	جيا	أجوف	2	V	فَاء
26:41:4	قول	أجوف	-	V	فَالُعا
26:42:1	قول	أجوف	-	V	فَال
26:43:1	قول	أجوف	-	V	فَال
26:43:4	لقي	ناقص	-	V	أَفْعُوا
26:43:7	لقي	ناقص	-	N	مُفْعُون
26:44:1	لقي	ناقص	-	V	أَفْعَوْا
26:44:3	عصو	ناقص	-	N	فِعِيَّهُمْ
26:44:4	قول	أجوف	-	V	فَالُعا
26:44:5	عزز	مضاعف	-	N	فِعَّة
26:45:3	عصو	ناقص	-	N	فَعَاهُ
26:47:1	قول	أجوف	-	V	فَالُعا
26:47:3	ربب	مضاعف	-	N	فَعّ
26:48:1	ربب	مضاعف	-	N	فَعّ
26:49:1	قول	أجوف	-	V	فَال
26:4:2	شيا	أجوف	2	V	نَفَأ
26:4:6	سمو	ناقص	-	N	فَعَاء
26:4:7	ايي	لفيف	0	N	فعَة
26:4:8	ظلل	مضاعف	-	V	فَعَّت
26:50:1	قول	أجوف	-	V	فَالُعا
26:50:6	ربب	مضاعف	-	N	فَعِّنَا
26:51:11	امن	صحيح سالم	0	N	مُؤْمِنِين
26:51:6	ربب	مضاعف	-	N	فَعُّنَا
26:51:9	كون	أجوف	-	V	فُنَّا
26:52:5	سري	ناقص	-	V	أَفْع
26:54:4	قلل	مضاعف	-	ADJ	فَعِيلُون
26:55:3	غيظ	أجوف	-	N	فَائِظُون
26:57:3	جنن	مضاعف	-	N	فَعَّات
26:58:2	قوم	أجوف	-	N	مَفَام
26:5:9	كون	أجوف	-	V	فَانُعا
26:61:4	قول	أجوف	-	V	فَال
26:62:1	قول	أجوف	-	V	فَال
26:62:5	ربب	مضاعف	-	N	فَعِّي
26:63:10	كلل	مضاعف	-	N	فُعّ
26:63:6	عصو	ناقص	-	N	فَعَاكَ
26:63:9	كون	أجوف	-	V	فَان
26:65:1	نجو	ناقص	-	V	أَفْعَيْنَا
26:67:4	ايي	لفيف	0	N	فعَة
26:67:6	كون	أجوف	-	V	فَان
26:67:8	امن	صحيح سالم	0	N	مُؤْمِنِين
26:68:2	ربب	مضاعف	-	N	فَعَّكَ
26:68:4	عزز	مضاعف	-	N	فَعِيل
26:69:1	تلو	ناقص	-	V	افْع
26:6:6	كون	أجوف	-	V	فَانُعا
26:6:8	هزا	صحيح سالم	2	V	يَسْتَفْعِئُونَ
26:70:2	قول	أجوف	-	V	فَال
26:70:3	ابو	ناقص	0	N	فَعِيهِ
26:71:1	قول	أجوف	-	V	فَالُعا
26:71:4	ظلل	مضاعف	-	V	نَفَعّ
26:72:1	قول	أجوف	-	V	فَال
26:73:4	ضرر	مضاعف	-	V	يَفُعُّونَ
26:74:1	قول	أجوف	-	V	فَالُعا
26:74:4	ابو	ناقص	0	N	فعَاءَنَا
26:75:1	قول	أجوف	-	V	فَال
26:75:4	كون	أجوف	-	V	فُنْتُمْ
26:76:2	ابو	ناقص	0	N	فعَاؤُكُمُ
26:77:5	ربب	مضاعف	-	N	فَعّ
26:7:2	راي	ناقص	1	V	يَفَوْع
26:7:9	كلل	مضاعف	-	N	فُعّ
26:81:2	موت	أجوف	-	V	يُفِيتُنِي
26:81:4	حيي	لفيف	-	V	يُفْعِلنِ
26:82:6	خطا	صحيح سالم	2	N	فَعِيئَتِي
26:83:1	ربب	مضاعف	-	N	فَعِّ
26:83:2	وهب	مثال	-	V	هَب
26:85:4	جنن	مضاعف	-	N	فَعَّة
26:86:2	ابو	ناقص	0	N	فَعِي
26:86:4	كون	أجوف	-	V	فَان
26:86:6	ضلل	مضاعف	-	N	فَاعِّين
26:88:4	مول	أجوف	-	N	فَال
26:88:6	بني	ناقص	-	N	فَعُون
26:8:4	ايي	لفيف	0	N	فعَة
26:8:6	كون	أجوف	-	V	فَان
26:8:8	امن	صحيح سالم	0	N	مُؤْمِنِين
26:90:2	جنن	مضاعف	-	PN	فَعَّة
26:90:3	وقي	لفيف	-	N	مُتَّقِين
26:92:1	قول	أجوف	-	V	فِيل
26:92:5	كون	أجوف	-	V	فُنْتُمْ
26:94:4	غوي	لفيف	-	N	فَاعُون
26:96:1	قول	أجوف	-	V	فَالُعا
26:97:3	كون	أجوف	-	V	فُنَّا
26:97:5	ضلل	مضاعف	-	N	فَعَال
26:98:3	ربب	مضاعف	-	N	فَعّ
26:99:2	ضلل	مضاعف	-	V	أَفَعَّنَا
26:9:2	ربب	مضاعف	-	N	فَعَّكَ
26:9:4	عزز	مضاعف	-	N	فَعِيل
27:10:1	لقي	ناقص	-	V	أَفْع
27:10:14	خوف	أجوف	-	V	تَفَف
27:10:17	خوف	أجوف	-	V	يَفَاف
27:10:2	عصو	ناقص	-	N	فَعَاكَ
27:10:4	راي	ناقص	1	V	فَعهَا
27:10:5	هزز	مضاعف	-	V	تَفْتَعّ
27:10:7	جنن	مضاعف	-	N	فَاعّ
27:11:8	سوا	أجوف	2	N	فُعء
27:12:12	ايي	لفيف	0	N	فعَات
27:12:17	كون	أجوف	-	V	فَانُعا
27:12:2	يدي	لفيف	-	N	فَعَكَ
27:12:9	سوا	أجوف	2	N	فُعء
27:13:2	جيا	أجوف	2	V	فَاءَتْهُمْ
27:13:3	ايي	لفيف	0	N	فعَاتُنَا
27:13:5	قول	أجوف	-	V	فَالُعا
27:14:9	كون	أجوف	-	V	فَان
27:15:15	امن	صحيح سالم	0	ADJ	مُؤْمِنِين
27:15:6	قول	أجوف	-	V	فَالَا
27:15:8	اله	صحيح سالم	0	PN	لَّه
27:16:12	كلل	مضاعف	-	N	فُعّ
27:16:13	شيا	أجوف	2	N	فَعْء
27:16:4	قول	أجوف	-	V	فَال
27:16:6	نوس	أجوف	-	N	فَاس
27:17:5	جنن	مضاعف	-	N	فِعّ
27:18:3	اتي	ناقص	0	V	فَعَوْا
27:18:5	ودي	لفيف	-	N	فَاع
27:18:7	قول	أجوف	-	V	فَالَت
27:19:19	رضو	ناقص	-	V	تَفْعَاهُ
27:19:5	قول	أجوف	-	V	فَال
27:19:6	ربب	مضاعف	-	N	فَعِّ
27:1:3	ايي	لفيف	0	N	فعَات
27:20:10	كون	أجوف	-	V	فَان
27:20:12	غيب	أجوف	-	N	فَائِبِعن
27:20:3	قول	أجوف	-	V	فَال
27:20:7	راي	ناقص	1	V	أَفَى
27:21:3	شدد	مضاعف	-	ADJ	فَعِيلًا
27:22:10	جيا	أجوف	2	V	فِئْتُكَ
27:22:4	قول	أجوف	-	V	فَال
27:22:5	حوط	أجوف	-	V	أَفَطْتُ
27:22:8	حوط	أجوف	-	V	تُفِط
27:23:7	كلل	مضاعف	-	N	فُعّ
27:23:8	شيا	أجوف	2	N	فَعْء
27:24:12	صدد	مضاعف	-	V	فَعَّهُمْ
27:24:17	هدي	ناقص	-	V	يَفْتَعُونَ
27:25:12	خفي	ناقص	-	V	تُفْعُونَ
27:25:3	اله	صحيح سالم	0	PN	لَّه
27:25:6	خبا	صحيح سالم	2	N	فَعْء
27:26:6	ربب	مضاعف	-	N	فَعّ
27:27:1	قول	أجوف	-	V	فَال
27:27:5	كون	أجوف	-	V	فُنْتَ
27:28:4	لقي	ناقص	-	V	أَفْعِهْ
27:28:7	ولي	لفيف	-	V	تَفَعّ
27:29:1	قول	أجوف	-	V	فَالَت
27:2:3	امن	صحيح سالم	0	N	مُؤْمِنِين
27:30:5	سمو	ناقص	-	N	فْع
27:32:1	قول	أجوف	-	V	فَالَت
27:32:8	كون	أجوف	-	V	فُنْتُ
27:33:1	قول	أجوف	-	V	فَالُعا
27:33:4	قوي	لفيف	-	N	فُعَّة
27:33:7	شدد	مضاعف	-	ADJ	فَعِيل
27:34:1	قول	أجوف	-	V	فَالَت
27:34:11	ذلل	مضاعف	-	ADJ	أَفِعَّة
27:34:9	عزز	مضاعف	-	N	أَفِعَّة
27:36:12	اتي	ناقص	0	V	فعَاكُمْ
27:36:2	جيا	أجوف	2	V	فَاء
27:36:4	قول	أجوف	-	V	فَال
27:36:5	مدد	مضاعف	-	V	أَتُفِعُّونَنِ
27:36:6	مول	أجوف	-	N	فَال
27:37:11	ذلل	مضاعف	-	N	أَفِعَّة
27:38:1	قول	أجوف	-	V	فَال
27:39:1	قول	أجوف	-	V	فَال
27:39:12	قوم	أجوف	-	N	مَفَامِكَ
27:39:4	جنن	مضاعف	-	N	فِعّ
27:3:2	قوم	أجوف	-	V	يُفِيمُعنَ
27:3:3	صلو	ناقص	-	N	فَعَاة
27:3:4	اتي	ناقص	0	V	يُؤْتُونَ
27:3:5	زكو	ناقص	-	N	فَعَاة
27:40:1	قول	أجوف	-	V	فَال
27:40:12	ردد	مضاعف	-	V	يَفْتَعّ
27:40:16	راي	ناقص	1	V	فَعهُ
27:40:17	قرر	مضاعف	-	N	مُسْتَفِعًّا
27:40:19	قول	أجوف	-	V	فَال
27:40:23	ربب	مضاعف	-	N	فَعِّي
27:40:36	ربب	مضاعف	-	N	فَعِّي
27:41:1	قول	أجوف	-	V	فَال
27:41:12	هدي	ناقص	-	V	يَفْتَعُونَ
27:42:13	كون	أجوف	-	V	فُنَّا
27:42:2	جيا	أجوف	2	V	فَاءَت
27:42:3	قول	أجوف	-	V	فِيل
27:42:6	قول	أجوف	-	V	فَالَت
27:43:1	صدد	مضاعف	-	V	فَعَّهَا
27:43:3	كون	أجوف	-	V	فَانَت
27:43:9	كون	أجوف	-	V	فَانَت
27:44:1	قول	أجوف	-	V	فِيل
27:44:11	سوق	أجوف	-	N	فَاقَيْهَا
27:44:12	قول	أجوف	-	V	فَال
27:44:17	قرر	مضاعف	-	N	فَوَاعِيل
27:44:18	قول	أجوف	-	V	فَالَت
27:44:19	ربب	مضاعف	-	N	فَعِّ
27:44:26	اله	صحيح سالم	0	PN	لَّه
27:44:27	ربب	مضاعف	-	N	فَعّ
27:44:6	راي	ناقص	1	V	فَعَتْهُ
27:44:8	لجج	مضاعف	-	N	فُعَّة
27:45:5	اخو	ناقص	0	N	فَعَاهُمْ
27:46:1	قول	أجوف	-	V	فَال
27:46:5	سوا	أجوف	2	N	فَيِّئَة
27:47:1	قول	أجوف	-	V	فَالُعا
27:47:6	قول	أجوف	-	V	فَال
27:47:7	طير	أجوف	-	N	فَائِرُكُمْ
27:48:1	كون	أجوف	-	V	فَان
27:49:1	قول	أجوف	-	V	فَالُعا
27:4:4	امن	صحيح سالم	0	V	يُؤْمِنُونَ
27:51:3	كون	أجوف	-	V	فَان
27:52:9	ايي	لفيف	0	N	فعَة
27:53:1	نجو	ناقص	-	V	أَفْعَيْنَا
27:53:4	كون	أجوف	-	V	فَانُعا
27:53:5	وقي	لفيف	-	V	يَتَّقُفنَ
27:54:3	قول	أجوف	-	V	فَال
27:54:5	اتي	ناقص	0	V	فَعَأْتُونَ
27:55:2	اتي	ناقص	0	V	تَفْعُونَ
27:55:7	نسو	ناقص	-	N	فِعَاء
27:56:2	كون	أجوف	-	V	فَان
27:56:7	قول	أجوف	-	V	فَالُعا
27:56:9	اول	أجوف	0	N	فل
27:57:1	نجو	ناقص	-	V	أَفْعَيْنَاهُ
27:58:4	سوا	أجوف	2	V	فَاء
27:59:1	قول	أجوف	-	V	فُل
27:59:3	اله	صحيح سالم	0	PN	لَّه
27:59:8	صفو	ناقص	-	V	افْطَعَى
27:5:4	سوا	أجوف	2	N	فُعء
27:60:16	كون	أجوف	-	V	فَان
27:60:8	سمو	ناقص	-	N	فَعَاء
27:60:9	موه	أجوف	-	N	فَاء
27:61:10	رسو	ناقص	-	N	فَوَاعِي
27:61:4	قرر	مضاعف	-	N	فَعَالًا
27:61:6	خلل	مضاعف	-	N	فِعَالَهَا
27:62:14	قلل	مضاعف	-	ADJ	فَعِيلًا
27:62:2	جوب	أجوف	-	V	يُفِيب
27:62:3	ضرر	مضاعف	-	N	مُفْطَعّ
27:62:5	دعو	ناقص	-	V	فَعَاهُ
27:62:7	سوا	أجوف	2	N	فُعء
27:63:17	علو	ناقص	-	V	تَفَاعَى
27:63:5	برر	مضاعف	-	N	فَعّ
27:63:9	روح	أجوف	-	N	فِيَاح
27:64:14	قول	أجوف	-	V	فُل
27:64:18	كون	أجوف	-	V	فُنْتُمْ
27:64:5	عود	أجوف	-	V	يُفِيدُهُ
27:64:9	سمو	ناقص	-	N	فَعَاء
27:65:1	قول	أجوف	-	V	فُل
27:66:14	عمي	ناقص	-	N	فَعُون
27:66:9	شكك	مضاعف	-	N	فَعّ
27:67:1	قول	أجوف	-	V	فَال
27:67:5	كون	أجوف	-	V	فُنَّا
27:67:7	ابو	ناقص	0	N	فعَاؤُنَا
27:68:5	ابو	ناقص	0	N	فعَاؤُنَا
27:69:1	قول	أجوف	-	V	فُل
27:69:7	كون	أجوف	-	V	فَان
27:70:5	كون	أجوف	-	V	تَفُن
27:71:6	كون	أجوف	-	V	فُنْتُمْ
27:72:1	قول	أجوف	-	V	فُل
27:73:2	ربب	مضاعف	-	N	فَعَّكَ
27:73:6	نوس	أجوف	-	N	فَاس
27:74:2	ربب	مضاعف	-	N	فَعَّكَ
27:74:5	كنن	مضاعف	-	V	تُفِعّ
27:75:3	غيب	أجوف	-	N	فَائِبَة
27:75:5	سمو	ناقص	-	N	فَعَاء
27:76:4	قصص	مضاعف	-	V	يَفُعّ
27:77:4	امن	صحيح سالم	0	N	مُؤْمِنِين
27:78:2	ربب	مضاعف	-	N	فَعَّكَ
27:78:7	عزز	مضاعف	-	N	فَعِيل
27:79:6	حقق	مضاعف	-	N	فَعّ
27:7:16	صلي	ناقص	-	V	تَفْطَعُونَ
27:7:2	قول	أجوف	-	V	فَال
27:7:7	نور	أجوف	-	N	فَارًا
27:80:10	ولي	لفيف	-	V	فَعَّوْا
27:80:7	صمم	مضاعف	-	N	فُعّ
27:80:8	دعو	ناقص	-	N	فُعَاء
27:81:11	امن	صحيح سالم	0	V	يُؤْمِن
27:81:12	ايي	لفيف	0	N	فعَاتِنَا
27:81:6	ضلل	مضاعف	-	N	فَعَالَتِهِمْ
27:82:12	نوس	أجوف	-	N	فَاس
27:82:13	كون	أجوف	-	V	فَانُعا
27:82:14	ايي	لفيف	0	N	فعَاتِنَا
27:82:7	دبب	مضاعف	-	N	فَاعَّة
27:83:4	كلل	مضاعف	-	N	فُعّ
27:83:5	امم	مضاعف	0	N	فُعَّة
27:83:9	ايي	لفيف	0	N	فعَاتِنَا
27:84:12	كون	أجوف	-	V	فُنْتُمْ
27:84:3	جيا	أجوف	2	V	فَاءُوا
27:84:4	قول	أجوف	-	V	فَال
27:84:6	ايي	لفيف	0	N	فعَاتِل
27:84:8	حوط	أجوف	-	V	تُفِيطُعا
27:86:13	ايي	لفيف	0	N	فعَات
27:86:15	امن	صحيح سالم	0	V	يُؤْمِنُونَ
27:86:2	راي	ناقص	1	V	يَفَوْع
27:87:14	شيا	أجوف	2	V	فَاء
27:87:16	كلل	مضاعف	-	N	فُعّ
27:87:17	اتي	ناقص	0	V	فَعَوْهُ
27:88:1	راي	ناقص	1	V	تَفَى
27:88:13	كلل	مضاعف	-	N	فُعّ
27:88:14	شيا	أجوف	2	N	فَعْء
27:88:6	مرر	مضاعف	-	V	تَفُعّ
27:88:7	مرر	مضاعف	-	N	فَعّ
27:89:2	جيا	أجوف	2	V	فَاء
27:8:13	ربب	مضاعف	-	N	فَعّ
27:8:2	جيا	أجوف	2	V	فَاءَهَا
27:8:3	ندو	ناقص	-	V	فُوعِي
27:8:8	نور	أجوف	-	N	فَار
27:90:12	كون	أجوف	-	V	فُنْتُمْ
27:90:2	جيا	أجوف	2	V	فَاء
27:90:3	سوا	أجوف	2	N	فَيِّئَة
27:90:4	كبب	مضاعف	-	V	فُعَّت
27:90:7	نور	أجوف	-	N	فَار
27:90:9	جزي	ناقص	-	V	تُفْعَوْنَ
27:91:11	كلل	مضاعف	-	N	فُعّ
27:91:12	شيا	أجوف	2	N	فَعْء
27:91:5	ربب	مضاعف	-	N	فَعّ
27:92:10	ضلل	مضاعف	-	V	فَعّ
27:92:11	قول	أجوف	-	V	فُل
27:93:1	قول	أجوف	-	V	فُل
27:93:3	اله	صحيح سالم	0	PN	لَّه
27:93:4	راي	ناقص	1	V	يُفِيكُمْ
27:93:5	ايي	لفيف	0	N	فعَاتِهِ
27:93:8	ربب	مضاعف	-	N	فَعُّكَ
27:9:5	عزز	مضاعف	-	ADJ	فَعِيل
28:10:17	امن	صحيح سالم	0	N	مُؤْمِنِين
28:10:3	امم	مضاعف	0	N	فُعّ
28:10:7	كود	أجوف	-	V	فَادَت
28:10:8	بدو	ناقص	-	V	تُفْعِي
28:11:1	قول	أجوف	-	V	فَالَت
28:11:2	اخو	ناقص	0	N	فُعْتِهِ
28:11:3	قصص	مضاعف	-	V	فُعِّيهِ
28:12:6	قول	أجوف	-	V	فَالَت
28:12:8	دلل	مضاعف	-	V	أَفُعُّكُمْ
28:13:1	ردد	مضاعف	-	V	فَعَلْنَاهُ
28:13:13	حقق	مضاعف	-	N	فَعّ
28:13:3	امم	مضاعف	0	N	فُعِّهِ
28:13:5	قرر	مضاعف	-	V	تَفَعّ
28:14:3	شدد	مضاعف	-	N	أَفُعَّهُ
28:15:18	غوث	أجوف	-	V	اسْتَفَاثَهُ
28:15:30	قول	أجوف	-	V	فَال
28:15:37	ضلل	مضاعف	-	N	مُفِعّ
28:16:1	قول	أجوف	-	V	فَال
28:16:2	ربب	مضاعف	-	N	فَعِّ
28:17:1	قول	أجوف	-	V	فَال
28:17:2	ربب	مضاعف	-	N	فَعِّ
28:18:11	قول	أجوف	-	V	فَال
28:18:4	خوف	أجوف	-	N	فَائِفًا
28:19:10	قول	أجوف	-	V	فَال
28:19:12	رود	أجوف	-	V	أَتُفِيد
28:19:20	رود	أجوف	-	V	تُفِيد
28:19:28	رود	أجوف	-	V	تُفِيد
28:19:3	رود	أجوف	-	V	أَفَاد
28:20:1	جيا	أجوف	2	V	فَاء
28:20:4	قصو	ناقص	-	N	أَفْعَى
28:20:7	قول	أجوف	-	V	فَال
28:21:3	خوف	أجوف	-	N	فَائِفًا
28:21:5	قول	أجوف	-	V	فَال
28:21:6	ربب	مضاعف	-	N	فَعِّ
28:21:7	نجو	ناقص	-	V	فَعِّنِي
28:22:10	سوي	لفيف	-	N	فَعَاء
28:22:3	لقي	ناقص	-	N	تِفْعَاء
28:22:5	قول	أجوف	-	V	فَال
28:22:7	ربب	مضاعف	-	N	فَعِّي
28:23:10	سقي	ناقص	-	V	يَفْعُونَ
28:23:16	قول	أجوف	-	V	فَال
28:23:19	قول	أجوف	-	V	فَالَتَا
28:23:24	رعي	ناقص	-	N	فِعَاء
28:23:3	موه	أجوف	-	N	فَاء
28:23:7	امم	مضاعف	0	N	فُعَّة
28:23:9	نوس	أجوف	-	N	فَاس
28:24:6	ظلل	مضاعف	-	N	فِعّ
28:24:7	قول	أجوف	-	V	فَال
28:24:8	ربب	مضاعف	-	N	فَعِّ
28:25:1	جيا	أجوف	2	V	فَاءَتْهُ
28:25:16	جيا	أجوف	2	V	فَاءَهُ
28:25:17	قصص	مضاعف	-	V	فَعّ
28:25:19	قصص	مضاعف	-	N	فَعَل
28:25:20	قول	أجوف	-	V	فَال
28:25:22	خوف	أجوف	-	V	تَفَف
28:25:5	حيي	لفيف	-	N	اسْتِفْعَاء
28:25:6	قول	أجوف	-	V	فَالَت
28:25:8	ابو	ناقص	0	N	فَعِي
28:26:1	قول	أجوف	-	V	فَالَت
28:26:3	ابو	ناقص	0	N	يَف أَعَتِ
28:27:1	قول	أجوف	-	V	فَال
28:27:13	حجج	مضاعف	-	N	فِعَل
28:27:15	تمم	مضاعف	-	V	أَفْعَلْتَ
28:27:20	رود	أجوف	-	V	أُفِيد
28:27:22	شقق	مضاعف	-	V	أَفُعّ
28:27:24	وجد	مثال	-	V	تَجِدُنِي
28:27:26	شيا	أجوف	2	V	فَاء
28:27:3	رود	أجوف	-	V	أُفِيد
28:28:1	قول	أجوف	-	V	فَال
28:29:11	نور	أجوف	-	N	فَارًا
28:29:12	قول	أجوف	-	V	فَال
28:29:17	نور	أجوف	-	N	فَارًا
28:29:25	نور	أجوف	-	N	فَار
28:29:27	صلي	ناقص	-	V	تَفْطَعُونَ
28:29:5	سير	أجوف	-	V	فَار
28:2:2	ايي	لفيف	0	N	فعَات
28:30:18	ربب	مضاعف	-	N	فَعّ
28:30:2	اتي	ناقص	0	V	فَعَاهَا
28:30:3	ندو	ناقص	-	V	فُوعِي
28:30:5	شطا	صحيح سالم	2	N	فَاعِئ
28:30:6	ودي	لفيف	-	N	فَاع
28:31:16	خوف	أجوف	-	V	تَفَف
28:31:2	لقي	ناقص	-	V	أَفْع
28:31:3	عصو	ناقص	-	N	فَعَاكَ
28:31:5	راي	ناقص	1	V	فَعهَا
28:31:6	هزز	مضاعف	-	V	تَفْتَعّ
28:31:8	جنن	مضاعف	-	N	فَاعّ
28:32:10	ضمم	مضاعف	-	V	افْعُل
28:32:18	ربب	مضاعف	-	N	فَعِّكَ
28:32:2	يدي	لفيف	-	N	فَعَكَ
28:32:21	ملا	صحيح سالم	2	N	فَعَئِهِ
28:32:23	كون	أجوف	-	V	فَانُعا
28:32:9	سوا	أجوف	2	N	فُعء
28:33:1	قول	أجوف	-	V	فَال
28:33:2	ربب	مضاعف	-	N	فَعِّ
28:33:7	خوف	أجوف	-	V	أَفَاف
28:34:1	اخو	ناقص	0	N	فَعِي
28:34:12	خوف	أجوف	-	V	أَفَاف
28:35:1	قول	أجوف	-	V	فَال
28:35:11	ايي	لفيف	0	N	فعَاتِنَا
28:35:2	شدد	مضاعف	-	V	نَفُعّ
28:35:4	اخو	ناقص	0	N	فَعِيكَ
28:35:9	وصل	مثال	-	V	يَصِلُفنَ
28:36:16	ابو	ناقص	0	N	فعَائِنَا
28:36:2	جيا	أجوف	2	V	فَاءَهُمْ
28:36:4	ايي	لفيف	0	N	فعَاتِنَا
28:36:6	قول	أجوف	-	V	فَالُعا
28:37:1	قول	أجوف	-	V	فَال
28:37:14	دور	أجوف	-	N	فَار
28:37:3	ربب	مضاعف	-	N	فَعِّي
28:37:6	جيا	أجوف	2	V	فَاء
28:38:1	قول	أجوف	-	V	فَال
28:38:25	ظنن	مضاعف	-	V	أَفُعُّهُ
28:39:7	حقق	مضاعف	-	N	فَعّ
28:39:8	ظنن	مضاعف	-	V	فَعُّوا
28:3:7	حقق	مضاعف	-	N	فَعّ
28:3:9	امن	صحيح سالم	0	V	يُؤْمِنُونَ
28:40:5	يمم	مضاعف	-	N	فَعّ
28:40:8	كون	أجوف	-	V	فَان
28:41:2	امم	مضاعف	0	N	فَئِعَّة
28:41:5	نور	أجوف	-	N	فَار
28:41:7	قوم	أجوف	-	N	فِيَامَة
28:42:4	دنو	ناقص	-	N	فُعْيَا
28:42:7	قوم	أجوف	-	N	فِيَامَة
28:43:12	نوس	أجوف	-	N	فَّاس
28:44:11	كون	أجوف	-	V	فُنْتَ
28:44:2	كون	أجوف	-	V	فُنْتَ
28:45:15	ايي	لفيف	0	N	فعَاتِنَا
28:45:17	كون	أجوف	-	V	فُنَّا
28:45:8	كون	أجوف	-	V	فُنْتَ
28:46:10	ربب	مضاعف	-	N	فَعِّكَ
28:46:14	اتي	ناقص	0	V	فَعَاهُمْ
28:46:2	كون	أجوف	-	V	فُنْتَ
28:46:6	ندو	ناقص	-	V	فَاعَيْنَا
28:47:15	ايي	لفيف	0	N	فعَاتِكَ
28:47:18	امن	صحيح سالم	0	N	مُؤْمِنِين
28:47:3	صوب	أجوف	-	V	تُفِيبَهُمْ
28:47:4	صوب	أجوف	-	N	مُفِيبَة
28:47:9	ربب	مضاعف	-	N	فَعَّنَا
28:48:2	جيا	أجوف	2	V	فَاءَهُمُ
28:48:20	قول	أجوف	-	V	فَالُعا
28:48:23	قول	أجوف	-	V	فَالُعا
28:48:25	كلل	مضاعف	-	N	فُعّ
28:48:3	حقق	مضاعف	-	N	فَعّ
28:48:6	قول	أجوف	-	V	فَالُعا
28:49:1	قول	أجوف	-	V	فُل
28:49:12	كون	أجوف	-	V	فُنْتُمْ
28:49:2	اتي	ناقص	0	V	فْعُوا
28:4:10	طوف	أجوف	-	N	فَائِفَة
28:4:13	بني	ناقص	-	N	أَفْعَاءَهُمْ
28:4:14	حيي	لفيف	-	V	يَسْتَفْعِل
28:4:15	نسو	ناقص	-	N	فِعَاءَهُمْ
28:4:17	كون	أجوف	-	V	فَان
28:4:3	علو	ناقص	-	V	فَعَا
28:50:10	ضلل	مضاعف	-	N	أَفَعّ
28:50:13	هوي	لفيف	-	N	فَعَاهُ
28:50:3	جوب	أجوف	-	V	يَسْتَفِيبُعا
28:50:8	هوي	لفيف	-	N	أَفْعَاءَهُمْ
28:52:8	امن	صحيح سالم	0	V	يُؤْمِنُونَ
28:53:10	ربب	مضاعف	-	N	فَعِّنَا
28:53:12	كون	أجوف	-	V	فُنَّا
28:53:2	تلو	ناقص	-	V	يُفْعَى
28:53:4	قول	أجوف	-	V	فَالُعا
28:53:8	حقق	مضاعف	-	N	فَعّ
28:54:2	اتي	ناقص	0	V	يُؤْتَوْنَ
28:54:4	مرر	مضاعف	-	N	فَعَّتَيْن
28:54:7	درا	صحيح سالم	2	V	يَفْعَءُونَ
28:54:9	سوا	أجوف	2	N	فَيِّئَة
28:55:6	قول	أجوف	-	V	فَالُعا
28:56:10	شيا	أجوف	2	V	يَفَاء
28:56:5	حبب	مضاعف	-	V	أَفْعَلْتَ
28:57:1	قول	أجوف	-	V	فَالُعا
28:57:17	كلل	مضاعف	-	N	فُعّ
28:57:18	شيا	أجوف	2	N	فَعْء
28:58:14	قلل	مضاعف	-	N	فَعِيلًا
28:58:15	كون	أجوف	-	V	فُنَّا
28:59:13	ايي	لفيف	0	N	فعَاتِنَا
28:59:15	كون	أجوف	-	V	فُنَّا
28:59:2	كون	أجوف	-	V	فَان
28:59:3	ربب	مضاعف	-	N	فَعُّكَ
28:59:9	امم	مضاعف	0	N	فُعِّهَا
28:5:1	رود	أجوف	-	V	نُفِيد
28:5:10	امم	مضاعف	0	N	فَئِعَّة
28:5:3	منن	مضاعف	-	V	نَفُعّ
28:60:4	شيا	أجوف	2	N	فَعْء
28:60:6	حيي	لفيف	-	N	فَعَاة
28:60:7	دنو	ناقص	-	ADJ	فُعْيَا
28:61:10	حيي	لفيف	-	N	فَعَاة
28:61:11	دنو	ناقص	-	ADJ	فُعْيَا
28:61:15	قوم	أجوف	-	N	فِيَامَة
28:62:2	ندو	ناقص	-	V	يُفَاعِيهِمْ
28:62:7	كون	أجوف	-	V	فُنْتُمْ
28:63:1	قول	أجوف	-	V	فَال
28:63:16	كون	أجوف	-	V	فَانُعا
28:63:3	حقق	مضاعف	-	V	فَعّ
28:63:6	ربب	مضاعف	-	N	فَعَّنَا
28:64:1	قول	أجوف	-	V	فِيل
28:64:12	كون	أجوف	-	V	فَانُعا
28:64:13	هدي	ناقص	-	V	يَفْتَعُونَ
28:64:6	جوب	أجوف	-	V	يَسْتَفِيبُعا
28:64:8	راي	ناقص	1	V	فَعَوُا
28:65:2	ندو	ناقص	-	V	يُفَاعِيهِمْ
28:65:5	جوب	أجوف	-	V	أَفَبْتُمُ
28:67:3	توب	أجوف	-	V	فَاب
28:68:1	ربب	مضاعف	-	N	فَعُّكَ
28:68:12	علو	ناقص	-	V	تَفَاعَى
28:68:4	شيا	أجوف	2	V	يَفَاء
28:68:5	خير	أجوف	-	V	يَفْتَار
28:68:7	كون	أجوف	-	V	فَان
28:69:1	ربب	مضاعف	-	N	فَعُّكَ
28:69:4	كنن	مضاعف	-	V	تُفِعّ
28:6:11	كون	أجوف	-	V	فَانُعا
28:6:5	راي	ناقص	1	V	نُفِي
28:71:1	قول	أجوف	-	V	فُل
28:71:11	قوم	أجوف	-	N	فِيَامَة
28:71:17	ضوا	أجوف	2	N	فِيَاء
28:72:1	قول	أجوف	-	V	فُل
28:72:11	قوم	أجوف	-	N	فِيَامَة
28:73:9	بغي	ناقص	-	V	تَفْتَعُوا
28:74:2	ندو	ناقص	-	V	يُفَاعِيهِمْ
28:74:7	كون	أجوف	-	V	فُنْتُمْ
28:75:11	حقق	مضاعف	-	N	فَعّ
28:75:12	اله	صحيح سالم	0	PN	لَّه
28:75:13	ضلل	مضاعف	-	V	فَعّ
28:75:16	كون	أجوف	-	V	فَانُعا
28:75:17	فري	ناقص	-	V	يَفْتَعُونَ
28:75:3	كلل	مضاعف	-	N	فُعّ
28:75:4	امم	مضاعف	0	N	فُعَّة
28:75:6	قول	أجوف	-	V	فُلْنَا
28:76:15	نوا	أجوف	2	V	تَفُعء
28:76:18	قوي	لفيف	-	N	فُعَّة
28:76:20	قول	أجوف	-	V	فَال
28:76:28	حبب	مضاعف	-	V	يُفِعّ
28:76:3	كون	أجوف	-	V	فَان
28:77:1	بغي	ناقص	-	V	افْتَع
28:77:11	دنو	ناقص	-	N	فُعْيَا
28:77:18	بغي	ناقص	-	V	تَفْع
28:77:25	حبب	مضاعف	-	V	يُفِعّ
28:77:3	اتي	ناقص	0	V	فعَاكَ
28:77:5	دور	أجوف	-	N	فَار
28:77:8	نسي	ناقص	-	V	تَفْع
28:78:1	قول	أجوف	-	V	فَال
28:78:19	شدد	مضاعف	-	N	أَفَعّ
28:78:21	قوي	لفيف	-	N	فُعَّة
28:79:10	دنو	ناقص	-	ADJ	فُعْيَا
28:79:19	حظظ	مضاعف	-	N	فَعّ
28:79:6	قول	أجوف	-	V	فَال
28:79:8	رود	أجوف	-	V	يُفِيدُعنَ
28:79:9	حيي	لفيف	-	N	فَعَاة
28:7:12	يمم	مضاعف	-	N	فَعّ
28:7:14	خوف	أجوف	-	V	تَفَافِي
28:7:18	ردد	مضاعف	-	N	فَاعُّوهُ
28:7:3	امم	مضاعف	0	N	فُعّ
28:7:8	خوف	أجوف	-	V	فِفْتِ
28:80:1	قول	أجوف	-	V	فَال
28:80:14	لقي	ناقص	-	V	يُفَعَّاهَا
28:80:3	اتي	ناقص	0	V	فُوعُوا
28:81:15	كون	أجوف	-	V	فَان
28:81:3	دور	أجوف	-	N	فَارِهِ
28:81:6	كون	أجوف	-	V	فَان
28:81:9	فاي	ناقص	1	N	فِئَة
28:82:12	شيا	أجوف	2	V	يَفَاء
28:82:18	منن	مضاعف	-	V	فَعّ
28:82:3	مني	ناقص	-	V	تَفَعَّوْا
28:82:4	كون	أجوف	-	N	مَفَانَهُ
28:83:14	وقي	لفيف	-	N	مُتَّقِين
28:83:2	دور	أجوف	-	N	فَار
28:83:7	رود	أجوف	-	V	يُفِيدُعنَ
28:84:14	سوا	أجوف	2	N	فَيِّئَات
28:84:17	كون	أجوف	-	V	فَانُعا
28:84:2	جيا	أجوف	2	V	فَاء
28:84:8	جيا	أجوف	2	V	فَاء
28:84:9	سوا	أجوف	2	N	فَيِّئَة
28:85:10	ربب	مضاعف	-	N	فَعِّي
28:85:13	جيا	أجوف	2	V	فَاء
28:85:18	ضلل	مضاعف	-	N	فَعَال
28:85:6	ردد	مضاعف	-	N	فَاعُّكَ
28:85:8	عود	أجوف	-	N	مَفَاد
28:85:9	قول	أجوف	-	V	فُل
28:86:11	ربب	مضاعف	-	N	فَعِّكَ
28:86:2	كون	أجوف	-	V	فُنْتَ
28:87:10	دعو	ناقص	-	V	افْع
28:87:12	ربب	مضاعف	-	N	فَعِّكَ
28:87:2	صدد	مضاعف	-	V	يَفُعُّنَّكَ
28:87:4	ايي	لفيف	0	N	فعَات
28:88:11	كلل	مضاعف	-	N	فُعّ
28:88:12	شيا	أجوف	2	N	فَعْء
28:88:2	دعو	ناقص	-	V	تَفْع
28:8:12	كون	أجوف	-	V	فَانُعا
28:8:13	خطا	صحيح سالم	2	N	فَاعِئِين
28:8:2	اول	أجوف	0	N	فل
28:9:1	قول	أجوف	-	V	فَالَت
28:9:14	اخذ	صحيح سالم	0	V	نَتَّخِذَهُ
28:9:4	قرر	مضاعف	-	N	فُعَّت
29:10:13	نوس	أجوف	-	N	فَاس
29:10:17	جيا	أجوف	2	V	فَاء
29:10:2	نوس	أجوف	-	N	فَاس
29:10:20	ربب	مضاعف	-	N	فَعِّكَ
29:10:23	كون	أجوف	-	V	فُنَّا
29:12:1	قول	أجوف	-	V	فَال
29:12:16	شيا	أجوف	2	N	فَعْء
29:13:10	كون	أجوف	-	V	فَانُعا
29:13:11	فري	ناقص	-	V	يَفْتَعُونَ
29:13:8	قوم	أجوف	-	N	فِيَامَة
29:14:12	عوم	أجوف	-	N	فَامًا
29:14:9	سنو	ناقص	-	N	فَعَة
29:15:1	نجو	ناقص	-	V	أَفْعَيْنَاهُ
29:15:5	ايي	لفيف	0	N	فعَة
29:16:12	كون	أجوف	-	V	فُنْتُمْ
29:16:3	قول	أجوف	-	V	فَال
29:16:7	وقي	لفيف	-	V	اتَّقُفهُ
29:17:19	بغي	ناقص	-	V	افْتَعُوا
29:18:5	امم	مضاعف	0	N	فُعَل
29:19:2	راي	ناقص	1	V	يَفَوْع
29:19:4	بدا	صحيح سالم	2	V	يُفْعِئ
29:19:8	عود	أجوف	-	V	يُفِيدُهُ
29:20:1	قول	أجوف	-	V	فُل
29:20:11	نشا	صحيح سالم	2	V	يُفْعِئ
29:20:17	كلل	مضاعف	-	N	فُعّ
29:20:18	شيا	أجوف	2	N	فَعْء
29:21:3	شيا	أجوف	2	V	يَفَاء
29:21:6	شيا	أجوف	2	V	يَفَاء
29:22:8	سمو	ناقص	-	N	فَعَاء
29:23:3	ايي	لفيف	0	N	فعَات
29:23:5	لقي	ناقص	-	N	فِعَائِهِ
29:23:7	ياس	مثال	1	V	فَئِسُوع
29:24:11	نجو	ناقص	-	V	أَفْعَاهُ
29:24:14	نور	أجوف	-	N	فَار
29:24:18	ايي	لفيف	0	N	فعَات
29:24:2	كون	أجوف	-	V	فَان
29:24:20	امن	صحيح سالم	0	V	يُؤْمِنُونَ
29:24:7	قول	أجوف	-	V	فَالُعا
29:25:1	قول	أجوف	-	V	فَال
29:25:11	حيي	لفيف	-	N	فَعَاة
29:25:12	دنو	ناقص	-	ADJ	فُعْيَا
29:25:15	قوم	أجوف	-	N	فِيَامَة
29:25:22	اوي	لفيف	0	N	مَفْعَاكُمُ
29:25:23	نور	أجوف	-	N	فَار
29:25:8	ودد	مضاعف	-	N	مَفَعَّة
29:26:11	عزز	مضاعف	-	N	فَعِيل
29:26:4	قول	أجوف	-	V	فَال
29:26:8	ربب	مضاعف	-	N	فَعِّي
29:27:13	دنو	ناقص	-	N	فُعْيَا
29:27:7	ذرر	مضاعف	-	N	فُعِّيَّتِهِ
29:27:8	نبا	صحيح سالم	2	N	فُعُوَّة
29:28:3	قول	أجوف	-	V	فَال
29:28:6	اتي	ناقص	0	V	تَفْعُونَ
29:29:11	كون	أجوف	-	V	فَان
29:29:16	قول	أجوف	-	V	فَالُعا
29:29:17	اتي	ناقص	0	V	فئْعِنَا
29:29:2	اتي	ناقص	0	V	تَفْعُونَ
29:29:21	كون	أجوف	-	V	فُنْتَ
29:29:6	اتي	ناقص	0	V	تَفْعُونَ
29:29:8	ندو	ناقص	-	N	فَاعِيكُمُ
29:2:2	نوس	أجوف	-	N	فَاس
29:30:1	قول	أجوف	-	V	فَال
29:30:2	ربب	مضاعف	-	N	فَعِّ
29:31:14	كون	أجوف	-	V	فَانُعا
29:31:2	جيا	أجوف	2	V	فَاءَت
29:31:6	قول	أجوف	-	V	فَالُعا
29:32:1	قول	أجوف	-	V	فَال
29:32:10	نجو	ناقص	-	V	فُنَعِّيَنَّهُ
29:32:14	كون	أجوف	-	V	فَانَت
29:32:5	قول	أجوف	-	V	فَالُعا
29:33:11	قول	أجوف	-	V	فَالُعا
29:33:13	خوف	أجوف	-	V	تَفَف
29:33:21	كون	أجوف	-	V	فَانَت
29:33:3	جيا	أجوف	2	V	فَاءَت
29:33:6	سوا	أجوف	2	V	فِيء
29:33:8	ضيق	أجوف	-	V	فَاق
29:34:11	كون	أجوف	-	V	فَانُعا
29:34:9	سمو	ناقص	-	N	فَعَاء
29:35:4	ايي	لفيف	0	N	فعَة
29:36:3	اخو	ناقص	0	N	فَعَاهُمْ
29:36:5	قول	أجوف	-	V	فَال
29:37:6	دور	أجوف	-	N	فَارِهِمْ
29:38:1	عود	أجوف	-	PN	فَادًا
29:38:12	صدد	مضاعف	-	V	فَعَّهُمْ
29:38:15	كون	أجوف	-	V	فَانُعا
29:39:12	كون	أجوف	-	V	فَانُعا
29:39:5	جيا	أجوف	2	V	فَاءَهُمْ
29:40:1	كلل	مضاعف	-	N	فُعًّا
29:40:22	كون	أجوف	-	V	فَان
29:40:26	كون	أجوف	-	V	فَانُعا
29:41:18	كون	أجوف	-	V	فَانُعا
29:42:11	عزز	مضاعف	-	N	فَعِيل
29:42:9	شيا	أجوف	2	N	فَعْء
29:43:4	نوس	أجوف	-	N	فَّاس
29:44:10	امن	صحيح سالم	0	N	مُؤْمِنِين
29:44:5	حقق	مضاعف	-	N	فَعّ
29:44:9	ايي	لفيف	0	N	فعَة
29:45:1	تلو	ناقص	-	V	افْع
29:45:10	صلو	ناقص	-	N	فَعَاة
29:45:7	قوم	أجوف	-	V	أَفِم
29:45:8	صلو	ناقص	-	N	فَعَاة
29:47:13	امن	صحيح سالم	0	V	يُؤْمِن
29:47:17	ايي	لفيف	0	N	فعَاتِنَا
29:47:8	امن	صحيح سالم	0	V	يُؤْمِنُونَ
29:48:12	ريب	أجوف	-	V	افْتَاب
29:48:2	كون	أجوف	-	V	فُنْتَ
29:48:9	خطط	مضاعف	-	V	تَفُعُّهُ
29:49:12	ايي	لفيف	0	N	فعَاتِنَا
29:49:3	ايي	لفيف	0	N	فعَات
29:49:8	اتي	ناقص	0	V	فُوعُوا
29:4:5	سوا	أجوف	2	N	فَيِّئَات
29:4:8	سوا	أجوف	2	V	فَاء
29:50:1	قول	أجوف	-	V	فَالُعا
29:50:10	ايي	لفيف	0	N	فعَات
29:50:5	ايي	لفيف	0	N	فعَات
29:50:7	ربب	مضاعف	-	N	فَعِّهِ
29:50:8	قول	أجوف	-	V	فُل
29:51:15	امن	صحيح سالم	0	V	يُؤْمِنُونَ
29:51:2	كفي	ناقص	-	V	يَفْعِهِمْ
29:51:7	تلو	ناقص	-	V	يُفْعَى
29:52:1	قول	أجوف	-	V	فُل
29:53:5	سمو	ناقص	-	N	مُفَعًّى
29:53:6	جيا	أجوف	2	V	فَاءَهُمُ
29:54:5	حوط	أجوف	-	N	مُفِيطَة
29:55:12	كون	أجوف	-	V	فُنْتُمْ
29:55:2	غشو	ناقص	-	V	يَفْعَاهُمُ
29:57:1	كلل	مضاعف	-	N	فُعّ
29:57:3	ذوق	أجوف	-	N	فَائِقَة
29:58:5	بوا	أجوف	2	V	نُفَعِّئَنَّهُمْ
29:58:7	جنن	مضاعف	-	PN	فَعَّة
29:59:4	ربب	مضاعف	-	N	فَعِّهِمْ
29:5:2	كون	أجوف	-	V	فَان
29:5:4	لقي	ناقص	-	N	فِعَاء
29:5:9	اتي	ناقص	0	N	فع
29:60:3	دبب	مضاعف	-	N	فَاعَّة
29:61:13	افك	صحيح سالم	0	V	يُؤْفَكُونَ
29:62:12	كلل	مضاعف	-	N	فُعّ
29:62:13	شيا	أجوف	2	N	فَعْء
29:62:5	شيا	أجوف	2	V	يَفَاء
29:63:16	قول	أجوف	-	V	فُل
29:63:18	اله	صحيح سالم	0	PN	لَّه
29:63:6	سمو	ناقص	-	N	فَعَاء
29:63:7	موه	أجوف	-	N	فَاء
29:63:8	حيي	لفيف	-	V	أَفْعَا
29:64:12	حيي	لفيف	-	N	فَعَوَان
29:64:14	كون	أجوف	-	V	فَانُعا
29:64:3	حيي	لفيف	-	N	فَعَاة
29:64:4	دنو	ناقص	-	ADJ	فُعْيَا
29:64:9	دور	أجوف	-	N	فَار
29:65:11	نجو	ناقص	-	V	فَعَّاهُمْ
29:65:13	برر	مضاعف	-	N	فَعّ
29:67:12	امن	صحيح سالم	0	V	يُؤْمِنُونَ
29:67:2	راي	ناقص	1	V	يَفَوْع
29:67:8	نوس	أجوف	-	N	فَاس
29:68:10	حقق	مضاعف	-	N	فَعّ
29:68:12	جيا	أجوف	2	V	فَاءَهُ
29:7:11	كون	أجوف	-	V	فَانُعا
29:7:7	سوا	أجوف	2	N	فَيِّئَاتِهِمْ
29:8:15	طوع	أجوف	-	V	تُفِعْهُمَا
29:8:18	نبا	صحيح سالم	2	V	أُفَعِّئُكُمْ
29:8:20	كون	أجوف	-	V	فُنْتُمْ
2:100:1	كلل	مضاعف	-	T	أَوَفُعَّمَا
2:100:10	امن	صحيح سالم	0	V	يُؤْمِنُونَ
2:101:14	اتي	ناقص	0	V	فُوعُوا
2:101:18	وري	لفيف	-	LOC	فَعَاء
2:101:2	جيا	أجوف	2	V	فَاءَهُمْ
2:102:15	نوس	أجوف	-	N	فَاس
2:102:41	مرا	صحيح سالم	2	N	فَعْء
2:102:45	ضرر	مضاعف	-	N	فَاعِّين
2:102:54	ضرر	مضاعف	-	V	يَفُعُّهُمْ
2:102:60	شري	ناقص	-	V	افْتَعَاهُ
2:102:67	باس	صحيح سالم	1	V	فِئْس
2:102:69	شري	ناقص	-	V	فَعَوْا
2:102:73	كون	أجوف	-	V	فَانُعا
2:103:11	كون	أجوف	-	V	فَانُعا
2:103:4	وقي	لفيف	-	V	اتَّقَفْا
2:104:6	رعي	ناقص	-	V	فَاعِنَا
2:105:16	ربب	مضاعف	-	N	فَعِّكُمْ
2:105:18	خصص	مضاعف	-	V	يَفْتَعّ
2:105:2	ودد	مضاعف	-	V	يَفَعّ
2:105:21	شيا	أجوف	2	V	يَفَاء
2:106:17	كلل	مضاعف	-	N	فُعّ
2:106:18	شيا	أجوف	2	N	فَعْء
2:106:4	ايي	لفيف	0	N	فعَة
2:106:6	نسي	ناقص	-	V	فُنْعِهَا
2:106:7	اتي	ناقص	0	V	نَفْع
2:108:16	ضلل	مضاعف	-	V	فَعّ
2:108:17	سوي	لفيف	-	N	فَعَاء
2:108:2	رود	أجوف	-	V	تُفِيدُعنَ
2:108:7	سال	صحيح سالم	1	V	فُئِل
2:109:1	ودد	مضاعف	-	V	فَعّ
2:109:21	حقق	مضاعف	-	N	فَعّ
2:109:31	كلل	مضاعف	-	N	فُعّ
2:109:32	شيا	أجوف	2	N	فَعْء
2:109:7	ردد	مضاعف	-	V	يَفُعُّونَكُمْ
2:10:11	كون	أجوف	-	V	فَانُعا
2:10:4	زيد	أجوف	-	V	فَادَهُمُ
2:110:1	قوم	أجوف	-	V	أَفِيمُعا
2:110:10	وجد	مثال	-	V	تَجِدُفهُ
2:110:2	صلو	ناقص	-	N	فَعَاة
2:110:3	اتي	ناقص	0	V	فعُوا
2:110:4	زكو	ناقص	-	N	فَعَاة
2:111:1	قول	أجوف	-	V	فَالُعا
2:111:13	قول	أجوف	-	V	فُل
2:111:17	كون	أجوف	-	V	فُنْتُمْ
2:111:4	جنن	مضاعف	-	PN	فَعَّة
2:111:7	كون	أجوف	-	V	فَان
2:112:11	ربب	مضاعف	-	N	فَعِّهِ
2:112:5	اله	صحيح سالم	0	PN	لَّه
2:113:1	قول	أجوف	-	V	فَالَت
2:113:12	شيا	أجوف	2	N	فَعْء
2:113:17	قول	أجوف	-	V	فَال
2:113:27	قوم	أجوف	-	N	فِيَامَة
2:113:29	كون	أجوف	-	V	فَانُعا
2:113:6	شيا	أجوف	2	N	فَعْء
2:113:7	قول	أجوف	-	V	فَالَت
2:114:10	سمو	ناقص	-	N	افْعُهُ
2:114:16	كون	أجوف	-	V	فَان
2:114:21	خوف	أجوف	-	N	فَائِفِين
2:114:24	دنو	ناقص	-	N	فُعْيَا
2:115:1	اله	صحيح سالم	0	PN	لَّه
2:115:5	ولي	لفيف	-	V	تُفَعُّوا
2:116:1	قول	أجوف	-	V	فَالُعا
2:116:12	كلل	مضاعف	-	N	فُعّ
2:117:10	كون	أجوف	-	V	فُن
2:118:1	قول	أجوف	-	V	فَال
2:118:10	ايي	لفيف	0	N	فعَة
2:118:12	قول	أجوف	-	V	فَال
2:118:22	ايي	لفيف	0	N	فعَات
2:119:3	حقق	مضاعف	-	N	فَعّ
2:11:2	قول	أجوف	-	V	فِيل
2:11:8	قول	أجوف	-	V	فَالُعا
2:120:10	قول	أجوف	-	V	فُل
2:120:18	هوي	لفيف	-	N	أَفْعَاءَهُمْ
2:120:2	رضو	ناقص	-	V	تَفْعَى
2:120:21	جيا	أجوف	2	V	فَاءَكَ
2:120:9	ملل	مضاعف	-	N	فِعَّتَهُمْ
2:121:5	حقق	مضاعف	-	N	فَعّ
2:121:8	امن	صحيح سالم	0	V	يُؤْمِنُونَ
2:123:1	وقي	لفيف	-	V	اتَّقُفا
2:124:10	نوس	أجوف	-	N	فَّاس
2:124:11	امم	مضاعف	0	N	فِعَالًا
2:124:12	قول	أجوف	-	V	فَال
2:124:14	ذرر	مضاعف	-	N	فُعِّيَّتِي
2:124:15	قول	أجوف	-	V	فَال
2:124:17	نيل	أجوف	-	V	يَفَال
2:124:2	بلو	ناقص	-	V	افْتَعَى
2:124:4	ربب	مضاعف	-	N	فَعُّهُ
2:124:6	تمم	مضاعف	-	V	أَفَعَّهُنَّ
2:124:7	قول	أجوف	-	V	فَال
2:125:11	صلو	ناقص	-	N	مُفَعًّى
2:125:19	طوف	أجوف	-	N	فَّائِفِين
2:125:4	ثوب	أجوف	-	N	مَفَابَة
2:125:5	نوس	أجوف	-	N	فَّاس
2:125:9	قوم	أجوف	-	N	مَفَام
2:126:19	قول	أجوف	-	V	فَال
2:126:2	قول	أجوف	-	V	فَال
2:126:23	قلل	مضاعف	-	N	فَعِيلًا
2:126:25	ضرر	مضاعف	-	V	أَفْطَعُّهُ
2:126:28	نور	أجوف	-	N	فَار
2:126:29	باس	صحيح سالم	1	V	فِئْس
2:126:4	ربب	مضاعف	-	N	فَعِّ
2:127:8	ربب	مضاعف	-	N	فَعَّنَا
2:128:1	ربب	مضاعف	-	N	فَعَّنَا
2:128:10	راي	ناقص	1	V	أَفِنَع
2:128:12	توب	أجوف	-	V	فُب
2:128:6	ذرر	مضاعف	-	N	فُعِّيَّتِنَا
2:128:7	امم	مضاعف	0	N	فُعَّة
2:129:1	ربب	مضاعف	-	N	فَعَّنَا
2:129:12	زكو	ناقص	-	V	يُفَعِّيهِمْ
2:129:15	عزز	مضاعف	-	N	فَعِيل
2:129:8	ايي	لفيف	0	N	فعَاتِكَ
2:130:11	صفو	ناقص	-	V	افْطَعَيْنَاهُ
2:130:13	دنو	ناقص	-	N	فُعْيَا
2:130:4	ملل	مضاعف	-	N	فِعَّة
2:131:2	قول	أجوف	-	V	فَال
2:131:4	ربب	مضاعف	-	N	فَعُّهُ
2:131:6	قول	أجوف	-	V	فَال
2:131:8	ربب	مضاعف	-	N	فَعّ
2:132:9	صفو	ناقص	-	V	افْطَعَى
2:133:15	قول	أجوف	-	V	فَالُعا
2:133:19	ابو	ناقص	0	N	فعَائِكَ
2:133:2	كون	أجوف	-	V	فُنْتُمْ
2:133:9	قول	أجوف	-	V	فَال
2:134:14	كون	أجوف	-	V	فَانُعا
2:134:2	امم	مضاعف	0	N	فُعَّة
2:134:4	خلو	ناقص	-	V	فَعَت
2:135:1	قول	أجوف	-	V	فَالُعا
2:135:13	كون	أجوف	-	V	فَان
2:135:6	هدي	ناقص	-	V	تَفْتَعُوا
2:135:7	قول	أجوف	-	V	فُل
2:135:9	ملل	مضاعف	-	N	فِعَّة
2:136:21	نبا	صحيح سالم	2	N	فَعِيُّون
2:136:23	ربب	مضاعف	-	N	فَعِّهِمْ
2:137:10	ولي	لفيف	-	V	تَفَعَّوْا
2:137:14	شقق	مضاعف	-	N	فِعَال
2:137:8	هدي	ناقص	-	V	افْتَعَوْا
2:139:1	قول	أجوف	-	V	فُل
2:139:2	حجج	مضاعف	-	V	أَتُفَاعُّونَنَا
2:139:6	ربب	مضاعف	-	N	فَعُّنَا
2:139:7	ربب	مضاعف	-	N	فَعُّكُمْ
2:13:2	قول	أجوف	-	V	فِيل
2:13:7	نوس	أجوف	-	N	فَاس
2:13:8	قول	أجوف	-	V	فَالُعا
2:140:13	قول	أجوف	-	V	فُل
2:140:9	كون	أجوف	-	V	فَانُعا
2:141:14	كون	أجوف	-	V	فَانُعا
2:141:2	امم	مضاعف	0	N	فُعَّة
2:141:4	خلو	ناقص	-	V	فَعَت
2:142:10	كون	أجوف	-	V	فَانُعا
2:142:12	قول	أجوف	-	V	فُل
2:142:13	اله	صحيح سالم	0	PN	لَّه
2:142:18	شيا	أجوف	2	V	يَفَاء
2:142:21	قوم	أجوف	-	ADJ	مُسْتَفِيم
2:142:4	نوس	أجوف	-	N	فَاس
2:142:6	ولي	لفيف	-	V	فَعَّاهُمْ
2:143:17	كون	أجوف	-	V	فُنْتَ
2:143:29	كون	أجوف	-	V	فَانَت
2:143:3	امم	مضاعف	0	N	فُعَّة
2:143:37	كون	أجوف	-	V	فَان
2:143:43	نوس	أجوف	-	N	فَاس
2:143:44	راف	صحيح سالم	1	N	فَءُوف
2:143:8	نوس	أجوف	-	N	فَاس
2:144:10	ولي	لفيف	-	V	فَعّ
2:144:17	كون	أجوف	-	V	فُنْتُمْ
2:144:18	ولي	لفيف	-	V	فَعُّوا
2:144:2	راي	ناقص	1	V	نَفَى
2:144:23	اتي	ناقص	0	V	فُوعُوا
2:144:27	حقق	مضاعف	-	N	فَعّ
2:144:29	ربب	مضاعف	-	N	فَعِّهِمْ
2:144:6	سمو	ناقص	-	N	فَعَاء
2:144:9	رضو	ناقص	-	V	تَفْعَاهَا
2:145:22	هوي	لفيف	-	N	أَفْعَاءَهُمْ
2:145:26	جيا	أجوف	2	V	فَاءَكَ
2:145:4	اتي	ناقص	0	V	فُوعُوا
2:145:6	كلل	مضاعف	-	N	فُعّ
2:145:7	ايي	لفيف	0	N	فعَة
2:146:12	حقق	مضاعف	-	N	فَعّ
2:146:7	بني	ناقص	-	N	أَفْعَاءَهُمْ
2:147:1	حقق	مضاعف	-	N	فَعّ
2:147:3	ربب	مضاعف	-	N	فَعِّكَ
2:148:1	كلل	مضاعف	-	N	فُعّ
2:148:10	اتي	ناقص	0	V	يَفْع
2:148:17	كلل	مضاعف	-	N	فُعّ
2:148:18	شيا	أجوف	2	N	فَعْء
2:149:10	حقق	مضاعف	-	N	فَعّ
2:149:12	ربب	مضاعف	-	N	فَعِّكَ
2:149:4	ولي	لفيف	-	V	فَعّ
2:14:11	قول	أجوف	-	V	فَالُعا
2:14:16	هزا	صحيح سالم	2	N	مُسْتَفْعِئُون
2:14:2	لقي	ناقص	-	V	فَعُوا
2:14:5	قول	أجوف	-	V	فَالُعا
2:150:11	كون	أجوف	-	V	فُنْتُمْ
2:150:12	ولي	لفيف	-	V	فَعُّوا
2:150:17	نوس	أجوف	-	N	فَّاس
2:150:19	حجج	مضاعف	-	N	فُعَّة
2:150:25	خشي	ناقص	-	V	تَفْعَوْهُمْ
2:150:27	تمم	مضاعف	-	V	أُفِعّ
2:150:31	هدي	ناقص	-	V	تَفْتَعُونَ
2:150:4	ولي	لفيف	-	V	فَعّ
2:151:8	ايي	لفيف	0	N	فعَاتِنَا
2:151:9	زكو	ناقص	-	V	يُفَعِّيكُمْ
2:153:4	عون	أجوف	-	V	اسْتَفِينُعا
2:153:6	صلو	ناقص	-	N	فَعَاة
2:154:10	حيي	لفيف	-	N	أَفْعَاء
2:155:2	شيا	أجوف	2	N	فَعْء
2:156:3	صوب	أجوف	-	V	أَفَابَتْهُمْ
2:156:4	صوب	أجوف	-	N	مُفِيبَة
2:156:5	قول	أجوف	-	V	فَالُعا
2:156:7	اله	صحيح سالم	0	PN	لَّه
2:157:5	ربب	مضاعف	-	N	فَعِّهِمْ
2:157:9	هدي	ناقص	-	N	مُفْتَعُون
2:158:8	حجج	مضاعف	-	V	فَعّ
2:159:13	نوس	أجوف	-	N	فَّاس
2:15:2	هزا	صحيح سالم	2	V	يَسْتَفْعِئ
2:15:4	مدد	مضاعف	-	V	يَفُعُّهُمْ
2:160:3	توب	أجوف	-	V	فَابُعا
2:161:12	نوس	أجوف	-	N	فَاس
2:161:4	موت	أجوف	-	V	فَاتُعا
2:162:4	خفف	مضاعف	-	V	يُفَعَّل
2:164:16	نوس	أجوف	-	N	فَاس
2:164:21	سمو	ناقص	-	N	فَعَاء
2:164:23	موه	أجوف	-	N	فَاء
2:164:24	حيي	لفيف	-	V	أَفْعَا
2:164:29	بثث	مضاعف	-	V	فَعّ
2:164:32	كلل	مضاعف	-	N	فُعّ
2:164:33	دبب	مضاعف	-	N	فَاعَّة
2:164:35	روح	أجوف	-	N	فِيَاح
2:164:39	سمو	ناقص	-	N	فَعَاء
2:164:41	ايي	لفيف	0	N	فعَات
2:165:10	حبب	مضاعف	-	N	فُعّ
2:165:14	شدد	مضاعف	-	N	أَفَعّ
2:165:15	حبب	مضاعف	-	N	فُعًّا
2:165:16	اله	صحيح سالم	0	PN	لَّه
2:165:18	راي	ناقص	1	V	يَفَى
2:165:2	نوس	أجوف	-	N	فَاس
2:165:22	راي	ناقص	1	V	يَفَوْنَ
2:165:25	قوي	لفيف	-	N	فُعَّة
2:165:26	اله	صحيح سالم	0	PN	لَّه
2:165:30	شدد	مضاعف	-	N	فَعِيل
2:165:4	اخذ	صحيح سالم	0	V	يَتَّخِذ
2:165:8	ندد	مضاعف	-	N	أَفْعَالًا
2:165:9	حبب	مضاعف	-	V	يُفِعُّونَهُمْ
2:166:12	سبب	مضاعف	-	N	أَفْعَال
2:166:8	راي	ناقص	1	V	فَعَوُا
2:167:1	قول	أجوف	-	V	فَال
2:167:14	راي	ناقص	1	V	يُفِيهِمُ
2:167:23	نور	أجوف	-	N	فَار
2:167:7	كرر	مضاعف	-	N	فَعَّة
2:168:2	نوس	أجوف	-	N	فَاس
2:168:3	اكل	صحيح سالم	0	V	كُلُوف
2:168:7	حلل	مضاعف	-	N	فَعَالًا
2:169:3	سوا	أجوف	2	N	فُعء
2:16:10	كون	أجوف	-	V	فَانُعا
2:16:3	شري	ناقص	-	V	افْتَعَوُا
2:16:4	ضلل	مضاعف	-	N	فَعَالَة
2:170:12	لفو	ناقص	-	V	أَفْعَيْنَا
2:170:14	ابو	ناقص	0	N	فعَاءَنَا
2:170:16	كون	أجوف	-	V	فَان
2:170:17	ابو	ناقص	0	N	فعَاؤُهُمْ
2:170:2	قول	أجوف	-	V	فِيل
2:170:22	هدي	ناقص	-	V	يَفْتَعُونَ
2:170:8	قول	أجوف	-	V	فَالُعا
2:171:11	دعو	ناقص	-	N	فُعَاء
2:171:12	ندو	ناقص	-	N	فِعَاء
2:171:13	صمم	مضاعف	-	N	فُعّ
2:172:10	اله	صحيح سالم	0	PN	لَّه
2:172:12	كون	أجوف	-	V	فُنْتُمْ
2:172:4	اكل	صحيح سالم	0	V	كُلُوف
2:173:14	ضرر	مضاعف	-	V	افْطُعّ
2:173:16	بغي	ناقص	-	N	فَاع
2:173:18	عدو	ناقص	-	N	فَاع
2:173:4	موت	أجوف	-	N	فَيْتَة
2:173:5	دمو	ناقص	-	N	فَع
2:173:9	هلل	مضاعف	-	V	أُفِعّ
2:174:12	قلل	مضاعف	-	ADJ	فَعِيلًا
2:174:19	نور	أجوف	-	N	فَار
2:174:24	قوم	أجوف	-	N	فِيَامَة
2:174:26	زكو	ناقص	-	V	يُفَعِّيهِمْ
2:174:9	شري	ناقص	-	V	يَفْتَعُونَ
2:175:11	نور	أجوف	-	N	فَار
2:175:3	شري	ناقص	-	V	افْتَعَوُا
2:175:4	ضلل	مضاعف	-	N	فَعَالَة
2:176:13	شقق	مضاعف	-	N	فِعَال
2:176:6	حقق	مضاعف	-	N	فَعّ
2:177:10	برر	مضاعف	-	N	فِعّ
2:177:18	نبا	صحيح سالم	2	N	فَعِيِّين
2:177:2	برر	مضاعف	-	N	فِعّ
2:177:20	مول	أجوف	-	N	فَال
2:177:22	حبب	مضاعف	-	N	فُعِّهِ
2:177:27	بني	ناقص	-	N	افْع
2:177:32	قوم	أجوف	-	V	أَفَام
2:177:33	صلو	ناقص	-	N	فَعَاة
2:177:35	زكو	ناقص	-	N	فَعَاة
2:177:36	وفي	لفيف	-	N	مُفعُون
2:177:4	ولي	لفيف	-	V	تُفَعُّوا
2:177:43	ضرر	مضاعف	-	N	فَعَّاء
2:177:51	وقي	لفيف	-	N	مُتَّقُفن
2:178:10	حرر	مضاعف	-	N	فُعّ
2:178:16	عفو	ناقص	-	V	فُعِي
2:178:19	اخو	ناقص	0	N	فَعِيهِ
2:178:20	شيا	أجوف	2	N	فَعْء
2:178:23	ادي	ناقص	0	N	فَعَاء
2:178:27	خفف	مضاعف	-	N	تَفْعِيل
2:178:29	ربب	مضاعف	-	N	فَعِّكُمْ
2:178:32	عدو	ناقص	-	V	افْتَعَى
2:178:6	قصص	مضاعف	-	N	فِعَال
2:178:9	حرر	مضاعف	-	N	فُعّ
2:179:3	قصص	مضاعف	-	N	فِعَال
2:179:4	حيي	لفيف	-	N	فَعَاة
2:179:6	لبب	مضاعف	-	N	أَفْعَال
2:179:8	وقي	لفيف	-	V	تَتَّقُفنَ
2:17:5	نور	أجوف	-	N	فَارًا
2:17:7	ضوا	أجوف	2	V	أَفَاءَت
2:180:14	حقق	مضاعف	-	N	فَعًّا
2:180:16	وقي	لفيف	-	N	مُتَّقِين
2:182:2	خوف	أجوف	-	V	فَاف
2:182:4	وصي	لفيف	-	N	مُفع
2:183:14	وقي	لفيف	-	V	تَتَّقُفنَ
2:183:6	صوم	أجوف	-	N	فِيَام
2:184:1	يوم	لفيف	-	T	أَفَّامًا
2:184:10	عدد	مضاعف	-	N	فِعَّة
2:184:12	يوم	لفيف	-	N	أَفَّام
2:184:16	طوق	أجوف	-	V	يُفِيقُعنَهُ
2:184:2	عدد	مضاعف	-	ADJ	مَفْعُولَات
2:184:31	كون	أجوف	-	V	فُنْتُمْ
2:184:4	كون	أجوف	-	V	فَان
2:185:17	صوم	أجوف	-	V	يَفُمْهُ
2:185:19	كون	أجوف	-	V	فَان
2:185:24	عدد	مضاعف	-	N	فِعَّة
2:185:26	يوم	لفيف	-	N	أَفَّام
2:185:28	رود	أجوف	-	V	يُفِيد
2:185:33	رود	أجوف	-	V	يُفِيد
2:185:37	عدد	مضاعف	-	N	فِعَّة
2:185:42	هدي	ناقص	-	V	فَعَاكُمْ
2:185:8	نوس	أجوف	-	N	فَّاس
2:186:11	دعو	ناقص	-	V	فَعَانِ
2:186:12	جوب	أجوف	-	V	يَسْتَفِيبُعا
2:186:14	امن	صحيح سالم	0	V	يُؤْمِنُوف
2:186:7	جوب	أجوف	-	V	أُفِيب
2:186:9	دعو	ناقص	-	N	فَاع
2:187:1	حلل	مضاعف	-	V	أُفِعّ
2:187:17	كون	أجوف	-	V	فُنْتُمْ
2:187:20	توب	أجوف	-	V	فَاب
2:187:22	عفو	ناقص	-	V	فَعَا
2:187:26	بغي	ناقص	-	V	افْتَعُوا
2:187:31	اكل	صحيح سالم	0	V	كُلُوف
2:187:4	صوم	أجوف	-	N	فِيَام
2:187:44	تمم	مضاعف	-	V	أَفِعُّوا
2:187:45	صوم	أجوف	-	N	فِيَام
2:187:55	حدد	مضاعف	-	N	فُعُول
2:187:62	ايي	لفيف	0	N	فعَاتِهِ
2:187:63	نوس	أجوف	-	N	فَّاس
2:187:65	وقي	لفيف	-	V	يَتَّقُفنَ
2:187:7	نسو	ناقص	-	N	فِعَائِكُمْ
2:188:14	نوس	أجوف	-	N	فَاس
2:189:10	برر	مضاعف	-	N	فِعّ
2:189:12	اتي	ناقص	0	V	تَفْعُوا
2:189:17	برر	مضاعف	-	N	فِعّ
2:189:19	وقي	لفيف	-	V	اتَّقَى
2:189:20	اتي	ناقص	0	V	فْعُوا
2:189:24	وقي	لفيف	-	V	اتَّقُفا
2:189:3	هلل	مضاعف	-	N	أَفِعَّة
2:189:4	قول	أجوف	-	V	فُل
2:189:7	نوس	أجوف	-	N	فَّاس
2:189:8	حجج	مضاعف	-	N	فَعّ
2:18:1	صمم	مضاعف	-	N	فُعّ
2:190:12	حبب	مضاعف	-	V	يُفِعّ
2:190:13	عدو	ناقص	-	N	مُفْتَعِين
2:191:24	جزي	ناقص	-	N	فَعَاء
2:191:9	شدد	مضاعف	-	N	أَفَعّ
2:192:2	نهي	ناقص	-	V	افْتَعَوْا
2:193:10	نهي	ناقص	-	V	افْتَعَوْا
2:193:8	اله	صحيح سالم	0	PN	لَّه
2:194:14	عدو	ناقص	-	V	افْتَعَى
2:194:16	وقي	لفيف	-	V	اتَّقُفا
2:194:22	وقي	لفيف	-	N	مُتَّقِين
2:194:6	قصص	مضاعف	-	N	فِعَال
2:194:8	عدو	ناقص	-	V	افْتَعَى
2:195:13	حبب	مضاعف	-	V	يُفِعّ
2:195:6	لقي	ناقص	-	V	تُفْعُوا
2:196:1	تمم	مضاعف	-	V	أَفِعُّوا
2:196:13	راس	صحيح سالم	1	N	فُءُوسَكُمْ
2:196:17	حلل	مضاعف	-	N	مَفِعَّهُ
2:196:19	كون	أجوف	-	V	فَان
2:196:2	حجج	مضاعف	-	N	فَعّ
2:196:29	صوم	أجوف	-	N	فِيَام
2:196:4	اله	صحيح سالم	0	PN	لَّه
2:196:40	حجج	مضاعف	-	N	فَعّ
2:196:47	وجد	مثال	-	V	يَجِد
2:196:48	صوم	أجوف	-	N	فِيَام
2:196:50	يوم	لفيف	-	N	أَفَّام
2:196:52	حجج	مضاعف	-	N	فَعّ
2:196:62	كون	أجوف	-	V	يَفُن
2:196:67	وقي	لفيف	-	V	اتَّقُفا
2:196:72	شدد	مضاعف	-	N	فَعِيل
2:197:1	حجج	مضاعف	-	N	فَعّ
2:197:15	حجج	مضاعف	-	N	فَعّ
2:197:25	زود	أجوف	-	N	فَاد
2:197:26	وقي	لفيف	-	N	تَقْفَى
2:197:27	وقي	لفيف	-	V	اتَّقُفنِ
2:197:29	لبب	مضاعف	-	N	أَفْعَال
2:197:7	حجج	مضاعف	-	N	فَعّ
2:198:10	فيض	أجوف	-	V	أَفَضْتُمْ
2:198:20	هدي	ناقص	-	V	فَعَاكُمْ
2:198:22	كون	أجوف	-	V	فُنْتُمْ
2:198:26	ضلل	مضاعف	-	N	فَاعِّين
2:198:5	بغي	ناقص	-	V	تَفْتَعُوا
2:198:8	ربب	مضاعف	-	N	فَعِّكُمْ
2:199:5	فيض	أجوف	-	V	أَفَاض
2:199:6	نوس	أجوف	-	N	فَاس
2:19:18	حوط	أجوف	-	N	مُفِيط
2:19:2	صوب	أجوف	-	N	فَيِّب
2:19:4	سمو	ناقص	-	N	فَعَاء
2:200:12	نوس	أجوف	-	N	فَاس
2:200:15	ربب	مضاعف	-	N	فَعَّنَا
2:200:16	اتي	ناقص	0	V	فعِنَا
2:200:18	دنو	ناقص	-	N	فُعْيَا
2:200:7	ابو	ناقص	0	N	فعَاءَكُمْ
2:200:9	شدد	مضاعف	-	N	أَفَعّ
2:201:12	وقي	لفيف	-	V	قِنَا
2:201:14	نور	أجوف	-	N	فَار
2:201:4	ربب	مضاعف	-	N	فَعَّنَا
2:201:5	اتي	ناقص	0	V	فعِنَا
2:201:7	دنو	ناقص	-	N	فُعْيَا
2:203:19	وقي	لفيف	-	V	اتَّقَى
2:203:20	وقي	لفيف	-	V	اتَّقُفا
2:203:4	يوم	لفيف	-	N	أَفَّام
2:203:5	عدد	مضاعف	-	ADJ	مَفْعُولَات
2:204:16	لدد	مضاعف	-	N	أَفَعّ
2:204:2	نوس	أجوف	-	N	فَاس
2:204:7	حيي	لفيف	-	N	فَعَاة
2:204:8	دنو	ناقص	-	ADJ	فُعْيَا
2:205:13	حبب	مضاعف	-	V	يُفِعّ
2:206:11	باس	صحيح سالم	1	V	فِئْس
2:206:2	قول	أجوف	-	V	فِيل
2:206:4	وقي	لفيف	-	V	اتَّق
2:206:7	عزز	مضاعف	-	N	فِعَّة
2:207:10	راف	صحيح سالم	1	N	فَءُوف
2:207:2	نوس	أجوف	-	N	فَاس
2:207:6	بغي	ناقص	-	N	افْتِعَاء
2:207:7	رضو	ناقص	-	N	مَفْعَات
2:208:7	كفف	مضاعف	-	N	فَاعَّة
2:209:11	عزز	مضاعف	-	N	فَعِيل
2:209:2	زلل	مضاعف	-	V	فَعَلْتُمْ
2:209:6	جيا	أجوف	2	V	فَاءَتْكُمُ
2:20:1	كود	أجوف	-	V	يَفَاد
2:20:13	قوم	أجوف	-	V	فَامُعا
2:20:15	شيا	أجوف	2	V	فَاء
2:20:23	كلل	مضاعف	-	N	فُعّ
2:20:24	شيا	أجوف	2	N	فَعْء
2:20:5	كلل	مضاعف	-	T	فُعَّمَا
2:20:6	ضوا	أجوف	2	V	أَفَاء
2:20:8	مشي	ناقص	-	V	فَعَوْا
2:210:10	غمم	مضاعف	-	N	فَعَال
2:210:8	ظلل	مضاعف	-	N	فُعَل
2:211:1	سال	صحيح سالم	1	V	فَل
2:211:16	جيا	أجوف	2	V	فَاءَتْهُ
2:211:19	شدد	مضاعف	-	N	فَعِيل
2:211:7	ايي	لفيف	0	N	فعَة
2:212:11	وقي	لفيف	-	V	اتَّقَفْا
2:212:14	قوم	أجوف	-	N	فِيَامَة
2:212:18	شيا	أجوف	2	V	يَفَاء
2:212:4	حيي	لفيف	-	N	فَعَاة
2:212:5	دنو	ناقص	-	ADJ	فُعْيَا
2:213:1	كون	أجوف	-	V	فَان
2:213:13	حقق	مضاعف	-	N	فَعّ
2:213:16	نوس	أجوف	-	N	فَاس
2:213:2	نوس	أجوف	-	N	فَاس
2:213:25	اتي	ناقص	0	V	فُوعُوهُ
2:213:29	جيا	أجوف	2	V	فَاءَتْهُمُ
2:213:3	امم	مضاعف	0	N	فُعَّة
2:213:41	حقق	مضاعف	-	N	فَعّ
2:213:46	شيا	أجوف	2	V	يَفَاء
2:213:49	قوم	أجوف	-	ADJ	مُسْتَفِيم
2:213:7	نبا	صحيح سالم	2	N	فَعِيِّين
2:214:13	مسس	مضاعف	-	V	فَعَّتْهُمُ
2:214:15	ضرر	مضاعف	-	N	فَعَّاء
2:214:5	جنن	مضاعف	-	PN	فَعَّة
2:214:7	اتي	ناقص	0	V	يَفْعِكُمْ
2:215:13	بني	ناقص	-	N	افْع
2:215:4	قول	أجوف	-	V	فُل
2:216:16	حبب	مضاعف	-	V	تُفِعُّوا
2:216:19	شرر	مضاعف	-	N	فَعّ
2:217:11	صدد	مضاعف	-	N	فَعّ
2:217:30	زيل	أجوف	-	V	يَفَالُونَ
2:217:33	ردد	مضاعف	-	V	يَفُعُّوكُمْ
2:217:37	طوع	أجوف	-	V	اسْتَفَاعُعا
2:217:39	ردد	مضاعف	-	V	يَفْتَعِل
2:217:43	موت	أجوف	-	V	يَفُت
2:217:50	دنو	ناقص	-	N	فُعْيَا
2:217:54	نور	أجوف	-	N	فَار
2:217:7	قول	أجوف	-	V	فُل
2:219:10	نوس	أجوف	-	N	فَّاس
2:219:18	قول	أجوف	-	V	فُل
2:219:24	ايي	لفيف	0	N	فعَات
2:219:5	قول	أجوف	-	V	فُل
2:21:11	وقي	لفيف	-	V	تَتَّقُفنَ
2:21:2	نوس	أجوف	-	N	فَاس
2:21:4	ربب	مضاعف	-	N	فَعَّكُمُ
2:220:2	دنو	ناقص	-	N	فُعْيَا
2:220:20	شيا	أجوف	2	V	فَاء
2:220:25	عزز	مضاعف	-	N	فَعِيل
2:220:7	قول	أجوف	-	V	فُل
2:221:17	امن	صحيح سالم	0	V	يُؤْمِنُوف
2:221:19	امن	صحيح سالم	0	ADJ	مُؤْمِن
2:221:28	نور	أجوف	-	N	فَار
2:221:32	جنن	مضاعف	-	PN	فَعَّة
2:221:36	ايي	لفيف	0	N	فعَاتِهِ
2:221:37	نوس	أجوف	-	N	فَّاس
2:221:5	امن	صحيح سالم	0	V	يُؤْمِنَّ
2:221:6	امو	ناقص	0	N	فَعَة
2:221:7	امن	صحيح سالم	0	ADJ	مُؤْمِنَة
2:222:17	اتي	ناقص	0	V	فْعُوهُنَّ
2:222:24	حبب	مضاعف	-	V	يُفِعّ
2:222:26	حبب	مضاعف	-	V	يُفِعّ
2:222:4	قول	أجوف	-	V	فُل
2:222:8	نسو	ناقص	-	N	فِعَاء
2:223:1	نسو	ناقص	-	N	فِعَاؤُكُمْ
2:223:10	وقي	لفيف	-	V	اتَّقُفا
2:223:14	لقي	ناقص	-	N	مُفَاعُوهُ
2:223:16	امن	صحيح سالم	0	N	مُؤْمِنِين
2:223:4	اتي	ناقص	0	V	فْعُوا
2:223:7	شيا	أجوف	2	V	فِئْتُمْ
2:224:11	نوس	أجوف	-	N	فَاس
2:224:7	برر	مضاعف	-	V	تَفَعُّوا
2:224:8	وقي	لفيف	-	V	تَتَّقُفا
2:226:2	الو	ناقص	0	V	يُؤْلُونَ
2:226:4	نسو	ناقص	-	N	فِعَائِهِمْ
2:226:9	فيا	أجوف	2	V	فَاءُوا
2:228:17	كون	أجوف	-	V	فُنَّ
2:228:18	امن	صحيح سالم	0	V	يُؤْمِنَّ
2:228:23	حقق	مضاعف	-	N	أَفَعّ
2:228:24	ردد	مضاعف	-	N	فَعِّهِنَّ
2:228:28	رود	أجوف	-	V	أَفَادُعا
2:228:39	عزز	مضاعف	-	N	فَعِيل
2:228:5	قرا	صحيح سالم	2	N	فُعُوء
2:228:7	حلل	مضاعف	-	V	يَفِعّ
2:229:18	خوف	أجوف	-	V	يَفَافَا
2:229:2	مرر	مضاعف	-	N	فَعَّتَان
2:229:20	قوم	أجوف	-	V	يُفِيمَا
2:229:21	حدد	مضاعف	-	N	فُعُول
2:229:24	خوف	أجوف	-	V	فِفْتُمْ
2:229:26	قوم	أجوف	-	V	يُفِيمَا
2:229:27	حدد	مضاعف	-	N	فُعُول
2:229:33	فدي	ناقص	-	V	افْتَعَت
2:229:36	حدد	مضاعف	-	N	فُعُول
2:229:41	عدو	ناقص	-	V	يَتَفَعّ
2:229:42	حدد	مضاعف	-	N	فُعُول
2:229:9	حلل	مضاعف	-	V	يَفِعّ
2:22:10	سمو	ناقص	-	N	فَعَاء
2:22:11	موه	أجوف	-	N	فَاء
2:22:20	اله	صحيح سالم	0	PN	لَّه
2:22:21	ندد	مضاعف	-	N	أَفْعَالًا
2:22:6	سمو	ناقص	-	N	فَعَاء
2:22:7	بني	ناقص	-	N	فِعَاء
2:230:20	ظنن	مضاعف	-	V	فَعَّا
2:230:22	قوم	أجوف	-	V	يُفِيمَا
2:230:23	حدد	مضاعف	-	N	فُعُول
2:230:26	حدد	مضاعف	-	N	فُعُول
2:230:4	حلل	مضاعف	-	V	تَفِعّ
2:231:13	ضرر	مضاعف	-	N	فِعَالًا
2:231:22	اخذ	صحيح سالم	0	V	تَتَّخِذُوف
2:231:23	ايي	لفيف	0	N	فعَات
2:231:3	نسو	ناقص	-	N	فِعَاء
2:231:36	وعظ	مثال	-	V	يَعِظُكُمْ
2:231:38	وقي	لفيف	-	V	اتَّقُفا
2:231:43	كلل	مضاعف	-	N	فُعّ
2:231:44	شيا	أجوف	2	N	فَعْء
2:232:19	كون	أجوف	-	V	فَان
2:232:21	امن	صحيح سالم	0	V	يُؤْمِن
2:232:26	زكو	ناقص	-	N	أَفْعَى
2:232:3	نسو	ناقص	-	N	فِعَاء
2:233:23	ضرر	مضاعف	-	V	تُفَاعّ
2:233:35	رود	أجوف	-	V	أَفَادَا
2:233:38	رضو	ناقص	-	N	تَفَاع
2:233:45	رود	أجوف	-	V	أَفَدْتُمْ
2:233:57	وقي	لفيف	-	V	اتَّقُفا
2:233:7	رود	أجوف	-	V	أَفَاد
2:233:9	تمم	مضاعف	-	V	يُفِعّ
2:234:2	وفي	لفيف	-	V	يُتَفَعَّوْنَ
2:234:4	وذر	مثال	-	V	يَذَرُفنَ
2:235:11	كنن	مضاعف	-	V	أَفْعَلْتُمْ
2:235:21	سرر	مضاعف	-	N	فِعًّا
2:235:9	نسو	ناقص	-	N	فِعَاء
2:236:23	حقق	مضاعف	-	N	فَعًّا
2:236:6	نسو	ناقص	-	N	فِعَاء
2:236:9	مسس	مضاعف	-	V	تَفَعُّوهُنَّ
2:237:20	يدي	لفيف	-	N	فَعِهِ
2:237:26	وقي	لفيف	-	N	تَّقْفَى
2:237:28	نسي	ناقص	-	V	تَفْعَوُا
2:237:6	مسس	مضاعف	-	V	تَفَعُّوهُنَّ
2:238:4	صلو	ناقص	-	N	فَعَاة
2:238:7	اله	صحيح سالم	0	PN	لَّه
2:239:2	خوف	أجوف	-	V	فِفْتُمْ
2:23:19	كون	أجوف	-	V	فُنْتُمْ
2:23:2	كون	أجوف	-	V	فُنْتُمْ
2:23:9	اتي	ناقص	0	V	فْعُوا
2:240:2	وفي	لفيف	-	V	يُتَفَعَّوْنَ
2:240:26	عزز	مضاعف	-	N	فَعِيل
2:240:4	وذر	مثال	-	V	يَذَرُفنَ
2:241:4	حقق	مضاعف	-	N	فَعًّا
2:241:6	وقي	لفيف	-	N	مُتَّقِين
2:242:5	ايي	لفيف	0	N	فعَاتِهِ
2:243:12	قول	أجوف	-	V	فَال
2:243:17	حيي	لفيف	-	V	أَفْعَاهُمْ
2:243:2	راي	ناقص	1	V	تَف
2:243:23	نوس	أجوف	-	N	فَاس
2:243:26	نوس	أجوف	-	N	فَاس
2:243:7	دور	أجوف	-	N	فِيَارِهِمْ
2:246:12	قول	أجوف	-	V	فَالُعا
2:246:13	نبا	صحيح سالم	2	N	فَعِيّ
2:246:2	راي	ناقص	1	V	تَف
2:246:22	قول	أجوف	-	V	فَال
2:246:31	قول	أجوف	-	V	فَالُعا
2:246:42	دور	أجوف	-	N	فِيَارِنَا
2:246:43	بني	ناقص	-	N	أَفْعَائِنَا
2:246:48	ولي	لفيف	-	V	تَفَعَّوْا
2:246:50	قلل	مضاعف	-	N	فَعِيلًا
2:247:1	قول	أجوف	-	V	فَال
2:247:11	قول	أجوف	-	V	فَالُعا
2:247:18	حقق	مضاعف	-	N	أَفَعّ
2:247:22	اتي	ناقص	0	V	يُؤْت
2:247:23	وسع	مثال	-	N	سَعَة
2:247:25	مول	أجوف	-	N	فَال
2:247:26	قول	أجوف	-	V	فَال
2:247:29	صفو	ناقص	-	V	افْطَعَاهُ
2:247:3	نبا	صحيح سالم	2	N	فَعِيُّهُمْ
2:247:31	زيد	أجوف	-	V	فَادَهُ
2:247:37	اتي	ناقص	0	V	يُؤْتِي
2:247:40	شيا	أجوف	2	V	يَفَاء
2:248:1	قول	أجوف	-	V	فَال
2:248:13	ربب	مضاعف	-	N	فَعِّكُمْ
2:248:17	اول	أجوف	0	N	فل
2:248:19	اول	أجوف	0	N	فل
2:248:26	ايي	لفيف	0	N	فعَة
2:248:29	كون	أجوف	-	V	فُنْتُمْ
2:248:3	نبا	صحيح سالم	2	N	فَعِيُّهُمْ
2:248:30	امن	صحيح سالم	0	N	مُؤْمِنِين
2:248:5	ايي	لفيف	0	N	فعَة
2:249:24	يدي	لفيف	-	N	فَعِهِ
2:249:28	قلل	مضاعف	-	N	فَعِيلًا
2:249:36	قول	أجوف	-	V	فَالُعا
2:249:38	طوق	أجوف	-	N	فَاقَة
2:249:43	قول	أجوف	-	V	فَال
2:249:45	ظنن	مضاعف	-	V	يَفُعُّولَ
2:249:47	لقي	ناقص	-	N	مُفَاعُو
2:249:5	قول	أجوف	-	V	فَال
2:249:51	فاي	ناقص	1	N	فِئَة
2:249:52	قلل	مضاعف	-	ADJ	فَعِيلَة
2:249:54	فاي	ناقص	1	N	فِئَة
2:249:8	بلو	ناقص	-	N	مُفْتَعِيكُمْ
2:24:10	نوس	أجوف	-	N	فَاس
2:24:12	عدد	مضاعف	-	V	أُفِعَّت
2:24:6	وقي	لفيف	-	V	اتَّقُفا
2:24:7	نور	أجوف	-	N	فَار
2:250:5	قول	أجوف	-	V	فَالُعا
2:250:6	ربب	مضاعف	-	N	فَعَّنَا
2:251:13	شيا	أجوف	2	V	يَفَاء
2:251:17	نوس	أجوف	-	N	فَاس
2:251:7	اتي	ناقص	0	V	فعَاهُ
2:252:2	ايي	لفيف	0	N	فعَات
2:252:6	حقق	مضاعف	-	N	فَعّ
2:253:16	بني	ناقص	-	N	افْع
2:253:23	شيا	أجوف	2	V	فَاء
2:253:33	جيا	أجوف	2	V	فَاءَتْهُمُ
2:253:44	شيا	أجوف	2	V	فَاء
2:253:52	رود	أجوف	-	V	يُفِيد
2:254:16	خلل	مضاعف	-	N	فُعَّة
2:255:10	وسن	مثال	-	N	سِنَة
2:255:34	حوط	أجوف	-	V	يُفِيطُعنَ
2:255:35	شيا	أجوف	2	N	فَعْء
2:255:40	شيا	أجوف	2	V	فَاء
2:255:46	اود	أجوف	0	V	يَئُودُهُ
2:255:49	علو	ناقص	-	N	فَعِيّ
2:255:6	حيي	لفيف	-	N	فَعّ
2:256:12	طغي	ناقص	-	N	فَاعُوت
2:256:13	امن	صحيح سالم	0	V	يُؤْمِن
2:256:9	غوي	لفيف	-	N	فَيّ
2:257:13	طغي	ناقص	-	N	فَاعُوت
2:257:21	نور	أجوف	-	N	فَار
2:258:10	اتي	ناقص	0	V	فعَاهُ
2:258:14	قول	أجوف	-	V	فَال
2:258:16	ربب	مضاعف	-	N	فَعِّيَ
2:258:18	حيي	لفيف	-	V	يُفْعِل
2:258:19	موت	أجوف	-	V	يُفِيت
2:258:2	راي	ناقص	1	V	تَف
2:258:20	قول	أجوف	-	V	فَال
2:258:22	حيي	لفيف	-	V	أُفْعِل
2:258:23	موت	أجوف	-	V	أُفِيت
2:258:24	قول	أجوف	-	V	فَال
2:258:32	اتي	ناقص	0	V	فْع
2:258:5	حجج	مضاعف	-	V	فَاعّ
2:258:8	ربب	مضاعف	-	N	فَعِّهِ
2:259:10	قول	أجوف	-	V	فَال
2:259:12	حيي	لفيف	-	V	يُفْعِل
2:259:17	موت	أجوف	-	V	أَفَاتَهُ
2:259:19	ماي	ناقص	1	N	فِعئَة
2:259:20	عوم	أجوف	-	N	فَام
2:259:23	قول	أجوف	-	V	فَال
2:259:26	قول	أجوف	-	V	فَال
2:259:3	مرر	مضاعف	-	V	فَعّ
2:259:32	قول	أجوف	-	V	فَال
2:259:35	ماي	ناقص	1	N	فِعئَة
2:259:36	عوم	أجوف	-	N	فَام
2:259:47	ايي	لفيف	0	N	فعَة
2:259:48	نوس	أجوف	-	N	فَّاس
2:259:60	قول	أجوف	-	V	فَال
2:259:65	كلل	مضاعف	-	N	فُعّ
2:259:66	شيا	أجوف	2	N	فَعْء
2:25:13	كلل	مضاعف	-	T	فُعَّمَا
2:25:19	قول	أجوف	-	V	فَالُعا
2:25:25	اتي	ناقص	0	V	فُعُوا
2:25:8	جنن	مضاعف	-	N	فَعَّات
2:260:11	امن	صحيح سالم	0	V	تُؤْمِن
2:260:12	قول	أجوف	-	V	فَال
2:260:17	قول	أجوف	-	V	فَال
2:260:18	اخذ	صحيح سالم	0	V	خُذ
2:260:2	قول	أجوف	-	V	فَال
2:260:22	صور	أجوف	-	V	فُرْهُنَّ
2:260:27	كلل	مضاعف	-	N	فُعّ
2:260:32	دعو	ناقص	-	V	افْعُهُنَّ
2:260:38	عزز	مضاعف	-	N	فَعِيل
2:260:4	ربب	مضاعف	-	N	فَعِّ
2:260:5	راي	ناقص	1	V	أَفِنِي
2:260:7	حيي	لفيف	-	V	تُفْعِل
2:260:9	قول	أجوف	-	V	فَال
2:261:14	كلل	مضاعف	-	N	فُعّ
2:261:16	ماي	ناقص	1	N	فِعئَة
2:261:17	حبب	مضاعف	-	N	فَعَّة
2:261:21	شيا	أجوف	2	V	يَفَاء
2:261:9	حبب	مضاعف	-	N	فَعَّة
2:262:12	منن	مضاعف	-	N	فَعًّا
2:262:18	ربب	مضاعف	-	N	فَعِّهِمْ
2:264:11	مول	أجوف	-	N	فَالَهُ
2:264:12	راي	ناقص	1	N	فِئَعء
2:264:13	نوس	أجوف	-	N	فَاس
2:264:15	امن	صحيح سالم	0	V	يُؤْمِن
2:264:24	صوب	أجوف	-	V	أَفَابَهُ
2:264:31	شيا	أجوف	2	N	فَعْء
2:264:7	منن	مضاعف	-	N	فَعّ
2:265:12	جنن	مضاعف	-	N	فَعَّة
2:265:14	صوب	أجوف	-	V	أَفَابَهَا
2:265:16	اتي	ناقص	0	V	فعَت
2:265:21	صوب	أجوف	-	V	يُفِبْهَا
2:265:23	طلل	مضاعف	-	N	فَعّ
2:265:5	بغي	ناقص	-	N	افْتِعَاء
2:265:6	رضو	ناقص	-	N	مَفْعَات
2:266:1	ودد	مضاعف	-	V	أَيَفَعّ
2:266:17	كلل	مضاعف	-	N	فُعّ
2:266:19	صوب	أجوف	-	V	أَفَابَهُ
2:266:22	ذرر	مضاعف	-	N	فُعِّيَّة
2:266:24	صوب	أجوف	-	V	أَفَابَهَا
2:266:27	نور	أجوف	-	N	فَار
2:266:33	ايي	لفيف	0	N	فعَات
2:266:6	جنن	مضاعف	-	N	فَعَّة
2:267:15	يمم	مضاعف	-	V	تَفَعَّلُوا
2:267:19	ليس	أجوف	-	V	فَسْتُمْ
2:268:2	وعد	مثال	-	V	يَعِدُكُمُ
2:268:7	وعد	مثال	-	V	يَعِدُكُمْ
2:269:1	اتي	ناقص	0	V	يُؤْتِي
2:269:16	لبب	مضاعف	-	N	أَفْعَال
2:269:4	شيا	أجوف	2	V	يَفَاء
2:269:6	اتي	ناقص	0	V	يُؤْت
2:26:17	حقق	مضاعف	-	N	فَعّ
2:26:19	ربب	مضاعف	-	N	فَعِّهِمْ
2:26:25	رود	أجوف	-	V	أَفَاد
2:26:29	ضلل	مضاعف	-	V	يُفِعّ
2:26:36	ضلل	مضاعف	-	V	يُفِعّ
2:26:4	حيي	لفيف	-	V	يَسْتَفْعِل
2:271:16	سوا	أجوف	2	N	فَيِّئَاتِكُمْ
2:271:7	خفي	ناقص	-	V	تُفْعُوهَا
2:271:8	اتي	ناقص	0	V	تُؤْتُوهَف
2:272:17	بغي	ناقص	-	N	افْتِعَاء
2:272:24	وفي	لفيف	-	V	يُفَعّ
2:272:3	هدي	ناقص	-	N	فُعَاهُمْ
2:272:8	شيا	أجوف	2	V	يَفَاء
2:273:16	عفف	مضاعف	-	N	تَفَعُّل
2:273:18	سوم	أجوف	-	N	فِيمَاهُمْ
2:273:21	نوس	أجوف	-	N	فَاس
2:273:8	طوع	أجوف	-	V	يَسْتَفِيعُعنَ
2:274:11	ربب	مضاعف	-	N	فَعِّهِمْ
2:274:6	سرر	مضاعف	-	N	فِعًّا
2:275:13	مسس	مضاعف	-	N	فَعّ
2:275:16	قول	أجوف	-	V	فَالُعا
2:275:20	ربو	ناقص	-	N	فِعَا
2:275:21	حلل	مضاعف	-	V	أَفَعّ
2:275:25	ربو	ناقص	-	N	فِعَا
2:275:27	جيا	أجوف	2	V	فَاءَهُ
2:275:3	ربو	ناقص	-	N	فِعَا
2:275:30	ربب	مضاعف	-	N	فَعِّهِ
2:275:39	عود	أجوف	-	V	فَاد
2:275:42	نور	أجوف	-	N	فَار
2:276:3	ربو	ناقص	-	N	فِعَا
2:276:4	ربو	ناقص	-	V	يُفْعِي
2:276:8	حبب	مضاعف	-	V	يُفِعّ
2:276:9	كلل	مضاعف	-	N	فُعّ
2:277:13	ربب	مضاعف	-	N	فَعِّهِمْ
2:277:6	قوم	أجوف	-	V	أَفَامُعا
2:277:7	صلو	ناقص	-	N	فَعَاة
2:277:8	اتي	ناقص	0	V	فعَوُا
2:277:9	زكو	ناقص	-	N	فَعَاة
2:278:10	ربو	ناقص	-	N	فِعَا
2:278:12	كون	أجوف	-	V	فُنْتُمْ
2:278:13	امن	صحيح سالم	0	N	مُؤْمِنِين
2:278:4	وقي	لفيف	-	V	اتَّقُفا
2:278:6	وذر	مثال	-	V	ذَرُفا
2:279:10	توب	أجوف	-	V	فُبْتُمْ
2:279:12	راس	صحيح سالم	1	N	فُءُوس
2:27:7	وثق	مثال	-	N	مِيثَاقِهِ
2:280:13	كون	أجوف	-	V	فُنْتُمْ
2:280:2	كون	أجوف	-	V	فَان
2:281:1	وقي	لفيف	-	V	اتَّقُفا
2:281:9	كلل	مضاعف	-	N	فُعّ
2:282:101	دور	أجوف	-	V	تُفِيرُعنَهَا
2:282:112	ضرر	مضاعف	-	V	يُفَاعّ
2:282:121	وقي	لفيف	-	V	اتَّقُفا
2:282:126	كلل	مضاعف	-	N	فُعّ
2:282:127	شيا	أجوف	2	N	فَعْء
2:282:16	ابي	ناقص	0	V	يَفْع
2:282:24	ملل	مضاعف	-	V	يُفْعِل
2:282:27	حقق	مضاعف	-	N	فَعّ
2:282:28	وقي	لفيف	-	V	يَتَّق
2:282:30	ربب	مضاعف	-	N	فَعَّهُ
2:282:36	كون	أجوف	-	V	فَان
2:282:39	حقق	مضاعف	-	N	فَعّ
2:282:45	طوع	أجوف	-	V	يَسْتَفِيع
2:282:47	ملل	مضاعف	-	V	يُفِعّ
2:282:49	ملل	مضاعف	-	V	يُفْعِل
2:282:67	ضلل	مضاعف	-	V	تَفِعّ
2:282:73	ابي	ناقص	0	V	يَفْع
2:282:9	سمو	ناقص	-	ADJ	مُفَعًّى
2:282:93	دنو	ناقص	-	N	أَفْعَى
2:282:95	ريب	أجوف	-	V	تَفْتَابُوا
2:283:14	ادي	ناقص	0	V	يُؤَدّ
2:283:18	وقي	لفيف	-	V	يَتَّق
2:283:2	كون	أجوف	-	V	فُنْتُمْ
2:283:20	ربب	مضاعف	-	N	فَعَّهُ
2:283:6	وجد	مثال	-	V	تَجِدُفا
2:284:1	اله	صحيح سالم	0	PN	لَّه
2:284:14	خفي	ناقص	-	V	تُفْعُوهُ
2:284:20	شيا	أجوف	2	V	يَفَاء
2:284:23	شيا	أجوف	2	V	يَفَاء
2:284:26	كلل	مضاعف	-	N	فُعّ
2:284:27	شيا	أجوف	2	N	فَعْء
2:285:21	قول	أجوف	-	V	فَالُعا
2:285:23	طوع	أجوف	-	V	أَفَعْنَا
2:285:25	ربب	مضاعف	-	N	فَعَّنَا
2:285:7	ربب	مضاعف	-	N	فَعِّهِ
2:285:8	امن	صحيح سالم	0	N	مُؤْمِنُون
2:285:9	كلل	مضاعف	-	N	فُعّ
2:286:13	ربب	مضاعف	-	N	فَعَّنَا
2:286:20	ربب	مضاعف	-	N	فَعَّنَا
2:286:31	ربب	مضاعف	-	N	فَعَّنَا
2:286:36	طوق	أجوف	-	N	فَاقَة
2:286:39	عفو	ناقص	-	V	افْع
2:286:45	ولي	لفيف	-	N	مَفْعَانَا
2:28:10	حيي	لفيف	-	V	يُفْعِلكُمْ
2:28:4	كون	أجوف	-	V	فُنْتُمْ
2:28:6	حيي	لفيف	-	V	أَفْعَاكُمْ
2:28:8	موت	أجوف	-	V	يُفِيتُكُمْ
2:29:12	سمو	ناقص	-	N	فَعَاء
2:29:13	سوي	لفيف	-	V	فَعَّاهُنَّ
2:29:17	كلل	مضاعف	-	N	فُعّ
2:29:18	شيا	أجوف	2	N	فَعْء
2:2:7	وقي	لفيف	-	N	مُتَّقِين
2:30:10	قول	أجوف	-	V	فَالُعا
2:30:17	دمو	ناقص	-	N	فِعَاء
2:30:2	قول	أجوف	-	V	فَال
2:30:23	قول	أجوف	-	V	فَال
2:30:3	ربب	مضاعف	-	N	فَعُّكَ
2:31:10	نبا	صحيح سالم	2	V	أَفْعِئُونِي
2:31:11	سمو	ناقص	-	N	أَفْعَاء
2:31:14	كون	أجوف	-	V	فُنْتُمْ
2:31:3	سمو	ناقص	-	N	أَفْعَاء
2:31:4	كلل	مضاعف	-	N	فُعَّهَا
2:31:9	قول	أجوف	-	V	فَال
2:32:1	قول	أجوف	-	V	فَالُعا
2:33:1	قول	أجوف	-	V	فَال
2:33:10	قول	أجوف	-	V	أَفُل
2:33:21	كون	أجوف	-	V	فُنْتُمْ
2:33:3	نبا	صحيح سالم	2	V	أَفْعِئْهُمْ
2:33:4	سمو	ناقص	-	N	أَفْعَائِهِمْ
2:33:7	سمو	ناقص	-	N	أَفْعَائِهِمْ
2:33:8	قول	أجوف	-	V	فَال
2:34:11	كون	أجوف	-	V	فَان
2:34:2	قول	أجوف	-	V	فُلْنَا
2:35:1	قول	أجوف	-	V	فُلْنَا
2:35:11	شيا	أجوف	2	V	فِئْتُمَا
2:35:6	جنن	مضاعف	-	PN	فَعَّة
2:35:7	اكل	صحيح سالم	0	V	كُلَف
2:36:1	زلل	مضاعف	-	V	أَفَعَّهُمَا
2:36:16	قرر	مضاعف	-	N	مُسْتَفَعّ
2:36:6	كون	أجوف	-	V	فَانَا
2:36:8	قول	أجوف	-	V	فُلْنَا
2:37:4	ربب	مضاعف	-	N	فَعِّهِ
2:37:6	توب	أجوف	-	V	فَاب
2:38:1	قول	أجوف	-	V	فُلْنَا
2:39:4	ايي	لفيف	0	N	فعَاتِنَا
2:39:7	نور	أجوف	-	N	فَار
2:3:2	امن	صحيح سالم	0	V	يُؤْمِنُونَ
2:3:4	قوم	أجوف	-	V	يُفِيمُعنَ
2:3:5	صلو	ناقص	-	N	فَعَاة
2:40:10	وفي	لفيف	-	V	أُفع
2:40:8	وفي	لفيف	-	V	أَفْعُوا
2:41:13	شري	ناقص	-	V	تَفْتَعُوا
2:41:14	ايي	لفيف	0	N	فعَاتِل
2:41:16	قلل	مضاعف	-	ADJ	فَعِيلًا
2:41:18	وقي	لفيف	-	V	اتَّقُفنِ
2:42:3	حقق	مضاعف	-	N	فَعّ
2:42:6	حقق	مضاعف	-	N	فَعّ
2:43:1	قوم	أجوف	-	V	أَفِيمُعا
2:43:2	صلو	ناقص	-	N	فَعَاة
2:43:3	اتي	ناقص	0	V	فعُوا
2:43:4	زكو	ناقص	-	N	فَعَاة
2:44:2	نوس	أجوف	-	N	فَاس
2:44:3	برر	مضاعف	-	N	فِعّ
2:44:4	نسي	ناقص	-	V	تَفْعَوْنَ
2:45:1	عون	أجوف	-	V	اسْتَفِينُعا
2:45:3	صلو	ناقص	-	N	فَعَاة
2:46:2	ظنن	مضاعف	-	V	يَفُعُّولَ
2:46:4	لقي	ناقص	-	N	مُفَاعُو
2:46:5	ربب	مضاعف	-	N	فَعِّهِمْ
2:48:1	وقي	لفيف	-	V	اتَّقُفا
2:48:14	اخذ	صحيح سالم	0	V	يُؤْخَذ
2:49:10	بني	ناقص	-	N	أَفْعَاءَكُمْ
2:49:11	حيي	لفيف	-	V	يَسْتَفْعُونَ
2:49:12	نسو	ناقص	-	N	فِعَاءَكُمْ
2:49:15	بلو	ناقص	-	N	فَعَاء
2:49:17	ربب	مضاعف	-	N	فَعِّكُمْ
2:49:2	نجو	ناقص	-	V	فَعَّيْنَاكُمْ
2:49:4	اول	أجوف	0	N	فل
2:49:7	سوا	أجوف	2	N	فُعء
2:4:2	امن	صحيح سالم	0	V	يُؤْمِنُونَ
2:50:5	نجو	ناقص	-	V	أَفْعَيْنَاكُمْ
2:50:7	اول	أجوف	0	N	فل
2:53:7	هدي	ناقص	-	V	تَفْتَعُونَ
2:54:13	برا	صحيح سالم	2	N	فَاعِئِكُمْ
2:54:2	قول	أجوف	-	V	فَال
2:54:20	برا	صحيح سالم	2	N	فَاعِئِكُمْ
2:54:21	توب	أجوف	-	V	فَاب
2:55:2	قول	أجوف	-	V	فُلْتُمْ
2:55:5	امن	صحيح سالم	0	V	نُؤْمِن
2:55:8	راي	ناقص	1	V	نَفَى
2:57:1	ظلل	مضاعف	-	V	فَعَّلْنَا
2:57:16	كون	أجوف	-	V	فَانُعا
2:57:3	غمم	مضاعف	-	N	فَعَال
2:57:6	منن	مضاعف	-	N	فَعّ
2:57:8	اكل	صحيح سالم	0	V	كُلُوف
2:58:12	بوب	أجوف	-	N	فَاب
2:58:15	حطط	مضاعف	-	N	فِعَّة
2:58:2	قول	أجوف	-	V	فُلْنَا
2:58:6	اكل	صحيح سالم	0	V	كُلُوف
2:58:9	شيا	أجوف	2	V	فِئْتُمْ
2:59:15	سمو	ناقص	-	N	فَعَاء
2:59:17	كون	أجوف	-	V	فَانُعا
2:59:7	قول	أجوف	-	V	فِيل
2:5:5	ربب	مضاعف	-	N	فَعِّهِمْ
2:60:11	ثني	ناقص	-	N	افْعَتَا
2:60:16	كلل	مضاعف	-	N	فُعّ
2:60:19	اكل	صحيح سالم	0	V	كُلُوف
2:60:5	قول	أجوف	-	V	فُلْنَا
2:60:7	عصو	ناقص	-	N	فَعَاكَ
2:61:11	ربب	مضاعف	-	N	فَعَّكَ
2:61:2	قول	أجوف	-	V	فُلْتُمْ
2:61:23	قول	أجوف	-	V	فَال
2:61:27	دنو	ناقص	-	N	أَفْعَى
2:61:39	ذلل	مضاعف	-	N	فِعَّة
2:61:47	كون	أجوف	-	V	فَانُعا
2:61:49	ايي	لفيف	0	N	فعَات
2:61:52	نبا	صحيح سالم	2	N	فَعِيِّين
2:61:54	حقق	مضاعف	-	N	فَعّ
2:61:57	عصي	ناقص	-	V	فَعَوْا
2:61:58	كون	أجوف	-	V	فَانُعا
2:61:9	دعو	ناقص	-	V	افْع
2:62:18	ربب	مضاعف	-	N	فَعِّهِمْ
2:62:5	هود	أجوف	-	V	فَادُعا
2:62:7	صبا	صحيح سالم	2	PN	فَاعِئِين
2:63:10	قوي	لفيف	-	N	فُعَّة
2:63:15	وقي	لفيف	-	V	تَتَّقُفنَ
2:63:3	وثق	مثال	-	N	مِيثَاقَكُمْ
2:63:7	اخذ	صحيح سالم	0	V	خُذُوف
2:64:11	كون	أجوف	-	V	فُنْتُمْ
2:65:12	خسا	صحيح سالم	2	ADJ	فَاعِئِين
2:65:8	قول	أجوف	-	V	فُلْنَا
2:66:9	وقي	لفيف	-	N	مُتَّقِين
2:67:11	قول	أجوف	-	V	فَالُعا
2:67:14	قول	أجوف	-	V	فَال
2:67:2	قول	أجوف	-	V	فَال
2:68:1	قول	أجوف	-	V	فَالُعا
2:68:2	دعو	ناقص	-	V	افْع
2:68:23	امر	صحيح سالم	0	V	تُؤْمَرُونَ
2:68:4	ربب	مضاعف	-	N	فَعَّكَ
2:68:9	قول	أجوف	-	V	فَال
2:69:1	قول	أجوف	-	V	فَالُعا
2:69:17	سرر	مضاعف	-	V	تَفُعّ
2:69:2	دعو	ناقص	-	V	افْع
2:69:4	ربب	مضاعف	-	N	فَعَّكَ
2:69:9	قول	أجوف	-	V	فَال
2:6:11	امن	صحيح سالم	0	V	يُؤْمِنُونَ
2:6:4	سوي	لفيف	-	N	فَعَاء
2:70:1	قول	أجوف	-	V	فَالُعا
2:70:15	شيا	أجوف	2	V	فَاء
2:70:17	هدي	ناقص	-	N	مُفْتَعُون
2:70:2	دعو	ناقص	-	V	افْع
2:70:4	ربب	مضاعف	-	N	فَعَّكَ
2:71:1	قول	أجوف	-	V	فَال
2:71:15	وشي	لفيف	-	N	شِيَة
2:71:17	قول	أجوف	-	V	فَالُعا
2:71:19	جيا	أجوف	2	V	فِئْتَ
2:71:20	حقق	مضاعف	-	N	فَعّ
2:71:23	كود	أجوف	-	V	فَادُعا
2:71:7	ذلل	مضاعف	-	ADJ	فَعُول
2:71:8	ثور	أجوف	-	V	تُفِير
2:72:9	كون	أجوف	-	V	فُنْتُمْ
2:73:1	قول	أجوف	-	V	فُلْنَا
2:73:5	حيي	لفيف	-	V	يُفْعِل
2:73:8	راي	ناقص	1	V	يُفِيكُمْ
2:73:9	ايي	لفيف	0	N	فعَاتِهِ
2:74:10	شدد	مضاعف	-	N	أَفَعّ
2:74:2	قسو	ناقص	-	V	فَعَت
2:74:22	شقق	مضاعف	-	V	يَفَّعَّل
2:74:25	موه	أجوف	-	N	فَاء
2:75:3	امن	صحيح سالم	0	V	يُؤْمِنُوف
2:75:6	كون	أجوف	-	V	فَان
2:76:12	قول	أجوف	-	V	فَالُعا
2:76:18	حجج	مضاعف	-	V	يُفَاعُّوكُمْ
2:76:2	لقي	ناقص	-	V	فَعُوا
2:76:21	ربب	مضاعف	-	N	فَعِّكُمْ
2:76:5	قول	أجوف	-	V	فَالُعا
2:76:8	خلو	ناقص	-	V	فَعَا
2:77:7	سرر	مضاعف	-	V	يُفِعُّونَ
2:78:11	ظنن	مضاعف	-	V	يَفُعُّولَ
2:78:2	امم	مضاعف	0	N	فُعِّيُّون
2:79:12	شري	ناقص	-	V	يَفْتَعُوا
2:79:15	قلل	مضاعف	-	ADJ	فَعِيلًا
2:80:1	قول	أجوف	-	V	فَالُعا
2:80:3	مسس	مضاعف	-	V	تَفَعَّنَا
2:80:4	نور	أجوف	-	N	فَار
2:80:6	يوم	لفيف	-	N	أَفَّامًا
2:80:7	عدد	مضاعف	-	ADJ	مَفْعُولَة
2:80:8	قول	أجوف	-	V	فُل
2:81:10	نور	أجوف	-	N	فَار
2:81:4	سوا	أجوف	2	N	فَيِّئَة
2:81:5	حوط	أجوف	-	V	أَفَاطَت
2:81:7	خطا	صحيح سالم	2	N	فَعِيئَتُهُ
2:82:7	جنن	مضاعف	-	PN	فَعَّة
2:83:17	نوس	أجوف	-	N	فَّاس
2:83:19	قوم	أجوف	-	V	أَفِيمُعا
2:83:20	صلو	ناقص	-	N	فَعَاة
2:83:21	اتي	ناقص	0	V	فعُوا
2:83:22	زكو	ناقص	-	N	فَعَاة
2:83:26	قلل	مضاعف	-	N	فَعِيلًا
2:83:3	وثق	مثال	-	N	مِيثَاق
2:84:11	دور	أجوف	-	N	فِيَارِكُمْ
2:84:13	قرر	مضاعف	-	V	أَفْعَلْتُمْ
2:84:3	وثق	مثال	-	N	مِيثَاقَكُمْ
2:84:6	دمو	ناقص	-	N	فِعَاءَكُمْ
2:85:10	دور	أجوف	-	N	فِيَارِهِمْ
2:85:16	اتي	ناقص	0	V	يَفْعُوكُمْ
2:85:18	فدي	ناقص	-	V	تُفَاعُوهُمْ
2:85:29	جزي	ناقص	-	N	فَعَاء
2:85:37	حيي	لفيف	-	N	فَعَاة
2:85:38	دنو	ناقص	-	ADJ	فُعْيَا
2:85:40	قوم	أجوف	-	N	فِيَامَة
2:85:41	ردد	مضاعف	-	V	يُفَعُّونَ
2:85:43	شدد	مضاعف	-	N	أَفَعّ
2:86:3	شري	ناقص	-	V	افْتَعَوُا
2:86:4	حيي	لفيف	-	N	فَعَاة
2:86:5	دنو	ناقص	-	ADJ	فُعْيَا
2:86:8	خفف	مضاعف	-	V	يُفَعَّل
2:87:11	بني	ناقص	-	N	افْع
2:87:17	كلل	مضاعف	-	T	أَفَفُعَّمَا
2:87:18	جيا	أجوف	2	V	فَاءَكُمْ
2:87:5	قفو	ناقص	-	V	فَعَّيْنَا
2:88:1	قول	أجوف	-	V	فَالُعا
2:88:10	امن	صحيح سالم	0	V	يُؤْمِنُونَ
2:88:8	قلل	مضاعف	-	N	فَعِيلًا
2:89:10	كون	أجوف	-	V	فَانُعا
2:89:18	جيا	أجوف	2	V	فَاءَهُمْ
2:89:2	جيا	أجوف	2	V	فَاءَهُمْ
2:8:11	امن	صحيح سالم	0	N	مُؤْمِنِين
2:8:2	نوس	أجوف	-	N	فَاس
2:90:1	باس	صحيح سالم	1	V	فِئْسَمَع
2:90:18	شيا	أجوف	2	V	يَفَاء
2:90:2	شري	ناقص	-	V	افْتَعَوْا
2:90:27	هون	أجوف	-	ADJ	مُفِين
2:91:15	وري	لفيف	-	LOC	فَعَاءَهُ
2:91:17	حقق	مضاعف	-	N	فَعّ
2:91:2	قول	أجوف	-	V	فِيل
2:91:21	قول	أجوف	-	V	فُل
2:91:29	كون	أجوف	-	V	فُنْتُمْ
2:91:30	امن	صحيح سالم	0	N	مُؤْمِنِين
2:91:8	قول	أجوف	-	V	فَالُعا
2:91:9	امن	صحيح سالم	0	V	نُؤْمِن
2:92:2	جيا	أجوف	2	V	فَاءَكُمْ
2:93:10	قوي	لفيف	-	N	فُعَّة
2:93:12	قول	أجوف	-	V	فَالُعا
2:93:20	قول	أجوف	-	V	فُل
2:93:21	باس	صحيح سالم	1	V	فِئْسَمَع
2:93:26	كون	أجوف	-	V	فُنْتُمْ
2:93:27	امن	صحيح سالم	0	N	مُؤْمِنِين
2:93:3	وثق	مثال	-	N	مِيثَاقَكُمْ
2:93:7	اخذ	صحيح سالم	0	V	خُذُوف
2:94:1	قول	أجوف	-	V	فُل
2:94:12	نوس	أجوف	-	N	فَاس
2:94:13	مني	ناقص	-	V	تَفَعَّوُا
2:94:16	كون	أجوف	-	V	فُنْتُمْ
2:94:3	كون	أجوف	-	V	فَانَت
2:94:5	دور	أجوف	-	N	فَار
2:95:2	مني	ناقص	-	V	يَتَفَعَّوْهُ
2:96:1	وجد	مثال	-	V	تَجِدَنَّهُمْ
2:96:14	سنو	ناقص	-	N	فَعَة
2:96:3	نوس	أجوف	-	N	فَاس
2:96:5	حيي	لفيف	-	N	فَعَاة
2:96:9	ودد	مضاعف	-	V	يَفَعّ
2:97:1	قول	أجوف	-	V	فُل
2:97:18	امن	صحيح سالم	0	N	مُؤْمِنِين
2:97:3	كون	أجوف	-	V	فَان
2:98:2	كون	أجوف	-	V	فَان
2:98:4	اله	صحيح سالم	0	PN	لَّه
2:99:4	ايي	لفيف	0	N	فعَات
30:10:11	كون	أجوف	-	V	فَانُعا
30:10:13	هزا	صحيح سالم	2	V	يَسْتَفْعِئُونَ
30:10:2	كون	أجوف	-	V	فَان
30:10:9	ايي	لفيف	0	N	فعَات
30:11:5	عود	أجوف	-	V	يُفِيدُهُ
30:12:3	سوع	أجوف	-	N	فَاعَة
30:13:2	كون	أجوف	-	V	يَفُن
30:13:7	كون	أجوف	-	V	فَانُعا
30:14:3	سوع	أجوف	-	N	فَاعَة
30:16:5	ايي	لفيف	0	N	فعَاتِنَا
30:16:6	لقي	ناقص	-	N	فِعَاء
30:18:6	عشو	ناقص	-	N	فَعِيًّا
30:19:2	حيي	لفيف	-	N	فَعّ
30:19:4	موت	أجوف	-	N	فَيِّت
30:19:6	موت	أجوف	-	N	فَيِّت
30:19:8	حيي	لفيف	-	N	فَعّ
30:19:9	حيي	لفيف	-	V	يُفْعِل
30:20:2	ايي	لفيف	0	N	فعَاتِهِ
30:21:13	ودد	مضاعف	-	N	مَفَعَّة
30:21:18	ايي	لفيف	0	N	فعَات
30:21:2	ايي	لفيف	0	N	فعَاتِهِ
30:22:12	ايي	لفيف	0	N	فعَات
30:22:2	ايي	لفيف	0	N	فعَاتِهِ
30:23:12	ايي	لفيف	0	N	فعَات
30:23:2	ايي	لفيف	0	N	فعَاتِهِ
30:23:3	نوم	أجوف	-	N	مَفَامُكُمْ
30:23:6	بغي	ناقص	-	N	افْتِعَاؤُكُمْ
30:24:10	موه	أجوف	-	N	فَاء
30:24:11	حيي	لفيف	-	V	يُفْعِل
30:24:19	ايي	لفيف	0	N	فعَات
30:24:2	ايي	لفيف	0	N	فعَاتِهِ
30:24:3	راي	ناقص	1	V	يُفِيكُمُ
30:24:9	سمو	ناقص	-	N	فَعَاء
30:25:10	دعو	ناقص	-	V	فَعَاكُمْ
30:25:2	ايي	لفيف	0	N	فعَاتِهِ
30:25:5	سمو	ناقص	-	N	فَعَاء
30:26:6	كلل	مضاعف	-	N	فُعّ
30:27:12	علو	ناقص	-	N	أَفْعَى
30:27:17	عزز	مضاعف	-	N	فَعِيل
30:27:6	عود	أجوف	-	V	يُفِيدُهُ
30:28:19	سوي	لفيف	-	N	فَعَاء
30:28:20	خوف	أجوف	-	V	تَفَافُعنَهُمْ
30:28:21	خوف	أجوف	-	N	فِيفَتِكُمْ
30:28:25	ايي	لفيف	0	N	فعَات
30:29:11	ضلل	مضاعف	-	V	أَفَعّ
30:29:5	هوي	لفيف	-	N	أَفْعَاءَهُمْ
30:30:1	قوم	أجوف	-	V	أَفِم
30:30:17	قوم	أجوف	-	ADJ	فَيِّم
30:30:20	نوس	أجوف	-	N	فَاس
30:30:9	نوس	أجوف	-	N	فَاس
30:31:1	نوب	أجوف	-	N	مُفِيبِين
30:31:3	وقي	لفيف	-	V	اتَّقُفهُ
30:31:4	قوم	أجوف	-	V	أَفِيمُعا
30:31:5	صلو	ناقص	-	N	فَعَاة
30:32:5	كون	أجوف	-	V	فَانُعا
30:32:7	كلل	مضاعف	-	N	فُعّ
30:33:11	ذوق	أجوف	-	V	أَفَاقَهُمْ
30:33:17	ربب	مضاعف	-	N	فَعِّهِمْ
30:33:2	مسس	مضاعف	-	V	فَعّ
30:33:3	نوس	أجوف	-	N	فَاس
30:33:4	ضرر	مضاعف	-	N	فُعّ
30:33:6	ربب	مضاعف	-	N	فَعَّهُمْ
30:33:7	نوب	أجوف	-	N	مُفِيبِين
30:35:8	كون	أجوف	-	V	فَانُعا
30:36:2	ذوق	أجوف	-	V	أَفَقْنَا
30:36:3	نوس	أجوف	-	N	فَاس
30:36:8	صوب	أجوف	-	V	تُفِبْهُمْ
30:36:9	سوا	أجوف	2	N	فَيِّئَة
30:37:13	ايي	لفيف	0	N	فعَات
30:37:15	امن	صحيح سالم	0	V	يُؤْمِنُونَ
30:37:2	راي	ناقص	1	V	يَفَوْع
30:37:8	شيا	أجوف	2	V	يَفَاء
30:38:1	اتي	ناقص	0	V	فع
30:38:11	رود	أجوف	-	V	يُفِيدُعنَ
30:38:4	حقق	مضاعف	-	N	فَعَّهُ
30:38:6	بني	ناقص	-	N	افْع
30:39:16	زكو	ناقص	-	N	فَعَاة
30:39:17	رود	أجوف	-	V	تُفِيدُعنَ
30:39:4	ربو	ناقص	-	N	فِعًا
30:39:8	نوس	أجوف	-	N	فَاس
30:3:2	دنو	ناقص	-	N	أَفْعَى
30:40:18	شيا	أجوف	2	N	فَعْء
30:40:20	علو	ناقص	-	V	تَفَاعَى
30:40:7	موت	أجوف	-	V	يُفِيتُكُمْ
30:40:9	حيي	لفيف	-	V	يُفْعِلكُمْ
30:41:10	ذوق	أجوف	-	V	يُفِيقَهُمْ
30:41:4	برر	مضاعف	-	N	فَعّ
30:41:9	نوس	أجوف	-	N	فَاس
30:42:1	قول	أجوف	-	V	فُل
30:42:12	كون	أجوف	-	V	فَان
30:42:7	كون	أجوف	-	V	فَان
30:43:1	قوم	أجوف	-	V	أَفِم
30:43:11	ردد	مضاعف	-	N	مَفَعّ
30:43:4	قوم	أجوف	-	ADJ	فَيِّم
30:45:10	حبب	مضاعف	-	V	يُفِعّ
30:46:13	بغي	ناقص	-	V	تَفْتَعُوا
30:46:2	ايي	لفيف	0	N	فعَاتِهِ
30:46:5	روح	أجوف	-	N	فِيَاح
30:46:7	ذوق	أجوف	-	V	يُفِيقَكُمْ
30:47:14	كون	أجوف	-	V	فَان
30:47:15	حقق	مضاعف	-	N	فَعًّا
30:47:18	امن	صحيح سالم	0	N	مُؤْمِنِين
30:47:8	جيا	أجوف	2	V	فَاءُوهُمْ
30:48:11	شيا	أجوف	2	V	يَفَاء
30:48:14	راي	ناقص	1	V	تَفَى
30:48:18	خلل	مضاعف	-	N	فِعَالِهِ
30:48:20	صوب	أجوف	-	V	أَفَاب
30:48:23	شيا	أجوف	2	V	يَفَاء
30:48:4	روح	أجوف	-	N	فِيَاح
30:48:5	ثور	أجوف	-	V	تُفِير
30:48:9	سمو	ناقص	-	N	فَعَاء
30:49:2	كون	أجوف	-	V	فَانُعا
30:4:12	امن	صحيح سالم	0	N	مُؤْمِنُون
30:4:3	سنو	ناقص	-	N	فِعِين
30:4:4	اله	صحيح سالم	0	PN	لَّه
30:50:13	حيي	لفيف	-	N	مُفْعِل
30:50:17	كلل	مضاعف	-	N	فُعّ
30:50:18	شيا	أجوف	2	N	فَعْء
30:50:7	حيي	لفيف	-	V	يُفْعِل
30:51:3	روح	أجوف	-	N	فِيحًا
30:51:4	راي	ناقص	1	V	فَعَوْهُ
30:51:6	ظلل	مضاعف	-	V	فَعُّوا
30:52:10	ولي	لفيف	-	V	فَعَّوْا
30:52:7	صمم	مضاعف	-	N	فُعّ
30:52:8	دعو	ناقص	-	N	فُعَاء
30:53:11	امن	صحيح سالم	0	V	يُؤْمِن
30:53:12	ايي	لفيف	0	N	فعَاتِنَا
30:53:3	هدي	ناقص	-	N	فَاع
30:53:6	ضلل	مضاعف	-	N	فَعَالَتِهِمْ
30:54:11	قوي	لفيف	-	N	فُعَّة
30:54:16	قوي	لفيف	-	N	فُعَّة
30:54:21	شيا	أجوف	2	V	يَفَاء
30:55:11	كون	أجوف	-	V	فَانُعا
30:55:12	افك	صحيح سالم	0	V	يُؤْفَكُونَ
30:55:3	سوع	أجوف	-	N	فَاعَة
30:55:9	سوع	أجوف	-	N	فَاعَة
30:56:1	قول	أجوف	-	V	فَال
30:56:18	كون	أجوف	-	V	فُنْتُمْ
30:56:3	اتي	ناقص	0	V	فُوعُوا
30:58:11	جيا	أجوف	2	V	فِئْتَهُمْ
30:58:12	ايي	لفيف	0	N	فعَة
30:58:3	نوس	أجوف	-	N	فَّاس
30:58:8	كلل	مضاعف	-	N	فُعّ
30:5:5	شيا	أجوف	2	V	يَفَاء
30:5:7	عزز	مضاعف	-	N	فَعِيل
30:60:5	حقق	مضاعف	-	N	فَعّ
30:60:7	خفف	مضاعف	-	V	يَسْتَفِعَّنَّكَ
30:6:9	نوس	أجوف	-	N	فَاس
30:7:4	حيي	لفيف	-	N	فَعَاة
30:7:5	دنو	ناقص	-	ADJ	فُعْيَا
30:8:13	حقق	مضاعف	-	N	فَعّ
30:8:15	سمو	ناقص	-	N	مُفَعًّى
30:8:19	نوس	أجوف	-	N	فَاس
30:8:20	لقي	ناقص	-	N	فِعَاء
30:8:21	ربب	مضاعف	-	N	فَعِّهِمْ
30:9:12	كون	أجوف	-	V	فَانُعا
30:9:13	شدد	مضاعف	-	N	أَفَعّ
30:9:15	قوي	لفيف	-	N	فُعَّة
30:9:16	ثور	أجوف	-	V	أَفَارُعا
30:9:22	جيا	أجوف	2	V	فَاءَتْهُمْ
30:9:26	كون	أجوف	-	V	فَان
30:9:30	كون	أجوف	-	V	فَانُعا
30:9:7	كون	أجوف	-	V	فَان
31:10:13	بثث	مضاعف	-	V	فَعّ
31:10:16	كلل	مضاعف	-	N	فُعّ
31:10:17	دبب	مضاعف	-	N	فَاعَّة
31:10:20	سمو	ناقص	-	N	فَعَاء
31:10:21	موه	أجوف	-	N	فَاء
31:10:25	كلل	مضاعف	-	N	فُعّ
31:10:5	راي	ناقص	1	V	تَفَوْنَهَع
31:10:9	رسو	ناقص	-	N	فَوَاعِي
31:11:13	ضلل	مضاعف	-	N	فَعَال
31:11:4	راي	ناقص	1	V	أَفُونِي
31:12:7	اله	صحيح سالم	0	PN	لَّه
31:13:2	قول	أجوف	-	V	فَال
31:13:4	بني	ناقص	-	N	افْعِهِ
31:13:6	وعظ	مثال	-	V	يَعِظُهُ
31:14:11	عوم	أجوف	-	N	فَامَيْن
31:14:5	امم	مضاعف	0	N	فُعُّهُ
31:15:13	طوع	أجوف	-	V	تُفِعْهُمَا
31:15:16	دنو	ناقص	-	N	فُعْيَا
31:15:21	نوب	أجوف	-	V	أَفَاب
31:15:26	نبا	صحيح سالم	2	V	أُفَعِّئُكُمْ
31:15:28	كون	أجوف	-	V	فُنْتُمْ
31:16:18	اتي	ناقص	0	V	يَفْع
31:16:4	كون	أجوف	-	V	تَف
31:16:6	حبب	مضاعف	-	N	فَعَّة
31:16:9	كون	أجوف	-	V	تَفُن
31:17:12	صوب	أجوف	-	V	أَفَابَكَ
31:17:2	قوم	أجوف	-	V	أَفِم
31:17:3	صلو	ناقص	-	N	فَعَاة
31:17:6	نهي	ناقص	-	V	افْع
31:18:13	حبب	مضاعف	-	V	يُفِعّ
31:18:14	كلل	مضاعف	-	N	فُعّ
31:18:15	خيل	أجوف	-	ADJ	مُفْتَال
31:18:3	خدد	مضاعف	-	N	فَعَّكَ
31:18:4	نوس	أجوف	-	N	فَّاس
31:18:6	مشي	ناقص	-	V	تَفْع
31:19:4	غضض	مضاعف	-	V	افْعُل
31:20:19	نوس	أجوف	-	N	فَاس
31:20:2	راي	ناقص	1	V	تَفَوْع
31:20:30	نور	أجوف	-	N	مُفِير
31:21:14	ابو	ناقص	0	N	فعَاءَنَا
31:21:16	كون	أجوف	-	V	فَان
31:21:2	قول	أجوف	-	V	فِيل
31:21:8	قول	أجوف	-	V	فَالُعا
31:23:8	نبا	صحيح سالم	2	V	فُنَعِّئُهُمْ
31:24:2	قلل	مضاعف	-	N	فَعِيلًا
31:24:4	ضرر	مضاعف	-	V	نَفْطَعُّهُمْ
31:25:11	اله	صحيح سالم	0	PN	لَّه
31:25:9	قول	أجوف	-	V	فُل
31:26:1	اله	صحيح سالم	0	PN	لَّه
31:27:20	عزز	مضاعف	-	ADJ	فَعِيل
31:27:9	مدد	مضاعف	-	V	يَفُعُّهُ
31:29:16	كلل	مضاعف	-	N	فُعّ
31:29:2	راي	ناقص	1	V	تَف
31:29:20	سمو	ناقص	-	N	مُفَعًّى
31:2:2	ايي	لفيف	0	N	فعَات
31:30:15	علو	ناقص	-	N	فَعِيّ
31:30:5	حقق	مضاعف	-	N	فَعّ
31:31:10	راي	ناقص	1	V	يُفِيَكُمْ
31:31:12	ايي	لفيف	0	N	فعَاتِهِ
31:31:16	ايي	لفيف	0	N	فعَات
31:31:17	كلل	مضاعف	-	N	فُعّ
31:31:2	راي	ناقص	1	V	تَف
31:32:11	نجو	ناقص	-	V	فَعَّاهُمْ
31:32:13	برر	مضاعف	-	N	فَعّ
31:32:18	ايي	لفيف	0	N	فعَاتِنَا
31:32:2	غشو	ناقص	-	V	فَعِيَهُمْ
31:32:20	كلل	مضاعف	-	N	فُعّ
31:32:4	ظلل	مضاعف	-	N	فُعَل
31:33:15	جزي	ناقص	-	N	فَاع
31:33:2	نوس	أجوف	-	N	فَاس
31:33:22	حقق	مضاعف	-	N	فَعّ
31:33:24	غرر	مضاعف	-	V	تَفُعَّنَّكُمُ
31:33:25	حيي	لفيف	-	N	فَعَاة
31:33:26	دنو	ناقص	-	ADJ	فُعْيَا
31:33:28	غرر	مضاعف	-	V	يَفُعَّنَّكُمْ
31:33:3	وقي	لفيف	-	V	اتَّقُفا
31:33:30	غرر	مضاعف	-	N	فَعُول
31:33:4	ربب	مضاعف	-	N	فَعَّكُمْ
31:33:5	خشي	ناقص	-	V	افْعَوْا
31:34:17	غدو	ناقص	-	N	فَعًا
31:34:5	سوع	أجوف	-	N	فَاعَة
31:4:2	قوم	أجوف	-	V	يُفِيمُعنَ
31:4:3	صلو	ناقص	-	N	فَعَاة
31:4:4	اتي	ناقص	0	V	يُؤْتُونَ
31:4:5	زكو	ناقص	-	N	فَعَاة
31:5:5	ربب	مضاعف	-	N	فَعِّهِمْ
31:6:13	اخذ	صحيح سالم	0	V	يَتَّخِذَهَف
31:6:18	هون	أجوف	-	N	مُفِين
31:6:2	نوس	أجوف	-	N	فَاس
31:6:7	ضلل	مضاعف	-	V	يُفِعّ
31:7:2	تلو	ناقص	-	V	فُتْعَى
31:7:4	ايي	لفيف	0	N	فعَاتُنَا
31:8:7	جنن	مضاعف	-	N	فَعَّات
31:9:5	حقق	مضاعف	-	N	فَعًّا
31:9:7	عزز	مضاعف	-	N	فَعِيل
32:10:1	قول	أجوف	-	V	فَالُعا
32:10:12	لقي	ناقص	-	N	فِعَاء
32:10:13	ربب	مضاعف	-	N	فَعِّهِمْ
32:10:3	ضلل	مضاعف	-	V	فَعَلْنَا
32:10:9	جدد	مضاعف	-	ADJ	فَعِيل
32:11:1	قول	أجوف	-	V	فُل
32:11:10	ربب	مضاعف	-	N	فَعِّكُمْ
32:11:2	وفي	لفيف	-	V	يَتَفَعَّاكُمْ
32:12:16	يقن	مثال	-	N	مُوقِنُون
32:12:2	راي	ناقص	1	V	تَفَى
32:12:6	راس	صحيح سالم	1	N	فُءُوسِهِمْ
32:12:8	ربب	مضاعف	-	N	فَعِّهِمْ
32:12:9	ربب	مضاعف	-	N	فَعَّنَا
32:13:14	جنن	مضاعف	-	N	فِعَّة
32:13:15	نوس	أجوف	-	N	فَاس
32:13:2	شيا	أجوف	2	V	فِئْنَا
32:13:4	كلل	مضاعف	-	N	فُعّ
32:13:6	هدي	ناقص	-	N	فُعَاهَا
32:13:8	حقق	مضاعف	-	V	فَعّ
32:14:13	كون	أجوف	-	V	فُنْتُمْ
32:14:4	لقي	ناقص	-	N	فِعَاء
32:15:12	ربب	مضاعف	-	N	فَعِّهِمْ
32:15:2	امن	صحيح سالم	0	V	يُؤْمِن
32:15:3	ايي	لفيف	0	N	فعَاتِنَا
32:15:8	خرر	مضاعف	-	V	فَعُّوا
32:16:1	جفو	ناقص	-	V	تَتَفَاعَى
32:16:6	ربب	مضاعف	-	N	فَعَّهُمْ
32:17:10	جزي	ناقص	-	N	فَعَاء
32:17:12	كون	أجوف	-	V	فَانُعا
32:17:8	قرر	مضاعف	-	N	فُعَّة
32:18:2	كون	أجوف	-	V	فَان
32:18:3	امن	صحيح سالم	0	N	مُؤْمِنًف
32:18:5	كون	أجوف	-	V	فَان
32:18:8	سوي	لفيف	-	V	يَفْتَعُونَ
32:19:11	كون	أجوف	-	V	فَانُعا
32:19:7	جنن	مضاعف	-	N	فَعَّات
32:20:11	عود	أجوف	-	V	أُفِيدُعا
32:20:13	قول	أجوف	-	V	فِيل
32:20:17	نور	أجوف	-	N	فَار
32:20:19	كون	أجوف	-	V	فُنْتُمْ
32:20:4	اوي	لفيف	0	N	مَفْعَاهُمُ
32:20:5	نور	أجوف	-	N	فَار
32:20:6	كلل	مضاعف	-	T	فُعَّمَا
32:20:7	رود	أجوف	-	V	أَفَادُعا
32:21:1	ذوق	أجوف	-	V	نُفِيقَنَّهُمْ
32:21:4	دنو	ناقص	-	ADJ	أَفْعَى
32:22:5	ايي	لفيف	0	N	فعَات
32:22:6	ربب	مضاعف	-	N	فَعِّهِ
32:23:10	لقي	ناقص	-	N	فِعَائِهِ
32:23:6	كون	أجوف	-	V	تَفُن
32:24:3	امم	مضاعف	0	N	فَئِعَّة
32:24:4	هدي	ناقص	-	V	يَفْعُونَ
32:24:8	كون	أجوف	-	V	فَانُعا
32:24:9	ايي	لفيف	0	N	فعَاتِنَا
32:25:2	ربب	مضاعف	-	N	فَعَّكَ
32:25:7	قوم	أجوف	-	N	فِيَامَة
32:25:9	كون	أجوف	-	V	فَانُعا
32:26:10	مشي	ناقص	-	V	يَفْعُونَ
32:26:16	ايي	لفيف	0	N	فعَات
32:26:2	هدي	ناقص	-	V	يَفْع
32:27:2	راي	ناقص	1	V	يَفَوْع
32:27:5	موه	أجوف	-	N	فَاء
32:28:6	كون	أجوف	-	V	فُنْتُمْ
32:29:1	قول	أجوف	-	V	فُل
32:2:7	ربب	مضاعف	-	N	فَعّ
32:3:12	اتي	ناقص	0	V	فَعَاهُمْ
32:3:18	هدي	ناقص	-	V	يَفْتَعُونَ
32:3:3	فري	ناقص	-	V	افْتَعَاهُ
32:3:6	حقق	مضاعف	-	N	فَعّ
32:3:8	ربب	مضاعف	-	N	فَعِّكَ
32:4:10	يوم	لفيف	-	N	أَفَّام
32:4:9	ستت	مضاعف	-	N	فِعَّل
32:5:12	كون	أجوف	-	V	فَان
32:5:15	سنو	ناقص	-	N	فَعَة
32:5:17	عدد	مضاعف	-	V	تَفُعُّونَ
32:5:4	سمو	ناقص	-	N	فَعَاء
32:6:5	عزز	مضاعف	-	ADJ	فَعِيل
32:7:3	كلل	مضاعف	-	N	فُعّ
32:7:4	شيا	أجوف	2	N	فَعْء
32:8:5	سلل	مضاعف	-	N	فُعَالَة
32:8:7	موه	أجوف	-	N	فَاء
32:9:11	فاد	صحيح سالم	1	N	أَفْئِدَة
32:9:12	قلل	مضاعف	-	ADJ	فَعِيلًا
32:9:2	سوي	لفيف	-	V	فَعَّاهُ
33:10:14	ظنن	مضاعف	-	V	تَفُعُّولَ
33:10:16	ظنن	مضاعف	-	N	فُعُولَا
33:10:2	جيا	أجوف	2	V	فَاءُوكُمْ
33:10:9	زيغ	أجوف	-	V	فَاغَت
33:11:2	بلو	ناقص	-	V	افْتُعِي
33:11:3	امن	صحيح سالم	0	N	مُؤْمِنُون
33:11:6	شدد	مضاعف	-	ADJ	فَعِيلًا
33:12:13	غرر	مضاعف	-	N	فُعُولًا
33:13:14	نبا	صحيح سالم	2	N	فَعِيّ
33:13:2	قول	أجوف	-	V	فَالَت
33:13:23	رود	أجوف	-	V	يُفِيدُعنَ
33:13:25	فرر	مضاعف	-	N	فِعَالًا
33:13:3	طوف	أجوف	-	N	فَائِفَة
33:13:8	قوم	أجوف	-	N	مُفَام
33:14:7	سال	صحيح سالم	1	V	فُئِلُوع
33:14:9	اتي	ناقص	0	V	فعَوْهَا
33:15:10	كون	أجوف	-	V	فَان
33:15:13	سال	صحيح سالم	1	N	مَفْئُولًع
33:15:2	كون	أجوف	-	V	فَانُعا
33:15:8	ولي	لفيف	-	V	يُفَعُّونَ
33:16:1	قول	أجوف	-	V	فُل
33:16:15	قلل	مضاعف	-	N	فَعِيلًا
33:16:4	فرر	مضاعف	-	N	فِعَال
33:16:6	فرر	مضاعف	-	V	فَعَلْتُمْ
33:17:1	قول	أجوف	-	V	فُل
33:17:13	رود	أجوف	-	V	أَفَاد
33:17:17	وجد	مثال	-	V	يَجِدُفنَ
33:17:9	رود	أجوف	-	V	أَفَاد
33:18:11	اتي	ناقص	0	V	يَفْعُونَ
33:18:14	قلل	مضاعف	-	N	فَعِيلًا
33:18:6	قول	أجوف	-	N	فَائِلِين
33:18:8	لمم	مضاعف	-	V	هَفُعّ
33:19:1	شحح	مضاعف	-	ADJ	أَفِعَّة
33:19:12	غشو	ناقص	-	V	يُفْعَى
33:19:21	حدد	مضاعف	-	N	فِعَال
33:19:22	شحح	مضاعف	-	ADJ	أَفِعَّة
33:19:27	امن	صحيح سالم	0	V	يُؤْمِنُوف
33:19:31	كون	أجوف	-	V	فَان
33:19:4	جيا	أجوف	2	V	فَاء
33:1:11	كون	أجوف	-	V	فَان
33:1:2	نبا	صحيح سالم	2	N	فَعِيّ
33:1:3	وقي	لفيف	-	V	اتَّق
33:1:6	طوع	أجوف	-	V	تُفِع
33:20:18	كون	أجوف	-	V	فَانُعا
33:20:23	قلل	مضاعف	-	N	فَعِيلًا
33:20:6	اتي	ناقص	0	V	يَفْع
33:20:8	ودد	مضاعف	-	V	يَفَعُّوا
33:21:10	كون	أجوف	-	V	فَان
33:21:2	كون	أجوف	-	V	فَان
33:22:15	زيد	أجوف	-	V	فَادَهُمْ
33:22:3	امن	صحيح سالم	0	N	مُؤْمِنُون
33:22:5	قول	أجوف	-	V	فَالُعا
33:23:2	امن	صحيح سالم	0	N	مُؤْمِنِين
33:24:14	كون	أجوف	-	V	فَان
33:24:8	شيا	أجوف	2	V	فَاء
33:25:1	ردد	مضاعف	-	V	فَعّ
33:25:11	امن	صحيح سالم	0	N	مُؤْمِنِين
33:25:13	كون	أجوف	-	V	فَان
33:25:16	عزز	مضاعف	-	ADJ	فَعِيلًا
33:25:7	نيل	أجوف	-	V	يَفَالُوا
33:27:11	كلل	مضاعف	-	N	فُعّ
33:27:12	شيا	أجوف	2	N	فَعْء
33:27:3	دور	أجوف	-	N	فِيَارَهُمْ
33:27:7	وطا	مثال	2	V	تَطَئُفهَا
33:27:8	كون	أجوف	-	V	فَان
33:28:11	علو	ناقص	-	V	تَفَاعَيْنَ
33:28:2	نبا	صحيح سالم	2	N	فَعِيّ
33:28:3	قول	أجوف	-	V	فُل
33:28:6	كون	أجوف	-	V	فُنْتُنَّ
33:28:7	رود	أجوف	-	V	تُفِدْنَ
33:28:8	حيي	لفيف	-	N	فَعَاة
33:28:9	دنو	ناقص	-	ADJ	فُعْيَا
33:29:10	عدد	مضاعف	-	V	أَفَعّ
33:29:2	كون	أجوف	-	V	فُنْتُنَّ
33:29:3	رود	أجوف	-	V	تُفِدْنَ
33:29:6	دور	أجوف	-	N	فَار
33:2:6	ربب	مضاعف	-	N	فَعِّكَ
33:2:9	كون	أجوف	-	V	فَان
33:30:1	نسو	ناقص	-	N	يَا فِعَاء
33:30:12	كون	أجوف	-	V	فَان
33:30:2	نبا	صحيح سالم	2	N	فَعِيّ
33:30:4	اتي	ناقص	0	V	يَفْع
33:31:10	مرر	مضاعف	-	N	فَعَّتَيْن
33:31:4	اله	صحيح سالم	0	PN	لَّه
33:31:8	اتي	ناقص	0	V	نُؤْتِهَف
33:32:1	نسو	ناقص	-	N	يَا فِعَاء
33:32:17	قول	أجوف	-	V	فُلْنَ
33:32:2	نبا	صحيح سالم	2	N	فَعِيّ
33:32:3	ليس	أجوف	-	V	فَسْتُنَّ
33:32:6	نسو	ناقص	-	N	فِعَاء
33:32:8	وقي	لفيف	-	V	اتَّقَيْتُنَّ
33:33:1	قرر	مضاعف	-	V	فَعْنَ
33:33:10	صلو	ناقص	-	N	فَعَاة
33:33:12	زكو	ناقص	-	N	فَعَاة
33:33:13	طوع	أجوف	-	V	أَفِعْنَ
33:33:17	رود	أجوف	-	V	يُفِيد
33:33:9	قوم	أجوف	-	V	أَفِمْنَ
33:34:12	كون	أجوف	-	V	فَان
33:34:3	تلو	ناقص	-	V	يُفْعَى
33:34:7	ايي	لفيف	0	N	فعَات
33:35:16	صوم	أجوف	-	N	فَائِمِين
33:35:17	صوم	أجوف	-	N	فَائِمَات
33:35:25	عدد	مضاعف	-	V	أَفَعّ
33:35:4	امن	صحيح سالم	0	N	مُؤْمِنِين
33:35:5	امن	صحيح سالم	0	N	مُؤْمِنَفت
33:36:18	عصي	ناقص	-	V	يَفْع
33:36:2	كون	أجوف	-	V	فَان
33:36:22	ضلل	مضاعف	-	V	فَعّ
33:36:23	ضلل	مضاعف	-	N	فَعَالًا
33:36:3	امن	صحيح سالم	0	N	مُؤْمِن
33:36:5	امن	صحيح سالم	0	N	مُؤْمِنَة
33:37:12	وقي	لفيف	-	V	اتَّق
33:37:19	بدو	ناقص	-	N	مُفْعِيهِ
33:37:21	نوس	أجوف	-	N	فَاس
33:37:23	حقق	مضاعف	-	ADJ	أَفَعّ
33:37:25	خشي	ناقص	-	V	تَفْعَاهُ
33:37:36	امن	صحيح سالم	0	N	مُؤْمِنِين
33:37:40	دعو	ناقص	-	N	أَفْعِيَائِهِمْ
33:37:42	قضي	ناقص	-	V	فَعَوْا
33:37:45	كون	أجوف	-	V	فَان
33:38:11	سنن	مضاعف	-	N	فُعَّة
33:38:18	كون	أجوف	-	V	فَان
33:38:2	كون	أجوف	-	V	فَان
33:38:4	نبا	صحيح سالم	2	N	فَعِيّ
33:39:5	خشي	ناقص	-	V	يَفْعَوْنَهُ
33:39:7	خشي	ناقص	-	V	يَفْعَوْنَ
33:40:12	نبا	صحيح سالم	2	N	فَعِيِّين
33:40:13	كون	أجوف	-	V	فَان
33:40:15	كلل	مضاعف	-	N	فُعّ
33:40:16	شيا	أجوف	2	N	فَعْء
33:40:2	كون	أجوف	-	V	فَان
33:40:4	ابو	ناقص	0	N	فَعَا
33:43:11	كون	أجوف	-	V	فَان
33:43:12	امن	صحيح سالم	0	N	مُؤْمِنِين
33:43:3	صلو	ناقص	-	V	يُفَعِّي
33:44:1	حيي	لفيف	-	N	تَفِعَّتُهُمْ
33:44:3	لقي	ناقص	-	V	يَفْعَوْنَهُ
33:44:5	عدد	مضاعف	-	V	أَفَعّ
33:45:2	نبا	صحيح سالم	2	N	فَعِيّ
33:46:1	دعو	ناقص	-	N	فَاعِيًا
33:46:6	نور	أجوف	-	N	مُفِيرًا
33:47:2	امن	صحيح سالم	0	N	مُؤْمِنِين
33:48:2	طوع	أجوف	-	V	تُفِع
33:48:5	ودع	مثال	-	V	دَع
33:48:6	اذي	ناقص	0	N	فَعَاهُمْ
33:49:12	مسس	مضاعف	-	V	تَفَعُّوهُنَّ
33:49:17	عدد	مضاعف	-	N	فِعَّة
33:49:18	عدد	مضاعف	-	V	تَفْتَعُّونَهَا
33:49:6	امن	صحيح سالم	0	N	مُؤْمِنَفت
33:4:15	امم	مضاعف	0	N	فُعَّهَاتِكُلْ
33:4:18	دعو	ناقص	-	N	أَفْعِيَاءَكُمْ
33:4:19	بني	ناقص	-	N	أَفْعَاءَكُمْ
33:4:25	حقق	مضاعف	-	N	فَعّ
33:50:14	فيا	أجوف	2	V	أَفَاء
33:50:17	بني	ناقص	-	N	فَعَات
33:50:18	عمم	مضاعف	-	N	فَعِّكَ
33:50:19	بني	ناقص	-	N	فَعَات
33:50:2	نبا	صحيح سالم	2	N	فَعِيّ
33:50:20	عمم	مضاعف	-	N	فَعَّاتِكَ
33:50:21	بني	ناقص	-	N	فَعَات
33:50:22	خول	أجوف	-	N	فَالِكَ
33:50:23	بني	ناقص	-	N	فَعَات
33:50:24	خول	أجوف	-	N	فَالَاتِكَ
33:50:29	امن	صحيح سالم	0	N	مُؤْمِنَة
33:50:33	نبا	صحيح سالم	2	N	فَّعِيّ
33:50:35	رود	أجوف	-	V	أَفَاد
33:50:36	نبا	صحيح سالم	2	N	فَعِيّ
33:50:4	حلل	مضاعف	-	V	أَفْعَلْنَا
33:50:43	امن	صحيح سالم	0	N	مُؤْمِنِين
33:50:58	كون	أجوف	-	V	فَان
33:51:1	رجو	ناقص	-	V	تُفْعِي
33:51:17	دنو	ناقص	-	N	أَفْعَى
33:51:19	قرر	مضاعف	-	V	تَفَعّ
33:51:23	رضو	ناقص	-	V	يَفْعَيْنَ
33:51:26	كلل	مضاعف	-	N	فُعُّهُنَّ
33:51:3	شيا	أجوف	2	V	تَفَاء
33:51:32	كون	أجوف	-	V	فَان
33:51:5	اوي	لفيف	0	V	تُؤْوِي
33:51:8	شيا	أجوف	2	V	تَفَاء
33:52:2	حلل	مضاعف	-	V	يَفِعّ
33:52:20	كون	أجوف	-	V	فَان
33:52:23	كلل	مضاعف	-	N	فُعّ
33:52:24	شيا	أجوف	2	N	فَعْء
33:52:4	نسو	ناقص	-	N	فِعَاء
33:53:10	اذن	صحيح سالم	0	V	يُؤْذَن
33:53:16	اني	ناقص	0	N	فِعَاهُ
33:53:19	دعو	ناقص	-	V	فُعِيتُمْ
33:53:29	كون	أجوف	-	V	فَان
33:53:30	اذي	ناقص	0	V	يُؤْذِي
33:53:31	نبا	صحيح سالم	2	N	فَعِيّ
33:53:32	حيي	لفيف	-	V	يَسْتَفْعِل
33:53:36	حيي	لفيف	-	V	يَسْتَفْعِل
33:53:38	حقق	مضاعف	-	N	فَعّ
33:53:44	وري	لفيف	-	N	فَعَاء
33:53:51	كون	أجوف	-	V	فَان
33:53:54	اذي	ناقص	0	V	تُؤْذُوف
33:53:66	كون	أجوف	-	V	فَان
33:53:7	نبا	صحيح سالم	2	N	فَعِيّ
33:54:10	شيا	أجوف	2	N	فَعْء
33:54:5	خفي	ناقص	-	V	تُفْعُوهُ
33:54:8	كون	أجوف	-	V	فَان
33:54:9	كلل	مضاعف	-	N	فُعّ
33:55:11	بني	ناقص	-	N	أَفْعَاء
33:55:14	بني	ناقص	-	N	أَفْعَاء
33:55:17	نسو	ناقص	-	N	فِعَائِهِنَّ
33:55:22	وقي	لفيف	-	V	اتَّقِينَ
33:55:26	كون	أجوف	-	V	فَان
33:55:28	كلل	مضاعف	-	N	فُعّ
33:55:29	شيا	أجوف	2	N	فَعْء
33:55:5	ابو	ناقص	0	N	فعَائِهِنَّ
33:55:7	بني	ناقص	-	N	أَفْعَائِهِنَّ
33:56:6	نبا	صحيح سالم	2	N	فَعِيّ
33:57:11	عدد	مضاعف	-	V	أَفَعّ
33:57:14	هون	أجوف	-	N	مُفِينًا
33:57:3	اذي	ناقص	0	V	يُؤْذُونَ
33:57:9	دنو	ناقص	-	N	فُعْيَا
33:58:2	اذي	ناقص	0	V	يُؤْذُونَ
33:58:3	امن	صحيح سالم	0	N	مُؤْمِنِين
33:58:4	امن	صحيح سالم	0	N	مُؤْمِنَفت
33:59:13	دنو	ناقص	-	N	أَفْعَى
33:59:17	اذي	ناقص	0	V	يُؤْذَيْنَ
33:59:18	كون	أجوف	-	V	فَان
33:59:2	نبا	صحيح سالم	2	N	فَعِيّ
33:59:3	قول	أجوف	-	V	فُل
33:59:5	بني	ناقص	-	N	فَعَاتِكَ
33:59:6	نسو	ناقص	-	N	فِعَاء
33:59:7	امن	صحيح سالم	0	N	مُؤْمِنِين
33:59:8	دنو	ناقص	-	V	يُفْعِينَ
33:5:10	ابو	ناقص	0	N	فعَاءَهُمْ
33:5:2	ابو	ناقص	0	N	فعَائِهِمْ
33:5:25	كون	أجوف	-	V	فَان
33:60:12	غرو	ناقص	-	V	نُفْعِيَنَّكَ
33:60:19	قلل	مضاعف	-	N	فَعِيلًا
33:60:3	نهي	ناقص	-	V	يَفْتَع
33:62:1	سنن	مضاعف	-	N	فُعَّة
33:62:10	سنن	مضاعف	-	N	فُعَّة
33:62:9	وجد	مثال	-	V	تَجِد
33:63:13	سوع	أجوف	-	N	فَاعَة
33:63:2	نوس	أجوف	-	N	فَاس
33:63:4	سوع	أجوف	-	N	فَاعَة
33:63:5	قول	أجوف	-	V	فُل
33:64:5	عدد	مضاعف	-	V	أَفَعّ
33:65:5	وجد	مثال	-	V	يَجِدُفنَ
33:66:10	طوع	أجوف	-	V	أَفَعْنَا
33:66:5	نور	أجوف	-	N	فَار
33:66:8	طوع	أجوف	-	V	أَفَعْنَا
33:67:1	قول	أجوف	-	V	فَالُعا
33:67:2	ربب	مضاعف	-	N	فَعَّنَا
33:67:4	طوع	أجوف	-	V	أَفَعْنَا
33:67:5	سود	أجوف	-	N	فَادَتَنَا
33:67:7	ضلل	مضاعف	-	V	أَفَعُّونَا
33:68:1	ربب	مضاعف	-	N	فَعَّنَا
33:68:2	اتي	ناقص	0	V	فعِهِمْ
33:69:12	قول	أجوف	-	V	فَالُعا
33:69:13	كون	أجوف	-	V	فَان
33:69:7	اذي	ناقص	0	V	فعَوْا
33:6:1	نبا	صحيح سالم	2	N	فَعِيّ
33:6:17	امن	صحيح سالم	0	N	مُؤْمِنِين
33:6:25	كون	أجوف	-	V	فَان
33:6:3	امن	صحيح سالم	0	N	مُؤْمِنِين
33:6:7	امم	مضاعف	0	N	فُعَّهَاتُهُلْ
33:70:4	وقي	لفيف	-	V	اتَّقُفا
33:70:8	سدد	مضاعف	-	ADJ	فَعِيلًا
33:71:12	فوز	أجوف	-	V	فَاز
33:71:8	طوع	أجوف	-	V	يُفِع
33:72:16	كون	أجوف	-	V	فَان
33:73:10	امن	صحيح سالم	0	N	مُؤْمِنِين
33:73:11	امن	صحيح سالم	0	N	مُؤْمِنَفت
33:73:12	كون	أجوف	-	V	فَان
33:7:12	بني	ناقص	-	N	افْع
33:7:16	وثق	مثال	-	N	مِيثَاقًا
33:7:4	نبا	صحيح سالم	2	N	فَعِيِّين
33:7:5	وثق	مثال	-	N	مِيثَاقَهُمْ
33:8:5	عدد	مضاعف	-	V	أَفَعّ
33:9:13	روح	أجوف	-	N	فِيحًا
33:9:16	راي	ناقص	1	V	تَفَوْهَع
33:9:17	كون	أجوف	-	V	فَان
33:9:9	جيا	أجوف	2	V	فَاءَتْكُمْ
34:10:10	لين	أجوف	-	V	أَفَنَّا
34:10:12	حدد	مضاعف	-	N	فَعِيل
34:12:12	جنن	مضاعف	-	N	فِعّ
34:12:18	ربب	مضاعف	-	N	فَعِّهِ
34:12:2	روح	أجوف	-	N	فِيح
34:12:20	زيغ	أجوف	-	V	يَفِغ
34:12:24	ذوق	أجوف	-	V	نُفِقْهُ
34:12:7	سيل	أجوف	-	V	أَفَلْنَا
34:13:11	رسو	ناقص	-	N	فَاعِيَات
34:13:13	اول	أجوف	0	N	فل
34:13:16	قلل	مضاعف	-	N	فَعِيل
34:13:4	شيا	أجوف	2	V	يَفَاء
34:13:9	جبي	ناقص	-	N	فَوَاع
34:14:10	دبب	مضاعف	-	N	فَاعَّة
34:14:15	خرر	مضاعف	-	V	فَعّ
34:14:17	جنن	مضاعف	-	N	فِعّ
34:14:20	كون	أجوف	-	V	فَانُعا
34:14:27	هون	أجوف	-	N	مُفِين
34:14:6	دلل	مضاعف	-	V	فَعَّهُمْ
34:15:11	اكل	صحيح سالم	0	V	كُلُوف
34:15:14	ربب	مضاعف	-	N	فَعِّكُمْ
34:15:19	ربب	مضاعف	-	N	فَعّ
34:15:2	كون	أجوف	-	V	فَان
34:15:6	ايي	لفيف	0	N	فعَة
34:15:7	جنن	مضاعف	-	N	فَعَّتَال
34:16:13	شيا	أجوف	2	N	فَعْء
34:16:16	قلل	مضاعف	-	ADJ	فَعِيل
34:16:7	جنن	مضاعف	-	N	فَعَّتَيْهِمْ
34:16:8	جنن	مضاعف	-	N	فَعَّتَيْل
34:18:16	يوم	لفيف	-	N	أَفَّامًا
34:19:1	قول	أجوف	-	V	فَالُعا
34:19:11	كلل	مضاعف	-	N	فُعّ
34:19:16	ايي	لفيف	0	N	فعَات
34:19:17	كلل	مضاعف	-	N	فُعّ
34:19:2	ربب	مضاعف	-	N	فَعَّنَا
34:1:2	اله	صحيح سالم	0	PN	لَّه
34:20:10	امن	صحيح سالم	0	N	مُؤْمِنِين
34:20:5	ظنن	مضاعف	-	N	فَعَّهُ
34:21:10	امن	صحيح سالم	0	V	يُؤْمِن
34:21:16	شكك	مضاعف	-	N	فَعّ
34:21:17	ربب	مضاعف	-	N	فَعُّكَ
34:21:19	كلل	مضاعف	-	N	فُعّ
34:21:2	كون	أجوف	-	V	فَان
34:21:20	شيا	أجوف	2	N	فَعْء
34:22:1	قول	أجوف	-	V	فُل
34:22:11	ذرر	مضاعف	-	N	فَعَّة
34:23:14	قول	أجوف	-	V	فَالُعا
34:23:16	قول	أجوف	-	V	فَال
34:23:17	ربب	مضاعف	-	N	فَعُّكُمْ
34:23:18	قول	أجوف	-	V	فَالُعا
34:23:19	حقق	مضاعف	-	N	فَعّ
34:23:21	علو	ناقص	-	N	فَعِيّ
34:24:1	قول	أجوف	-	V	فُل
34:24:16	ضلل	مضاعف	-	N	فَعَال
34:24:7	قول	أجوف	-	V	فُل
34:25:1	قول	أجوف	-	V	فُل
34:26:1	قول	أجوف	-	V	فُل
34:26:4	ربب	مضاعف	-	N	فَعُّنَا
34:26:8	حقق	مضاعف	-	N	فَعّ
34:27:1	قول	أجوف	-	V	فُل
34:27:11	عزز	مضاعف	-	ADJ	فَعِيل
34:27:2	راي	ناقص	1	V	أَفُونِيَ
34:28:10	نوس	أجوف	-	N	فَاس
34:28:4	كفف	مضاعف	-	N	فَاعَّة
34:28:5	نوس	أجوف	-	N	فَّاس
34:29:6	كون	أجوف	-	V	فُنْتُمْ
34:2:12	سمو	ناقص	-	N	فَعَاء
34:2:3	ولج	مثال	-	V	يَلِج
34:30:1	قول	أجوف	-	V	فُل
34:30:3	وعد	مثال	-	N	مِيعَاد
34:30:8	سوع	أجوف	-	N	فَاعَة
34:31:1	قول	أجوف	-	V	فَال
34:31:13	راي	ناقص	1	V	تَفَى
34:31:18	ربب	مضاعف	-	N	فَعِّهِمْ
34:31:31	كون	أجوف	-	V	فُنَّا
34:31:32	امن	صحيح سالم	0	N	مُؤْمِنِين
34:31:5	امن	صحيح سالم	0	V	نُؤْمِن
34:32:1	قول	أجوف	-	V	فَال
34:32:12	جيا	أجوف	2	V	فَاءَكُمْ
34:32:14	كون	أجوف	-	V	فُنْتُمْ
34:32:7	صدد	مضاعف	-	V	فَعَلْنَاكُمْ
34:33:1	قول	أجوف	-	V	فَال
34:33:17	ندد	مضاعف	-	N	أَفْعَالًا
34:33:18	سرر	مضاعف	-	V	أَفَعُّوا
34:33:21	راي	ناقص	1	V	فَعَوُا
34:33:24	غلل	مضاعف	-	N	أَفْعَال
34:33:30	جزي	ناقص	-	V	يُفْعَوْنَ
34:33:33	كون	أجوف	-	V	فَانُعا
34:34:8	قول	أجوف	-	V	فَال
34:35:1	قول	أجوف	-	V	فَالُعا
34:36:1	قول	أجوف	-	V	فُل
34:36:11	نوس	أجوف	-	N	فَاس
34:36:3	ربب	مضاعف	-	N	فَعِّي
34:36:7	شيا	أجوف	2	V	يَفَاء
34:37:16	جزي	ناقص	-	N	فَعَاء
34:38:2	سعي	ناقص	-	V	يَفْعَوْنَ
34:38:4	ايي	لفيف	0	N	فعَاتِنَا
34:39:1	قول	أجوف	-	V	فُل
34:39:15	شيا	أجوف	2	N	فَعْء
34:39:3	ربب	مضاعف	-	N	فَعِّي
34:39:7	شيا	أجوف	2	V	يَفَاء
34:3:1	قول	أجوف	-	V	فَال
34:3:17	ذرر	مضاعف	-	N	فَعَّة
34:3:6	سوع	أجوف	-	N	فَاعَة
34:3:7	قول	أجوف	-	V	فُل
34:3:9	ربب	مضاعف	-	N	فَعِّي
34:40:9	كون	أجوف	-	V	فَانُعا
34:41:1	قول	أجوف	-	V	فَالُعا
34:41:10	جنن	مضاعف	-	N	فِعّ
34:41:13	امن	صحيح سالم	0	N	مُؤْمِنُون
34:41:8	كون	أجوف	-	V	فَانُعا
34:42:14	نور	أجوف	-	N	فَار
34:42:16	كون	أجوف	-	V	فُنْتُمْ
34:42:8	ضرر	مضاعف	-	N	فَعًّا
34:43:11	رود	أجوف	-	V	يُفِيد
34:43:13	صدد	مضاعف	-	V	يَفُعَّكُمْ
34:43:15	كون	أجوف	-	V	فَان
34:43:17	ابو	ناقص	0	N	فعَاؤُكُمْ
34:43:18	قول	أجوف	-	V	فَالُعا
34:43:2	تلو	ناقص	-	V	فُتْعَى
34:43:24	قول	أجوف	-	V	فَال
34:43:27	حقق	مضاعف	-	N	فَعّ
34:43:29	جيا	أجوف	2	V	فَاءَهُمْ
34:43:4	ايي	لفيف	0	N	فعَاتُنَا
34:43:6	قول	أجوف	-	V	فَالُعا
34:45:13	كون	أجوف	-	V	فَان
34:46:1	قول	أجوف	-	V	فُل
34:46:15	جنن	مضاعف	-	N	فِعَّة
34:46:24	شدد	مضاعف	-	ADJ	فَعِيل
34:46:3	وعظ	مثال	-	V	أَعِظُكُمْ
34:46:7	اله	صحيح سالم	0	PN	لَّه
34:47:1	قول	أجوف	-	V	فُل
34:47:15	كلل	مضاعف	-	N	فُعّ
34:47:16	شيا	أجوف	2	N	فَعْء
34:48:1	قول	أجوف	-	V	فُل
34:48:3	ربب	مضاعف	-	N	فَعِّي
34:48:5	حقق	مضاعف	-	N	فَعّ
34:49:1	قول	أجوف	-	V	فُل
34:49:2	جيا	أجوف	2	V	فَاء
34:49:3	حقق	مضاعف	-	N	فَعّ
34:49:5	بدا	صحيح سالم	2	V	يُفْعِئ
34:49:8	عود	أجوف	-	V	يُفِيد
34:50:1	قول	أجوف	-	V	فُل
34:50:13	ربب	مضاعف	-	N	فَعِّي
34:50:3	ضلل	مضاعف	-	V	فَعَلْتُ
34:50:5	ضلل	مضاعف	-	V	أَفِعّ
34:51:2	راي	ناقص	1	V	تَفَى
34:51:9	كون	أجوف	-	N	مَفَان
34:52:1	قول	أجوف	-	V	فَالُعا
34:52:8	كون	أجوف	-	N	مَفَان
34:53:9	كون	أجوف	-	N	مَفَان
34:54:1	حول	أجوف	-	V	فِيل
34:54:12	كون	أجوف	-	V	فَانُعا
34:54:14	شكك	مضاعف	-	N	فَعّ
34:5:2	سعي	ناقص	-	V	فَعَوْا
34:5:4	ايي	لفيف	0	N	فعَاتِنَا
34:6:1	راي	ناقص	1	V	يَفَى
34:6:11	حقق	مضاعف	-	N	فَعّ
34:6:15	عزز	مضاعف	-	ADJ	فَعِيل
34:6:3	اتي	ناقص	0	V	فُوعُوا
34:6:9	ربب	مضاعف	-	N	فَعِّكَ
34:7:1	قول	أجوف	-	V	فَال
34:7:11	كلل	مضاعف	-	N	فُعّ
34:7:16	جدد	مضاعف	-	ADJ	فَعِيل
34:7:5	دلل	مضاعف	-	V	نَفُعُّكُمْ
34:7:8	نبا	صحيح سالم	2	V	يُفَعِّئُكُمْ
34:8:11	امن	صحيح سالم	0	V	يُؤْمِنُونَ
34:8:15	ضلل	مضاعف	-	N	فَعَال
34:8:7	جنن	مضاعف	-	N	فِعَّة
34:9:10	سمو	ناقص	-	N	فَعَاء
34:9:13	شيا	أجوف	2	V	نَفَأ
34:9:2	راي	ناقص	1	V	يَفَوْع
34:9:22	سمو	ناقص	-	N	فَعَاء
34:9:26	ايي	لفيف	0	N	فعَة
34:9:27	كلل	مضاعف	-	N	فُعّ
34:9:29	نوب	أجوف	-	ADJ	مُفِيب
35:10:17	سوا	أجوف	2	N	فَيِّئَات
35:10:2	كون	أجوف	-	V	فَان
35:10:20	شدد	مضاعف	-	ADJ	فَعِيل
35:10:3	رود	أجوف	-	V	يُفِيد
35:10:4	عزز	مضاعف	-	N	فِعَّة
35:10:5	اله	صحيح سالم	0	PN	لَّه
35:10:6	عزز	مضاعف	-	N	فِعَّة
35:11:16	وضع	مثال	-	V	تَضَع
35:12:11	اجج	مضاعف	0	N	فُعَال
35:12:13	كلل	مضاعف	-	N	فُعّ
35:12:16	طرو	ناقص	-	ADJ	فَعِيًّا
35:12:20	راي	ناقص	1	V	تَفَى
35:12:24	بغي	ناقص	-	V	تَفْتَعُوا
35:12:7	سوغ	أجوف	-	N	فَائِغ
35:13:12	كلل	مضاعف	-	N	فُعّ
35:13:15	سمو	ناقص	-	N	مُفَعًّى
35:13:18	ربب	مضاعف	-	N	فَعُّكُمْ
35:14:12	قوم	أجوف	-	N	فِيَامَة
35:14:16	نبا	صحيح سالم	2	V	يُفَعِّئُكَ
35:14:5	دعو	ناقص	-	N	فُعَاءَكُمْ
35:14:9	جوب	أجوف	-	V	اسْتَفَابُعا
35:15:2	نوس	أجوف	-	N	فَاس
35:16:2	شيا	أجوف	2	V	يَفَأ
35:16:4	اتي	ناقص	0	V	يَفْع
35:16:6	جدد	مضاعف	-	ADJ	فَعِيل
35:17:5	عزز	مضاعف	-	N	فَعِيل
35:18:14	شيا	أجوف	2	N	فَعْء
35:18:16	كون	أجوف	-	V	فَان
35:18:2	وزر	مثال	-	V	تَزِر
35:18:22	خشي	ناقص	-	V	يَفْعَوْنَ
35:18:23	ربب	مضاعف	-	N	فَعَّهُمْ
35:18:25	قوم	أجوف	-	V	أَفَامُعا
35:18:26	صلو	ناقص	-	N	فَعَاة
35:18:28	زكو	ناقص	-	V	تَفَعَّى
35:18:30	زكو	ناقص	-	V	يَتَفَعَّى
35:18:7	دعو	ناقص	-	V	تَفْع
35:1:18	شيا	أجوف	2	V	يَفَاء
35:1:2	اله	صحيح سالم	0	PN	لَّه
35:1:22	كلل	مضاعف	-	N	فُعّ
35:1:23	شيا	أجوف	2	N	فَعْء
35:21:2	ظلل	مضاعف	-	N	فِعّ
35:21:4	حرر	مضاعف	-	N	فَعُول
35:22:10	شيا	أجوف	2	V	يَفَاء
35:22:3	حيي	لفيف	-	N	أَفْعَاء
35:24:10	خلو	ناقص	-	V	فَعَا
35:24:3	حقق	مضاعف	-	N	فَعّ
35:24:8	امم	مضاعف	0	N	فُعَّة
35:25:13	نور	أجوف	-	N	مُفِير
35:25:8	جيا	أجوف	2	V	فَاءَتْهُمْ
35:26:6	كون	أجوف	-	V	فَان
35:27:16	جدد	مضاعف	-	N	فُعَل
35:27:2	راي	ناقص	1	V	تَف
35:27:7	سمو	ناقص	-	N	فَعَاء
35:27:8	موه	أجوف	-	N	فَاء
35:28:16	عزز	مضاعف	-	ADJ	فَعِيل
35:28:2	نوس	أجوف	-	N	فَاس
35:28:3	دبب	مضاعف	-	N	فَوَاعّ
35:29:11	سرر	مضاعف	-	N	فِعًّا
35:29:6	قوم	أجوف	-	V	أَفَامُعا
35:29:7	صلو	ناقص	-	N	فَعَاة
35:2:18	عزز	مضاعف	-	N	فَعِيل
35:2:4	نوس	أجوف	-	N	فَّاس
35:31:7	حقق	مضاعف	-	N	فَعّ
35:32:5	صفو	ناقص	-	V	افْطَعَيْنَا
35:33:1	جنن	مضاعف	-	N	فَعَّات
35:33:10	لالا	رباعي	13	N	فُؤْلُؤًع
35:33:13	حرر	مضاعف	-	N	فَعِيل
35:33:4	حلي	ناقص	-	V	يُفَعَّوْنَ
35:34:1	قول	أجوف	-	V	فَالُعا
35:34:3	اله	صحيح سالم	0	PN	لَّه
35:34:9	ربب	مضاعف	-	N	فَعَّنَا
35:35:12	مسس	مضاعف	-	V	يَفَعُّنَا
35:35:2	حلل	مضاعف	-	V	أَفَعَّنَا
35:35:3	دور	أجوف	-	N	فَار
35:35:4	قوم	أجوف	-	N	مُفَامَة
35:35:8	مسس	مضاعف	-	V	يَفَعُّنَا
35:36:11	خفف	مضاعف	-	V	يُفَعَّل
35:36:17	كلل	مضاعف	-	N	فُعّ
35:36:4	نور	أجوف	-	N	فَار
35:37:10	كون	أجوف	-	V	فُنَّا
35:37:19	جيا	أجوف	2	V	فَاءَكُمُ
35:37:4	ربب	مضاعف	-	N	فَعَّنَا
35:39:16	ربب	مضاعف	-	N	فَعِّهِمْ
35:3:14	سمو	ناقص	-	N	فَعَاء
35:3:2	نوس	أجوف	-	N	فَاس
35:3:21	افك	صحيح سالم	0	V	تُؤْفَكُونَ
35:40:1	قول	أجوف	-	V	فُل
35:40:28	وعد	مثال	-	V	يَعِد
35:40:33	غرر	مضاعف	-	N	فُعُولًا
35:40:9	راي	ناقص	1	V	أَفُونِي
35:41:17	كون	أجوف	-	V	فَان
35:41:9	زول	أجوف	-	V	فَالَتَا
35:42:12	امم	مضاعف	0	N	فُعَل
35:42:14	جيا	أجوف	2	V	فَاءَهُمْ
35:42:17	زيد	أجوف	-	V	فَادَهُمْ
35:42:6	جيا	أجوف	2	V	فَاءَهُمْ
35:43:15	سنن	مضاعف	-	N	فُعَّت
35:43:18	وجد	مثال	-	V	تَجِد
35:43:19	سنن	مضاعف	-	N	فُعَّت
35:43:23	وجد	مثال	-	V	تَجِد
35:43:24	سنن	مضاعف	-	N	فُعَّت
35:43:5	سوا	أجوف	2	ADJ	فَيِّئ
35:43:9	سوا	أجوف	2	ADJ	فَيِّئ
35:44:12	كون	أجوف	-	V	فَانُعا
35:44:13	شدد	مضاعف	-	N	أَفَعّ
35:44:15	قوي	لفيف	-	N	فُعَّة
35:44:17	كون	أجوف	-	V	فَان
35:44:21	شيا	أجوف	2	N	فَعْء
35:44:28	كون	أجوف	-	V	فَان
35:44:7	كون	أجوف	-	V	فَان
35:45:12	دبب	مضاعف	-	N	فَاعَّة
35:45:14	اخر	صحيح سالم	0	V	يُؤَخِّرُهُمْ
35:45:17	سمو	ناقص	-	N	مُفَعًّى
35:45:19	جيا	أجوف	2	V	فَاء
35:45:23	كون	أجوف	-	V	فَان
35:45:4	نوس	أجوف	-	N	فَاس
35:5:10	دنو	ناقص	-	ADJ	فُعْيَا
35:5:12	غرر	مضاعف	-	V	يَفُعَّنَّكُمْ
35:5:14	غرر	مضاعف	-	N	فَعُول
35:5:2	نوس	أجوف	-	N	فَاس
35:5:6	حقق	مضاعف	-	N	فَعّ
35:5:8	غرر	مضاعف	-	V	تَفُعَّنَّكُمُ
35:5:9	حيي	لفيف	-	N	فَعَاة
35:7:5	شدد	مضاعف	-	ADJ	فَعِيل
35:8:10	ضلل	مضاعف	-	V	يُفِعّ
35:8:12	شيا	أجوف	2	V	يَفَاء
35:8:15	شيا	أجوف	2	V	يَفَاء
35:8:4	سوا	أجوف	2	N	فُعء
35:8:6	راي	ناقص	1	V	فَعهُ
35:9:10	موت	أجوف	-	ADJ	فَيِّت
35:9:11	حيي	لفيف	-	V	أَفْعَلْنَا
35:9:4	روح	أجوف	-	N	فِيَاح
35:9:5	ثور	أجوف	-	V	تُفِير
35:9:7	سوق	أجوف	-	V	فُقْنَاهُ
36:10:1	سوي	لفيف	-	N	فَعَاء
36:10:8	امن	صحيح سالم	0	V	يُؤْمِنُونَ
36:12:10	شيا	أجوف	2	N	فَعْء
36:12:13	امم	مضاعف	0	N	فِعَال
36:12:3	حيي	لفيف	-	V	نُفْعِل
36:12:9	كلل	مضاعف	-	N	فُعّ
36:13:7	جيا	أجوف	2	V	فَاءَهَا
36:14:6	عزز	مضاعف	-	V	فَعَّلْنَا
36:14:8	قول	أجوف	-	V	فَالُعا
36:15:1	قول	أجوف	-	V	فَالُعا
36:15:11	شيا	أجوف	2	N	فَعْء
36:16:1	قول	أجوف	-	V	فَالُعا
36:16:2	ربب	مضاعف	-	N	فَعُّنَا
36:18:1	قول	أجوف	-	V	فَالُعا
36:18:7	نهي	ناقص	-	V	تَفْتَعُوا
36:18:9	مسس	مضاعف	-	V	يَفَعَّنَّكُمْ
36:19:1	قول	أجوف	-	V	فَالُعا
36:19:2	طير	أجوف	-	N	فَائِرُكُمْ
36:20:1	جيا	أجوف	2	V	فَاء
36:20:3	قصو	ناقص	-	N	أَفْعَى
36:20:7	قول	أجوف	-	V	فَال
36:21:7	هدي	ناقص	-	N	مُفْتَعُون
36:23:10	غني	ناقص	-	V	تُفْع
36:23:6	رود	أجوف	-	V	يُفِدْنِ
36:23:8	ضرر	مضاعف	-	N	فُعّ
36:24:4	ضلل	مضاعف	-	N	فَعَال
36:25:3	ربب	مضاعف	-	N	فَعِّكُمْ
36:26:1	قول	أجوف	-	V	فِيل
36:26:3	جنن	مضاعف	-	PN	فَعَّة
36:26:4	قول	أجوف	-	V	فَال
36:27:4	ربب	مضاعف	-	N	فَعِّي
36:28:10	سمو	ناقص	-	N	فَعَاء
36:28:12	كون	أجوف	-	V	فُنَّا
36:29:2	كون	أجوف	-	V	فَانَت
36:30:11	هزا	صحيح سالم	2	V	يَسْتَفْعِئُونَ
36:30:9	كون	أجوف	-	V	فَانُعا
36:31:2	راي	ناقص	1	V	يَفَوْع
36:32:2	كلل	مضاعف	-	N	فُعّ
36:33:1	ايي	لفيف	0	N	فعَة
36:33:4	موت	أجوف	-	ADJ	فَيْتَة
36:33:5	حيي	لفيف	-	V	أَفْعَلْنَاهَا
36:33:8	حبب	مضاعف	-	N	فَعًّا
36:34:3	جنن	مضاعف	-	N	فَعَّات
36:36:5	كلل	مضاعف	-	N	فُعَّهَا
36:37:1	ايي	لفيف	0	N	فعَة
36:38:3	قرر	مضاعف	-	N	مُسْتَفَعّ
36:38:7	عزز	مضاعف	-	ADJ	فَعِيل
36:39:5	عود	أجوف	-	V	فَاد
36:40:12	كلل	مضاعف	-	N	فُعّ
36:41:1	ايي	لفيف	0	N	فعَة
36:41:5	ذرر	مضاعف	-	N	فُعِّيَّتَهُمْ
36:43:2	شيا	أجوف	2	V	نَفَأ
36:45:2	قول	أجوف	-	V	فِيل
36:45:4	وقي	لفيف	-	V	اتَّقُفا
36:46:4	ايي	لفيف	0	N	فعَة
36:46:6	ايي	لفيف	0	N	فعَات
36:46:7	ربب	مضاعف	-	N	فَعِّهِمْ
36:46:9	كون	أجوف	-	V	فَانُعا
36:47:16	شيا	أجوف	2	V	يَفَاء
36:47:2	قول	أجوف	-	V	فِيل
36:47:23	ضلل	مضاعف	-	N	فَعَال
36:47:8	قول	أجوف	-	V	فَال
36:48:6	كون	أجوف	-	V	فُنْتُمْ
36:4:3	قوم	أجوف	-	N	مُسْتَفِيم
36:50:2	طوع	أجوف	-	V	يَسْتَفِيعُعنَ
36:51:9	ربب	مضاعف	-	N	فَعِّهِمْ
36:52:1	قول	أجوف	-	V	فَالُعا
36:53:2	كون	أجوف	-	V	فَانَت
36:54:10	كون	أجوف	-	V	فُنْتُمْ
36:54:7	جزي	ناقص	-	V	تُفْعَوْنَ
36:55:3	جنن	مضاعف	-	PN	فَعَّة
36:56:4	ظلل	مضاعف	-	N	فِعَال
36:56:7	وكا	مثال	2	N	مُتَّكِئُفن
36:58:4	ربب	مضاعف	-	N	فَعّ
36:59:1	ميز	أجوف	-	V	افْتَازُوا
36:5:2	عزز	مضاعف	-	ADJ	فَعِيل
36:61:5	قوم	أجوف	-	N	مُسْتَفِيم
36:62:2	ضلل	مضاعف	-	V	أَفَعّ
36:63:4	كون	أجوف	-	V	فُنْتُمْ
36:64:1	صلي	ناقص	-	V	افْعَوْهَا
36:64:4	كون	أجوف	-	V	فُنْتُمْ
36:65:10	كون	أجوف	-	V	فَانُعا
36:66:2	شيا	أجوف	2	V	نَفَاء
36:67:2	شيا	أجوف	2	V	نَفَاء
36:67:5	كون	أجوف	-	N	مَفَانَتِهِمْ
36:67:7	طوع	أجوف	-	V	اسْتَفَاعُعا
36:6:5	ابو	ناقص	0	N	فعَاؤُهُمْ
36:70:3	كون	أجوف	-	V	فَان
36:70:4	حيي	لفيف	-	N	فَعًّا
36:70:5	حقق	مضاعف	-	V	يَفِعّ
36:71:2	راي	ناقص	1	V	يَفَوْع
36:72:1	ذلل	مضاعف	-	V	فَعَّلْنَاهَا
36:75:2	طوع	أجوف	-	V	يَسْتَفِيعُعنَ
36:76:7	سرر	مضاعف	-	V	يُفِعُّونَ
36:77:2	راي	ناقص	1	V	يَف
36:78:11	رمم	مضاعف	-	N	فَعِيل
36:78:6	قول	أجوف	-	V	فَال
36:78:8	حيي	لفيف	-	V	يُفْعِل
36:79:1	قول	أجوف	-	V	فُل
36:79:2	حيي	لفيف	-	V	يُفْعِلهَا
36:79:6	مرر	مضاعف	-	N	فَعَّة
36:79:8	كلل	مضاعف	-	N	فُعّ
36:7:2	حقق	مضاعف	-	V	فَعّ
36:7:8	امن	صحيح سالم	0	V	يُؤْمِنُونَ
36:80:7	نور	أجوف	-	N	فَارًا
36:82:4	رود	أجوف	-	V	أَفَاد
36:82:9	كون	أجوف	-	V	فُن
36:83:3	يدي	لفيف	-	N	فَعِهِ
36:83:5	كلل	مضاعف	-	N	فُعّ
36:83:6	شيا	أجوف	2	N	فَعْء
36:8:5	غلل	مضاعف	-	N	أَفْعَالًا
36:9:5	سدد	مضاعف	-	N	فَعًّا
36:9:8	سدد	مضاعف	-	N	فَعًّا
36:9:9	غشو	ناقص	-	V	أَفْعَيْنَاهُمْ
37:100:1	ربب	مضاعف	-	N	فَعِّ
37:100:2	وهب	مثال	-	V	هَب
37:102:10	نوم	أجوف	-	N	مَفَام
37:102:15	راي	ناقص	1	V	تَفَى
37:102:16	قول	أجوف	-	V	فَال
37:102:17	ابو	ناقص	0	N	يَف أَعَتِ
37:102:20	امر	صحيح سالم	0	V	تُؤْمَر
37:102:21	وجد	مثال	-	V	تَجِدُنِي
37:102:23	شيا	أجوف	2	V	فَاء
37:102:5	قول	أجوف	-	V	فَال
37:102:8	راي	ناقص	1	V	أَفَى
37:103:3	تلل	مضاعف	-	V	فَعَّهُ
37:104:1	ندو	ناقص	-	V	فَاعَيْنَاهُ
37:105:3	راي	ناقص	1	N	فُؤْيَع
37:106:4	بلو	ناقص	-	N	فَعَاء
37:111:4	امن	صحيح سالم	0	N	مُؤْمِنِين
37:113:6	ذرر	مضاعف	-	N	فُعِّيَّتِهِمَا
37:114:2	منن	مضاعف	-	V	فَعَلَّا
37:115:1	نجو	ناقص	-	V	فَعَّيْنَاهُمَا
37:116:2	كون	أجوف	-	V	فَانُعا
37:118:3	قوم	أجوف	-	ADJ	مُسْتَفِيم
37:11:1	فتي	ناقص	-	V	اسْتَفْعِهِمْ
37:11:3	شدد	مضاعف	-	N	أَفَعّ
37:122:4	امن	صحيح سالم	0	ADJ	مُؤْمِنِين
37:124:2	قول	أجوف	-	V	فَال
37:124:5	وقي	لفيف	-	V	تَتَّقُفنَ
37:125:3	وذر	مثال	-	V	تَذَرُفنَ
37:126:2	ربب	مضاعف	-	N	فَعَّكُمْ
37:126:3	ربب	مضاعف	-	N	فَعّ
37:126:4	ابو	ناقص	0	N	فعَائِكُمُ
37:132:4	امن	صحيح سالم	0	ADJ	مُؤْمِنِين
37:134:2	نجو	ناقص	-	V	فَعَّيْنَاهُ
37:137:2	مرر	مضاعف	-	V	تَفُعُّونَ
37:141:2	كون	أجوف	-	V	فَان
37:142:4	لوم	أجوف	-	N	مُفِيم
37:143:3	كون	أجوف	-	V	فَان
37:145:2	عري	ناقص	-	N	فَعَاء
37:147:3	ماي	ناقص	1	N	فِعئَة
37:149:1	فتي	ناقص	-	V	اسْتَفْعِهِمْ
37:149:2	ربب	مضاعف	-	N	أَلِفَعِّكَ
37:149:3	بني	ناقص	-	N	فَعَات
37:149:5	بني	ناقص	-	N	فَعُون
37:14:2	راي	ناقص	1	V	فَعَوْا
37:14:3	ايي	لفيف	0	N	فعَة
37:153:1	صفو	ناقص	-	V	أَفْطَعَى
37:153:2	بني	ناقص	-	N	فَعَات
37:157:1	اتي	ناقص	0	V	فْعُوا
37:157:4	كون	أجوف	-	V	فُنْتُمْ
37:158:4	جنن	مضاعف	-	N	فِعَّة
37:158:8	جنن	مضاعف	-	N	فِعَّة
37:159:4	وصف	مثال	-	V	يَصِفُفنَ
37:15:1	قول	أجوف	-	V	فَالُعا
37:163:4	صلي	ناقص	-	N	فَاع
37:164:5	قوم	أجوف	-	N	مَفَام
37:165:3	صفف	مضاعف	-	N	فَاعُّون
37:167:2	كون	أجوف	-	V	فَانُعا
37:169:1	كون	أجوف	-	V	فُنَّا
37:16:2	موت	أجوف	-	V	فِتْنَا
37:16:3	كون	أجوف	-	V	فُنَّا
37:174:1	ولي	لفيف	-	V	تَفَعّ
37:177:3	سوح	أجوف	-	N	فَاحَتِهِمْ
37:177:4	سوا	أجوف	2	V	فَاء
37:178:1	ولي	لفيف	-	V	تَفَعّ
37:17:1	ابو	ناقص	0	N	فَوَآعَاؤُنَا
37:180:2	ربب	مضاعف	-	N	فَعِّكَ
37:180:3	ربب	مضاعف	-	N	فَعّ
37:180:4	عزز	مضاعف	-	N	فِعَّة
37:180:6	وصف	مثال	-	V	يَصِفُفنَ
37:182:2	اله	صحيح سالم	0	PN	لَّه
37:182:3	ربب	مضاعف	-	N	فَعّ
37:18:1	قول	أجوف	-	V	فُل
37:1:1	صفف	مضاعف	-	N	فَاعَّات
37:1:2	صفف	مضاعف	-	N	فَعًّا
37:20:1	قول	أجوف	-	V	فَالُعا
37:21:5	كون	أجوف	-	V	فُنْتُمْ
37:22:6	كون	أجوف	-	V	فَانُعا
37:23:4	هدي	ناقص	-	V	افْعُوهُمْ
37:24:1	وقف	مثال	-	V	قِفُفهُمْ
37:24:3	سال	صحيح سالم	1	N	مَفْئُولُون
37:28:1	قول	أجوف	-	V	فَالُعا
37:28:3	كون	أجوف	-	V	فُنْتُمْ
37:28:4	اتي	ناقص	0	V	تَفْعُونَنَا
37:29:1	قول	أجوف	-	V	فَالُعا
37:29:5	امن	صحيح سالم	0	N	مُؤْمِنِين
37:30:2	كون	أجوف	-	V	فَان
37:30:8	كون	أجوف	-	V	فُنْتُمْ
37:31:1	حقق	مضاعف	-	V	فَعّ
37:31:4	ربب	مضاعف	-	N	فَعِّنَا
37:31:6	ذوق	أجوف	-	N	فَائِقُعن
37:32:3	كون	أجوف	-	V	فُنَّا
37:35:2	كون	أجوف	-	V	فَانُعا
37:35:4	قول	أجوف	-	V	فِيل
37:36:6	جنن	مضاعف	-	N	مَفْعُول
37:37:2	جيا	أجوف	2	V	فَاء
37:37:3	حقق	مضاعف	-	N	فَعّ
37:38:2	ذوق	أجوف	-	N	فَائِقُع
37:39:2	جزي	ناقص	-	V	تُفْعَوْنَ
37:39:5	كون	أجوف	-	V	فُنْتُمْ
37:3:1	تلو	ناقص	-	N	فَاعِيَات
37:43:2	جنن	مضاعف	-	N	فَعَّات
37:44:2	سرر	مضاعف	-	N	فُعُل
37:45:1	طوف	أجوف	-	V	يُفَاف
37:46:2	لذذ	مضاعف	-	ADJ	فَعَّة
37:49:3	كنن	مضاعف	-	N	مَفْعُول
37:51:1	قول	أجوف	-	V	فَال
37:51:2	قول	أجوف	-	N	فَائِل
37:51:5	كون	أجوف	-	V	فَان
37:53:2	موت	أجوف	-	V	فِتْنَا
37:53:3	كون	أجوف	-	V	فُنَّا
37:54:1	قول	أجوف	-	V	فَال
37:55:2	راي	ناقص	1	V	فَعهُ
37:55:4	سوي	لفيف	-	N	فَعَاء
37:56:1	قول	أجوف	-	V	فَال
37:56:4	كود	أجوف	-	V	فِدْتَ
37:57:3	ربب	مضاعف	-	N	فَعِّي
37:57:4	كون	أجوف	-	V	فُنْتُ
37:58:3	موت	أجوف	-	N	فَيِّتِين
37:5:1	ربب	مضاعف	-	N	فَعّ
37:5:6	ربب	مضاعف	-	N	فَعّ
37:65:3	راس	صحيح سالم	1	N	فُءُوس
37:66:4	ملا	صحيح سالم	2	N	فَاعِئُون
37:67:7	حمم	مضاعف	-	N	فَعِيل
37:69:3	ابو	ناقص	0	N	فعَاءَهُمْ
37:69:4	ضلل	مضاعف	-	N	فَاعِّين
37:6:3	سمو	ناقص	-	N	فَعَاء
37:6:4	دنو	ناقص	-	ADJ	فُعْيَا
37:71:2	ضلل	مضاعف	-	V	فَعّ
37:73:3	كون	أجوف	-	V	فَان
37:75:2	ندو	ناقص	-	V	فَاعَانَا
37:75:5	جوب	أجوف	-	N	مُفِيبُعن
37:76:1	نجو	ناقص	-	V	فَعَّيْنَاهُ
37:77:2	ذرر	مضاعف	-	N	فُعِّيَّتَهُ
37:7:3	كلل	مضاعف	-	N	فُعّ
37:81:4	امن	صحيح سالم	0	ADJ	مُؤْمِنِين
37:84:2	جيا	أجوف	2	V	فَاء
37:84:3	ربب	مضاعف	-	N	فَعَّهُ
37:85:2	قول	أجوف	-	V	فَال
37:85:3	ابو	ناقص	0	N	فَعِيهِ
37:86:5	رود	أجوف	-	V	تُفِيدُعنَ
37:87:2	ظنن	مضاعف	-	N	فَعُّكُمْ
37:87:3	ربب	مضاعف	-	N	فَعّ
37:89:1	قول	أجوف	-	V	فَال
37:8:5	علو	ناقص	-	N	أَفْعَى
37:8:8	كلل	مضاعف	-	N	فُعّ
37:90:1	ولي	لفيف	-	V	تَفَعَّوْا
37:91:1	روغ	أجوف	-	V	فَاغ
37:91:4	قول	أجوف	-	V	فَال
37:93:1	روغ	أجوف	-	V	فَاغ
37:94:3	زفف	مضاعف	-	V	يَفِعُّونَ
37:95:1	قول	أجوف	-	V	فَال
37:97:1	قول	أجوف	-	V	فَالُعا
37:97:2	بني	ناقص	-	V	افْعُوا
37:97:5	لقي	ناقص	-	V	أَفْعُوهُ
37:98:1	رود	أجوف	-	V	أَفَادُعا
37:99:1	قول	أجوف	-	V	فَال
37:99:5	ربب	مضاعف	-	N	فَعِّي
38:10:10	سبب	مضاعف	-	N	أَفْعَال
38:10:8	رقي	ناقص	-	V	يَفْتَعُوا
38:12:5	عود	أجوف	-	PN	فَاد
38:14:2	كلل	مضاعف	-	N	فُعّ
38:14:6	حقق	مضاعف	-	V	فَعّ
38:16:1	قول	أجوف	-	V	فَالُعا
38:16:2	ربب	مضاعف	-	N	فَعَّنَا
38:16:5	قطط	مضاعف	-	N	فِعَّنَا
38:18:6	عشو	ناقص	-	N	فَعِيّ
38:19:3	كلل	مضاعف	-	N	فُعّ
38:20:1	شدد	مضاعف	-	V	فَعَلْنَا
38:21:2	اتي	ناقص	0	V	فَعَاكَ
38:22:17	حقق	مضاعف	-	N	فَعّ
38:22:19	شطط	مضاعف	-	V	تُفْعِل
38:22:20	هدي	ناقص	-	V	افْعِنَا
38:22:22	سوي	لفيف	-	N	فَعَاء
38:22:7	قول	أجوف	-	V	فَالُعا
38:22:9	خوف	أجوف	-	V	تَفَف
38:23:11	قول	أجوف	-	V	فَال
38:23:13	عزز	مضاعف	-	V	فَعَّنِي
38:23:3	اخو	ناقص	0	N	فَعِي
38:24:1	قول	أجوف	-	V	فَال
38:24:21	قلل	مضاعف	-	N	فَعِيل
38:24:24	ظنن	مضاعف	-	V	فَعّ
38:24:29	ربب	مضاعف	-	N	فَعَّهُ
38:24:30	خرر	مضاعف	-	V	فَعّ
38:24:32	نوب	أجوف	-	V	أَفَاب
38:25:9	اوب	أجوف	0	N	مَفب
38:26:10	حقق	مضاعف	-	N	فَعّ
38:26:14	ضلل	مضاعف	-	V	يُفِعَّكَ
38:26:20	ضلل	مضاعف	-	V	يَفِعُّونَ
38:26:26	شدد	مضاعف	-	ADJ	فَعِيل
38:26:28	نسي	ناقص	-	V	فَعُوا
38:26:9	نوس	أجوف	-	N	فَاس
38:27:16	نور	أجوف	-	N	فَار
38:27:3	سمو	ناقص	-	N	فَعَاء
38:27:9	ظنن	مضاعف	-	N	فَعّ
38:28:12	وقي	لفيف	-	N	مُتَّقِين
38:29:6	ايي	لفيف	0	N	فعَاتِهِ
38:29:9	لبب	مضاعف	-	N	أَفْعَال
38:2:5	عزز	مضاعف	-	N	فِعَّة
38:2:6	شقق	مضاعف	-	N	فِعَال
38:31:4	عشو	ناقص	-	N	فَعِيّ
38:31:6	جود	أجوف	-	ADJ	فِيَاد
38:32:1	قول	أجوف	-	V	فَال
38:32:10	وري	لفيف	-	V	تَفَاعَت
38:32:3	حبب	مضاعف	-	V	أَفْعَلْتُ
38:32:4	حبب	مضاعف	-	N	فُعّ
38:32:8	ربب	مضاعف	-	N	فَعِّي
38:33:1	ردد	مضاعف	-	V	فُعُّوهَا
38:34:9	نوب	أجوف	-	V	أَفَاب
38:35:1	قول	أجوف	-	V	فَال
38:35:2	ربب	مضاعف	-	N	فَعِّ
38:35:5	وهب	مثال	-	V	هَب
38:36:3	روح	أجوف	-	N	فِيح
38:36:6	رخو	ناقص	-	N	فُعَاء
38:36:8	صوب	أجوف	-	V	أَفَاب
38:37:2	كلل	مضاعف	-	N	فُعّ
38:37:3	بني	ناقص	-	N	فَعَّاء
38:39:2	عطو	ناقص	-	N	فَعَاؤُنَا
38:39:3	منن	مضاعف	-	V	افْعُل
38:3:10	نوص	أجوف	-	N	مَفَاص
38:3:8	لوت	أجوف	-	V	فَات
38:40:6	اوب	أجوف	0	N	مَفب
38:41:5	ندو	ناقص	-	V	فَاعَى
38:41:6	ربب	مضاعف	-	N	فَعَّهُ
38:41:8	مسس	مضاعف	-	V	فَعَّنِيَ
38:43:10	لبب	مضاعف	-	N	أَفْعَال
38:44:1	اخذ	صحيح سالم	0	V	خُذ
38:44:2	يدي	لفيف	-	N	فَعِكَ
38:46:5	دور	أجوف	-	N	فَار
38:47:4	صفو	ناقص	-	N	مُفْطَعَيْن
38:48:6	كلل	مضاعف	-	N	فُعّ
38:49:4	وقي	لفيف	-	N	مُتَّقِين
38:49:6	اوب	أجوف	0	N	مَفب
38:4:3	جيا	أجوف	2	V	فَاءَهُمْ
38:4:6	قول	أجوف	-	V	فَال
38:50:1	جنن	مضاعف	-	N	فَعَّات
38:51:1	وكا	مثال	2	N	مُتَّكِئِين
38:55:4	شرر	مضاعف	-	N	فَعّ
38:55:5	اوب	أجوف	0	N	مَفب
38:56:2	صلي	ناقص	-	V	يَفْعَوْنَهَا
38:56:3	باس	صحيح سالم	1	V	فِئْس
38:57:3	حمم	مضاعف	-	N	فَعِيل
38:59:10	نور	أجوف	-	N	فَار
38:59:9	صلي	ناقص	-	N	فَاعُو
38:5:7	شيا	أجوف	2	N	فَعْء
38:60:1	قول	أجوف	-	V	فَالُعا
38:60:10	باس	صحيح سالم	1	V	فِئْس
38:60:11	قرر	مضاعف	-	N	فَعَال
38:61:1	قول	أجوف	-	V	فَالُعا
38:61:11	نور	أجوف	-	N	فَار
38:61:2	ربب	مضاعف	-	N	فَعَّنَا
38:61:7	زيد	أجوف	-	V	فِدْهُ
38:62:1	قول	أجوف	-	V	فَالُعا
38:62:10	شرر	مضاعف	-	N	أَفْعَال
38:62:5	راي	ناقص	1	V	نَفَى
38:62:7	كون	أجوف	-	V	فُنَّا
38:62:8	عدد	مضاعف	-	V	نَفُعُّهُمْ
38:63:4	زيغ	أجوف	-	V	فَاغَت
38:64:3	حقق	مضاعف	-	N	فَعّ
38:64:6	نور	أجوف	-	N	فَار
38:65:1	قول	أجوف	-	V	فُل
38:66:1	ربب	مضاعف	-	N	فَعّ
38:66:6	عزز	مضاعف	-	N	فَعِيل
38:67:1	قول	أجوف	-	V	فُل
38:69:2	كون	أجوف	-	V	فَان
38:69:7	علو	ناقص	-	N	أَفْعَى
38:6:11	شيا	أجوف	2	N	فَعْء
38:6:12	رود	أجوف	-	V	يُفَاد
38:6:5	مشي	ناقص	-	V	افْعُوا
38:71:2	قول	أجوف	-	V	فَال
38:71:3	ربب	مضاعف	-	N	فَعُّكَ
38:72:7	وقع	مثال	-	V	قَعُفا
38:73:3	كلل	مضاعف	-	N	فُعُّهُمْ
38:74:4	كون	أجوف	-	V	فَان
38:75:1	قول	أجوف	-	V	فَال
38:75:12	كون	أجوف	-	V	فُنْتَ
38:75:14	علو	ناقص	-	N	فَاعِين
38:76:1	قول	أجوف	-	V	فَال
38:76:7	نور	أجوف	-	N	فَار
38:77:1	قول	أجوف	-	V	فَال
38:79:1	قول	أجوف	-	V	فَال
38:79:2	ربب	مضاعف	-	N	فَعِّ
38:7:5	ملل	مضاعف	-	N	فِعَّة
38:80:1	قول	أجوف	-	V	فَال
38:82:1	قول	أجوف	-	V	فَال
38:82:2	عزز	مضاعف	-	N	فِعَّتِكَ
38:84:1	قول	أجوف	-	V	فَال
38:84:2	حقق	مضاعف	-	N	فَعّ
38:84:3	حقق	مضاعف	-	N	فَعّ
38:86:1	قول	أجوف	-	V	فُل
38:8:9	شكك	مضاعف	-	N	فَعّ
38:9:5	ربب	مضاعف	-	N	فَعِّكَ
38:9:6	عزز	مضاعف	-	ADJ	فَعِيل
39:10:1	قول	أجوف	-	V	فُل
39:10:11	دنو	ناقص	-	N	فُعْيَا
39:10:5	وقي	لفيف	-	V	اتَّقُفا
39:10:6	ربب	مضاعف	-	N	فَعَّكُمْ
39:11:1	قول	أجوف	-	V	فُل
39:13:1	قول	أجوف	-	V	فُل
39:13:3	خوف	أجوف	-	V	أَفَاف
39:13:6	ربب	مضاعف	-	N	فَعِّي
39:14:1	قول	أجوف	-	V	فُل
39:15:14	قوم	أجوف	-	N	فِيَامَة
39:15:3	شيا	أجوف	2	V	فِئْتُمْ
39:15:6	قول	أجوف	-	V	فُل
39:16:16	وقي	لفيف	-	V	اتَّقُفنِ
39:16:4	ظلل	مضاعف	-	N	فُعَل
39:16:6	نور	أجوف	-	N	فَار
39:16:9	ظلل	مضاعف	-	N	فُعَل
39:17:3	طغي	ناقص	-	N	فَاعُوت
39:17:6	نوب	أجوف	-	V	أَفَابُعا
39:18:13	لبب	مضاعف	-	N	أَفْعَال
39:18:8	هدي	ناقص	-	V	فَعَاهُمُ
39:19:10	نور	أجوف	-	N	فَار
39:19:2	حقق	مضاعف	-	V	فَعّ
39:1:5	عزز	مضاعف	-	ADJ	فَعِيل
39:20:20	وعد	مثال	-	N	مِيعَاد
39:20:3	وقي	لفيف	-	V	اتَّقَفْا
39:20:4	ربب	مضاعف	-	N	فَعَّهُمْ
39:21:2	راي	ناقص	1	V	تَف
39:21:21	راي	ناقص	1	V	تَفَعهُ
39:21:31	لبب	مضاعف	-	N	أَفْعَال
39:21:7	سمو	ناقص	-	N	فَعَاء
39:21:8	موه	أجوف	-	N	فَاء
39:22:10	ربب	مضاعف	-	N	فَعِّهِ
39:22:12	قسو	ناقص	-	N	فَاعِيَة
39:22:19	ضلل	مضاعف	-	N	فَعَال
39:23:12	خشي	ناقص	-	V	يَفْعَوْنَ
39:23:13	ربب	مضاعف	-	N	فَعَّهُمْ
39:23:27	شيا	أجوف	2	V	يَفَاء
39:23:29	ضلل	مضاعف	-	V	يُفْعِل
39:23:34	هدي	ناقص	-	N	فَاع
39:24:12	كون	أجوف	-	V	فُنْتُمْ
39:24:2	وقي	لفيف	-	V	يَتَّقِي
39:24:4	سوا	أجوف	2	N	فُعء
39:24:7	قوم	أجوف	-	N	فِيَامَة
39:24:8	قول	أجوف	-	V	فِيل
39:25:5	اتي	ناقص	0	V	فَعَاهُمُ
39:26:1	ذوق	أجوف	-	V	أَفَاقَهُمُ
39:26:11	كون	أجوف	-	V	فَانُعا
39:26:5	حيي	لفيف	-	N	فَعَاة
39:26:6	دنو	ناقص	-	ADJ	فُعْيَا
39:27:3	نوس	أجوف	-	N	فَّاس
39:27:8	كلل	مضاعف	-	N	فُعّ
39:28:7	وقي	لفيف	-	V	يَتَّقُفنَ
39:29:15	اله	صحيح سالم	0	PN	لَّه
39:2:5	حقق	مضاعف	-	N	فَعّ
39:30:2	موت	أجوف	-	N	فَيِّت
39:30:4	موت	أجوف	-	N	فَيِّتُعن
39:31:4	قوم	أجوف	-	N	فِيَامَة
39:31:6	ربب	مضاعف	-	N	فَعِّكُمْ
39:32:10	جيا	أجوف	2	V	فَاءَهُ
39:33:2	جيا	أجوف	2	V	فَاء
39:33:8	وقي	لفيف	-	N	مُتَّقُفن
39:34:3	شيا	أجوف	2	V	يَفَاءُونَ
39:34:5	ربب	مضاعف	-	N	فَعِّهِمْ
39:34:7	جزي	ناقص	-	N	فَعَاء
39:35:11	كون	أجوف	-	V	فَانُعا
39:36:10	ضلل	مضاعف	-	V	يُفْعِل
39:36:15	هدي	ناقص	-	N	فَاع
39:36:3	كفي	ناقص	-	N	فَاع
39:37:10	عزز	مضاعف	-	N	فَعِيل
39:37:2	هدي	ناقص	-	V	يَفْع
39:37:7	ضلل	مضاعف	-	N	مُفِعّ
39:38:17	رود	أجوف	-	V	أَفَادَنِيَ
39:38:19	ضرر	مضاعف	-	N	فُعّ
39:38:23	ضرر	مضاعف	-	N	فُعِّهِ
39:38:25	رود	أجوف	-	V	أَفَادَنِي
39:38:31	قول	أجوف	-	V	فُل
39:38:9	قول	أجوف	-	V	فُل
39:39:1	قول	أجوف	-	V	فُل
39:39:5	كون	أجوف	-	N	مَفَانَتِكُمْ
39:3:2	اله	صحيح سالم	0	PN	لَّه
39:40:5	حلل	مضاعف	-	V	يَفِعّ
39:40:8	قوم	أجوف	-	N	مُفِيم
39:41:11	ضلل	مضاعف	-	V	فَعّ
39:41:13	ضلل	مضاعف	-	V	يَفِعّ
39:41:5	نوس	أجوف	-	N	فَّاس
39:41:6	حقق	مضاعف	-	N	فَعّ
39:42:10	نوم	أجوف	-	N	مَفَامِهَا
39:42:20	سمو	ناقص	-	N	مُفَعًّى
39:42:24	ايي	لفيف	0	N	فعَات
39:42:8	موت	أجوف	-	V	تَفُت
39:43:7	قول	أجوف	-	V	فُل
39:43:9	كون	أجوف	-	V	فَانُعا
39:44:1	قول	أجوف	-	V	فُل
39:44:2	اله	صحيح سالم	0	PN	لَّه
39:45:9	امن	صحيح سالم	0	V	يُؤْمِنُونَ
39:46:1	قول	أجوف	-	V	فُل
39:46:15	كون	أجوف	-	V	فَانُعا
39:47:11	فدي	ناقص	-	V	افْتَعَوْا
39:47:14	سوا	أجوف	2	N	فُعء
39:47:17	قوم	أجوف	-	N	فِيَامَة
39:47:18	بدو	ناقص	-	V	فَعَا
39:48:1	بدو	ناقص	-	V	فَعَا
39:48:11	هزا	صحيح سالم	2	V	يَسْتَفْعِئُونَ
39:48:3	سوا	أجوف	2	N	فَيِّئَات
39:48:6	حيق	أجوف	-	V	فَاق
39:48:9	كون	أجوف	-	V	فَانُعا
39:49:11	قول	أجوف	-	V	فَال
39:49:2	مسس	مضاعف	-	V	فَعّ
39:49:4	ضرر	مضاعف	-	N	فُعّ
39:49:5	دعو	ناقص	-	V	فَعَانَا
39:4:11	شيا	أجوف	2	V	يَفَاء
39:4:2	رود	أجوف	-	V	أَفَاد
39:4:5	اخذ	صحيح سالم	0	V	يَتَّخِذ
39:4:7	صفو	ناقص	-	V	افْطَعَى
39:50:10	كون	أجوف	-	V	فَانُعا
39:50:2	قول	أجوف	-	V	فَالَهَا
39:51:1	صوب	أجوف	-	V	أَفَابَهُمْ
39:51:10	سوا	أجوف	2	N	فَيِّئَات
39:51:2	سوا	أجوف	2	N	فَيِّئَات
39:51:9	صوب	أجوف	-	V	يُفِيبُهُمْ
39:52:13	ايي	لفيف	0	N	فعَات
39:52:15	امن	صحيح سالم	0	V	يُؤْمِنُونَ
39:52:8	شيا	أجوف	2	V	يَفَاء
39:53:1	قول	أجوف	-	V	فُل
39:54:1	نوب	أجوف	-	V	أَفِيبُعا
39:54:3	ربب	مضاعف	-	N	فَعِّكُمْ
39:55:7	ربب	مضاعف	-	N	فَعِّكُمْ
39:56:12	كون	أجوف	-	V	فُنْتُ
39:57:7	كون	أجوف	-	V	فُنْتُ
39:57:9	وقي	لفيف	-	N	مُتَّقِين
39:58:4	راي	ناقص	1	V	تَفَى
39:58:9	كرر	مضاعف	-	N	فَعَّة
39:59:3	جيا	أجوف	2	V	فَاءَتْكَ
39:59:4	ايي	لفيف	0	N	فعَاتِل
39:59:8	كون	أجوف	-	V	فُنْتَ
39:5:16	كلل	مضاعف	-	N	فُعّ
39:5:19	سمو	ناقص	-	N	مُفَعًّى
39:5:22	عزز	مضاعف	-	N	فَعِيل
39:5:4	حقق	مضاعف	-	N	فَعّ
39:60:2	قوم	أجوف	-	N	فِيَامَة
39:60:3	راي	ناقص	1	V	تَفَى
39:61:1	نجو	ناقص	-	V	يُفَعِّي
39:61:4	وقي	لفيف	-	V	اتَّقَفْا
39:61:5	فوز	أجوف	-	N	مَفَازَتِهِمْ
39:61:7	مسس	مضاعف	-	V	يَفَعُّهُمُ
39:61:8	سوا	أجوف	2	N	فُعء
39:62:3	كلل	مضاعف	-	N	فُعّ
39:62:4	شيا	أجوف	2	N	فَعْء
39:62:7	كلل	مضاعف	-	N	فُعّ
39:62:8	شيا	أجوف	2	N	فَعْء
39:63:7	ايي	لفيف	0	N	فعَات
39:64:1	قول	أجوف	-	V	فُل
39:66:4	كون	أجوف	-	V	فُن
39:67:10	قوم	أجوف	-	N	فِيَامَة
39:67:15	علو	ناقص	-	V	تَفَاعَى
39:67:4	حقق	مضاعف	-	N	فَعّ
39:68:13	شيا	أجوف	2	V	فَاء
39:68:21	قوم	أجوف	-	N	فِيَام
39:69:12	حقق	مضاعف	-	N	فَعّ
39:69:4	ربب	مضاعف	-	N	فَعِّهَا
39:69:7	جيا	أجوف	2	V	فِعء
39:69:8	نبا	صحيح سالم	2	N	فَعِيِّين
39:6:18	امم	مضاعف	0	N	فُعَّهَاتِكُلْ
39:6:28	ربب	مضاعف	-	N	فَعُّكُمْ
39:70:2	كلل	مضاعف	-	N	فُعّ
39:71:1	سوق	أجوف	-	V	فِيق
39:71:12	قول	أجوف	-	V	فَال
39:71:16	اتي	ناقص	0	V	يَفْعِكُمْ
39:71:21	ايي	لفيف	0	N	فعَات
39:71:22	ربب	مضاعف	-	N	فَعِّكُمْ
39:71:24	لقي	ناقص	-	N	فِعَاء
39:71:27	قول	أجوف	-	V	فَالُعا
39:71:30	حقق	مضاعف	-	V	فَعَّت
39:71:9	جيا	أجوف	2	V	فَاءُوهَا
39:72:1	قول	أجوف	-	V	فِيل
39:72:7	باس	صحيح سالم	1	V	فِئْس
39:73:1	سوق	أجوف	-	V	فِيق
39:73:10	جيا	أجوف	2	V	فَاءُوهَا
39:73:13	قول	أجوف	-	V	فَال
39:73:18	طيب	أجوف	-	V	فِبْتُمْ
39:73:3	وقي	لفيف	-	V	اتَّقَفْا
39:73:4	ربب	مضاعف	-	N	فَعَّهُمْ
39:73:6	جنن	مضاعف	-	PN	فَعَّة
39:74:1	قول	أجوف	-	V	فَالُعا
39:74:11	جنن	مضاعف	-	PN	فَعَّة
39:74:13	شيا	أجوف	2	V	نَفَاء
39:74:3	اله	صحيح سالم	0	PN	لَّه
39:75:1	راي	ناقص	1	V	تَفَى
39:75:12	حقق	مضاعف	-	N	فَعّ
39:75:13	قول	أجوف	-	V	فِيل
39:75:15	اله	صحيح سالم	0	PN	لَّه
39:75:16	ربب	مضاعف	-	N	فَعّ
39:75:3	حفف	مضاعف	-	N	فَاعِّين
39:75:9	ربب	مضاعف	-	N	فَعِّهِمْ
39:7:13	رضو	ناقص	-	V	يَفْعَهُ
39:7:16	وزر	مثال	-	V	تَزِر
39:7:22	ربب	مضاعف	-	N	فَعِّكُمْ
39:7:24	نبا	صحيح سالم	2	V	يُفَعِّئُكُمْ
39:7:26	كون	أجوف	-	V	فُنْتُمْ
39:7:8	رضو	ناقص	-	V	يَفْعَى
39:8:16	كون	أجوف	-	V	فَان
39:8:2	مسس	مضاعف	-	V	فَعّ
39:8:22	اله	صحيح سالم	0	PN	لَّه
39:8:23	ندد	مضاعف	-	N	أَفْعَالًا
39:8:24	ضلل	مضاعف	-	V	يُفِعّ
39:8:27	قول	أجوف	-	V	فُل
39:8:30	قلل	مضاعف	-	ADJ	فَعِيلًا
39:8:34	نور	أجوف	-	N	فَار
39:8:4	ضرر	مضاعف	-	N	فُعّ
39:8:5	دعو	ناقص	-	V	فَعَا
39:8:6	ربب	مضاعف	-	N	فَعَّهُ
39:8:7	نوب	أجوف	-	N	مُفِيبًا
39:9:12	ربب	مضاعف	-	N	فَعِّهِ
39:9:13	قول	أجوف	-	V	فُل
39:9:24	لبب	مضاعف	-	N	أَفْعَال
39:9:4	اني	ناقص	0	N	فعَاء
39:9:7	قوم	أجوف	-	N	فَائِمًا
3:100:11	ردد	مضاعف	-	V	يَفُعُّوكُمْ
3:100:5	طوع	أجوف	-	V	تُفِيعُعا
3:100:9	اتي	ناقص	0	V	فُوعُوا
3:101:17	قوم	أجوف	-	ADJ	مُسْتَفِيم
3:101:4	تلو	ناقص	-	V	فُتْعَى
3:101:6	ايي	لفيف	0	N	فعَات
3:102:4	وقي	لفيف	-	V	اتَّقُفا
3:102:6	حقق	مضاعف	-	N	فَعّ
3:102:7	وقي	لفيف	-	N	تُقَاتِهِ
3:103:12	كون	أجوف	-	V	فُنْتُمْ
3:103:13	عدو	ناقص	-	N	أَفْعَاء
3:103:20	كون	أجوف	-	V	فُنْتُمْ
3:103:22	شفو	ناقص	-	N	فَعَا
3:103:25	نور	أجوف	-	N	فَار
3:103:32	ايي	لفيف	0	N	فعَاتِهِ
3:103:34	هدي	ناقص	-	V	تَفْتَعُونَ
3:104:1	كون	أجوف	-	V	تَفُن
3:104:3	امم	مضاعف	0	N	فُعَّة
3:104:9	نهي	ناقص	-	V	يَفْعَوْنَ
3:105:9	جيا	أجوف	2	V	فَاءَهُمُ
3:106:16	كون	أجوف	-	V	فُنْتُمْ
3:108:2	ايي	لفيف	0	N	فعَات
3:108:6	حقق	مضاعف	-	N	فَعّ
3:108:9	رود	أجوف	-	V	يُفِيد
3:109:1	اله	صحيح سالم	0	PN	لَّه
3:10:16	نور	أجوف	-	N	فَار
3:110:1	كون	أجوف	-	V	فُنْتُمْ
3:110:11	امن	صحيح سالم	0	V	تُؤْمِنُونَ
3:110:17	كون	أجوف	-	V	فَان
3:110:21	امن	صحيح سالم	0	N	مُؤْمِنُون
3:110:3	امم	مضاعف	0	N	فُعَّة
3:110:5	نوس	أجوف	-	N	فَّاس
3:110:8	نهي	ناقص	-	V	تَفْعَوْنَ
3:111:2	ضرر	مضاعف	-	V	يَفُعُّوكُمْ
3:111:7	ولي	لفيف	-	V	يُفَعُّوكُمُ
3:112:13	نوس	أجوف	-	N	فَاس
3:112:23	كون	أجوف	-	V	فَانُعا
3:112:25	ايي	لفيف	0	N	فعَات
3:112:3	ذلل	مضاعف	-	N	فِعَّة
3:112:30	حقق	مضاعف	-	N	فَعّ
3:112:33	عصي	ناقص	-	V	فَعَوْا
3:112:34	كون	أجوف	-	V	فَانُعا
3:113:11	اني	ناقص	0	T	فعَاء
3:113:2	سوي	لفيف	-	N	فَعَاء
3:113:6	امم	مضاعف	0	N	فُعَّة
3:113:7	قوم	أجوف	-	ADJ	فَائِمَة
3:113:9	ايي	لفيف	0	N	فعَات
3:114:1	امن	صحيح سالم	0	V	يُؤْمِنُونَ
3:114:7	نهي	ناقص	-	V	يَفْعَوْنَ
3:115:9	وقي	لفيف	-	N	مُتَّقِين
3:116:15	نور	أجوف	-	N	فَار
3:117:11	صرر	مضاعف	-	N	فِعّ
3:117:12	صوب	أجوف	-	V	أَفَابَت
3:117:6	حيي	لفيف	-	N	فَعَاة
3:117:7	دنو	ناقص	-	ADJ	فُعْيَا
3:117:9	روح	أجوف	-	N	فِيح
3:118:12	ودد	مضاعف	-	V	فَعُّوا
3:118:16	بدو	ناقص	-	V	فَعَت
3:118:27	ايي	لفيف	0	N	فعَات
3:118:29	كون	أجوف	-	V	فُنْتُمْ
3:118:5	اخذ	صحيح سالم	0	V	تَتَّخِذُوف
3:119:10	لقي	ناقص	-	V	فَعُوكُمْ
3:119:11	قول	أجوف	-	V	فَالُعا
3:119:15	عضض	مضاعف	-	V	فَعُّوا
3:119:20	قول	أجوف	-	V	فُل
3:119:3	حبب	مضاعف	-	V	تُفِعُّونَهُمْ
3:119:5	حبب	مضاعف	-	V	يُفِعُّونَكُمْ
3:119:6	امن	صحيح سالم	0	V	تُؤْمِنُونَ
3:119:8	كلل	مضاعف	-	N	فُعِّهِ
3:11:13	شدد	مضاعف	-	N	فَعِيل
3:11:2	اول	أجوف	0	N	فل
3:11:8	ايي	لفيف	0	N	فعَاتِنَا
3:120:12	وقي	لفيف	-	V	تَتَّقُفا
3:120:14	ضرر	مضاعف	-	V	يَفُعُّكُمْ
3:120:2	مسس	مضاعف	-	V	تَفْعَلْكُمْ
3:120:21	حوط	أجوف	-	N	مُفِيط
3:120:4	سوا	أجوف	2	V	تَفُؤْهُمْ
3:120:6	صوب	أجوف	-	V	تُفِبْكُمْ
3:120:7	سوا	أجوف	2	N	فَيِّئَة
3:121:5	بوا	أجوف	2	V	تُفَعِّئ
3:121:6	امن	صحيح سالم	0	N	مُؤْمِنِين
3:122:12	امن	صحيح سالم	0	N	مُؤْمِنُون
3:122:2	همم	مضاعف	-	V	فَعَّت
3:122:3	طوف	أجوف	-	N	فَائِفَتَان
3:123:6	ذلل	مضاعف	-	N	أَفِعَّة
3:123:7	وقي	لفيف	-	V	اتَّقُفا
3:124:3	امن	صحيح سالم	0	N	مُؤْمِنِين
3:124:7	مدد	مضاعف	-	V	يُفِعَّكُمْ
3:124:8	ربب	مضاعف	-	N	فَعُّكُمْ
3:125:10	ربب	مضاعف	-	N	فَعُّكُمْ
3:125:4	وقي	لفيف	-	V	تَتَّقُفا
3:125:5	اتي	ناقص	0	V	يَفْعُوكُمْ
3:125:9	مدد	مضاعف	-	V	يُفْعِلْكُمْ
3:126:16	عزز	مضاعف	-	ADJ	فَعِيل
3:127:9	خيب	أجوف	-	N	فَائِبِعن
3:128:5	شيا	أجوف	2	N	فَعْء
3:129:1	اله	صحيح سالم	0	PN	لَّه
3:129:10	شيا	أجوف	2	V	يَفَاء
3:129:13	شيا	أجوف	2	V	يَفَاء
3:12:1	قول	أجوف	-	V	فُل
3:12:8	باس	صحيح سالم	1	V	فِئْس
3:130:6	ربو	ناقص	-	N	فِعَا
3:130:9	وقي	لفيف	-	V	اتَّقُفا
3:131:1	وقي	لفيف	-	V	اتَّقُفا
3:131:2	نور	أجوف	-	N	فَار
3:131:4	عدد	مضاعف	-	V	أُفِعَّت
3:132:1	طوع	أجوف	-	V	أَفِيعُعا
3:133:10	عدد	مضاعف	-	V	أُفِعَّت
3:133:11	وقي	لفيف	-	N	مُتَّقِين
3:133:5	ربب	مضاعف	-	N	فَعِّكُمْ
3:133:6	جنن	مضاعف	-	N	فَعَّة
3:134:10	نوس	أجوف	-	N	فَاس
3:134:12	حبب	مضاعف	-	V	يُفِعّ
3:134:4	سرر	مضاعف	-	N	فَعَّاء
3:134:5	ضرر	مضاعف	-	N	فَعَّاء
3:134:8	عفو	ناقص	-	N	فَاعِين
3:135:18	صرر	مضاعف	-	V	يُفِعُّوا
3:136:2	جزي	ناقص	-	N	فَعَاؤُهُمْ
3:136:5	ربب	مضاعف	-	N	فَعِّهِمْ
3:136:6	جنن	مضاعف	-	N	فَعَّات
3:137:11	كون	أجوف	-	V	فَان
3:137:2	خلو	ناقص	-	V	فَعَت
3:137:5	سنن	مضاعف	-	N	فُعَل
3:138:3	نوس	أجوف	-	N	فَّاس
3:138:6	وقي	لفيف	-	N	مُتَّقِين
3:139:2	وهن	مثال	-	V	تَهِنُفا
3:139:8	كون	أجوف	-	V	فُنْتُمْ
3:139:9	امن	صحيح سالم	0	N	مُؤْمِنِين
3:13:15	راي	ناقص	1	V	يَفَوْنَهُمْ
3:13:2	كون	أجوف	-	V	فَان
3:13:20	ايد	أجوف	0	V	يُؤَيِّد
3:13:23	شيا	أجوف	2	V	يَفَاء
3:13:4	ايي	لفيف	0	N	فعَة
3:13:6	فاي	ناقص	1	N	فِئَتَيْن
3:13:7	لقي	ناقص	-	V	افْتَعَتَا
3:13:8	فاي	ناقص	1	N	فِئَة
3:140:10	يوم	لفيف	-	N	أَفَّام
3:140:13	نوس	أجوف	-	N	فَاس
3:140:18	اخذ	صحيح سالم	0	V	يَتَّخِذ
3:140:2	مسس	مضاعف	-	V	يَفْعَلْكُمْ
3:140:23	حبب	مضاعف	-	V	يُفِعّ
3:140:5	مسس	مضاعف	-	V	فَعّ
3:142:5	جنن	مضاعف	-	PN	فَعَّة
3:143:2	كون	أجوف	-	V	فُنْتُمْ
3:143:3	مني	ناقص	-	V	تَفَعَّوْنَ
3:143:8	لقي	ناقص	-	V	تَفْعَوْهُ
3:144:11	موت	أجوف	-	V	فَات
3:144:22	ضرر	مضاعف	-	V	يَفُعّ
3:144:6	خلو	ناقص	-	V	فَعَت
3:145:10	اجل	صحيح سالم	0	ADJ	مُؤَجَّلًف
3:145:12	رود	أجوف	-	V	يُفِد
3:145:14	دنو	ناقص	-	N	فُعْيَا
3:145:15	اتي	ناقص	0	V	نُؤْتِهِ
3:145:18	رود	أجوف	-	V	يُفِد
3:145:2	كون	أجوف	-	V	فَان
3:145:21	اتي	ناقص	0	V	نُؤْتِهِ
3:146:11	صوب	أجوف	-	V	أَفَابَهُمْ
3:146:18	كين	أجوف	-	V	اسْتَفَانُوا
3:146:20	حبب	مضاعف	-	V	يُفِعّ
3:146:3	نبا	صحيح سالم	2	N	فَعِيّ
3:146:6	ربب	مضاعف	-	N	فِعِّيُّون
3:147:2	كون	أجوف	-	V	فَان
3:147:6	قول	أجوف	-	V	فَالُعا
3:147:7	ربب	مضاعف	-	N	فَعَّنَا
3:148:1	اتي	ناقص	0	V	فعَاهُمُ
3:148:4	دنو	ناقص	-	N	فُعْيَا
3:148:9	حبب	مضاعف	-	V	يُفِعّ
3:149:5	طوع	أجوف	-	V	تُفِيعُعا
3:149:8	ردد	مضاعف	-	V	يَفُعُّوكُمْ
3:14:12	فضض	مضاعف	-	N	فِعَّة
3:14:19	حيي	لفيف	-	N	فَعَاة
3:14:2	نوس	أجوف	-	N	فَّاس
3:14:20	دنو	ناقص	-	ADJ	فُعْيَا
3:14:24	اوب	أجوف	0	N	مَفب
3:14:3	حبب	مضاعف	-	N	فُعّ
3:14:6	نسو	ناقص	-	N	فِعَاء
3:150:3	ولي	لفيف	-	N	مَفْعَاكُمْ
3:151:15	اوي	لفيف	0	N	مَفْعَاهُمُ
3:151:16	نور	أجوف	-	N	فَار
3:151:17	باس	صحيح سالم	1	V	فِئْس
3:152:18	راي	ناقص	1	V	أَفَعكُمْ
3:152:20	حبب	مضاعف	-	V	تُفِعُّونَ
3:152:23	رود	أجوف	-	V	يُفِيد
3:152:24	دنو	ناقص	-	N	فُعْيَا
3:152:27	رود	أجوف	-	V	يُفِيد
3:152:32	بلو	ناقص	-	V	يَفْتَعِيَكُمْ
3:152:34	عفو	ناقص	-	V	فَعَا
3:152:40	امن	صحيح سالم	0	N	مُؤْمِنِين
3:152:6	حسس	مضاعف	-	V	تَفُعُّونَهُمْ
3:153:11	ثوب	أجوف	-	V	أَفَابَكُمْ
3:153:12	غمم	مضاعف	-	N	فَعًّا
3:153:13	غمم	مضاعف	-	N	فَعّ
3:153:18	فوت	أجوف	-	V	فَاتَكُمْ
3:153:21	صوب	أجوف	-	V	أَفَابَكُمْ
3:153:4	لوي	لفيف	-	V	تَفْعُونَ
3:154:10	طوف	أجوف	-	N	فَائِفَة
3:154:12	طوف	أجوف	-	N	فَائِفَة
3:154:14	همم	مضاعف	-	V	أَفَعَّتْهُلْ
3:154:16	ظنن	مضاعف	-	V	يَفُعُّولَ
3:154:19	حقق	مضاعف	-	N	فَعّ
3:154:20	ظنن	مضاعف	-	N	فَعّ
3:154:28	شيا	أجوف	2	N	فَعْء
3:154:29	قول	أجوف	-	V	فُل
3:154:32	كلل	مضاعف	-	N	فُعَّهُ
3:154:33	اله	صحيح سالم	0	PN	لَّه
3:154:34	خفي	ناقص	-	V	يُفْعُونَ
3:154:43	كون	أجوف	-	V	فَان
3:154:47	شيا	أجوف	2	N	فَعْء
3:154:51	قول	أجوف	-	V	فُل
3:154:53	كون	أجوف	-	V	فُنْتُمْ
3:154:6	غمم	مضاعف	-	N	فَعّ
3:154:63	بلو	ناقص	-	V	يَفْتَعِي
3:154:9	غشو	ناقص	-	V	يَفْعَى
3:155:15	عفو	ناقص	-	V	فَعَا
3:155:3	ولي	لفيف	-	V	تَفَعَّوْا
3:155:9	زلل	مضاعف	-	V	اسْتَفَعَّهُمُ
3:156:15	كون	أجوف	-	V	فَانُعا
3:156:16	غزو	ناقص	-	N	فُعًّى
3:156:18	كون	أجوف	-	V	فَانُعا
3:156:21	موت	أجوف	-	V	فَاتُعا
3:156:31	حيي	لفيف	-	V	يُفْعِل
3:156:32	موت	أجوف	-	V	يُفِيت
3:156:8	قول	أجوف	-	V	فَالُعا
3:157:7	موت	أجوف	-	V	فُتُّمْ
3:158:2	موت	أجوف	-	V	فُتُّمْ
3:159:12	فضض	مضاعف	-	V	انْفَعُّوا
3:159:15	عفو	ناقص	-	V	افْع
3:159:29	حبب	مضاعف	-	V	يُفِعّ
3:159:5	لين	أجوف	-	V	فِنْتَ
3:159:8	كون	أجوف	-	V	فُنْتَ
3:159:9	فظظ	مضاعف	-	N	فَعًّا
3:15:1	قول	أجوف	-	V	فُل
3:15:10	جنن	مضاعف	-	N	فَعَّات
3:15:2	نبا	صحيح سالم	2	V	أَؤُفَعِّئُكُمْ
3:15:7	وقي	لفيف	-	V	اتَّقَفْا
3:15:9	ربب	مضاعف	-	N	فَعِّهِمْ
3:160:18	امن	صحيح سالم	0	N	مُؤْمِنُون
3:161:10	غلل	مضاعف	-	V	فَعّ
3:161:12	قوم	أجوف	-	N	فِيَامَة
3:161:15	كلل	مضاعف	-	N	فُعّ
3:161:2	كون	أجوف	-	V	فَان
3:161:3	نبا	صحيح سالم	2	N	فَعِيّ
3:161:5	غلل	مضاعف	-	V	يَفُعّ
3:161:7	غلل	مضاعف	-	V	يَفْعُل
3:161:8	اتي	ناقص	0	V	يَفْع
3:162:10	اوي	لفيف	0	N	مَفْعَاهُ
3:162:12	باس	صحيح سالم	1	V	فِئْس
3:162:6	بوا	أجوف	2	V	فَاء
3:164:14	ايي	لفيف	0	N	فعَاتِهِ
3:164:15	زكو	ناقص	-	V	يُفَعِّيهِمْ
3:164:2	منن	مضاعف	-	V	فَعّ
3:164:20	كون	أجوف	-	V	فَانُعا
3:164:24	ضلل	مضاعف	-	N	فَعَال
3:164:5	امن	صحيح سالم	0	N	مُؤْمِنِين
3:165:10	قول	أجوف	-	V	فُل
3:165:18	كلل	مضاعف	-	N	فُعّ
3:165:19	شيا	أجوف	2	N	فَعْء
3:165:2	صوب	أجوف	-	V	أَفَابَتْكُمْ
3:165:3	صوب	أجوف	-	N	مُفِيبَة
3:165:5	صوب	أجوف	-	V	أَفَبْتُمْ
3:165:7	قول	أجوف	-	V	فُلْتُمْ
3:166:2	صوب	أجوف	-	V	أَفَابَكُمْ
3:166:9	امن	صحيح سالم	0	N	مُؤْمِنِين
3:167:13	قول	أجوف	-	V	فَالُعا
3:167:4	قول	أجوف	-	V	فِيل
3:168:15	كون	أجوف	-	V	فُنْتُمْ
3:168:2	قول	أجوف	-	V	فَالُعا
3:168:6	طوع	أجوف	-	V	أَفَاعُعنَا
3:168:9	قول	أجوف	-	V	فُل
3:169:10	حيي	لفيف	-	N	أَفْعَاء
3:169:12	ربب	مضاعف	-	N	فَعِّهِمْ
3:16:11	نور	أجوف	-	N	فَار
3:16:3	ربب	مضاعف	-	N	فَعَّنَا
3:16:9	وقي	لفيف	-	V	قِنَا
3:170:3	اتي	ناقص	0	V	فعَاهُمُ
3:171:11	امن	صحيح سالم	0	N	مُؤْمِنِين
3:172:13	وقي	لفيف	-	V	اتَّقَفْا
3:172:2	جوب	أجوف	-	V	اسْتَفَابُعا
3:172:3	اله	صحيح سالم	0	PN	لَّه
3:172:8	صوب	أجوف	-	V	أَفَابَهُمُ
3:173:10	خشي	ناقص	-	V	افْعَوْهُمْ
3:173:11	زيد	أجوف	-	V	فَادَهُمْ
3:173:13	قول	أجوف	-	V	فَالُعا
3:173:2	قول	أجوف	-	V	فَال
3:173:4	نوس	أجوف	-	N	فَاس
3:173:6	نوس	أجوف	-	N	فَاس
3:174:7	مسس	مضاعف	-	V	يَفْعَلْهُمْ
3:174:8	سوا	أجوف	2	N	فُعء
3:175:10	كون	أجوف	-	V	فُنْتُمْ
3:175:11	امن	صحيح سالم	0	N	مُؤْمِنِين
3:175:7	خوف	أجوف	-	V	تَفَافُعهُمْ
3:175:8	خوف	أجوف	-	V	فَافُعنِ
3:176:12	رود	أجوف	-	V	يُفِيد
3:176:17	حظظ	مضاعف	-	N	فَعًّا
3:176:9	ضرر	مضاعف	-	V	يَفُعُّوا
3:177:3	شري	ناقص	-	V	افْتَعَوُا
3:177:7	ضرر	مضاعف	-	V	يَفُعُّوا
3:178:11	ملو	ناقص	-	V	نُفْعِي
3:178:13	زيد	أجوف	-	V	يَفْدَادُوا
3:178:17	هون	أجوف	-	ADJ	مُفِين
3:178:6	ملو	ناقص	-	V	نُفْعِي
3:179:16	كون	أجوف	-	V	فَان
3:179:2	كون	أجوف	-	V	فَان
3:179:27	شيا	أجوف	2	V	يَفَاء
3:179:32	امن	صحيح سالم	0	V	تُؤْمِنُوف
3:179:33	وقي	لفيف	-	V	تَتَّقُفا
3:179:4	وذر	مثال	-	V	يَذَر
3:179:5	امن	صحيح سالم	0	N	مُؤْمِنِين
3:180:15	شرر	مضاعف	-	N	فَعّ
3:180:22	قوم	أجوف	-	N	فِيَامَة
3:180:23	اله	صحيح سالم	0	PN	لَّه
3:180:24	ورث	مثال	-	N	مِيرَاث
3:180:6	اتي	ناقص	0	V	فعَاهُمُ
3:181:14	قول	أجوف	-	V	فَالُعا
3:181:18	حقق	مضاعف	-	N	فَعّ
3:181:6	قول	أجوف	-	V	فَالُعا
3:183:14	نور	أجوف	-	N	فَار
3:183:15	قول	أجوف	-	V	فُل
3:183:17	جيا	أجوف	2	V	فَاءَكُمْ
3:183:2	قول	أجوف	-	V	فَالُعا
3:183:23	قول	أجوف	-	V	فُلْتُمْ
3:183:27	كون	أجوف	-	V	فُنْتُمْ
3:183:8	امن	صحيح سالم	0	V	نُؤْمِن
3:184:12	نور	أجوف	-	ADJ	مُفِير
3:184:8	جيا	أجوف	2	V	فَاءُوا
3:185:1	كلل	مضاعف	-	N	فُعّ
3:185:13	نور	أجوف	-	N	فَار
3:185:15	جنن	مضاعف	-	PN	فَعَّة
3:185:17	فوز	أجوف	-	V	فَاز
3:185:19	حيي	لفيف	-	N	فَعَاة
3:185:20	دنو	ناقص	-	ADJ	فُعْيَا
3:185:23	غرر	مضاعف	-	N	فُعُول
3:185:3	ذوق	أجوف	-	N	فَائِقَة
3:185:6	وفي	لفيف	-	V	تُفَعَّوْنَ
3:185:9	قوم	أجوف	-	N	فِيَامَة
3:186:19	وقي	لفيف	-	V	تَتَّقُفا
3:186:8	اتي	ناقص	0	V	فُوعُوا
3:187:13	وري	لفيف	-	LOC	فَعَاء
3:187:15	شري	ناقص	-	V	افْتَعَوْا
3:187:18	قلل	مضاعف	-	ADJ	فَعِيلًا
3:187:19	باس	صحيح سالم	1	V	فِئْس
3:187:21	شري	ناقص	-	V	يَفْتَعُونَ
3:187:4	وثق	مثال	-	N	مِيثَاق
3:187:6	اتي	ناقص	0	V	فُوعُوا
3:187:9	نوس	أجوف	-	N	فَّاس
3:188:15	فوز	أجوف	-	N	مَفَازَة
3:188:6	اتي	ناقص	0	V	فَعَوْا
3:188:7	حبب	مضاعف	-	V	يُفِعُّونَ
3:189:1	اله	صحيح سالم	0	PN	لَّه
3:189:7	كلل	مضاعف	-	N	فُعّ
3:189:8	شيا	أجوف	2	N	فَعْء
3:18:11	قوم	أجوف	-	N	فَائِمًا
3:18:17	عزز	مضاعف	-	N	فَعِيل
3:190:11	لبب	مضاعف	-	N	أَفْعَال
3:190:9	ايي	لفيف	0	N	فعَات
3:191:13	ربب	مضاعف	-	N	فَعَّنَا
3:191:19	وقي	لفيف	-	V	قِنَا
3:191:21	نور	أجوف	-	N	فَار
3:191:4	قوم	أجوف	-	N	فِيَامًا
3:192:1	ربب	مضاعف	-	N	فَعَّنَا
3:192:5	نور	أجوف	-	N	فَار
3:193:1	ربب	مضاعف	-	N	فَعَّنَا
3:193:11	ربب	مضاعف	-	N	فَعَّنَا
3:193:17	سوا	أجوف	2	N	فَيِّئَاتِنَا
3:193:18	وفي	لفيف	-	V	تَفَعَّنَا
3:193:20	برر	مضاعف	-	N	أَفْعَال
3:193:4	ندو	ناقص	-	N	مُفَاعِيًا
3:193:5	ندو	ناقص	-	V	يُفَاعِي
3:193:9	ربب	مضاعف	-	N	فَعِّكُمْ
3:194:1	ربب	مضاعف	-	N	فَعَّنَا
3:194:10	قوم	أجوف	-	N	فِيَامَة
3:194:14	وعد	مثال	-	N	مِيعَاد
3:194:2	اتي	ناقص	0	V	فعِنَا
3:194:8	خزي	ناقص	-	V	تُفْعِنَا
3:195:1	جوب	أجوف	-	V	اسْتَفَاب
3:195:21	دور	أجوف	-	N	فِيَارِهِمْ
3:195:22	اذي	ناقص	0	V	فُوعُوا
3:195:29	سوا	أجوف	2	N	فَيِّئَاتِهِمْ
3:195:3	ربب	مضاعف	-	N	فَعُّهُمْ
3:195:31	جنن	مضاعف	-	N	فَعَّات
3:196:2	غرر	مضاعف	-	V	يَفُعَّنَّكَ
3:197:2	قلل	مضاعف	-	ADJ	فَعِيل
3:197:4	اوي	لفيف	0	N	مَفْعَاهُمْ
3:197:6	باس	صحيح سالم	1	V	فِئْس
3:198:21	برر	مضاعف	-	N	أَفْعَال
3:198:3	وقي	لفيف	-	V	اتَّقَفْا
3:198:4	ربب	مضاعف	-	N	فَعَّهُمْ
3:198:6	جنن	مضاعف	-	N	فَعَّات
3:199:15	اله	صحيح سالم	0	PN	لَّه
3:199:17	شري	ناقص	-	V	يَفْتَعُونَ
3:199:18	ايي	لفيف	0	N	فعَات
3:199:21	قلل	مضاعف	-	ADJ	فَعِيلًا
3:199:26	ربب	مضاعف	-	N	فَعِّهِمْ
3:199:6	امن	صحيح سالم	0	V	يُؤْمِن
3:19:15	جيا	أجوف	2	V	فَاءَهُمُ
3:19:21	ايي	لفيف	0	N	فعَات
3:19:9	اتي	ناقص	0	V	فُوعُوا
3:200:7	وقي	لفيف	-	V	اتَّقُفا
3:20:11	اتي	ناقص	0	V	فُوعُوا
3:20:13	امم	مضاعف	0	N	فُعِّيِّين
3:20:18	هدي	ناقص	-	V	افْتَعَوْا
3:20:2	حجج	مضاعف	-	V	فَاعُّوكَ
3:20:20	ولي	لفيف	-	V	تَفَعَّوْا
3:20:3	قول	أجوف	-	V	فُل
3:20:6	اله	صحيح سالم	0	PN	لَّه
3:20:9	قول	أجوف	-	V	فُل
3:21:15	نوس	أجوف	-	N	فَاس
3:21:4	ايي	لفيف	0	N	فعَات
3:21:7	نبا	صحيح سالم	2	N	فَعِيِّين
3:21:9	حقق	مضاعف	-	N	فَعّ
3:22:6	دنو	ناقص	-	N	فُعْيَا
3:23:2	راي	ناقص	1	V	تَف
3:23:5	اتي	ناقص	0	V	فُوعُوا
3:24:10	غرر	مضاعف	-	V	فَعَّهُمْ
3:24:14	كون	أجوف	-	V	فَانُعا
3:24:15	فري	ناقص	-	V	يَفْتَعُونَ
3:24:3	قول	أجوف	-	V	فَالُعا
3:24:5	مسس	مضاعف	-	V	تَفَعَّنَا
3:24:6	نور	أجوف	-	N	فَار
3:24:8	يوم	لفيف	-	T	أَفَّامًا
3:24:9	عدد	مضاعف	-	ADJ	مَفْعُولَات
3:25:9	كلل	مضاعف	-	N	فُعّ
3:26:1	قول	أجوف	-	V	فُل
3:26:12	شيا	أجوف	2	V	تَفَاء
3:26:13	عزز	مضاعف	-	V	تُفِعّ
3:26:15	شيا	أجوف	2	V	تَفَاء
3:26:16	ذلل	مضاعف	-	V	تُفِعّ
3:26:18	شيا	أجوف	2	V	تَفَاء
3:26:19	يدي	لفيف	-	N	فَعِكَ
3:26:23	كلل	مضاعف	-	N	فُعّ
3:26:24	شيا	أجوف	2	N	فَعْء
3:26:5	اتي	ناقص	0	V	تُؤْتِي
3:26:8	شيا	أجوف	2	V	تَفَاء
3:27:10	حيي	لفيف	-	N	فَعّ
3:27:12	موت	أجوف	-	N	فَيِّت
3:27:14	موت	أجوف	-	N	فَيِّت
3:27:16	حيي	لفيف	-	N	فَعّ
3:27:19	شيا	أجوف	2	V	تَفَاء
3:28:16	شيا	أجوف	2	N	فَعْء
3:28:19	وقي	لفيف	-	V	تَتَّقُفا
3:28:2	اخذ	صحيح سالم	0	V	يَتَّخِذ
3:28:21	وقي	لفيف	-	N	تُقَاة
3:28:3	امن	صحيح سالم	0	N	مُؤْمِنُون
3:28:8	امن	صحيح سالم	0	N	مُؤْمِنِين
3:29:1	قول	أجوف	-	V	فُل
3:29:20	كلل	مضاعف	-	N	فُعّ
3:29:21	شيا	أجوف	2	N	فَعْء
3:29:3	خفي	ناقص	-	V	تُفْعُوا
3:2:6	حيي	لفيف	-	N	فَعّ
3:30:13	سوا	أجوف	2	N	فُعء
3:30:14	ودد	مضاعف	-	V	تَفَعّ
3:30:2	وجد	مثال	-	V	تَجِد
3:30:25	راف	صحيح سالم	1	N	فَءُوف
3:30:3	كلل	مضاعف	-	N	فُعّ
3:31:1	قول	أجوف	-	V	فُل
3:31:3	كون	أجوف	-	V	فُنْتُمْ
3:31:4	حبب	مضاعف	-	V	تُفِعُّونَ
3:31:7	حبب	مضاعف	-	V	يُفْعِلْكُمُ
3:32:1	قول	أجوف	-	V	فُل
3:32:10	حبب	مضاعف	-	V	يُفِعّ
3:32:2	طوع	أجوف	-	V	أَفِيعُعا
3:32:6	ولي	لفيف	-	V	تَفَعَّوْا
3:33:3	صفو	ناقص	-	V	افْطَعَى
3:33:6	اول	أجوف	0	N	فل
3:33:8	اول	أجوف	0	N	فل
3:34:1	ذرر	مضاعف	-	N	فُعِّيَّة
3:35:12	حرر	مضاعف	-	N	مُفَعَّلًا
3:35:2	قول	أجوف	-	V	فَالَت
3:35:5	ربب	مضاعف	-	N	فَعِّ
3:36:16	سمو	ناقص	-	V	فَعَّيْتُهَا
3:36:19	عوذ	أجوف	-	V	أُفِيذُهَا
3:36:21	ذرر	مضاعف	-	N	فُعِّيَّتَهَا
3:36:3	قول	أجوف	-	V	فَالَت
3:36:4	ربب	مضاعف	-	N	فَعِّ
3:37:10	كلل	مضاعف	-	T	فُعَّمَا
3:37:18	قول	أجوف	-	V	فَال
3:37:2	ربب	مضاعف	-	N	فَعُّهَا
3:37:23	قول	أجوف	-	V	فَالَت
3:37:32	شيا	أجوف	2	V	يَفَاء
3:38:11	ذرر	مضاعف	-	N	فُعِّيَّة
3:38:15	دعو	ناقص	-	N	فُعَاء
3:38:2	دعو	ناقص	-	V	فَعَا
3:38:4	ربب	مضاعف	-	N	فَعَّهُ
3:38:5	قول	أجوف	-	V	فَال
3:38:6	ربب	مضاعف	-	N	فَعِّ
3:38:7	وهب	مثال	-	V	هَب
3:39:1	ندو	ناقص	-	V	فَاعَتْهُ
3:39:16	سود	أجوف	-	N	فَيِّدًا
3:39:4	قوم	أجوف	-	N	فَائِم
3:39:5	صلو	ناقص	-	V	يُفَعِّي
3:3:4	حقق	مضاعف	-	N	فَعّ
3:40:1	قول	أجوف	-	V	فَال
3:40:12	قول	أجوف	-	V	فَال
3:40:17	شيا	أجوف	2	V	يَفَاء
3:40:2	ربب	مضاعف	-	N	فَعِّ
3:41:1	قول	أجوف	-	V	فَال
3:41:10	نوس	أجوف	-	N	فَاس
3:41:12	يوم	لفيف	-	N	أَفَّام
3:41:16	ربب	مضاعف	-	N	فَعَّكَ
3:41:19	عشو	ناقص	-	N	فَعِيّ
3:41:2	ربب	مضاعف	-	N	فَعِّ
3:41:5	ايي	لفيف	0	N	فعَة
3:41:6	قول	أجوف	-	V	فَال
3:41:7	ايي	لفيف	0	N	فعَتُكَ
3:42:11	نسو	ناقص	-	N	فِعَاء
3:42:2	قول	أجوف	-	V	فَالَت
3:42:7	صفو	ناقص	-	V	افْطَعَاكِ
3:42:9	صفو	ناقص	-	V	افْطَعَاكِ
3:43:3	ربب	مضاعف	-	N	فَعِّكِ
3:44:11	لقي	ناقص	-	V	يُفْعُونَ
3:44:17	كون	أجوف	-	V	فُنْتَ
3:44:8	كون	أجوف	-	V	فُنْتَ
3:45:10	سمو	ناقص	-	N	افْعُهُ
3:45:13	بني	ناقص	-	N	افْع
3:45:17	دنو	ناقص	-	N	فُعْيَا
3:45:2	قول	أجوف	-	V	فَالَت
3:46:2	نوس	أجوف	-	N	فَاس
3:47:1	قول	أجوف	-	V	فَالَت
3:47:10	قول	أجوف	-	V	فَال
3:47:15	شيا	أجوف	2	V	يَفَاء
3:47:2	ربب	مضاعف	-	N	فَعِّ
3:47:22	كون	أجوف	-	V	فُن
3:47:8	مسس	مضاعف	-	V	يَفْعَلْنِي
3:49:10	ربب	مضاعف	-	N	فَعِّكُمْ
3:49:16	هيا	أجوف	2	N	فَعْئَة
3:49:24	برا	صحيح سالم	2	V	أُفْعِئ
3:49:27	حيي	لفيف	-	V	أُفْعِل
3:49:31	نبا	صحيح سالم	2	V	أُفَعِّئُكُمْ
3:49:35	ذخر	صحيح سالم	-	V	تَدَّخِرُونَ
3:49:41	ايي	لفيف	0	N	فعَة
3:49:44	كون	أجوف	-	V	فُنْتُمْ
3:49:45	امن	صحيح سالم	0	N	مُؤْمِنِين
3:49:7	جيا	أجوف	2	V	فِئْتُكُمْ
3:49:8	ايي	لفيف	0	N	فعَة
3:4:10	ايي	لفيف	0	N	فعَات
3:4:14	شدد	مضاعف	-	ADJ	فَعِيل
3:4:16	عزز	مضاعف	-	N	فَعِيل
3:4:4	نوس	أجوف	-	N	فَّاس
3:50:13	جيا	أجوف	2	V	فِئْتُكُمْ
3:50:14	ايي	لفيف	0	N	فعَة
3:50:16	ربب	مضاعف	-	N	فَعِّكُمْ
3:50:17	وقي	لفيف	-	V	اتَّقُفا
3:50:19	طوع	أجوف	-	V	أَفِيعُعنِ
3:50:7	حلل	مضاعف	-	V	أُفِعّ
3:51:3	ربب	مضاعف	-	N	فَعِّي
3:51:4	ربب	مضاعف	-	N	فَعُّكُمْ
3:51:8	قوم	أجوف	-	ADJ	مُسْتَفِيم
3:52:11	قول	أجوف	-	V	فَال
3:52:2	حسس	مضاعف	-	V	أَفَعّ
3:52:6	قول	أجوف	-	V	فَال
3:53:1	ربب	مضاعف	-	N	فَعَّنَا
3:55:2	قول	أجوف	-	V	فَال
3:55:21	قوم	أجوف	-	N	فِيَامَة
3:55:28	كون	أجوف	-	V	فُنْتُمْ
3:56:6	شدد	مضاعف	-	ADJ	فَعِيلًا
3:56:8	دنو	ناقص	-	N	فُعْيَا
3:57:10	حبب	مضاعف	-	V	يُفِعّ
3:58:5	ايي	لفيف	0	N	فعَات
3:59:12	قول	أجوف	-	V	فَال
3:59:14	كون	أجوف	-	V	فُن
3:5:11	سمو	ناقص	-	N	فَعَاء
3:5:6	شيا	أجوف	2	N	فَعْء
3:60:1	حقق	مضاعف	-	N	فَعّ
3:60:3	ربب	مضاعف	-	N	فَعِّكَ
3:60:5	كون	أجوف	-	V	تَفُن
3:61:10	قول	أجوف	-	V	فُل
3:61:12	دعو	ناقص	-	V	نَفْع
3:61:13	بني	ناقص	-	N	أَفْعَاءَنَا
3:61:14	بني	ناقص	-	N	أَفْعَاءَكُمْ
3:61:15	نسو	ناقص	-	N	فِعَاءَنَا
3:61:16	نسو	ناقص	-	N	فِعَاءَكُمْ
3:61:2	حجج	مضاعف	-	V	فَاعَّكَ
3:61:7	جيا	أجوف	2	V	فَاءَكَ
3:62:14	عزز	مضاعف	-	N	فَعِيل
3:62:4	قصص	مضاعف	-	N	فَعَل
3:62:5	حقق	مضاعف	-	ADJ	فَعّ
3:63:2	ولي	لفيف	-	V	تَفَعَّوْا
3:64:1	قول	أجوف	-	V	فُل
3:64:19	اخذ	صحيح سالم	0	V	يَتَّخِذ
3:64:22	ربب	مضاعف	-	N	أَفْعَالًا
3:64:27	ولي	لفيف	-	V	تَفَعَّوْا
3:64:7	سوي	لفيف	-	ADJ	فَعَاء
3:65:4	حجج	مضاعف	-	V	تُفَاعُّونَ
3:66:3	حجج	مضاعف	-	V	فَاعَلْتُمْ
3:66:9	حجج	مضاعف	-	V	تُفَاعُّونَ
3:67:12	كون	أجوف	-	V	فَان
3:67:2	كون	أجوف	-	V	فَان
3:67:8	كون	أجوف	-	V	فَان
3:68:13	امن	صحيح سالم	0	N	مُؤْمِنِين
3:68:3	نوس	أجوف	-	N	فَاس
3:68:8	نبا	صحيح سالم	2	N	فَعِيّ
3:69:1	ودد	مضاعف	-	V	فَعَّت
3:69:2	طوف	أجوف	-	N	فَائِفَة
3:69:7	ضلل	مضاعف	-	V	يُفِعُّونَكُمْ
3:69:9	ضلل	مضاعف	-	V	يُفِعُّونَ
3:6:12	عزز	مضاعف	-	N	فَعِيل
3:6:7	شيا	أجوف	2	V	يَفَاء
3:70:5	ايي	لفيف	0	N	فعَات
3:71:5	حقق	مضاعف	-	N	فَعّ
3:71:8	حقق	مضاعف	-	N	فَعّ
3:72:1	قول	أجوف	-	V	فَالَت
3:72:2	طوف	أجوف	-	N	فَائِفَة
3:73:13	اتي	ناقص	0	V	يُؤْتَى
3:73:19	حجج	مضاعف	-	V	يُفَاعُّوكُمْ
3:73:2	امن	صحيح سالم	0	V	تُؤْمِنُوف
3:73:21	ربب	مضاعف	-	N	فَعِّكُمْ
3:73:22	قول	أجوف	-	V	فُل
3:73:25	يدي	لفيف	-	N	فَع
3:73:27	اتي	ناقص	0	V	يُؤْتِيهِ
3:73:29	شيا	أجوف	2	V	يَفَاء
3:73:7	قول	أجوف	-	V	فُل
3:74:1	خصص	مضاعف	-	V	يَفْتَعّ
3:74:4	شيا	أجوف	2	V	يَفَاء
3:75:16	ادي	ناقص	0	V	يُؤَدِّهِ
3:75:20	دوم	أجوف	-	V	فُمْتَ
3:75:22	قوم	أجوف	-	N	فَائِمًا
3:75:25	قول	أجوف	-	V	فَالُعا
3:75:29	امم	مضاعف	0	N	فُعِّيِّين
3:75:8	ادي	ناقص	0	V	يُؤَدِّهِ
3:76:5	وقي	لفيف	-	V	اتَّقَى
3:76:8	حبب	مضاعف	-	V	يُفِعّ
3:76:9	وقي	لفيف	-	N	مُتَّقِين
3:77:22	قوم	أجوف	-	N	فِيَامَة
3:77:24	زكو	ناقص	-	V	يُفَعِّيهِمْ
3:77:3	شري	ناقص	-	V	يَفْتَعُونَ
3:77:8	قلل	مضاعف	-	ADJ	فَعِيلًا
3:78:4	لوي	لفيف	-	V	يَفْعُونَ
3:79:12	نوس	أجوف	-	N	فَّاس
3:79:2	كون	أجوف	-	V	فَان
3:79:21	ربب	مضاعف	-	N	فَعَّانِيِّين
3:79:23	كون	أجوف	-	V	فُنْتُمْ
3:79:27	كون	أجوف	-	V	فُنْتُمْ
3:79:5	اتي	ناقص	0	V	يُؤْتِيَهُ
3:79:9	نبا	صحيح سالم	2	N	فُعُوَّة
3:7:10	امم	مضاعف	0	N	فُعّ
3:7:23	بغي	ناقص	-	N	افْتِعَاء
3:7:25	بغي	ناقص	-	N	افْتِعَاء
3:7:38	كلل	مضاعف	-	N	فُعّ
3:7:41	ربب	مضاعف	-	N	فَعِّنَا
3:7:46	لبب	مضاعف	-	N	أَفْعَال
3:7:7	ايي	لفيف	0	N	فعَات
3:80:4	اخذ	صحيح سالم	0	V	تَتَّخِذُوف
3:80:6	نبا	صحيح سالم	2	N	فَعِيِّين
3:80:7	ربب	مضاعف	-	N	أَفْعَالًا
3:81:12	جيا	أجوف	2	V	فَاءَكُمْ
3:81:17	امن	صحيح سالم	0	V	تُؤْمِنُنَّ
3:81:20	قول	أجوف	-	V	فَال
3:81:21	قرر	مضاعف	-	V	أَأَفْعَلْتُمْ
3:81:26	قول	أجوف	-	V	فَالُعا
3:81:27	قرر	مضاعف	-	V	أَفْعَلْنَا
3:81:28	قول	أجوف	-	V	فَال
3:81:4	وثق	مثال	-	N	مِيثَاق
3:81:5	نبا	صحيح سالم	2	N	فَعِيِّين
3:83:4	بغي	ناقص	-	V	يَفْعُونَ
3:84:1	قول	أجوف	-	V	فُل
3:84:19	نبا	صحيح سالم	2	N	فَعِيُّون
3:84:21	ربب	مضاعف	-	N	فَعِّهِمْ
3:85:2	بغي	ناقص	-	V	يَفْتَع
3:86:11	حقق	مضاعف	-	N	فَعّ
3:86:12	جيا	أجوف	2	V	فَاءَهُمُ
3:87:2	جزي	ناقص	-	N	فَعَاؤُهُمْ
3:87:8	نوس	أجوف	-	N	فَاس
3:88:4	خفف	مضاعف	-	V	يُفَعَّل
3:89:3	توب	أجوف	-	V	فَابُعا
3:8:1	ربب	مضاعف	-	N	فَعَّنَا
3:8:3	زيغ	أجوف	-	V	تُفِغ
3:8:8	وهب	مثال	-	V	هَب
3:90:14	ضلل	مضاعف	-	N	فَاعُّون
3:90:7	زيد	أجوف	-	V	افْدَادُوا
3:91:11	ملا	صحيح سالم	2	N	فِعْء
3:91:4	موت	أجوف	-	V	فَاتُعا
3:92:11	شيا	أجوف	2	N	فَعْء
3:92:2	نيل	أجوف	-	V	تَفَالُوا
3:92:3	برر	مضاعف	-	N	فِعّ
3:92:7	حبب	مضاعف	-	V	تُفِعُّونَ
3:93:1	كلل	مضاعف	-	N	فُعّ
3:93:18	قول	أجوف	-	V	فُل
3:93:19	اتي	ناقص	0	V	فْعُوا
3:93:23	كون	أجوف	-	V	فُنْتُمْ
3:93:3	كون	أجوف	-	V	فَان
3:93:4	حلل	مضاعف	-	N	فِعًّا
3:95:1	قول	أجوف	-	V	فُل
3:95:5	ملل	مضاعف	-	N	فِعَّة
3:95:9	كون	أجوف	-	V	فَان
3:96:5	نوس	أجوف	-	N	فَّاس
3:97:10	اله	صحيح سالم	0	PN	لَّه
3:97:12	نوس	أجوف	-	N	فَاس
3:97:13	حجج	مضاعف	-	N	فِعّ
3:97:16	طوع	أجوف	-	V	اسْتَفَاع
3:97:2	ايي	لفيف	0	N	فعَات
3:97:4	قوم	أجوف	-	N	مَفَام
3:97:8	كون	أجوف	-	V	فَان
3:98:1	قول	أجوف	-	V	فُل
3:98:6	ايي	لفيف	0	N	فعَات
3:99:1	قول	أجوف	-	V	فُل
3:99:11	بغي	ناقص	-	V	تَفْعُونَهَا
3:99:5	صدد	مضاعف	-	V	تَفُعُّونَ
3:9:1	ربب	مضاعف	-	N	فَعَّنَا
3:9:13	وعد	مثال	-	N	مِيعَاد
3:9:4	نوس	أجوف	-	N	فَاس
40:11:1	قول	أجوف	-	V	فَالُعا
40:11:2	ربب	مضاعف	-	N	فَعَّنَا
40:11:3	موت	أجوف	-	V	أَفَتَّنَا
40:11:5	حيي	لفيف	-	V	أَفْعَلْتَنَا
40:12:11	امن	صحيح سالم	0	V	تُؤْمِنُوف
40:12:13	اله	صحيح سالم	0	PN	لَّه
40:12:14	علو	ناقص	-	ADJ	فَعِيّ
40:12:4	دعو	ناقص	-	V	فُعِي
40:13:14	نوب	أجوف	-	V	يُفِيب
40:13:3	راي	ناقص	1	V	يُفِيكُمْ
40:13:4	ايي	لفيف	0	N	فعَاتِهِ
40:13:8	سمو	ناقص	-	N	فَعَاء
40:15:11	شيا	أجوف	2	V	يَفَاء
40:15:16	لقي	ناقص	-	N	تَفَاع
40:16:13	اله	صحيح سالم	0	PN	لَّه
40:16:9	شيا	أجوف	2	N	فَعْء
40:17:3	كلل	مضاعف	-	N	فُعّ
40:18:12	حمم	مضاعف	-	N	فَعِيل
40:18:15	طوع	أجوف	-	V	يُفَاع
40:19:2	خون	أجوف	-	N	فَائِنَة
40:20:10	شيا	أجوف	2	N	فَعْء
40:20:3	حقق	مضاعف	-	N	فَعّ
40:20:9	قضي	ناقص	-	V	يَفْعُونَ
40:21:10	كون	أجوف	-	V	فَانُعا
40:21:13	كون	أجوف	-	V	فَانُعا
40:21:15	شدد	مضاعف	-	N	أَفَعّ
40:21:17	قوي	لفيف	-	N	فُعَّة
40:21:25	كون	أجوف	-	V	فَان
40:21:30	وقي	لفيف	-	N	فَاع
40:21:7	كون	أجوف	-	V	فَان
40:22:12	شدد	مضاعف	-	ADJ	فَعِيل
40:22:3	كون	أجوف	-	V	فَانَت
40:23:4	ايي	لفيف	0	N	فعَاتِنَا
40:24:5	قول	أجوف	-	V	فَالُعا
40:25:12	حيي	لفيف	-	V	اسْتَفْعُوا
40:25:13	نسو	ناقص	-	N	فِعَاءَهُمْ
40:25:19	ضلل	مضاعف	-	N	فَعَال
40:25:2	جيا	أجوف	2	V	فَاءَهُمْ
40:25:3	حقق	مضاعف	-	N	فَعّ
40:25:6	قول	أجوف	-	V	فَالُعا
40:25:8	بني	ناقص	-	N	أَفْعَاء
40:26:1	قول	أجوف	-	V	فَال
40:26:3	وذر	مثال	-	V	ذَرُفنِي
40:26:6	دعو	ناقص	-	V	يَفْع
40:26:7	ربب	مضاعف	-	N	فَعَّهُ
40:26:9	خوف	أجوف	-	V	أَفَاف
40:27:1	قول	أجوف	-	V	فَال
40:27:11	امن	صحيح سالم	0	V	يُؤْمِن
40:27:4	عوذ	أجوف	-	V	فُذْتُ
40:27:5	ربب	مضاعف	-	N	فَعِّي
40:27:6	ربب	مضاعف	-	N	فَعِّكُمْ
40:27:8	كلل	مضاعف	-	N	فُعّ
40:28:1	قول	أجوف	-	V	فَال
40:28:13	ربب	مضاعف	-	N	فَعِّيَ
40:28:16	جيا	أجوف	2	V	فَاءَكُمْ
40:28:19	ربب	مضاعف	-	N	فَعِّكُمْ
40:28:21	كون	أجوف	-	V	يَف
40:28:26	كون	أجوف	-	V	يَف
40:28:28	صوب	أجوف	-	V	يُفِبْكُمْ
40:28:3	امن	صحيح سالم	0	N	مُؤْمِن
40:28:31	وعد	مثال	-	V	يَعِدُكُمْ
40:28:5	اول	أجوف	0	N	فل
40:29:14	جيا	أجوف	2	V	فَاءَنَا
40:29:15	قول	أجوف	-	V	فَال
40:29:18	راي	ناقص	1	V	أُفِيكُمْ
40:29:21	راي	ناقص	1	V	أَفَى
40:2:5	عزز	مضاعف	-	ADJ	فَعِيل
40:30:1	قول	أجوف	-	V	فَال
40:30:6	خوف	أجوف	-	V	أَفَاف
40:31:12	رود	أجوف	-	V	يُفِيد
40:31:5	عود	أجوف	-	PN	فَاد
40:32:3	خوف	أجوف	-	V	أَفَاف
40:32:6	ندو	ناقص	-	N	تَفَاع
40:33:11	ضلل	مضاعف	-	V	يُفْعِل
40:33:16	هدي	ناقص	-	N	فَاع
40:33:2	ولي	لفيف	-	V	تُفَعُّونَ
40:34:10	شكك	مضاعف	-	N	فَعّ
40:34:12	جيا	أجوف	2	V	فَاءَكُمْ
40:34:17	قول	أجوف	-	V	فُلْتُمْ
40:34:2	جيا	أجوف	2	V	فَاءَكُمْ
40:34:25	ضلل	مضاعف	-	V	يُفِعّ
40:34:30	ريب	أجوف	-	ADJ	مُفْتَاب
40:34:8	زيل	أجوف	-	V	فِلْتُمْ
40:35:20	كلل	مضاعف	-	N	فُعّ
40:35:4	ايي	لفيف	0	N	فعَات
40:35:8	اتي	ناقص	0	V	فَعَاهُمْ
40:36:1	قول	أجوف	-	V	فَال
40:36:4	بني	ناقص	-	V	افْع
40:36:9	سبب	مضاعف	-	N	أَفْعَال
40:37:1	سبب	مضاعف	-	N	أَفْعَال
40:37:13	سوا	أجوف	2	N	فُعء
40:37:15	صدد	مضاعف	-	V	فُعّ
40:37:23	تبب	مضاعف	-	N	فَعَال
40:37:8	ظنن	مضاعف	-	V	أَفُعُّهُ
40:38:1	قول	أجوف	-	V	فَال
40:38:6	هدي	ناقص	-	V	أَفْعِكُمْ
40:39:10	دور	أجوف	-	N	فَار
40:39:11	قرر	مضاعف	-	N	فَعَال
40:39:4	حيي	لفيف	-	N	فَعَاة
40:39:5	دنو	ناقص	-	ADJ	فُعْيَا
40:3:5	شدد	مضاعف	-	ADJ	فَعِيل
40:40:16	امن	صحيح سالم	0	N	مُؤْمِن
40:40:19	جنن	مضاعف	-	PN	فَعَّة
40:40:3	سوا	أجوف	2	N	فَيِّئَة
40:41:6	نجو	ناقص	-	N	فَعَاة
40:41:9	نور	أجوف	-	N	فَار
40:42:14	عزز	مضاعف	-	N	فَعِيل
40:43:10	دنو	ناقص	-	N	فُعْيَا
40:43:15	ردد	مضاعف	-	N	مَفَعَّنَا
40:43:22	نور	أجوف	-	N	فَار
40:45:1	وقي	لفيف	-	V	فَعَاهُ
40:45:3	سوا	أجوف	2	N	فَيِّئَات
40:45:6	حيق	أجوف	-	V	فَاق
40:45:7	اول	أجوف	0	N	فل
40:45:9	سوا	أجوف	2	N	فُعء
40:46:1	نور	أجوف	-	N	فَار
40:46:10	اول	أجوف	0	N	فل
40:46:12	شدد	مضاعف	-	ADJ	أَفَعّ
40:46:5	عشو	ناقص	-	N	فَعِيًّا
40:46:8	سوع	أجوف	-	N	فَاعَة
40:47:10	كون	أجوف	-	V	فُنَّا
40:47:15	غني	ناقص	-	N	مُفْعُون
40:47:19	نور	أجوف	-	N	فَار
40:47:2	حجج	مضاعف	-	V	يَتَفَاعُّونَ
40:47:4	نور	أجوف	-	N	فَار
40:48:1	قول	أجوف	-	V	فَال
40:48:5	كلل	مضاعف	-	N	فُعّ
40:49:1	قول	أجوف	-	V	فَال
40:49:4	نور	أجوف	-	N	فَار
40:49:8	ربب	مضاعف	-	N	فَعَّكُمْ
40:49:9	خفف	مضاعف	-	V	يُفَعِّل
40:4:10	غرر	مضاعف	-	V	يَفْعُلْكَ
40:4:4	ايي	لفيف	0	N	فعَات
40:50:1	قول	أجوف	-	V	فَالُعا
40:50:12	دعو	ناقص	-	N	فُعَاء
40:50:16	ضلل	مضاعف	-	N	فَعَال
40:50:3	كون	أجوف	-	V	تَف
40:50:7	قول	أجوف	-	V	فَالُعا
40:50:9	قول	أجوف	-	V	فَالُعا
40:51:7	حيي	لفيف	-	N	فَعَاة
40:51:8	دنو	ناقص	-	ADJ	فُعْيَا
40:52:10	دور	أجوف	-	N	فَار
40:52:9	سوا	أجوف	2	N	فُعء
40:54:4	لبب	مضاعف	-	N	أَفْعَال
40:55:10	ربب	مضاعف	-	N	فَعِّكَ
40:55:11	عشو	ناقص	-	N	فَعِيّ
40:55:5	حقق	مضاعف	-	N	فَعّ
40:56:18	عوذ	أجوف	-	V	اسْتَفِذ
40:56:5	ايي	لفيف	0	N	فعَات
40:56:9	اتي	ناقص	0	V	فَعَاهُمْ
40:57:10	نوس	أجوف	-	N	فَاس
40:57:7	نوس	أجوف	-	N	فَاس
40:58:10	سوا	أجوف	2	N	مُفِيء
40:58:11	قلل	مضاعف	-	ADJ	فَعِيلًا
40:59:11	امن	صحيح سالم	0	V	يُؤْمِنُونَ
40:59:2	سوع	أجوف	-	N	فَاعَة
40:59:9	نوس	أجوف	-	N	فَاس
40:5:10	امم	مضاعف	0	N	فُعَّة
40:5:17	حقق	مضاعف	-	N	فَعّ
40:5:20	كون	أجوف	-	V	فَان
40:5:8	همم	مضاعف	-	V	فَعَّت
40:5:9	كلل	مضاعف	-	N	فُعّ
40:60:1	قول	أجوف	-	V	فَال
40:60:2	ربب	مضاعف	-	N	فَعُّكُمُ
40:60:4	جوب	أجوف	-	V	أَسْتَفِب
40:61:15	نوس	أجوف	-	N	فَاس
40:61:18	نوس	أجوف	-	N	فَاس
40:62:12	افك	صحيح سالم	0	V	تُؤْفَكُونَ
40:62:3	ربب	مضاعف	-	N	فَعُّكُمْ
40:62:5	كلل	مضاعف	-	N	فُعّ
40:62:6	شيا	أجوف	2	N	فَعْء
40:63:2	افك	صحيح سالم	0	V	يُؤْفَك
40:63:4	كون	أجوف	-	V	فَانُعا
40:63:5	ايي	لفيف	0	N	فعَات
40:64:17	ربب	مضاعف	-	N	فَعُّكُمْ
40:64:20	ربب	مضاعف	-	N	فَعّ
40:64:6	قرر	مضاعف	-	N	فَعَالًا
40:64:7	سمو	ناقص	-	N	فَعَاء
40:64:8	بني	ناقص	-	N	فِعَاء
40:65:12	اله	صحيح سالم	0	PN	لَّه
40:65:13	ربب	مضاعف	-	N	فَعّ
40:65:2	حيي	لفيف	-	N	فَعّ
40:66:1	قول	أجوف	-	V	فُل
40:66:12	جيا	أجوف	2	V	فَاءَنِعَ
40:66:15	ربب	مضاعف	-	N	فَعِّي
40:66:19	ربب	مضاعف	-	N	فَعّ
40:67:17	شدد	مضاعف	-	N	أَفُعَّكُمْ
40:67:28	سمو	ناقص	-	N	مُفَعًّى
40:68:11	كون	أجوف	-	V	فُن
40:68:3	حيي	لفيف	-	V	يُفْعِل
40:68:4	موت	أجوف	-	V	يُفِيت
40:69:2	راي	ناقص	1	V	تَف
40:69:7	ايي	لفيف	0	N	فعَات
40:6:10	نور	أجوف	-	N	فَار
40:6:2	حقق	مضاعف	-	V	فَعَّت
40:6:4	ربب	مضاعف	-	N	فَعِّكَ
40:71:2	غلل	مضاعف	-	N	أَفْعَال
40:72:2	حمم	مضاعف	-	N	فَعِيل
40:72:5	نور	أجوف	-	N	فَار
40:73:2	قول	أجوف	-	V	فِيل
40:73:6	كون	أجوف	-	V	فُنْتُمْ
40:74:15	ضلل	مضاعف	-	V	يُفِعّ
40:74:4	قول	أجوف	-	V	فَالُعا
40:74:5	ضلل	مضاعف	-	V	فَعُّوا
40:74:9	كون	أجوف	-	V	نَفُن
40:75:10	كون	أجوف	-	V	فُنْتُمْ
40:75:3	كون	أجوف	-	V	فُنْتُمْ
40:75:8	حقق	مضاعف	-	N	فَعّ
40:76:6	باس	صحيح سالم	1	V	فِئْس
40:77:10	وعد	مثال	-	V	نَعِدُهُمْ
40:77:5	حقق	مضاعف	-	N	فَعّ
40:77:7	راي	ناقص	1	V	نُفِيَنَّكَ
40:78:13	قصص	مضاعف	-	V	نَفْعُل
40:78:16	كون	أجوف	-	V	فَان
40:78:20	ايي	لفيف	0	N	فعَة
40:78:25	جيا	أجوف	2	V	فَاء
40:78:29	حقق	مضاعف	-	N	فَعّ
40:78:8	قصص	مضاعف	-	V	فَعَلْنَا
40:7:14	ربب	مضاعف	-	N	فَعَّنَا
40:7:16	كلل	مضاعف	-	N	فُعّ
40:7:17	شيا	أجوف	2	N	فَعْء
40:7:22	توب	أجوف	-	V	فَابُعا
40:7:25	وقي	لفيف	-	V	قِهِمْ
40:7:8	ربب	مضاعف	-	N	فَعِّهِمْ
40:7:9	امن	صحيح سالم	0	V	يُؤْمِنُونَ
40:80:6	حوج	أجوف	-	N	فَاجَة
40:81:1	راي	ناقص	1	V	يُفِيكُمْ
40:81:2	ايي	لفيف	0	N	فعَاتِهِ
40:81:4	ايي	لفيف	0	N	فعَات
40:82:12	كون	أجوف	-	V	فَانُعا
40:82:15	شدد	مضاعف	-	N	أَفَعّ
40:82:16	قوي	لفيف	-	N	فُعَّة
40:82:24	كون	أجوف	-	V	فَانُعا
40:82:7	كون	أجوف	-	V	فَان
40:83:10	حيق	أجوف	-	V	فَاق
40:83:13	كون	أجوف	-	V	فَانُعا
40:83:15	هزا	صحيح سالم	2	V	يَسْتَفْعِئُونَ
40:83:2	جيا	أجوف	2	V	فَاءَتْهُمْ
40:84:10	كون	أجوف	-	V	فُنَّا
40:84:2	راي	ناقص	1	V	فَعَوْا
40:84:4	قول	أجوف	-	V	فَالُعا
40:85:12	خلو	ناقص	-	V	فَعَت
40:85:2	كون	أجوف	-	V	يَف
40:85:6	راي	ناقص	1	V	فَعَوْا
40:85:8	سنن	مضاعف	-	N	فُعَّت
40:8:1	ربب	مضاعف	-	N	فَعَّنَا
40:8:10	ابو	ناقص	0	N	فعَائِهِمْ
40:8:12	ذرر	مضاعف	-	N	فُعِّيَّاتِهِمْ
40:8:15	عزز	مضاعف	-	N	فَعِيل
40:8:3	جنن	مضاعف	-	N	فَعَّات
40:9:1	وقي	لفيف	-	V	قِهِمُ
40:9:2	سوا	أجوف	2	N	فَيِّئَات
40:9:4	وقي	لفيف	-	V	تَق
40:9:5	سوا	أجوف	2	N	فَيِّئَات
41:10:13	يوم	لفيف	-	N	أَفَّام
41:10:14	سوي	لفيف	-	N	فَعَاء
41:10:3	رسو	ناقص	-	N	فَوَاعِي
41:11:14	قول	أجوف	-	V	فَالَتَا
41:11:16	طوع	أجوف	-	N	فَائِعِين
41:11:4	سمو	ناقص	-	N	فَعَاء
41:11:7	قول	أجوف	-	V	فَال
41:12:1	قضي	ناقص	-	V	فَعَاهُنَّ
41:12:12	سمو	ناقص	-	N	فَعَاء
41:12:13	دنو	ناقص	-	ADJ	فُعْيَا
41:12:18	عزز	مضاعف	-	N	فَعِيل
41:12:8	كلل	مضاعف	-	N	فُعّ
41:12:9	سمو	ناقص	-	N	فَعَاء
41:13:3	قول	أجوف	-	V	فُل
41:13:8	عود	أجوف	-	PN	فَاد
41:14:13	قول	أجوف	-	V	فَالُعا
41:14:15	شيا	أجوف	2	V	فَاء
41:14:16	ربب	مضاعف	-	N	فَعُّنَا
41:14:2	جيا	أجوف	2	V	فَاءَتْهُمُ
41:15:10	شدد	مضاعف	-	N	أَفَعّ
41:15:12	قوي	لفيف	-	N	فُعَّة
41:15:14	راي	ناقص	1	V	يَفَوْع
41:15:2	عود	أجوف	-	PN	فَاد
41:15:20	شدد	مضاعف	-	N	أَفَعّ
41:15:22	قوي	لفيف	-	N	فُعَّة
41:15:23	كون	أجوف	-	V	فَانُعا
41:15:24	ايي	لفيف	0	N	فعَاتِنَا
41:15:7	حقق	مضاعف	-	N	فَعّ
41:15:8	قول	أجوف	-	V	فَالُعا
41:16:12	حيي	لفيف	-	N	فَعَاة
41:16:13	دنو	ناقص	-	ADJ	فُعْيَا
41:16:3	روح	أجوف	-	N	فِيحًا
41:16:6	يوم	لفيف	-	N	أَفَّام
41:16:8	ذوق	أجوف	-	V	نُفِيقَهُمْ
41:17:13	كون	أجوف	-	V	فَانُعا
41:17:4	حبب	مضاعف	-	V	اسْتَفَعُّوا
41:18:1	نجو	ناقص	-	V	فَعَّيْنَا
41:18:4	كون	أجوف	-	V	فَانُعا
41:18:5	وقي	لفيف	-	V	يَتَّقُفنَ
41:19:3	عدو	ناقص	-	N	أَفْعَاء
41:19:6	نور	أجوف	-	N	فَار
41:20:11	كون	أجوف	-	V	فَانُعا
41:20:4	جيا	أجوف	2	V	فَاءُوهَا
41:21:1	قول	أجوف	-	V	فَالُعا
41:21:11	كلل	مضاعف	-	N	فُعّ
41:21:12	شيا	أجوف	2	N	فَعْء
41:21:16	مرر	مضاعف	-	N	فَعَّة
41:21:6	قول	أجوف	-	V	فَالُعا
41:22:13	ظنن	مضاعف	-	V	فَعَلْتُمْ
41:22:2	كون	أجوف	-	V	فُنْتُمْ
41:23:2	ظنن	مضاعف	-	N	فَعُّكُمُ
41:23:4	ظنن	مضاعف	-	V	فَعَلْتُمْ
41:23:5	ربب	مضاعف	-	N	فَعِّكُمْ
41:23:6	ردي	ناقص	-	V	أَفْعَاكُمْ
41:24:3	نور	أجوف	-	N	فَار
41:25:11	حقق	مضاعف	-	V	فَعّ
41:25:15	امم	مضاعف	0	N	فُعَل
41:25:17	خلو	ناقص	-	V	فَعَت
41:25:21	جنن	مضاعف	-	N	فِعّ
41:25:24	كون	أجوف	-	V	فَانُعا
41:26:1	قول	أجوف	-	V	فَال
41:27:1	ذوق	أجوف	-	V	نُفِيقَنَّ
41:27:5	شدد	مضاعف	-	ADJ	فَعِيلًا
41:27:9	كون	أجوف	-	V	فَانُعا
41:28:10	جزي	ناقص	-	N	فَعَاء
41:28:12	كون	أجوف	-	V	فَانُعا
41:28:13	ايي	لفيف	0	N	فعَاتِنَا
41:28:2	جزي	ناقص	-	N	فَعَاء
41:28:3	عدو	ناقص	-	N	أَفْعَاء
41:28:5	نور	أجوف	-	N	فَار
41:28:8	دور	أجوف	-	N	فَار
41:29:1	قول	أجوف	-	V	فَال
41:29:4	ربب	مضاعف	-	N	فَعَّنَا
41:29:5	راي	ناقص	1	V	أَفِنَع
41:29:7	ضلل	مضاعف	-	V	أَفَعَّانَا
41:29:9	جنن	مضاعف	-	N	فِعّ
41:30:12	خوف	أجوف	-	V	تَفَافُعا
41:30:16	جنن	مضاعف	-	PN	فَعَّة
41:30:18	كون	أجوف	-	V	فُنْتُمْ
41:30:3	قول	أجوف	-	V	فَالُعا
41:30:4	ربب	مضاعف	-	N	فَعُّنَا
41:30:7	قوم	أجوف	-	V	اسْتَفَامُعا
41:31:11	شهو	ناقص	-	V	تَفْتَعِي
41:31:4	حيي	لفيف	-	N	فَعَاة
41:31:5	دنو	ناقص	-	ADJ	فُعْيَا
41:33:10	قول	أجوف	-	V	فَال
41:33:5	دعو	ناقص	-	V	فَعَا
41:34:17	حمم	مضاعف	-	ADJ	فَعِيل
41:34:5	سوا	أجوف	2	N	فَيِّئَة
41:35:10	حظظ	مضاعف	-	N	فَعّ
41:35:2	لقي	ناقص	-	V	يُفَعَّاهَا
41:35:7	لقي	ناقص	-	V	يُفَعَّاهَا
41:36:6	عوذ	أجوف	-	V	اسْتَفِذ
41:37:13	اله	صحيح سالم	0	PN	لَّه
41:37:17	كون	أجوف	-	V	فُنْتُمْ
41:37:2	ايي	لفيف	0	N	فعَاتِهِ
41:38:5	ربب	مضاعف	-	N	فَعِّكَ
41:39:10	موه	أجوف	-	N	فَاء
41:39:11	هزز	مضاعف	-	V	افْتَعَّت
41:39:12	ربو	ناقص	-	V	فَعَت
41:39:15	حيي	لفيف	-	V	أَفْعَاهَا
41:39:16	حيي	لفيف	-	N	مُفْعِل
41:39:2	ايي	لفيف	0	N	فعَاتِهِ
41:39:20	كلل	مضاعف	-	N	فُعّ
41:39:21	شيا	أجوف	2	N	فَعْء
41:39:4	راي	ناقص	1	V	تَفَى
41:3:3	ايي	لفيف	0	N	فعَاتُهُ
41:40:12	نور	أجوف	-	N	فَار
41:40:19	قوم	أجوف	-	N	فِيَامَة
41:40:22	شيا	أجوف	2	V	فِئْتُمْ
41:40:5	ايي	لفيف	0	N	فعَاتِنَا
41:40:7	خفي	ناقص	-	V	يَفْعَوْنَ
41:41:6	جيا	أجوف	2	V	فَاءَهُمْ
41:41:9	عزز	مضاعف	-	ADJ	فَعِيل
41:43:12	ربب	مضاعف	-	N	فَعَّكَ
41:43:2	قول	أجوف	-	V	يُفَال
41:43:7	قول	أجوف	-	V	فِيل
41:44:11	قول	أجوف	-	V	فُل
41:44:16	شفي	ناقص	-	N	فِعَاء
41:44:19	امن	صحيح سالم	0	V	يُؤْمِنُونَ
41:44:29	كون	أجوف	-	N	مَفَان
41:44:5	قول	أجوف	-	V	فَالُعا
41:44:8	ايي	لفيف	0	N	فعَاتُهُ
41:45:11	ربب	مضاعف	-	N	فَعِّكَ
41:45:16	شكك	مضاعف	-	N	فَعّ
41:46:6	سوا	أجوف	2	V	أَفَاء
41:46:9	ربب	مضاعف	-	N	فَعُّكَ
41:47:10	كمم	مضاعف	-	N	أَفْعَالِهَا
41:47:16	وضع	مثال	-	V	تَضَع
41:47:2	ردد	مضاعف	-	V	يُفَعّ
41:47:20	ندو	ناقص	-	V	يُفَاعِيهِمْ
41:47:23	قول	أجوف	-	V	فَالُعا
41:47:4	سوع	أجوف	-	N	فَاعَة
41:48:1	ضلل	مضاعف	-	V	فَعّ
41:48:4	كون	أجوف	-	V	فَانُعا
41:48:8	ظنن	مضاعف	-	V	فَعُّوا
41:49:10	ياس	مثال	1	N	فَئُوس
41:49:5	دعو	ناقص	-	N	فُعَاء
41:49:8	مسس	مضاعف	-	V	فَعَّهُ
41:49:9	شرر	مضاعف	-	N	فَعّ
41:50:13	ظنن	مضاعف	-	V	أَفُعّ
41:50:14	سوع	أجوف	-	N	فَاعَة
41:50:15	قوم	أجوف	-	N	فَائِمَة
41:50:19	ربب	مضاعف	-	N	فَعِّي
41:50:2	ذوق	أجوف	-	V	أَفَقْنَاهُ
41:50:24	نبا	صحيح سالم	2	V	فُنَعِّئَنَّ
41:50:29	ذوق	أجوف	-	V	نُفِيقَنَّهُمْ
41:50:7	ضرر	مضاعف	-	N	فَعَّاء
41:50:8	مسس	مضاعف	-	V	فَعَّتْهُ
41:51:10	شرر	مضاعف	-	N	فَعّ
41:51:12	دعو	ناقص	-	N	فُعَاء
41:51:9	مسس	مضاعف	-	V	فَعَّهُ
41:52:1	قول	أجوف	-	V	فُل
41:52:12	ضلل	مضاعف	-	N	أَفَعّ
41:52:16	شقق	مضاعف	-	N	فِعَال
41:52:4	كون	أجوف	-	V	فَان
41:53:1	راي	ناقص	1	V	نُفِيهِمْ
41:53:11	حقق	مضاعف	-	N	فَعّ
41:53:13	كفي	ناقص	-	V	يَفْع
41:53:14	ربب	مضاعف	-	N	فَعِّكَ
41:53:17	كلل	مضاعف	-	N	فُعّ
41:53:18	شيا	أجوف	2	N	فَعْء
41:53:2	ايي	لفيف	0	N	فعَاتِنَا
41:54:10	كلل	مضاعف	-	N	فُعّ
41:54:11	شيا	أجوف	2	N	فَعْء
41:54:12	حوط	أجوف	-	N	مُفِيط
41:54:6	لقي	ناقص	-	N	فِعَاء
41:54:7	ربب	مضاعف	-	N	فَعِّهِمْ
41:5:1	قول	أجوف	-	V	فَالُعا
41:5:4	كنن	مضاعف	-	N	أَفِعَّة
41:6:1	قول	أجوف	-	V	فُل
41:6:12	قوم	أجوف	-	V	اسْتَفِيمُعا
41:7:3	اتي	ناقص	0	V	يُؤْتُونَ
41:7:4	زكو	ناقص	-	N	فَعَاة
41:8:9	منن	مضاعف	-	N	فَمْعُول
41:9:1	قول	أجوف	-	V	فُل
41:9:11	ندد	مضاعف	-	N	أَفْعَالًا
41:9:13	ربب	مضاعف	-	N	فَعّ
42:10:11	ربب	مضاعف	-	N	فَعِّي
42:10:15	نوب	أجوف	-	V	أُفِيب
42:10:5	شيا	أجوف	2	N	فَعْء
42:11:12	ذرا	صحيح سالم	2	V	يَفْعَؤُكُمْ
42:11:16	شيا	أجوف	2	N	فَعْء
42:12:11	كلل	مضاعف	-	N	فُعّ
42:12:12	شيا	أجوف	2	N	فَعْء
42:12:8	شيا	أجوف	2	V	يَفَاء
42:13:19	قوم	أجوف	-	V	أَفِيمُعا
42:13:34	شيا	أجوف	2	V	يَفَاء
42:13:38	نوب	أجوف	-	V	يُفِيب
42:14:15	ربب	مضاعف	-	N	فَعِّكَ
42:14:18	سمو	ناقص	-	N	مُفَعًّى
42:14:28	شكك	مضاعف	-	N	فَعّ
42:14:7	جيا	أجوف	2	V	فَاءَهُمُ
42:15:2	دعو	ناقص	-	V	افْع
42:15:20	ربب	مضاعف	-	N	فَعُّنَا
42:15:21	ربب	مضاعف	-	N	فَعُّكُمْ
42:15:27	حجج	مضاعف	-	N	فُعَّة
42:15:3	قوم	أجوف	-	V	اسْتَفِم
42:15:8	هوي	لفيف	-	N	أَفْعَاءَهُمْ
42:15:9	قول	أجوف	-	V	فُل
42:16:10	حجج	مضاعف	-	N	فُعَّتُهُمْ
42:16:13	ربب	مضاعف	-	N	فَعِّهِمْ
42:16:18	شدد	مضاعف	-	ADJ	فَعِيل
42:16:2	حجج	مضاعف	-	V	يُفَاعُّونَ
42:16:8	جوب	أجوف	-	V	اسْتُفِيب
42:17:10	سوع	أجوف	-	N	فَاعَة
42:17:5	حقق	مضاعف	-	N	فَعّ
42:17:6	وزن	مثال	-	N	مِيزَان
42:18:13	حقق	مضاعف	-	N	فَعّ
42:18:17	مري	ناقص	-	V	يُفَاعُونَ
42:18:19	سوع	أجوف	-	N	فَاعَة
42:18:21	ضلل	مضاعف	-	N	فَعَال
42:18:5	امن	صحيح سالم	0	V	يُؤْمِنُونَ
42:19:6	شيا	أجوف	2	V	يَفَاء
42:19:9	عزز	مضاعف	-	ADJ	فَعِيل
42:20:11	كون	أجوف	-	V	فَان
42:20:12	رود	أجوف	-	V	يُفِيد
42:20:14	دنو	ناقص	-	ADJ	فُعْيَا
42:20:15	اتي	ناقص	0	V	نُؤْتِهِ
42:20:2	كون	أجوف	-	V	فَان
42:20:3	رود	أجوف	-	V	يُفِيد
42:20:6	زيد	أجوف	-	V	نَفِد
42:22:1	راي	ناقص	1	V	تَفَى
42:22:15	جنن	مضاعف	-	N	فَعَّات
42:22:18	شيا	أجوف	2	V	يَفَاءُونَ
42:22:20	ربب	مضاعف	-	N	فَعِّهِمْ
42:23:10	قول	أجوف	-	V	فُل
42:23:16	ودد	مضاعف	-	N	مَفَعَّة
42:23:22	زيد	أجوف	-	V	نَفِد
42:24:13	محو	ناقص	-	V	يَفْع
42:24:16	حقق	مضاعف	-	V	يُفِعّ
42:24:17	حقق	مضاعف	-	N	فَعّ
42:24:8	شيا	أجوف	2	V	يَفَإ
42:25:9	سوا	أجوف	2	N	فَيِّئَات
42:26:1	جوب	أجوف	-	V	يَسْتَفِيب
42:26:12	شدد	مضاعف	-	ADJ	فَعِيل
42:27:13	شيا	أجوف	2	V	يَفَاء
42:27:6	بغي	ناقص	-	V	فَعَوْا
42:29:10	دبب	مضاعف	-	N	فَاعَّة
42:29:15	شيا	أجوف	2	V	يَفَاء
42:29:2	ايي	لفيف	0	N	فعَاتِهِ
42:29:7	بثث	مضاعف	-	V	فَعّ
42:30:2	صوب	أجوف	-	V	أَفَابَكُمْ
42:30:4	صوب	أجوف	-	N	مُفِيبَة
42:32:2	ايي	لفيف	0	N	فعَاتِهِ
42:32:3	جري	ناقص	-	ADJ	فَوَاع
42:33:12	ايي	لفيف	0	N	فعَات
42:33:13	كلل	مضاعف	-	N	فُعّ
42:33:2	شيا	أجوف	2	V	يَفَأ
42:33:4	روح	أجوف	-	N	فِيح
42:33:5	ظلل	مضاعف	-	V	يَفْعَلْنَ
42:34:5	عفو	ناقص	-	V	يَفْع
42:35:5	ايي	لفيف	0	N	فعَاتِنَا
42:36:16	ربب	مضاعف	-	N	فَعِّهِمْ
42:36:4	شيا	أجوف	2	N	فَعْء
42:36:6	حيي	لفيف	-	N	فَعَاة
42:36:7	دنو	ناقص	-	ADJ	فُعْيَا
42:38:2	جوب	أجوف	-	V	اسْتَفَابُعا
42:38:3	ربب	مضاعف	-	N	فَعِّهِمْ
42:38:4	قوم	أجوف	-	V	أَفَامُعا
42:38:5	صلو	ناقص	-	N	فَعَاة
42:39:3	صوب	أجوف	-	V	أَفَابَهُمُ
42:3:9	عزز	مضاعف	-	ADJ	فَعِيل
42:40:1	جزي	ناقص	-	N	فَعَاء
42:40:13	حبب	مضاعف	-	V	يُفِعّ
42:40:2	سوا	أجوف	2	N	فَيِّئَة
42:40:3	سوا	أجوف	2	N	فَيِّئَة
42:40:6	عفو	ناقص	-	V	فَعَا
42:42:11	حقق	مضاعف	-	N	فَعّ
42:42:6	نوس	أجوف	-	N	فَاس
42:42:7	بغي	ناقص	-	V	يَفْعُونَ
42:44:10	راي	ناقص	1	V	تَفَى
42:44:13	راي	ناقص	1	V	فَعَوُا
42:44:18	ردد	مضاعف	-	N	مَفَعّ
42:44:2	ضلل	مضاعف	-	V	يُفْعِل
42:45:1	راي	ناقص	1	V	تَفَعهُمْ
42:45:11	قول	أجوف	-	V	فَال
42:45:21	قوم	أجوف	-	N	فِيَامَة
42:45:27	قوم	أجوف	-	ADJ	مُفِيم
42:45:6	ذلل	مضاعف	-	N	فُعّ
42:46:11	ضلل	مضاعف	-	V	يُفْعِل
42:46:2	كون	أجوف	-	V	فَان
42:47:1	جوب	أجوف	-	V	اسْتَفِيبُعا
42:47:2	ربب	مضاعف	-	N	فَعِّكُمْ
42:47:9	ردد	مضاعف	-	N	مَفَعّ
42:48:13	ذوق	أجوف	-	V	أَفَقْنَا
42:48:20	صوب	أجوف	-	V	تُفِبْهُمْ
42:48:21	سوا	أجوف	2	N	فَيِّئَة
42:49:1	اله	صحيح سالم	0	PN	لَّه
42:49:10	شيا	أجوف	2	V	يَفَاء
42:49:12	وهب	مثال	-	V	يَهَب
42:49:14	شيا	أجوف	2	V	يَفَاء
42:49:7	شيا	أجوف	2	V	يَفَاء
42:49:8	وهب	مثال	-	V	يَهَب
42:4:9	علو	ناقص	-	N	فَعِيّ
42:50:7	شيا	أجوف	2	V	يَفَاء
42:51:11	وري	لفيف	-	N	فَعَاءِ
42:51:19	شيا	أجوف	2	V	يَفَاء
42:51:2	كون	أجوف	-	V	فَان
42:51:21	علو	ناقص	-	N	فَعِيّ
42:52:20	شيا	أجوف	2	V	نَفَاء
42:52:27	قوم	أجوف	-	N	مُسْتَفِيم
42:52:8	كون	أجوف	-	V	فُنْتَ
42:5:1	كود	أجوف	-	V	تَفَاد
42:5:9	ربب	مضاعف	-	N	فَعِّهِمْ
42:7:19	جنن	مضاعف	-	PN	فَعَّة
42:7:7	امم	مضاعف	0	N	فُعّ
42:8:10	شيا	أجوف	2	V	يَفَاء
42:8:2	شيا	أجوف	2	V	فَاء
42:8:5	امم	مضاعف	0	N	فُعَّة
42:9:10	حيي	لفيف	-	V	يُفْعِل
42:9:14	كلل	مضاعف	-	N	فُعّ
42:9:15	شيا	أجوف	2	N	فَعْء
43:10:11	هدي	ناقص	-	V	تَفْتَعُونَ
43:11:10	موت	أجوف	-	ADJ	فَيْتًا
43:11:4	سمو	ناقص	-	N	فَعَاء
43:11:5	موه	أجوف	-	N	فَاء
43:12:4	كلل	مضاعف	-	N	فُعَّهَا
43:13:1	سوي	لفيف	-	V	تَفْتَعُوا
43:13:18	كون	أجوف	-	V	فُنَّا
43:13:7	ربب	مضاعف	-	N	فَعِّكُمْ
43:14:3	ربب	مضاعف	-	N	فَعِّنَا
43:16:5	بني	ناقص	-	N	فَعَات
43:16:6	صفو	ناقص	-	V	أَفْعَاكُمْ
43:17:8	ظلل	مضاعف	-	V	فَعّ
43:20:1	قول	أجوف	-	V	فَالُعا
43:20:3	شيا	أجوف	2	V	فَاء
43:22:11	هدي	ناقص	-	N	مُفْتَعُون
43:22:2	قول	أجوف	-	V	فَالُعا
43:22:5	ابو	ناقص	0	N	فعَاءَنَا
43:22:7	امم	مضاعف	0	N	فُعَّة
43:23:11	قول	أجوف	-	V	فَال
43:23:15	ابو	ناقص	0	N	فعَاءَنَا
43:23:17	امم	مضاعف	0	N	فُعَّة
43:24:1	قول	أجوف	-	V	فَال
43:24:3	جيا	أجوف	2	V	فِئْتُكُمْ
43:24:8	ابو	ناقص	0	N	فعَاءَكُمْ
43:24:9	قول	أجوف	-	V	فَالُعا
43:25:5	كون	أجوف	-	V	فَان
43:26:2	قول	أجوف	-	V	فَال
43:26:4	ابو	ناقص	0	N	فَعِيهِ
43:29:4	ابو	ناقص	0	N	فعَاءَهُمْ
43:29:6	جيا	أجوف	2	V	فَاءَهُمُ
43:29:7	حقق	مضاعف	-	N	فَعّ
43:30:2	جيا	أجوف	2	V	فَاءَهُمُ
43:30:3	حقق	مضاعف	-	N	فَعّ
43:30:4	قول	أجوف	-	V	فَالُعا
43:31:1	قول	أجوف	-	V	فَالُعا
43:32:10	حيي	لفيف	-	N	فَعَاة
43:32:11	دنو	ناقص	-	ADJ	فُعْيَا
43:32:17	اخذ	صحيح سالم	0	V	يَتَّخِذ
43:32:22	ربب	مضاعف	-	N	فَعِّكَ
43:32:4	ربب	مضاعف	-	N	فَعِّكَ
43:33:14	فضض	مضاعف	-	N	فِعَّة
43:33:4	نوس	أجوف	-	N	فَاس
43:33:5	امم	مضاعف	0	N	فُعَّة
43:34:3	سرر	مضاعف	-	N	فُعُلًا
43:34:5	وكا	مثال	2	V	يَتَّكِئُفنَ
43:35:11	ربب	مضاعف	-	N	فَعِّكَ
43:35:12	وقي	لفيف	-	N	مُتَّقِين
43:35:3	كلل	مضاعف	-	N	فُعّ
43:35:7	حيي	لفيف	-	N	فَعَاة
43:35:8	دنو	ناقص	-	ADJ	فُعْيَا
43:36:2	عشو	ناقص	-	V	يَفْع
43:37:2	صدد	مضاعف	-	V	يَفُعُّونَهُمْ
43:37:7	هدي	ناقص	-	N	مُفْتَعُون
43:38:10	باس	صحيح سالم	1	V	فِئْس
43:38:3	جيا	أجوف	2	V	فَاءَنَا
43:38:4	قول	أجوف	-	V	فَال
43:40:10	ضلل	مضاعف	-	N	فَعَال
43:40:3	صمم	مضاعف	-	N	فُعّ
43:40:8	كون	أجوف	-	V	فَان
43:42:2	راي	ناقص	1	V	نُفِيَنَّكَ
43:43:8	قوم	أجوف	-	N	مُسْتَفِيم
43:46:11	ربب	مضاعف	-	N	فَعّ
43:46:4	ايي	لفيف	0	N	فعَاتِنَا
43:46:7	ملا	صحيح سالم	2	N	فَعَئِهِ
43:46:8	قول	أجوف	-	V	فَال
43:47:2	جيا	أجوف	2	V	فَاءَهُمْ
43:47:3	ايي	لفيف	0	N	فعَاتِنَا
43:48:2	راي	ناقص	1	V	نُفِيهِمْ
43:48:4	ايي	لفيف	0	N	فعَة
43:48:9	اخو	ناقص	0	N	فُعْتِهَا
43:49:1	قول	أجوف	-	V	فَالُعا
43:49:11	هدي	ناقص	-	N	مُفْتَعُون
43:49:4	دعو	ناقص	-	V	افْع
43:49:6	ربب	مضاعف	-	N	فَعَّكَ
43:4:3	امم	مضاعف	0	N	فُعّ
43:4:6	علو	ناقص	-	N	فَعِيّ
43:51:1	ندو	ناقص	-	V	فَاعَى
43:51:5	قول	أجوف	-	V	فَال
43:52:10	كود	أجوف	-	V	يَفَاد
43:53:8	جيا	أجوف	2	V	فَاء
43:54:1	خفف	مضاعف	-	V	اسْتَفَعّ
43:54:3	طوع	أجوف	-	V	أَفَاعُعهُ
43:54:5	كون	أجوف	-	V	فَانُعا
43:57:3	بني	ناقص	-	N	افْع
43:57:9	صدد	مضاعف	-	V	يَفِعُّونَ
43:58:1	قول	أجوف	-	V	فَالُعا
43:5:6	كون	أجوف	-	V	فُنْتُمْ
43:60:2	شيا	أجوف	2	V	نَفَاء
43:61:10	قوم	أجوف	-	N	مُسْتَفِيم
43:61:3	سوع	أجوف	-	N	فَّاعَة
43:61:5	مري	ناقص	-	V	تَفْتَعُنَّ
43:62:2	صدد	مضاعف	-	V	يَفُعَّنَّكُمُ
43:63:15	وقي	لفيف	-	V	اتَّقُفا
43:63:17	طوع	أجوف	-	V	أَفِيعُعنِ
43:63:2	جيا	أجوف	2	V	فَاء
43:63:5	قول	أجوف	-	V	فَال
43:63:7	جيا	أجوف	2	V	فِئْتُكُمْ
43:64:4	ربب	مضاعف	-	N	فَعِّي
43:64:5	ربب	مضاعف	-	N	فَعُّكُمْ
43:64:9	قوم	أجوف	-	N	مُسْتَفِيم
43:66:4	سوع	أجوف	-	N	فَاعَة
43:67:1	خلل	مضاعف	-	N	أَفِعَّاء
43:67:7	وقي	لفيف	-	N	مُتَّقِين
43:69:3	ايي	لفيف	0	N	فعَاتِنَا
43:69:4	كون	أجوف	-	V	فَانُعا
43:6:4	نبا	صحيح سالم	2	N	فَعِيّ
43:70:2	جنن	مضاعف	-	PN	فَعَّة
43:71:1	طوف	أجوف	-	V	يُفَاف
43:71:11	لذذ	مضاعف	-	V	تَفَعّ
43:71:9	شهو	ناقص	-	V	تَفْتَعِيهِ
43:72:2	جنن	مضاعف	-	PN	فَعَّة
43:72:6	كون	أجوف	-	V	فُنْتُمْ
43:76:4	كون	أجوف	-	V	فَانُعا
43:77:3	قضي	ناقص	-	V	يَفْع
43:77:5	ربب	مضاعف	-	N	فَعُّكَ
43:77:6	قول	أجوف	-	V	فَال
43:78:2	جيا	أجوف	2	V	فِئْنَاكُمْ
43:78:3	حقق	مضاعف	-	N	فَعّ
43:78:6	حقق	مضاعف	-	N	فَعّ
43:7:4	نبا	صحيح سالم	2	N	فَعِيّ
43:7:6	كون	أجوف	-	V	فَانُعا
43:7:8	هزا	صحيح سالم	2	V	يَسْتَفْعِئُونَ
43:80:6	سرر	مضاعف	-	N	فِعَّهُمْ
43:81:1	قول	أجوف	-	V	فُل
43:81:3	كون	أجوف	-	V	فَان
43:82:2	ربب	مضاعف	-	N	فَعّ
43:82:5	ربب	مضاعف	-	N	فَعّ
43:82:8	وصف	مثال	-	V	يَصِفُفنَ
43:83:1	وذر	مثال	-	V	ذَرْهُمْ
43:83:5	لقي	ناقص	-	V	يُفَاعُوا
43:84:4	سمو	ناقص	-	N	فَعَاء
43:85:11	سوع	أجوف	-	N	فَاعَة
43:86:11	حقق	مضاعف	-	N	فَعّ
43:87:8	افك	صحيح سالم	0	V	يُؤْفَكُونَ
43:88:1	قول	أجوف	-	N	فِيلِهِ
43:88:2	ربب	مضاعف	-	N	يَا فَعِّ
43:88:7	امن	صحيح سالم	0	V	يُؤْمِنُونَ
43:89:3	قول	أجوف	-	V	فُل
43:8:2	شدد	مضاعف	-	N	أَفَعّ
43:9:9	عزز	مضاعف	-	N	فَعِيل
44:10:4	سمو	ناقص	-	N	فَعَاء
44:11:1	غشو	ناقص	-	V	يَفْعَى
44:11:2	نوس	أجوف	-	N	فَاس
44:12:1	ربب	مضاعف	-	N	فَعَّنَا
44:12:6	امن	صحيح سالم	0	N	مُؤْمِنُون
44:13:5	جيا	أجوف	2	V	فَاءَهُمْ
44:14:2	ولي	لفيف	-	V	تَفَعَّوْا
44:14:4	قول	أجوف	-	V	فَالُعا
44:14:6	جنن	مضاعف	-	N	مَفْعُول
44:15:4	قلل	مضاعف	-	ADJ	فَعِيلًا
44:15:6	عود	أجوف	-	N	فَائِدُعن
44:17:6	جيا	أجوف	2	V	فَاءَهُمْ
44:18:2	ادي	ناقص	0	V	فَعُّوا
44:20:2	عوذ	أجوف	-	V	فُذْتُ
44:20:3	ربب	مضاعف	-	N	فَعِّي
44:20:4	ربب	مضاعف	-	N	فَعِّكُمْ
44:21:3	امن	صحيح سالم	0	V	تُؤْمِنُوف
44:22:1	دعو	ناقص	-	V	فَعَا
44:22:2	ربب	مضاعف	-	N	فَعَّهُ
44:23:1	سري	ناقص	-	V	أَفْع
44:25:4	جنن	مضاعف	-	N	فَعَّات
44:26:2	قوم	أجوف	-	N	مَفَام
44:27:2	كون	أجوف	-	V	فَانُعا
44:29:2	بكي	ناقص	-	V	فَعَت
44:29:4	سمو	ناقص	-	N	فَعَاء
44:29:7	كون	أجوف	-	V	فَانُعا
44:30:2	نجو	ناقص	-	V	فَعَّيْنَا
44:30:7	هون	أجوف	-	N	مُفِين
44:31:4	كون	أجوف	-	V	فَان
44:31:5	علو	ناقص	-	N	فَاعِيًا
44:32:2	خير	أجوف	-	V	افْتَرْنَاهُمْ
44:33:3	ايي	لفيف	0	N	فعَات
44:33:6	بلو	ناقص	-	N	فَعَاء
44:36:1	اتي	ناقص	0	V	فْعُوا
44:36:2	ابو	ناقص	0	N	فعَائِنَا
44:36:4	كون	أجوف	-	V	فُنْتُمْ
44:37:11	كون	أجوف	-	V	فَانُعا
44:39:4	حقق	مضاعف	-	N	فَعّ
44:3:7	كون	أجوف	-	V	فُنَّا
44:40:4	وقت	مثال	-	N	مِيقَاتُهُمْ
44:42:7	عزز	مضاعف	-	N	فَعِيل
44:46:2	حمم	مضاعف	-	ADJ	فَعِيل
44:47:1	اخذ	صحيح سالم	0	V	خُذُوهُ
44:47:4	سوي	لفيف	-	N	فَعَاء
44:48:2	صبب	مضاعف	-	V	فُعُّوا
44:48:7	حمم	مضاعف	-	ADJ	فَعِيل
44:49:1	ذوق	أجوف	-	V	فُق
44:49:4	عزز	مضاعف	-	N	فَعِيل
44:4:3	كلل	مضاعف	-	N	فُعّ
44:50:4	كون	أجوف	-	V	فُنْتُمْ
44:50:6	مري	ناقص	-	V	تَفْتَعُونَ
44:51:2	وقي	لفيف	-	N	مُتَّقِين
44:51:4	قوم	أجوف	-	N	مَفَام
44:52:2	جنن	مضاعف	-	N	فَعَّات
44:55:3	كلل	مضاعف	-	N	فُعّ
44:56:8	وقي	لفيف	-	V	فَعَاهُمْ
44:57:3	ربب	مضاعف	-	N	فَعِّكَ
44:5:5	كون	أجوف	-	V	فُنَّا
44:6:3	ربب	مضاعف	-	N	فَعِّكَ
44:7:1	ربب	مضاعف	-	N	فَعّ
44:7:7	كون	أجوف	-	V	فُنْتُمْ
44:7:8	يقن	مثال	-	N	مُوقِنِفن
44:8:5	حيي	لفيف	-	V	يُفْعِل
44:8:6	موت	أجوف	-	V	يُفِيت
44:8:7	ربب	مضاعف	-	N	فَعُّكُمْ
44:8:8	ربب	مضاعف	-	N	فَعّ
44:8:9	ابو	ناقص	0	N	فعَائِكُمُ
44:9:4	شكك	مضاعف	-	N	فَعّ
45:10:2	وري	لفيف	-	N	فَعَائِهِمْ
45:11:5	ايي	لفيف	0	N	فعَات
45:11:6	ربب	مضاعف	-	N	فَعِّهِمْ
45:12:10	بغي	ناقص	-	V	تَفْتَعُوا
45:13:14	ايي	لفيف	0	N	فعَات
45:14:1	قول	أجوف	-	V	فُل
45:14:13	كون	أجوف	-	V	فَانُعا
45:14:8	يوم	لفيف	-	N	أَفَّام
45:15:10	ربب	مضاعف	-	N	فَعِّكُمْ
45:15:6	سوا	أجوف	2	V	أَفَاء
45:16:7	نبا	صحيح سالم	2	N	فُعُوَّة
45:17:11	جيا	أجوف	2	V	فَاءَهُمُ
45:17:16	ربب	مضاعف	-	N	فَعَّكَ
45:17:20	قوم	أجوف	-	N	فِيَامَة
45:17:22	كون	أجوف	-	V	فَانُعا
45:18:10	هوي	لفيف	-	N	أَفْعَاء
45:19:15	وقي	لفيف	-	N	مُتَّقِين
45:19:3	غني	ناقص	-	V	يُفْعُوا
45:20:3	نوس	أجوف	-	N	فَّاس
45:21:12	سوي	لفيف	-	N	فَعَاء
45:21:13	حيي	لفيف	-	N	مَفْعَاهُمْ
45:21:14	موت	أجوف	-	N	فَمَاتُهُمْ
45:21:15	سوا	أجوف	2	V	فَاء
45:21:5	سوا	أجوف	2	N	فَيِّئَات
45:22:5	حقق	مضاعف	-	N	فَعّ
45:22:7	كلل	مضاعف	-	N	فُعّ
45:23:5	هوي	لفيف	-	N	فَعَاهُ
45:23:6	ضلل	مضاعف	-	V	أَفَعَّهُ
45:24:1	قول	أجوف	-	V	فَالُعا
45:24:21	ظنن	مضاعف	-	V	يَفُعُّولَ
45:24:5	حيي	لفيف	-	N	فَعَاتُنَا
45:24:6	دنو	ناقص	-	ADJ	فُعْيَا
45:24:8	حيي	لفيف	-	V	نَفْعَا
45:25:11	قول	أجوف	-	V	فَالُعا
45:25:12	اتي	ناقص	0	V	فئْعُوا
45:25:13	ابو	ناقص	0	N	فعَائِنَا
45:25:15	كون	أجوف	-	V	فُنْتُمْ
45:25:2	تلو	ناقص	-	V	فُتْعَى
45:25:4	ايي	لفيف	0	N	فعَاتُنَا
45:25:7	كون	أجوف	-	V	فَان
45:25:8	حجج	مضاعف	-	N	فُعَّتَهُمْ
45:26:1	قول	أجوف	-	V	فُل
45:26:10	قوم	أجوف	-	N	فِيَامَة
45:26:16	نوس	أجوف	-	N	فَاس
45:26:3	حيي	لفيف	-	V	يُفْعِلكُمْ
45:26:5	موت	أجوف	-	V	يُفِيتُكُمْ
45:27:1	اله	صحيح سالم	0	PN	لَّه
45:27:7	سوع	أجوف	-	N	فَاعَة
45:28:1	راي	ناقص	1	V	تَفَى
45:28:11	جزي	ناقص	-	V	تُفْعَوْنَ
45:28:13	كون	أجوف	-	V	فُنْتُمْ
45:28:2	كلل	مضاعف	-	N	فُعّ
45:28:3	امم	مضاعف	0	N	فُعَّة
45:28:4	جثو	ناقص	-	N	فَاعِيَة
45:28:5	كلل	مضاعف	-	N	فُعّ
45:28:6	امم	مضاعف	0	N	فُعَّة
45:28:7	دعو	ناقص	-	V	تُفْعَى
45:29:10	كون	أجوف	-	V	فُنْتُمْ
45:29:5	حقق	مضاعف	-	N	فَعّ
45:29:7	كون	أجوف	-	V	فُنَّا
45:2:5	عزز	مضاعف	-	ADJ	فَعِيل
45:30:7	ربب	مضاعف	-	N	فَعُّهُمْ
45:31:10	كون	أجوف	-	V	فُنْتُمْ
45:31:5	كون	أجوف	-	V	تَفُن
45:31:6	ايي	لفيف	0	N	فعَاتِل
45:31:7	تلو	ناقص	-	V	فُتْعَى
45:32:11	قول	أجوف	-	V	فُلْتُمْ
45:32:15	سوع	أجوف	-	N	فَاعَة
45:32:17	ظنن	مضاعف	-	V	نَفُعّ
45:32:19	ظنن	مضاعف	-	N	فَعًّا
45:32:2	قول	أجوف	-	V	فِيل
45:32:6	حقق	مضاعف	-	N	فَعّ
45:32:7	سوع	أجوف	-	N	فَاعَة
45:33:1	بدو	ناقص	-	V	فَعَا
45:33:11	هزا	صحيح سالم	2	V	يَسْتَفْعِئُونَ
45:33:3	سوا	أجوف	2	N	فَيِّئَات
45:33:6	حيق	أجوف	-	V	فَاق
45:33:9	كون	أجوف	-	V	فَانُعا
45:34:1	قول	أجوف	-	V	فِيل
45:34:10	نور	أجوف	-	N	فَار
45:34:3	نسي	ناقص	-	V	فَنْعَاكُمْ
45:34:6	لقي	ناقص	-	N	فِعَاء
45:34:9	اوي	لفيف	0	N	مَفْعَاكُمُ
45:35:4	ايي	لفيف	0	N	فعَات
45:35:7	غرر	مضاعف	-	V	فَعَّتْكُمُ
45:35:8	حيي	لفيف	-	N	فَعَاة
45:35:9	دنو	ناقص	-	ADJ	فُعْيَا
45:36:1	اله	صحيح سالم	0	PN	لَّه
45:36:3	ربب	مضاعف	-	N	فَعّ
45:36:5	ربب	مضاعف	-	N	فَعّ
45:36:7	ربب	مضاعف	-	N	فَعّ
45:37:7	عزز	مضاعف	-	N	فَعِيل
45:3:5	ايي	لفيف	0	N	فعَات
45:3:6	امن	صحيح سالم	0	N	مُؤْمِنِين
45:4:4	بثث	مضاعف	-	V	يَفُعّ
45:4:6	دبب	مضاعف	-	N	فَاعَّة
45:4:7	ايي	لفيف	0	N	فعَات
45:5:11	حيي	لفيف	-	V	أَفْعَا
45:5:17	روح	أجوف	-	N	فِيَاح
45:5:18	ايي	لفيف	0	N	فعَات
45:5:8	سمو	ناقص	-	N	فَعَاء
45:6:11	ايي	لفيف	0	N	فعَاتِهِ
45:6:12	امن	صحيح سالم	0	V	يُؤْمِنُونَ
45:6:2	ايي	لفيف	0	N	فعَات
45:6:6	حقق	مضاعف	-	N	فَعّ
45:7:2	كلل	مضاعف	-	N	فُعّ
45:8:2	ايي	لفيف	0	N	فعَات
45:8:4	تلو	ناقص	-	V	فُتْعَى
45:8:7	صرر	مضاعف	-	V	يُفِعّ
45:9:11	هون	أجوف	-	N	مُفِين
45:9:4	ايي	لفيف	0	N	فعَاتِنَا
46:10:1	قول	أجوف	-	V	فُل
46:10:4	كون	أجوف	-	V	فَان
46:11:1	قول	أجوف	-	V	فَال
46:11:14	هدي	ناقص	-	V	يَفْتَعُوا
46:11:7	كون	أجوف	-	V	فَان
46:12:5	امم	مضاعف	0	N	فِعَالًا
46:13:3	قول	أجوف	-	V	فَالُعا
46:13:4	ربب	مضاعف	-	N	فَعُّنَا
46:13:7	قوم	أجوف	-	V	اسْتَفَامُعا
46:14:3	جنن	مضاعف	-	PN	فَعَّة
46:14:6	جزي	ناقص	-	N	فَعَاء
46:14:8	كون	أجوف	-	V	فَانُعا
46:15:17	شدد	مضاعف	-	N	أَفُعَّهُ
46:15:20	سنو	ناقص	-	N	فَعَة
46:15:21	قول	أجوف	-	V	فَال
46:15:22	ربب	مضاعف	-	N	فَعِّ
46:15:35	رضو	ناقص	-	V	تَفْعَاهُ
46:15:39	ذرر	مضاعف	-	N	فُعِّيَّتِي
46:15:41	توب	أجوف	-	V	فُبْتُ
46:15:6	امم	مضاعف	0	N	فُعُّهُ
46:16:10	سوا	أجوف	2	N	فَيِّئَاتِهِمْ
46:16:13	جنن	مضاعف	-	PN	فَعَّة
46:16:17	كون	أجوف	-	V	فَانُعا
46:17:10	خلو	ناقص	-	V	فَعَت
46:17:15	غوث	أجوف	-	V	يَسْتَفِيثَانِ
46:17:2	قول	أجوف	-	V	فَال
46:17:22	حقق	مضاعف	-	N	فَعّ
46:17:4	افف	مضاعف	0	N	فُعّ
46:17:6	وعد	مثال	-	V	أَتَعِدَانِنِي
46:18:13	جنن	مضاعف	-	N	فِعّ
46:18:16	كون	أجوف	-	V	فَانُعا
46:18:3	حقق	مضاعف	-	V	فَعّ
46:18:7	امم	مضاعف	0	N	فُعَل
46:18:9	خلو	ناقص	-	V	فَعَت
46:19:1	كلل	مضاعف	-	N	فُعّ
46:20:10	حيي	لفيف	-	N	فَعَاتِكُمُ
46:20:11	دنو	ناقص	-	ADJ	فُعْيَا
46:20:15	جزي	ناقص	-	V	تُفْعَوْنَ
46:20:19	كون	أجوف	-	V	فُنْتُمْ
46:20:24	حقق	مضاعف	-	N	فَعّ
46:20:26	كون	أجوف	-	V	فُنْتُمْ
46:20:6	نور	أجوف	-	N	فَار
46:21:2	اخو	ناقص	0	N	فَعَا
46:21:21	خوف	أجوف	-	V	أَفَاف
46:21:3	عود	أجوف	-	PN	فَاد
46:21:9	خلو	ناقص	-	V	فَعَت
46:22:1	قول	أجوف	-	V	فَالُعا
46:22:10	كون	أجوف	-	V	فُنْتَ
46:22:2	جيا	أجوف	2	V	أَفِئْتَنَا
46:22:6	اتي	ناقص	0	V	فْعِنَا
46:22:8	وعد	مثال	-	V	تَعِدُنَا
46:23:1	قول	أجوف	-	V	فَال
46:23:11	راي	ناقص	1	V	أَفَعكُمْ
46:24:15	روح	أجوف	-	N	فِيح
46:24:2	راي	ناقص	1	V	فَعَوْهُ
46:24:6	قول	أجوف	-	V	فَالُعا
46:25:2	كلل	مضاعف	-	N	فُعّ
46:25:3	شيا	أجوف	2	N	فَعْء
46:25:5	ربب	مضاعف	-	N	فَعِّهَا
46:25:8	راي	ناقص	1	V	يُفَى
46:26:11	فاد	صحيح سالم	1	N	أَفْئِدَة
46:26:19	فاد	صحيح سالم	1	N	أَفْئِدَتُهُمْ
46:26:21	شيا	أجوف	2	N	فَعْء
46:26:23	كون	أجوف	-	V	فَانُعا
46:26:25	ايي	لفيف	0	N	فعَات
46:26:27	حيق	أجوف	-	V	فَاق
46:26:30	كون	أجوف	-	V	فَانُعا
46:26:32	هزا	صحيح سالم	2	V	يَسْتَفْعِئُونَ
46:27:8	ايي	لفيف	0	N	فعَات
46:28:11	ضلل	مضاعف	-	V	فَعُّوا
46:28:16	كون	أجوف	-	V	فَانُعا
46:28:17	فري	ناقص	-	V	يَفْتَعُونَ
46:29:11	قول	أجوف	-	V	فَالُعا
46:29:15	ولي	لفيف	-	V	فَعَّوْا
46:29:6	جنن	مضاعف	-	N	فِعّ
46:2:5	عزز	مضاعف	-	ADJ	فَعِيل
46:30:1	قول	أجوف	-	V	فَالُعا
46:30:16	حقق	مضاعف	-	N	فَعّ
46:30:19	قوم	أجوف	-	N	مُسْتَفِيم
46:31:11	جور	أجوف	-	V	يُفِرْكُمْ
46:31:2	جوب	أجوف	-	V	أَفِيبُعا
46:31:3	دعو	ناقص	-	N	فَاعِي
46:32:17	ضلل	مضاعف	-	N	فَعَال
46:32:3	جوب	أجوف	-	V	يُفِب
46:32:4	دعو	ناقص	-	N	فَاعِي
46:33:10	عيي	لفيف	-	V	يَفْع
46:33:15	حيي	لفيف	-	V	يُفْعِل
46:33:2	راي	ناقص	1	V	يَفَوْع
46:33:20	كلل	مضاعف	-	N	فُعّ
46:33:21	شيا	أجوف	2	N	فَعْء
46:34:10	قول	أجوف	-	V	فَالُعا
46:34:12	ربب	مضاعف	-	N	فَعِّنَا
46:34:13	قول	أجوف	-	V	فَال
46:34:17	كون	أجوف	-	V	فُنْتُمْ
46:34:6	نور	أجوف	-	N	فَار
46:34:9	حقق	مضاعف	-	N	فَعّ
46:35:13	راي	ناقص	1	V	يَفَوْنَ
46:35:19	سوع	أجوف	-	N	فَاعَة
46:3:10	سمو	ناقص	-	N	مُفَعًّى
46:3:8	حقق	مضاعف	-	N	فَعّ
46:4:1	قول	أجوف	-	V	فُل
46:4:28	كون	أجوف	-	V	فُنْتُمْ
46:4:8	راي	ناقص	1	V	أَفُونِي
46:5:10	جوب	أجوف	-	V	يَسْتَفِيب
46:5:14	قوم	أجوف	-	N	فِيَامَة
46:5:17	دعو	ناقص	-	N	فُعَائِهِمْ
46:5:2	ضلل	مضاعف	-	N	أَفَعّ
46:6:3	نوس	أجوف	-	N	فَاس
46:6:4	كون	أجوف	-	V	فَانُعا
46:6:6	عدو	ناقص	-	N	أَفْعَاء
46:6:7	كون	أجوف	-	V	فَانُعا
46:7:11	جيا	أجوف	2	V	فَاءَهُمْ
46:7:2	تلو	ناقص	-	V	فُتْعَى
46:7:4	ايي	لفيف	0	N	فعَاتُنَا
46:7:6	قول	أجوف	-	V	فَال
46:7:9	حقق	مضاعف	-	N	فَعّ
46:8:3	فري	ناقص	-	V	افْتَعَاهُ
46:8:4	قول	أجوف	-	V	فُل
46:9:1	قول	أجوف	-	V	فُل
46:9:3	كون	أجوف	-	V	فُنْتُ
47:10:7	كون	أجوف	-	V	فَان
47:12:20	نور	أجوف	-	N	فَار
47:12:8	جنن	مضاعف	-	N	فَعَّات
47:13:5	شدد	مضاعف	-	N	أَفَعّ
47:13:6	قوي	لفيف	-	N	فُعَّة
47:14:10	سوا	أجوف	2	N	فُعء
47:14:13	هوي	لفيف	-	N	أَفْعَاءَهُمْ
47:14:2	كون	أجوف	-	V	فَان
47:14:6	ربب	مضاعف	-	N	فَعِّهِ
47:15:2	جنن	مضاعف	-	PN	فَعَّة
47:15:21	لذذ	مضاعف	-	ADJ	فَعَّة
47:15:26	صفو	ناقص	-	N	مُفَعًّى
47:15:30	كلل	مضاعف	-	N	فُعّ
47:15:34	ربب	مضاعف	-	N	فَعِّهِمْ
47:15:39	نور	أجوف	-	N	فَار
47:15:40	سقي	ناقص	-	V	فُعُوا
47:15:41	موه	أجوف	-	N	فَاء
47:15:42	حمم	مضاعف	-	ADJ	فَعِيلًا
47:15:44	معي	ناقص	-	N	أَفْعَاءَهُمْ
47:15:5	وقي	لفيف	-	N	مُتَّقُفن
47:15:9	موه	أجوف	-	N	فَاء
47:16:10	قول	أجوف	-	V	فَالُعا
47:16:12	اتي	ناقص	0	V	فُوعُوا
47:16:15	قول	أجوف	-	V	فَال
47:16:24	هوي	لفيف	-	N	أَفْعَاءَهُمْ
47:17:2	هدي	ناقص	-	V	افْتَعَوْا
47:17:3	زيد	أجوف	-	V	فَادَهُمْ
47:17:5	اتي	ناقص	0	V	فعَاهُمْ
47:17:6	وقي	لفيف	-	N	تَقْفَاهُمْ
47:18:14	جيا	أجوف	2	V	فَاءَتْهُمْ
47:18:4	سوع	أجوف	-	N	فَاعَة
47:18:9	جيا	أجوف	2	V	فَاء
47:19:10	امن	صحيح سالم	0	N	مُؤْمِنَفت
47:19:14	ثوي	لفيف	-	N	مَفْعَاكُمْ
47:19:9	امن	صحيح سالم	0	N	مُؤْمِنِين
47:1:3	صدد	مضاعف	-	V	فَعُّوا
47:1:7	ضلل	مضاعف	-	V	أَفَعّ
47:20:22	غشو	ناقص	-	N	مَفْعِيّ
47:21:1	طوع	أجوف	-	N	فَاعَة
47:21:10	كون	أجوف	-	V	فَان
47:23:5	صمم	مضاعف	-	V	أَفَعَّهُلْ
47:25:15	ملو	ناقص	-	V	أَفْعَى
47:25:3	ردد	مضاعف	-	V	افْتَعُّوا
47:26:15	سرر	مضاعف	-	N	إِفْعَالَهُمْ
47:26:3	قول	أجوف	-	V	فَالُعا
47:26:9	طوع	أجوف	-	V	نُفِيعُكُمْ
47:27:3	وفي	لفيف	-	V	تَفَعَّتْهُمُ
47:2:11	حقق	مضاعف	-	N	فَعّ
47:2:13	ربب	مضاعف	-	N	فَعِّهِمْ
47:2:16	سوا	أجوف	2	N	فَيِّئَاتِهِمْ
47:2:18	بول	أجوف	-	N	فَالَهُمْ
47:30:2	شيا	أجوف	2	V	نَفَاء
47:30:3	راي	ناقص	1	V	أَفَيْنَعكَهُمْ
47:30:5	سوم	أجوف	-	N	فِيمَاهُمْ
47:32:17	ضرر	مضاعف	-	V	يَفُعُّوا
47:32:4	صدد	مضاعف	-	V	فَعُّوا
47:32:8	شقق	مضاعف	-	V	فَاعُّوا
47:33:4	طوع	أجوف	-	V	أَفِيعُعا
47:33:6	طوع	أجوف	-	V	أَفِيعُعا
47:34:4	صدد	مضاعف	-	V	فَعُّوا
47:34:9	موت	أجوف	-	V	فَاتُعا
47:35:11	وتر	مثال	-	V	يَتِرَكُمْ
47:35:2	وهن	مثال	-	V	تَهِنُفا
47:36:2	حيي	لفيف	-	N	فَعَاة
47:36:3	دنو	ناقص	-	ADJ	فُعْيَا
47:36:7	امن	صحيح سالم	0	V	تُؤْمِنُوف
47:36:8	وقي	لفيف	-	V	تَتَّقُفا
47:36:9	اتي	ناقص	0	V	يُؤْتِكُمْ
47:37:3	حفو	ناقص	-	V	يُفْعِكُمْ
47:38:22	ولي	لفيف	-	V	تَتَفَعَّوْا
47:3:11	حقق	مضاعف	-	N	فَعّ
47:3:13	ربب	مضاعف	-	N	فَعِّهِمْ
47:3:17	نوس	أجوف	-	N	فَّاس
47:4:10	شدد	مضاعف	-	V	فُعُّوا
47:4:13	منن	مضاعف	-	N	فَعًّا
47:4:16	فدي	ناقص	-	N	فِعَاء
47:4:18	وضع	مثال	-	V	تَضَع
47:4:23	شيا	أجوف	2	V	يَفَاء
47:4:37	ضلل	مضاعف	-	V	يُفِعّ
47:5:3	بول	أجوف	-	N	فَالَهُمْ
47:6:2	جنن	مضاعف	-	PN	فَعَّة
47:8:5	ضلل	مضاعف	-	V	أَفَعّ
48:10:23	اتي	ناقص	0	V	يُؤْتِيهِ
48:10:7	يدي	لفيف	-	N	فَع
48:11:17	قول	أجوف	-	V	فُل
48:11:25	رود	أجوف	-	V	أَفَاد
48:11:27	ضرر	مضاعف	-	N	فَعًّا
48:11:29	رود	أجوف	-	V	أَفَاد
48:11:33	كون	أجوف	-	V	فَان
48:12:15	ظنن	مضاعف	-	V	فَعَلْتُمْ
48:12:16	ظنن	مضاعف	-	N	فَعّ
48:12:17	سوا	أجوف	2	N	فَعْء
48:12:18	كون	أجوف	-	V	فُنْتُمْ
48:12:2	ظنن	مضاعف	-	V	فَعَلْتُمْ
48:12:7	امن	صحيح سالم	0	N	مُؤْمِنُون
48:13:3	امن	صحيح سالم	0	V	يُؤْمِن
48:14:1	اله	صحيح سالم	0	PN	لَّه
48:14:10	شيا	أجوف	2	V	يَفَاء
48:14:11	كون	أجوف	-	V	فَان
48:14:7	شيا	أجوف	2	V	يَفَاء
48:15:10	رود	أجوف	-	V	يُفِيدُعنَ
48:15:15	قول	أجوف	-	V	فُل
48:15:19	قول	أجوف	-	V	فَال
48:15:27	كون	أجوف	-	V	فَانُعا
48:15:31	قلل	مضاعف	-	N	فَعِيلًا
48:15:8	وذر	مثال	-	V	ذَرُفنَا
48:16:1	قول	أجوف	-	V	فُل
48:16:10	شدد	مضاعف	-	ADJ	فَعِيل
48:16:15	طوع	أجوف	-	V	تُفِيعُعا
48:16:16	اتي	ناقص	0	V	يُؤْتِكُمُ
48:16:21	ولي	لفيف	-	V	تَتَفَعَّوْا
48:17:14	طوع	أجوف	-	V	يُفِع
48:17:18	جنن	مضاعف	-	N	فَعَّات
48:17:24	ولي	لفيف	-	V	يَتَفَعّ
48:18:17	ثوب	أجوف	-	V	أَفَابَهُمْ
48:18:2	رضو	ناقص	-	V	فَعِي
48:18:5	امن	صحيح سالم	0	N	مُؤْمِنِين
48:19:4	كون	أجوف	-	V	فَان
48:19:6	عزز	مضاعف	-	ADJ	فَعِيلًا
48:20:11	نوس	أجوف	-	N	فَاس
48:20:14	ايي	لفيف	0	N	فعَة
48:20:15	امن	صحيح سالم	0	N	مُؤْمِنِين
48:20:18	قوم	أجوف	-	N	مُسْتَفِيمًا
48:20:9	كفف	مضاعف	-	V	فَعّ
48:21:12	كلل	مضاعف	-	N	فُعّ
48:21:13	شيا	أجوف	2	N	فَعْء
48:21:6	حوط	أجوف	-	V	أَفَاط
48:21:9	كون	أجوف	-	V	فَان
48:22:5	ولي	لفيف	-	V	فَعَّوُا
48:22:9	وجد	مثال	-	V	يَجِدُفنَ
48:23:1	سنن	مضاعف	-	N	فُعَّة
48:23:10	سنن	مضاعف	-	N	فُعَّة
48:23:5	خلو	ناقص	-	V	فَعَت
48:23:9	وجد	مثال	-	V	تَجِد
48:24:15	كون	أجوف	-	V	فَان
48:24:3	كفف	مضاعف	-	V	فَعّ
48:25:12	حلل	مضاعف	-	N	مَفِعَّهُ
48:25:15	امن	صحيح سالم	0	N	مُؤْمِنُون
48:25:16	نسو	ناقص	-	N	فِعَاء
48:25:17	امن	صحيح سالم	0	N	مُؤْمِنَفت
48:25:21	وطا	مثال	2	V	تَطَئُفهُمْ
48:25:22	صوب	أجوف	-	V	تُفِيبَكُمْ
48:25:24	عرر	مضاعف	-	N	مَفَعَّة
48:25:32	شيا	أجوف	2	V	يَفَاء
48:25:4	صدد	مضاعف	-	V	فَعُّوكُمْ
48:26:16	امن	صحيح سالم	0	N	مُؤْمِنِين
48:26:19	وقي	لفيف	-	N	تَقْفَى
48:26:20	كون	أجوف	-	V	فَانُعا
48:26:21	حقق	مضاعف	-	N	أَفَعّ
48:26:24	كون	أجوف	-	V	فَان
48:26:26	كلل	مضاعف	-	N	فُعّ
48:26:27	شيا	أجوف	2	N	فَعْء
48:27:11	شيا	أجوف	2	V	فَاء
48:27:15	راس	صحيح سالم	1	N	فُءُوسَكُمْ
48:27:18	خوف	أجوف	-	V	تَفَافُعنَ
48:27:5	راي	ناقص	1	N	فُؤْيَع
48:27:6	حقق	مضاعف	-	N	فَعّ
48:28:11	كلل	مضاعف	-	N	فُعِّهِ
48:28:7	حقق	مضاعف	-	N	فَعّ
48:29:11	راي	ناقص	1	V	تَفَعهُمْ
48:29:14	بغي	ناقص	-	V	يَفْتَعُونَ
48:29:19	سوم	أجوف	-	N	فِيمَاهُمْ
48:29:6	شدد	مضاعف	-	N	أَفِعَّاء
48:2:10	تمم	مضاعف	-	V	يُفِعّ
48:2:15	قوم	أجوف	-	N	مُسْتَفِيمًا
48:3:4	عزز	مضاعف	-	ADJ	فَعِيلًا
48:4:12	اله	صحيح سالم	0	PN	لَّه
48:4:16	كون	أجوف	-	V	فَان
48:4:7	امن	صحيح سالم	0	N	مُؤْمِنِين
48:4:8	زيد	أجوف	-	V	يَفْدَادُوا
48:5:13	سوا	أجوف	2	N	فَيِّئَاتِهِمْ
48:5:14	كون	أجوف	-	V	فَان
48:5:2	امن	صحيح سالم	0	N	مُؤْمِنِين
48:5:3	امن	صحيح سالم	0	N	مُؤْمِنَفت
48:5:4	جنن	مضاعف	-	N	فَعَّات
48:6:11	دور	أجوف	-	N	فَائِرَة
48:6:12	سوا	أجوف	2	N	فَعْء
48:6:17	عدد	مضاعف	-	V	أَفَعّ
48:6:20	سوا	أجوف	2	V	فَاءَت
48:6:6	ظنن	مضاعف	-	ADJ	فَاعِّيل
48:6:8	ظنن	مضاعف	-	N	فَعّ
48:6:9	سوا	أجوف	2	N	فَعْء
48:7:1	اله	صحيح سالم	0	PN	لَّه
48:7:5	كون	أجوف	-	V	فَان
48:7:7	عزز	مضاعف	-	ADJ	فَعِيلًا
48:9:1	امن	صحيح سالم	0	V	تُؤْمِنُوف
49:10:2	امن	صحيح سالم	0	N	مُؤْمِنُون
49:10:7	وقي	لفيف	-	V	اتَّقُفا
49:11:15	نسو	ناقص	-	N	فِعَاء
49:11:17	نسو	ناقص	-	N	فِعَاء
49:11:20	كون	أجوف	-	V	يَفُنَّ
49:11:29	باس	صحيح سالم	1	V	فِئْس
49:11:30	سمو	ناقص	-	N	افْع
49:11:36	توب	أجوف	-	V	يَفُب
49:12:10	ظنن	مضاعف	-	N	فَعّ
49:12:13	جسس	مضاعف	-	V	تَفَعَّلُوا
49:12:15	غيب	أجوف	-	V	يَفْتَب
49:12:18	حبب	مضاعف	-	V	أَيُفِعّ
49:12:23	اخو	ناقص	0	N	فَعِيهِ
49:12:24	موت	أجوف	-	ADJ	فَيْتًا
49:12:26	وقي	لفيف	-	V	اتَّقُفا
49:12:7	ظنن	مضاعف	-	N	فَعّ
49:13:16	وقي	لفيف	-	N	أَتْقَاكُمْ
49:13:2	نوس	أجوف	-	N	فَاس
49:14:1	قول	أجوف	-	V	فَالَت
49:14:16	طوع	أجوف	-	V	تُفِيعُعا
49:14:20	ليت	أجوف	-	V	يَفِتْكُمْ
49:14:4	قول	أجوف	-	V	فُل
49:14:6	امن	صحيح سالم	0	V	تُؤْمِنُوف
49:15:2	امن	صحيح سالم	0	N	مُؤْمِنُون
49:15:9	ريب	أجوف	-	V	يَفْتَابُوا
49:16:1	قول	أجوف	-	V	فُل
49:16:14	كلل	مضاعف	-	N	فُعّ
49:16:15	شيا	أجوف	2	N	فَعْء
49:17:1	منن	مضاعف	-	V	يَفُعُّولَ
49:17:12	منن	مضاعف	-	V	يَفُعّ
49:17:15	هدي	ناقص	-	V	فَعَاكُمْ
49:17:18	كون	أجوف	-	V	فُنْتُمْ
49:17:5	قول	أجوف	-	V	فُل
49:17:7	منن	مضاعف	-	V	تَفُعُّوا
49:1:10	وقي	لفيف	-	V	اتَّقُفا
49:2:9	نبا	صحيح سالم	2	N	فَعِيّ
49:3:13	وقي	لفيف	-	N	تَّقْفَى
49:3:3	غضض	مضاعف	-	V	يَفُعُّونَ
49:4:5	وري	لفيف	-	N	فَعَاء
49:5:7	كون	أجوف	-	V	فَان
49:6:10	صوب	أجوف	-	V	تُفِيبُعا
49:6:5	جيا	أجوف	2	V	فَاءَكُمْ
49:7:15	حبب	مضاعف	-	V	فَعَّل
49:7:7	طوع	أجوف	-	V	يُفِيعُكُمْ
49:9:17	فيا	أجوف	2	V	تَفِعء
49:9:2	طوف	أجوف	-	N	فَائِفَتَان
49:9:22	فيا	أجوف	2	V	فَاءَت
49:9:29	حبب	مضاعف	-	V	يُفِعّ
49:9:4	امن	صحيح سالم	0	N	مُؤْمِنِين
49:9:9	بغي	ناقص	-	V	فَعَت
4:100:11	وسع	مثال	-	N	سَعَة
4:100:28	كون	أجوف	-	V	فَان
4:100:6	وجد	مثال	-	V	يَجِد
4:101:11	صلو	ناقص	-	N	فَعَاة
4:101:13	خوف	أجوف	-	V	فِفْتُمْ
4:101:20	كون	أجوف	-	V	فَانُعا
4:102:17	وري	لفيف	-	N	فَعَائِكُمْ
4:102:18	اتي	ناقص	0	V	تَفْع
4:102:19	طوف	أجوف	-	N	فَائِفَة
4:102:2	كون	أجوف	-	V	فُنْتَ
4:102:28	ودد	مضاعف	-	V	فَعّ
4:102:4	قوم	أجوف	-	V	أَفَمْتَ
4:102:44	كون	أجوف	-	V	فَان
4:102:50	كون	أجوف	-	V	فُنْتُمْ
4:102:53	وضع	مثال	-	V	تَضَعُفا
4:102:55	اخذ	صحيح سالم	0	V	خُذُوف
4:102:59	عدد	مضاعف	-	V	أَفَعّ
4:102:6	صلو	ناقص	-	N	فَعَاة
4:102:62	هون	أجوف	-	ADJ	مُفِينًا
4:102:7	قوم	أجوف	-	V	تَفُم
4:102:8	طوف	أجوف	-	N	فَائِفَة
4:103:12	قوم	أجوف	-	V	أَفِيمُعا
4:103:13	صلو	ناقص	-	N	فَعَاة
4:103:15	صلو	ناقص	-	N	فَعَاة
4:103:16	كون	أجوف	-	V	فَانَت
4:103:18	امن	صحيح سالم	0	N	مُؤْمِنِين
4:103:3	صلو	ناقص	-	N	فَعَاة
4:103:6	قوم	أجوف	-	N	فِيَامًا
4:104:19	كون	أجوف	-	V	فَان
4:104:2	وهن	مثال	-	V	تَهِنُفا
4:104:4	بغي	ناقص	-	N	افْتِعَاء
4:105:10	راي	ناقص	1	V	أَفَعكَ
4:105:13	كون	أجوف	-	V	تَفُن
4:105:14	خون	أجوف	-	N	فَائِنِين
4:105:5	حقق	مضاعف	-	N	فَعّ
4:105:8	نوس	أجوف	-	N	فَاس
4:106:5	كون	أجوف	-	V	فَان
4:107:10	حبب	مضاعف	-	V	يُفِعّ
4:107:12	كون	أجوف	-	V	فَان
4:108:1	خفي	ناقص	-	V	يَسْتَفْعُونَ
4:108:14	رضو	ناقص	-	V	يَفْعَى
4:108:17	كون	أجوف	-	V	فَان
4:108:21	حوط	أجوف	-	N	مُفِيطًا
4:108:3	نوس	أجوف	-	N	فَاس
4:108:5	خفي	ناقص	-	V	يَسْتَفْعُونَ
4:109:13	قوم	أجوف	-	N	فِيَامَة
4:109:6	حيي	لفيف	-	N	فَعَاة
4:109:7	دنو	ناقص	-	ADJ	فُعْيَا
4:10:11	نور	أجوف	-	N	فَارًا
4:10:12	صلي	ناقص	-	V	يَفْعَوْنَ
4:110:10	وجد	مثال	-	V	يَجِد
4:111:8	كون	أجوف	-	V	فَان
4:112:3	خطا	صحيح سالم	2	N	فَعِيئَة
4:112:7	رمي	ناقص	-	V	يَفْع
4:113:10	ضلل	مضاعف	-	V	يُفِعُّوكَ
4:113:12	ضلل	مضاعف	-	V	يُفِعُّونَ
4:113:16	ضرر	مضاعف	-	V	يَفُعُّونَكَ
4:113:18	شيا	أجوف	2	N	فَعْء
4:113:27	كون	أجوف	-	V	تَفُن
4:113:29	كون	أجوف	-	V	فَان
4:113:6	همم	مضاعف	-	V	فَعَّت
4:113:7	طوف	أجوف	-	N	فَائِفَة
4:114:16	نوس	أجوف	-	N	فَاس
4:114:20	بغي	ناقص	-	N	افْتِعَاء
4:114:21	رضو	ناقص	-	N	مَفْعَات
4:114:24	اتي	ناقص	0	V	نُؤْتِيهِ
4:115:13	امن	صحيح سالم	0	N	مُؤْمِنِين
4:115:14	ولي	لفيف	-	V	نُفَعِّهِ
4:115:17	صلي	ناقص	-	V	نُفْعِهِ
4:115:19	سوا	أجوف	2	V	فَاءَت
4:115:2	شقق	مضاعف	-	V	يُفَاعِل
4:116:13	شيا	أجوف	2	V	يَفَاء
4:116:18	ضلل	مضاعف	-	V	فَعّ
4:116:19	ضلل	مضاعف	-	N	فَعَالًا
4:118:3	قول	أجوف	-	V	فَال
4:119:1	ضلل	مضاعف	-	V	أُفِعَّنَّهُمْ
4:119:12	اخذ	صحيح سالم	0	V	يَتَّخِذ
4:11:10	كون	أجوف	-	V	فُنَّ
4:11:11	نسو	ناقص	-	N	فِعَاء
4:11:19	كون	أجوف	-	V	فَانَت
4:11:24	كلل	مضاعف	-	N	فُعّ
4:11:31	كون	أجوف	-	V	فَان
4:11:36	كون	أجوف	-	V	يَفُن
4:11:41	امم	مضاعف	0	N	فُعِّهِ
4:11:44	كون	أجوف	-	V	فَان
4:11:47	امم	مضاعف	0	N	فُعِّهِ
4:11:56	ابو	ناقص	0	N	فعَاؤُكُمْ
4:11:57	بني	ناقص	-	N	أَفْعَاؤُكُمْ
4:11:59	دري	ناقص	-	V	تَفْعُونَ
4:11:69	كون	أجوف	-	V	فَان
4:11:7	حظظ	مضاعف	-	N	فَعّ
4:120:1	وعد	مثال	-	V	يَعِدُهُمْ
4:120:4	وعد	مثال	-	V	يَعِدُهُمُ
4:120:7	غرر	مضاعف	-	N	فُعُولًا
4:121:2	اوي	لفيف	0	N	مَفْعَاهُمْ
4:121:5	وجد	مثال	-	V	يَجِدُفنَ
4:122:16	حقق	مضاعف	-	N	فَعًّا
4:122:21	قول	أجوف	-	N	فِيلًا
4:122:6	جنن	مضاعف	-	N	فَعَّات
4:123:10	جزي	ناقص	-	V	يُفْع
4:123:13	وجد	مثال	-	V	يَجِد
4:124:10	امن	صحيح سالم	0	N	مُؤْمِن
4:124:13	جنن	مضاعف	-	PN	فَعَّة
4:125:11	ملل	مضاعف	-	N	فِعَّة
4:125:17	خلل	مضاعف	-	N	فَعِيلًا
4:125:7	اله	صحيح سالم	0	PN	لَّه
4:126:1	اله	صحيح سالم	0	PN	لَّه
4:126:10	كلل	مضاعف	-	N	فُعّ
4:126:11	شيا	أجوف	2	N	فَعْء
4:126:12	حوط	أجوف	-	N	مُفِيطًا
4:126:8	كون	أجوف	-	V	فَان
4:127:1	فتي	ناقص	-	V	يَسْتَفْعُونَكَ
4:127:15	نسو	ناقص	-	N	فِعَاء
4:127:18	اتي	ناقص	0	V	تُؤْتُونَهُنَّ
4:127:3	نسو	ناقص	-	N	فِعَاء
4:127:38	كون	أجوف	-	V	فَان
4:127:4	قول	أجوف	-	V	فُل
4:127:9	تلو	ناقص	-	V	يُفْعَى
4:128:20	شحح	مضاعف	-	N	فُعّ
4:128:23	وقي	لفيف	-	V	تَتَّقُفا
4:128:26	كون	أجوف	-	V	فَان
4:128:3	خوف	أجوف	-	V	فَافَت
4:129:11	كلل	مضاعف	-	N	فُعّ
4:129:13	وذر	مثال	-	V	تَذَرُفهَا
4:129:17	وقي	لفيف	-	V	تَتَّقُفا
4:129:2	طوع	أجوف	-	V	تَسْتَفِيعُعا
4:129:20	كون	أجوف	-	V	فَان
4:129:6	نسو	ناقص	-	N	فِعَاء
4:12:12	كون	أجوف	-	V	فَان
4:12:32	كون	أجوف	-	V	يَفُن
4:12:36	كون	أجوف	-	V	فَان
4:12:46	وصي	لفيف	-	V	تُفعُونَ
4:12:51	كون	أجوف	-	V	فَان
4:12:54	كلل	مضاعف	-	N	فَعَالَة
4:12:58	اخو	ناقص	0	N	فَع
4:12:60	اخو	ناقص	0	N	فُعْت
4:12:61	كلل	مضاعف	-	N	فُعّ
4:12:66	كون	أجوف	-	V	فَانُعا
4:12:8	كون	أجوف	-	V	يَفُن
4:12:82	ضرر	مضاعف	-	N	مُفَاعّ
4:130:3	غني	ناقص	-	V	يُفْع
4:130:5	كلل	مضاعف	-	N	فُعًّا
4:130:7	وسع	مثال	-	N	سَعَتِهِ
4:130:8	كون	أجوف	-	V	فَان
4:131:1	اله	صحيح سالم	0	PN	لَّه
4:131:11	اتي	ناقص	0	V	فُوعُوا
4:131:17	وقي	لفيف	-	V	اتَّقُفا
4:131:22	اله	صحيح سالم	0	PN	لَّه
4:131:29	كون	أجوف	-	V	فَان
4:132:1	اله	صحيح سالم	0	PN	لَّه
4:133:2	شيا	أجوف	2	V	يَفَأ
4:133:5	نوس	أجوف	-	N	فَاس
4:133:6	اتي	ناقص	0	V	يَفْع
4:133:8	كون	أجوف	-	V	فَان
4:134:11	كون	أجوف	-	V	فَان
4:134:2	كون	أجوف	-	V	فَان
4:134:3	رود	أجوف	-	V	يُفِيد
4:134:5	دنو	ناقص	-	N	فُعْيَا
4:134:9	دنو	ناقص	-	N	فُعْيَا
4:135:16	كون	أجوف	-	V	يَفُن
4:135:29	لوي	لفيف	-	V	تَفْعُوا
4:135:34	كون	أجوف	-	V	فَان
4:135:8	اله	صحيح سالم	0	PN	لَّه
4:136:26	ضلل	مضاعف	-	V	فَعّ
4:136:27	ضلل	مضاعف	-	N	فَعَالًا
4:137:11	زيد	أجوف	-	V	افْدَادُوا
4:137:14	كون	أجوف	-	V	يَفُن
4:139:10	عزز	مضاعف	-	N	فِعَّة
4:139:12	عزز	مضاعف	-	N	فِعَّة
4:139:13	اله	صحيح سالم	0	PN	لَّه
4:139:2	اخذ	صحيح سالم	0	V	يَتَّخِذُونَ
4:139:7	امن	صحيح سالم	0	N	مُؤْمِنِين
4:139:8	بغي	ناقص	-	V	أَيَفْتَعُونَ
4:13:2	حدد	مضاعف	-	N	فُعُول
4:13:5	طوع	أجوف	-	V	يُفِع
4:13:9	جنن	مضاعف	-	N	فَعَّات
4:140:9	ايي	لفيف	0	N	فعَات
4:141:10	قول	أجوف	-	V	فَالُعا
4:141:12	كون	أجوف	-	V	نَفُن
4:141:15	كون	أجوف	-	V	فَان
4:141:18	قول	أجوف	-	V	فَالُعا
4:141:24	امن	صحيح سالم	0	N	مُؤْمِنِين
4:141:29	قوم	أجوف	-	N	فِيَامَة
4:141:35	امن	صحيح سالم	0	N	مُؤْمِنِين
4:141:5	كون	أجوف	-	V	فَان
4:142:10	صلو	ناقص	-	N	فَعَاة
4:142:11	قوم	أجوف	-	V	فَامُعا
4:142:13	راي	ناقص	1	V	يُفَعءُونَ
4:142:14	نوس	أجوف	-	N	فَاس
4:142:19	قلل	مضاعف	-	N	فَعِيلًا
4:142:8	قوم	أجوف	-	V	فَامُعا
4:143:11	ضلل	مضاعف	-	V	يُفْعِل
4:143:14	وجد	مثال	-	V	تَجِد
4:144:10	امن	صحيح سالم	0	N	مُؤْمِنِين
4:144:11	رود	أجوف	-	V	أَتُفِيدُعنَ
4:144:14	اله	صحيح سالم	0	PN	لَّه
4:144:5	اخذ	صحيح سالم	0	V	تَتَّخِذُوف
4:145:7	نور	أجوف	-	N	فَار
4:145:9	وجد	مثال	-	V	تَجِد
4:146:12	امن	صحيح سالم	0	N	مُؤْمِنِين
4:146:14	اتي	ناقص	0	V	يُؤْت
4:146:16	امن	صحيح سالم	0	N	مُؤْمِنِين
4:146:3	توب	أجوف	-	V	فَابُعا
4:146:9	اله	صحيح سالم	0	PN	لَّه
4:147:8	كون	أجوف	-	V	فَان
4:148:11	كون	أجوف	-	V	فَان
4:148:2	حبب	مضاعف	-	V	يُفِعّ
4:148:5	سوا	أجوف	2	N	فُعء
4:149:12	كون	أجوف	-	V	فَان
4:149:5	خفي	ناقص	-	V	تُفْعُوهُ
4:149:9	سوا	أجوف	2	N	فُعء
4:14:13	هون	أجوف	-	ADJ	مُفِين
4:14:2	عصي	ناقص	-	V	يَفْع
4:14:5	عدو	ناقص	-	V	يَتَفَعّ
4:14:6	حدد	مضاعف	-	N	فُعُولَهُ
4:14:8	نور	أجوف	-	N	فَارًا
4:150:13	امن	صحيح سالم	0	V	نُؤْمِن
4:150:17	رود	أجوف	-	V	يُفِيدُعنَ
4:150:19	اخذ	صحيح سالم	0	V	يَتَّخِذُوف
4:150:6	رود	أجوف	-	V	يُفِيدُعنَ
4:151:4	حقق	مضاعف	-	N	فَعًّا
4:151:8	هون	أجوف	-	ADJ	مُفِينًا
4:152:12	اتي	ناقص	0	V	يُؤْتِيهِمْ
4:152:14	كون	أجوف	-	V	فَان
4:153:16	قول	أجوف	-	V	فَالُعا
4:153:17	راي	ناقص	1	V	أَفِنَع
4:153:29	جيا	أجوف	2	V	فَاءَتْهُمُ
4:153:9	سمو	ناقص	-	N	فَعَاء
4:154:10	قول	أجوف	-	V	فُلْنَا
4:154:18	وثق	مثال	-	N	مِيثَاقًا
4:154:4	وثق	مثال	-	N	مِيثَاقِهِمْ
4:154:5	قول	أجوف	-	V	فُلْنَا
4:154:8	بوب	أجوف	-	N	فَاب
4:155:10	حقق	مضاعف	-	N	فَعّ
4:155:20	امن	صحيح سالم	0	V	يُؤْمِنُونَ
4:155:22	قلل	مضاعف	-	N	فَعِيلًا
4:155:3	وثق	مثال	-	N	مِيثَاقَهُمْ
4:155:5	ايي	لفيف	0	N	فعَات
4:157:22	شكك	مضاعف	-	N	فَعّ
4:157:31	ظنن	مضاعف	-	N	فَعّ
4:157:6	بني	ناقص	-	N	افْع
4:158:5	كون	أجوف	-	V	فَان
4:158:7	عزز	مضاعف	-	N	فَعِيلًا
4:159:11	قوم	أجوف	-	N	فِيَامَة
4:159:6	امن	صحيح سالم	0	V	يُؤْمِنَنَّ
4:15:16	وفي	لفيف	-	V	يَتَفَعَّاهُنَّ
4:15:5	نسو	ناقص	-	N	فِعَائِكُمْ
4:160:10	صدد	مضاعف	-	N	فَعِّهِمْ
4:160:4	هود	أجوف	-	V	فَادُعا
4:160:8	حلل	مضاعف	-	V	أُفِعَّت
4:161:2	ربو	ناقص	-	N	فِعَا
4:161:4	نهي	ناقص	-	V	فُعُوا
4:161:8	نوس	أجوف	-	N	فَاس
4:162:15	قوم	أجوف	-	N	مُفِيمِين
4:162:16	صلو	ناقص	-	N	فَعَاة
4:162:17	اتي	ناقص	0	N	مُؤْتُون
4:162:18	زكو	ناقص	-	N	فَعَاة
4:162:19	امن	صحيح سالم	0	N	مُؤْمِنُون
4:162:24	اتي	ناقص	0	V	نُؤْتِيهِمْ
4:162:6	امن	صحيح سالم	0	N	مُؤْمِنُون
4:162:7	امن	صحيح سالم	0	V	يُؤْمِنُونَ
4:163:8	نبا	صحيح سالم	2	N	فَعِيِّين
4:164:3	قصص	مضاعف	-	V	فَعَلْنَاهُمْ
4:164:9	قصص	مضاعف	-	V	نَفْعُلْهُمْ
4:165:12	كون	أجوف	-	V	فَان
4:165:14	عزز	مضاعف	-	N	فَعِيلًا
4:165:6	نوس	أجوف	-	N	فَّاس
4:165:9	حجج	مضاعف	-	N	فُعَّة
4:167:10	ضلل	مضاعف	-	N	فَعَالًا
4:167:4	صدد	مضاعف	-	V	فَعُّوا
4:167:9	ضلل	مضاعف	-	V	فَعُّوا
4:168:6	كون	أجوف	-	V	يَفُن
4:169:7	كون	أجوف	-	V	فَان
4:16:12	كون	أجوف	-	V	فَان
4:16:4	اذي	ناقص	0	V	فعُوهُمَا
4:16:6	توب	أجوف	-	V	فَابَا
4:170:15	اله	صحيح سالم	0	PN	لَّه
4:170:2	نوس	أجوف	-	N	فَاس
4:170:20	كون	أجوف	-	V	فَان
4:170:4	جيا	أجوف	2	V	فَاءَكُمُ
4:170:6	حقق	مضاعف	-	N	فَعّ
4:170:8	ربب	مضاعف	-	N	فَعِّكُمْ
4:171:12	حقق	مضاعف	-	N	فَعّ
4:171:16	بني	ناقص	-	N	افْع
4:171:21	لقي	ناقص	-	V	أَفْعَاهَا
4:171:32	نهي	ناقص	-	V	افْتَعُوا
4:172:7	اله	صحيح سالم	0	PN	لَّه
4:173:19	وجد	مثال	-	V	يَجِدُفنَ
4:174:2	نوس	أجوف	-	N	فَاس
4:174:4	جيا	أجوف	2	V	فَاءَكُمْ
4:174:7	ربب	مضاعف	-	N	فَعِّكُمْ
4:175:15	قوم	أجوف	-	ADJ	مُسْتَفِيمًا
4:176:1	فتي	ناقص	-	V	يَسْتَفْعُونَكَ
4:176:14	اخو	ناقص	0	N	فُعْت
4:176:2	قول	أجوف	-	V	فُل
4:176:20	ورث	مثال	-	V	يَرِثُهَا
4:176:23	كون	أجوف	-	V	يَفُن
4:176:27	كون	أجوف	-	V	فَانَتَا
4:176:34	كون	أجوف	-	V	فَانُعا
4:176:37	نسو	ناقص	-	N	فِعَاء
4:176:40	حظظ	مضاعف	-	N	فَعّ
4:176:46	ضلل	مضاعف	-	V	تَفِعُّوا
4:176:48	كلل	مضاعف	-	N	فُعّ
4:176:49	شيا	أجوف	2	N	فَعْء
4:176:6	كلل	مضاعف	-	N	فَعَالَة
4:176:8	مرا	صحيح سالم	2	N	افْعُؤ
4:17:17	كون	أجوف	-	V	فَان
4:17:7	سوا	أجوف	2	N	فُعء
4:18:11	قول	أجوف	-	V	فَال
4:18:13	توب	أجوف	-	V	فُبْتُ
4:18:5	سوا	أجوف	2	N	فَيِّئَات
4:19:5	حلل	مضاعف	-	V	يَفِعّ
4:19:8	ورث	مثال	-	V	تَرِثُفا
4:19:9	نسو	ناقص	-	N	فِعَاء
4:1:13	بثث	مضاعف	-	V	فَعّ
4:1:17	نسو	ناقص	-	N	فِعَاء
4:1:18	وقي	لفيف	-	V	اتَّقُفا
4:1:2	نوس	أجوف	-	N	فَاس
4:1:26	كون	أجوف	-	V	فَان
4:1:3	وقي	لفيف	-	V	اتَّقُفا
4:1:4	ربب	مضاعف	-	N	فَعَّكُمُ
4:20:2	رود	أجوف	-	V	أَفَدْتُمُ
4:20:5	كون	أجوف	-	N	مَفَان
4:21:10	وثق	مثال	-	N	مِيثَاقًا
4:21:4	فضو	ناقص	-	V	أَفْعَى
4:22:13	كون	أجوف	-	V	فَان
4:22:16	سوا	أجوف	2	V	فَاء
4:22:5	ابو	ناقص	0	N	فعَاؤُكُمْ
4:22:7	نسو	ناقص	-	N	فِعَاء
4:23:10	بني	ناقص	-	N	فَعَات
4:23:11	اخو	ناقص	0	N	فُعْت
4:23:12	امم	مضاعف	0	N	فُعَّهَاتُكُلُ
4:23:18	امم	مضاعف	0	N	فُعَّهَات
4:23:19	نسو	ناقص	-	N	فِعَائِكُمْ
4:23:20	ربب	مضاعف	-	N	فَعَائِلُكُمُ
4:23:25	نسو	ناقص	-	N	فِعَائِكُمُ
4:23:3	امم	مضاعف	0	N	فُعَّهَاتُكُلْ
4:23:37	حلل	مضاعف	-	N	فَعَائِل
4:23:38	بني	ناقص	-	N	أَفْعَائِكُمُ
4:23:4	بني	ناقص	-	N	فَعَاتُكُمْ
4:23:45	اخو	ناقص	0	N	فُعْتَيْن
4:23:52	كون	أجوف	-	V	فَان
4:23:6	عمم	مضاعف	-	N	فَعَّاتُكُلْ
4:23:7	خول	أجوف	-	N	فَالَاتُكُمْ
4:23:8	بني	ناقص	-	N	فَعَات
4:23:9	اخو	ناقص	0	N	فَع
4:24:11	حلل	مضاعف	-	V	أُفِعّ
4:24:14	وري	لفيف	-	LOC	فَعَاء
4:24:17	بغي	ناقص	-	V	تَفْتَعُوا
4:24:26	اتي	ناقص	0	V	فعُوهُنَّ
4:24:3	نسو	ناقص	-	N	فِعَاء
4:24:33	رضو	ناقص	-	V	تَفَاعَيْتُمْ
4:24:40	كون	أجوف	-	V	فَان
4:25:16	امن	صحيح سالم	0	ADJ	مُؤْمِنَفت
4:25:26	اتي	ناقص	0	V	فعُوهُنَّ
4:25:3	طوع	أجوف	-	V	يَسْتَفِع
4:25:33	اخذ	صحيح سالم	0	N	مُتَّخِذَفت
4:25:9	امن	صحيح سالم	0	ADJ	مُؤْمِنَفت
4:26:1	رود	أجوف	-	V	يُفِيد
4:26:6	سنن	مضاعف	-	N	فُعَل
4:27:2	رود	أجوف	-	V	يُفِيد
4:27:6	رود	أجوف	-	V	يُفِيد
4:28:1	رود	أجوف	-	V	يُفِيد
4:28:4	خفف	مضاعف	-	V	يُفَعِّل
4:29:14	رضو	ناقص	-	N	تَفَاع
4:29:21	كون	أجوف	-	V	فَان
4:2:1	اتي	ناقص	0	V	فعُوا
4:2:14	كون	أجوف	-	V	فَان
4:30:8	نور	أجوف	-	N	فَارًا
4:30:9	كون	أجوف	-	V	فَان
4:31:5	نهي	ناقص	-	V	تُفْعَوْنَ
4:31:9	سوا	أجوف	2	N	فَيِّئَاتِكُمْ
4:32:14	نسو	ناقص	-	N	فِّعَاء
4:32:2	مني	ناقص	-	V	تَتَفَعَّوْا
4:32:24	كون	أجوف	-	V	فَان
4:32:25	كلل	مضاعف	-	N	فُعّ
4:32:26	شيا	أجوف	2	N	فَعْء
4:33:1	كلل	مضاعف	-	N	فُعّ
4:33:11	اتي	ناقص	0	V	فعُوهُمْ
4:33:15	كون	أجوف	-	V	فَان
4:33:17	كلل	مضاعف	-	N	فُعّ
4:33:18	شيا	أجوف	2	N	فَعْء
4:34:23	خوف	أجوف	-	V	تَفَافُعنَ
4:34:25	وعظ	مثال	-	V	عِظُفهُنَّ
4:34:31	طوع	أجوف	-	V	أَفَعْنَكُمْ
4:34:33	بغي	ناقص	-	V	تَفْعُوا
4:34:38	كون	أجوف	-	V	فَان
4:34:39	علو	ناقص	-	N	فَعِيًّا
4:34:4	نسو	ناقص	-	N	فِعَاء
4:35:13	رود	أجوف	-	V	يُفِيدَا
4:35:2	خوف	أجوف	-	V	فِفْتُمْ
4:35:20	كون	أجوف	-	V	فَان
4:35:3	شقق	مضاعف	-	N	فِعَال
4:36:13	جور	أجوف	-	N	فَار
4:36:16	جور	أجوف	-	N	فَار
4:36:20	بني	ناقص	-	N	افْع
4:36:28	حبب	مضاعف	-	V	يُفِعّ
4:36:30	كون	أجوف	-	V	فَان
4:36:31	خيل	أجوف	-	N	مُفْتَالًا
4:37:15	هون	أجوف	-	ADJ	مُفِينًا
4:37:4	نوس	أجوف	-	N	فَاس
4:37:8	اتي	ناقص	0	V	فعَاهُمُ
4:38:13	كون	أجوف	-	V	يَفُن
4:38:17	سوا	أجوف	2	V	فَاء
4:38:4	راي	ناقص	1	N	فِئَعء
4:38:5	نوس	أجوف	-	N	فَاس
4:38:7	امن	صحيح سالم	0	V	يُؤْمِنُونَ
4:39:12	كون	أجوف	-	V	فَان
4:3:12	نسو	ناقص	-	N	فِعَاء
4:3:17	خوف	أجوف	-	V	فِفْتُمْ
4:3:2	خوف	أجوف	-	V	فِفْتُمْ
4:3:26	دنو	ناقص	-	N	أَفْعَى
4:3:9	طيب	أجوف	-	V	فَاب
4:40:11	اتي	ناقص	0	V	يُؤْت
4:40:6	ذرر	مضاعف	-	N	فَعَّة
4:40:8	كون	أجوف	-	V	تَف
4:41:3	جيا	أجوف	2	V	فِئْنَا
4:41:5	كلل	مضاعف	-	N	فُعّ
4:41:6	امم	مضاعف	0	N	فُعَّة
4:41:8	جيا	أجوف	2	V	فِئْنَا
4:42:2	ودد	مضاعف	-	V	يَفَعّ
4:42:5	عصي	ناقص	-	V	فَعَوُا
4:43:21	كون	أجوف	-	V	فُنْتُمْ
4:43:27	جيا	أجوف	2	V	فَاء
4:43:31	غوط	أجوف	-	N	فَائِط
4:43:34	نسو	ناقص	-	N	فِعَاء
4:43:36	وجد	مثال	-	V	تَجِدُفا
4:43:37	موه	أجوف	-	N	فَاء
4:43:38	يمم	مضاعف	-	V	تَفَعَّلُوا
4:43:46	كون	أجوف	-	V	فَان
4:43:6	صلو	ناقص	-	N	فَعَاة
4:44:10	ضلل	مضاعف	-	N	فَعَالَة
4:44:11	رود	أجوف	-	V	يُفِيدُعنَ
4:44:13	ضلل	مضاعف	-	V	تَفِعُّوا
4:44:2	راي	ناقص	1	V	تَف
4:44:5	اتي	ناقص	0	V	فُوعُوا
4:44:9	شري	ناقص	-	V	يَفْتَعُونَ
4:45:3	عدو	ناقص	-	N	أَفْعَائِكُمْ
4:46:14	رعي	ناقص	-	V	فَاعِنَا
4:46:15	لوي	لفيف	-	N	فَيًّا
4:46:22	قول	أجوف	-	V	فَالُعا
4:46:24	طوع	أجوف	-	V	أَفَعْنَا
4:46:27	كون	أجوف	-	V	فَان
4:46:3	هود	أجوف	-	V	فَادُعا
4:46:36	امن	صحيح سالم	0	V	يُؤْمِنُونَ
4:46:38	قلل	مضاعف	-	N	فَعِيلًا
4:47:16	ردد	مضاعف	-	V	نَفُعَّهَا
4:47:25	كون	أجوف	-	V	فَان
4:47:3	اتي	ناقص	0	V	فُوعُوا
4:48:13	شيا	أجوف	2	V	يَفَاء
4:49:11	شيا	أجوف	2	V	يَفَاء
4:49:2	راي	ناقص	1	V	تَف
4:49:9	زكو	ناقص	-	V	يُفَعِّي
4:4:1	اتي	ناقص	0	V	فعُوا
4:4:12	اكل	صحيح سالم	0	V	كُلُوهُ
4:4:2	نسو	ناقص	-	N	فِعَاء
4:4:6	طيب	أجوف	-	V	فِبْنَ
4:4:9	شيا	أجوف	2	N	فَعْء
4:50:3	فري	ناقص	-	V	يَفْتَعُونَ
4:51:11	طغي	ناقص	-	N	فَاعُوت
4:51:2	راي	ناقص	1	V	تَف
4:51:5	اتي	ناقص	0	V	فُوعُوا
4:51:9	امن	صحيح سالم	0	V	يُؤْمِنُونَ
4:52:9	وجد	مثال	-	V	تَجِد
4:53:8	اتي	ناقص	0	V	يُؤْتُونَ
4:53:9	نوس	أجوف	-	N	فَاس
4:54:12	اول	أجوف	0	N	فل
4:54:3	نوس	أجوف	-	N	فَاس
4:54:6	اتي	ناقص	0	V	فعَاهُمُ
4:55:7	صدد	مضاعف	-	V	فَعّ
4:56:18	كون	أجوف	-	V	فَان
4:56:19	عزز	مضاعف	-	N	فَعِيلًا
4:56:4	ايي	لفيف	0	N	فعَاتِنَا
4:56:7	نور	أجوف	-	N	فَارًا
4:56:8	كلل	مضاعف	-	T	فُعَّمَا
4:57:19	ظلل	مضاعف	-	N	فِعًّا
4:57:20	ظلل	مضاعف	-	ADJ	فَعِيلًا
4:57:6	جنن	مضاعف	-	N	فَعَّات
4:58:12	نوس	أجوف	-	N	فَاس
4:58:19	وعظ	مثال	-	V	يَعِظُكُمْ
4:58:23	كون	أجوف	-	V	فَان
4:58:5	ادي	ناقص	0	V	تُؤَدُّوف
4:59:14	شيا	أجوف	2	N	فَعْء
4:59:15	ردد	مضاعف	-	V	فُعُّوهُ
4:59:20	كون	أجوف	-	V	فُنْتُمْ
4:59:21	امن	صحيح سالم	0	V	تُؤْمِنُونَ
4:59:4	طوع	أجوف	-	V	أَفِيعُعا
4:59:6	طوع	أجوف	-	V	أَفِيعُعا
4:5:2	اتي	ناقص	0	V	تُؤْتُوف
4:5:9	قوم	أجوف	-	N	فِيَامًا
4:60:15	رود	أجوف	-	V	يُفِيدُعنَ
4:60:19	طغي	ناقص	-	N	فَاعُوت
4:60:2	راي	ناقص	1	V	تَف
4:60:25	رود	أجوف	-	V	يُفِيد
4:60:28	ضلل	مضاعف	-	V	يُفِعَّهُمْ
4:60:29	ضلل	مضاعف	-	N	فَعَالًا
4:61:13	صدد	مضاعف	-	V	يَفُعُّونَ
4:61:15	صدد	مضاعف	-	N	فُعُولًا
4:61:2	قول	أجوف	-	V	فِيل
4:62:13	رود	أجوف	-	V	أَفَدْنَا
4:62:3	صوب	أجوف	-	V	أَفَابَتْهُمْ
4:62:4	صوب	أجوف	-	N	مُفِيبَة
4:62:9	جيا	أجوف	2	V	فَاءُوكَ
4:63:10	وعظ	مثال	-	V	عِظْهُمْ
4:63:11	قول	أجوف	-	V	فُل
4:64:14	جيا	أجوف	2	V	فَاءُوكَ
4:64:6	طوع	أجوف	-	V	يُفَاع
4:65:12	وجد	مثال	-	V	يَجِدُفا
4:65:2	ربب	مضاعف	-	N	فَعِّكَ
4:65:4	امن	صحيح سالم	0	V	يُؤْمِنُونَ
4:66:11	دور	أجوف	-	N	فِيَارِكُمْ
4:66:15	قلل	مضاعف	-	N	فَعِيل
4:66:23	كون	أجوف	-	V	فَان
4:66:26	شدد	مضاعف	-	N	أَفَعّ
4:68:3	قوم	أجوف	-	ADJ	مُسْتَفِيمًا
4:69:12	نبا	صحيح سالم	2	N	فَعِيِّين
4:69:2	طوع	أجوف	-	V	يُفِع
4:6:21	كون	أجوف	-	V	فَان
4:6:23	عفف	مضاعف	-	V	يَسْتَفْعِل
4:6:25	كون	أجوف	-	V	فَان
4:71:4	اخذ	صحيح سالم	0	V	خُذُوف
4:71:7	ثبي	ناقص	-	N	فُعَات
4:72:15	كون	أجوف	-	V	أَفُن
4:72:4	بطا	صحيح سالم	2	V	يُفَعِّئَنَّ
4:72:6	صوب	أجوف	-	V	أَفَابَتْكُمْ
4:72:7	صوب	أجوف	-	N	مُفِيبَة
4:72:8	قول	أجوف	-	V	فَال
4:73:12	ودد	مضاعف	-	N	مَفَعَّة
4:73:14	كون	أجوف	-	V	فُنْتُ
4:73:2	صوب	أجوف	-	V	أَفَابَكُمْ
4:73:9	كون	أجوف	-	V	تَفُن
4:74:19	اتي	ناقص	0	V	نُؤْتِيهِ
4:74:6	شري	ناقص	-	V	يَفْعُونَ
4:74:7	حيي	لفيف	-	N	فَعَاة
4:74:8	دنو	ناقص	-	ADJ	فُعْيَا
4:75:11	نسو	ناقص	-	N	فِعَاء
4:75:15	ربب	مضاعف	-	N	فَعَّنَا
4:76:12	طغي	ناقص	-	N	فَاعُوت
4:76:19	كون	أجوف	-	V	فَان
4:77:10	صلو	ناقص	-	N	فَعَاة
4:77:11	اتي	ناقص	0	V	فعُوا
4:77:12	زكو	ناقص	-	N	فَعَاة
4:77:2	راي	ناقص	1	V	تَف
4:77:20	خشي	ناقص	-	V	يَفْعَوْنَ
4:77:21	نوس	أجوف	-	N	فَاس
4:77:25	شدد	مضاعف	-	N	أَفَعّ
4:77:27	قول	أجوف	-	V	فَالُعا
4:77:28	ربب	مضاعف	-	N	فَعَّنَا
4:77:38	قول	أجوف	-	V	فُل
4:77:40	دنو	ناقص	-	N	فُعْيَا
4:77:41	قلل	مضاعف	-	N	فَعِيل
4:77:45	وقي	لفيف	-	V	اتَّقَى
4:77:5	قول	أجوف	-	V	فِيل
4:77:7	كفف	مضاعف	-	V	فُعُّوا
4:77:9	قوم	أجوف	-	V	أَفِيمُعا
4:78:11	صوب	أجوف	-	V	تُفِبْهُمْ
4:78:19	صوب	أجوف	-	V	تُفِبْهُمْ
4:78:20	سوا	أجوف	2	N	فَيِّئَة
4:78:25	قول	أجوف	-	V	فُل
4:78:26	كلل	مضاعف	-	N	فُعّ
4:78:34	كود	أجوف	-	V	يَفَادُعنَ
4:78:6	كون	أجوف	-	V	فُنْتُمْ
4:79:10	سوا	أجوف	2	N	فَيِّئَة
4:79:14	نوس	أجوف	-	N	فَّاس
4:79:2	صوب	أجوف	-	V	أَفَابَكَ
4:79:8	صوب	أجوف	-	V	أَفَابَكَ
4:7:14	قلل	مضاعف	-	V	فَعّ
4:7:7	نسو	ناقص	-	N	فِّعَاء
4:80:2	طوع	أجوف	-	V	يُفِع
4:80:5	طوع	أجوف	-	V	أَفَاع
4:81:2	طوع	أجوف	-	N	فَاعَة
4:81:8	طوف	أجوف	-	N	فَائِفَة
4:82:5	كون	أجوف	-	V	فَان
4:83:11	ردد	مضاعف	-	V	فَعُّوهُ
4:83:2	جيا	أجوف	2	V	فَاءَهُمْ
4:83:30	قلل	مضاعف	-	N	فَعِيلًا
4:83:8	ذيع	أجوف	-	V	أَفَاعُوا
4:84:10	امن	صحيح سالم	0	N	مُؤْمِنِين
4:84:14	كفف	مضاعف	-	V	يَفُعّ
4:84:19	شدد	مضاعف	-	N	أَفَعّ
4:84:21	شدد	مضاعف	-	N	أَفَعّ
4:85:12	سوا	أجوف	2	ADJ	فَيِّئَة
4:85:13	كون	أجوف	-	V	يَفُن
4:85:17	كون	أجوف	-	V	فَان
4:85:20	كلل	مضاعف	-	N	فُعّ
4:85:21	شيا	أجوف	2	N	فَعْء
4:85:22	قوت	أجوف	-	N	مُفِيتًا
4:85:5	كون	أجوف	-	V	يَفُن
4:86:11	كون	أجوف	-	V	فَان
4:86:13	كلل	مضاعف	-	N	فُعّ
4:86:14	شيا	أجوف	2	N	فَعْء
4:86:2	حيي	لفيف	-	V	فُعِّلتُمْ
4:86:3	حيي	لفيف	-	N	تَفِعَّة
4:86:4	حيي	لفيف	-	V	فَعُّوا
4:86:8	ردد	مضاعف	-	V	فُعُّوهَا
4:87:9	قوم	أجوف	-	N	فِيَامَة
4:88:10	رود	أجوف	-	V	أَتُفِيدُعنَ
4:88:12	هدي	ناقص	-	V	تَفْعُوا
4:88:14	ضلل	مضاعف	-	V	أَفَعّ
4:88:17	ضلل	مضاعف	-	V	يُفْعِل
4:88:20	وجد	مثال	-	V	تَجِد
4:88:5	فاي	ناقص	1	N	فِئَتَيْن
4:89:1	ودد	مضاعف	-	V	فَعُّوا
4:89:18	ولي	لفيف	-	V	تَفَعَّوْا
4:89:19	اخذ	صحيح سالم	0	V	خُذُوهُمْ
4:89:24	اخذ	صحيح سالم	0	V	تَتَّخِذُوف
4:89:7	سوي	لفيف	-	N	فَعَاء
4:89:9	اخذ	صحيح سالم	0	V	تَتَّخِذُوف
4:90:10	جيا	أجوف	2	V	فَاءُوكُمْ
4:90:19	شيا	أجوف	2	V	فَاء
4:90:28	لقي	ناقص	-	V	أَفْعَوْا
4:90:3	وصل	مثال	-	V	يَصِلُفنَ
4:90:8	وثق	مثال	-	N	مِيثَاق
4:91:1	وجد	مثال	-	V	تَجِدُفنَ
4:91:10	ردد	مضاعف	-	V	فُعُّوا
4:91:18	لقي	ناقص	-	V	يُفْعُوا
4:91:21	كفف	مضاعف	-	V	يَفُعُّوا
4:91:23	اخذ	صحيح سالم	0	V	خُذُوهُمْ
4:91:3	رود	أجوف	-	V	يُفِيدُعنَ
4:91:8	كلل	مضاعف	-	T	فُعّ
4:92:11	امن	صحيح سالم	0	N	مُؤْمِنًف
4:92:13	حرر	مضاعف	-	N	تَفْعِيل
4:92:15	امن	صحيح سالم	0	ADJ	مُؤْمِنَة
4:92:16	ودي	لفيف	-	N	دِيَة
4:92:2	كون	أجوف	-	V	فَان
4:92:24	كون	أجوف	-	V	فَان
4:92:3	امن	صحيح سالم	0	N	مُؤْمِن
4:92:30	امن	صحيح سالم	0	N	مُؤْمِن
4:92:31	حرر	مضاعف	-	N	تَفْعِيل
4:92:33	امن	صحيح سالم	0	ADJ	مُؤْمِنَة
4:92:35	كون	أجوف	-	V	فَان
4:92:40	وثق	مثال	-	N	مِيثَاق
4:92:41	ودي	لفيف	-	N	دِيَة
4:92:45	حرر	مضاعف	-	N	تَفْعِيل
4:92:47	امن	صحيح سالم	0	ADJ	مُؤْمِنَة
4:92:50	وجد	مثال	-	V	يَجِد
4:92:51	صوم	أجوف	-	N	فِيَام
4:92:57	كون	أجوف	-	V	فَان
4:92:6	امن	صحيح سالم	0	N	مُؤْمِنًف
4:93:13	عدد	مضاعف	-	V	أَفَعّ
4:93:3	امن	صحيح سالم	0	N	مُؤْمِنًف
4:93:5	جزي	ناقص	-	N	فَعَاؤُهُ
4:94:16	ليس	أجوف	-	V	فَسْتَ
4:94:17	امن	صحيح سالم	0	N	مُؤْمِنًف
4:94:18	بغي	ناقص	-	V	تَفْتَعُونَ
4:94:20	حيي	لفيف	-	N	فَعَاة
4:94:21	دنو	ناقص	-	ADJ	فُعْيَا
4:94:27	كون	أجوف	-	V	فُنْتُمْ
4:94:30	منن	مضاعف	-	V	فَعّ
4:94:36	كون	أجوف	-	V	فَان
4:95:23	كلل	مضاعف	-	N	فُعًّا
4:95:5	امن	صحيح سالم	0	N	مُؤْمِنِين
4:95:8	ضرر	مضاعف	-	N	فَعَل
4:96:5	كون	أجوف	-	V	فَان
4:97:10	قول	أجوف	-	V	فَالُعا
4:97:11	كون	أجوف	-	V	فُنَّا
4:97:15	قول	أجوف	-	V	فَالُعا
4:97:17	كون	أجوف	-	V	تَفُن
4:97:24	اوي	لفيف	0	N	مَفْعَاهُمْ
4:97:26	سوا	أجوف	2	V	فَاءَت
4:97:3	وفي	لفيف	-	V	تَفَعَّاهُمُ
4:97:7	قول	أجوف	-	V	فَالُعا
4:97:9	كون	أجوف	-	V	فُنْتُمْ
4:98:11	هدي	ناقص	-	V	يَفْتَعُونَ
4:98:5	نسو	ناقص	-	N	فِعَاء
4:98:8	طوع	أجوف	-	V	يَسْتَفِيعُعنَ
4:98:9	حول	أجوف	-	N	فِيلَة
4:99:7	كون	أجوف	-	V	فَان
4:9:1	خشي	ناقص	-	V	يَفْع
4:9:11	وقي	لفيف	-	V	يَتَّقُفا
4:9:15	سدد	مضاعف	-	ADJ	فَعِيلًا
4:9:7	ذرر	مضاعف	-	N	فُعِّيَّة
4:9:9	خوف	أجوف	-	V	فَافُعا
50:11:3	حيي	لفيف	-	V	أَفْعَلْنَا
50:11:6	موت	أجوف	-	ADJ	فَيْتًا
50:12:6	رسس	مضاعف	-	N	فَعّ
50:13:1	عود	أجوف	-	PN	فَاد
50:14:5	كلل	مضاعف	-	N	فُعّ
50:14:8	حقق	مضاعف	-	V	فَعّ
50:15:1	عيي	لفيف	-	V	أَفَفَعِلنَا
50:15:10	جدد	مضاعف	-	ADJ	فَعِيل
50:19:1	جيا	أجوف	2	V	فَاءَت
50:19:4	حقق	مضاعف	-	N	فَعّ
50:19:7	كون	أجوف	-	V	فُنْتَ
50:21:1	جيا	أجوف	2	V	فَاءَت
50:21:2	كلل	مضاعف	-	N	فُعّ
50:21:5	سوق	أجوف	-	N	فَائِق
50:22:12	حدد	مضاعف	-	N	فَعِيل
50:22:2	كون	أجوف	-	V	فُنْتَ
50:22:9	غطو	ناقص	-	N	فِعَاءَكَ
50:23:1	قول	أجوف	-	V	فَال
50:24:4	كلل	مضاعف	-	N	فُعّ
50:25:3	عدو	ناقص	-	N	مُفْتَع
50:26:10	شدد	مضاعف	-	ADJ	فَعِيل
50:27:1	قول	أجوف	-	V	فَال
50:27:3	ربب	مضاعف	-	N	فَعَّنَا
50:27:7	كون	أجوف	-	V	فَان
50:27:9	ضلل	مضاعف	-	N	فَعَال
50:28:1	قول	أجوف	-	V	فَال
50:2:10	شيا	أجوف	2	N	فَعْء
50:2:4	جيا	أجوف	2	V	فَاءَهُمْ
50:2:7	قول	أجوف	-	V	فَال
50:31:2	جنن	مضاعف	-	PN	فَعَّة
50:31:3	وقي	لفيف	-	N	مُتَّقِين
50:32:4	كلل	مضاعف	-	N	فُعّ
50:33:5	جيا	أجوف	2	V	فَاء
50:33:7	نوب	أجوف	-	N	مُفِيب
50:35:3	شيا	أجوف	2	V	يَفَاءُونَ
50:36:7	شدد	مضاعف	-	N	أَفَعّ
50:37:6	كون	أجوف	-	V	فَان
50:38:11	مسس	مضاعف	-	V	فَعَّنَا
50:38:8	ستت	مضاعف	-	N	فِعَّل
50:38:9	يوم	لفيف	-	N	أَفَّام
50:39:7	ربب	مضاعف	-	N	فَعِّكَ
50:3:2	موت	أجوف	-	V	فِتْنَا
50:3:3	كون	أجوف	-	V	فُنَّا
50:41:3	ندو	ناقص	-	V	يُفَاع
50:41:4	ندو	ناقص	-	N	مُفَاع
50:41:6	كون	أجوف	-	N	مَفَان
50:42:4	حقق	مضاعف	-	N	فَعّ
50:43:3	حيي	لفيف	-	V	نُفْعِل
50:43:4	موت	أجوف	-	V	نُفِيت
50:44:2	شقق	مضاعف	-	V	تَفَعَّل
50:45:12	خوف	أجوف	-	V	يَفَاف
50:5:3	حقق	مضاعف	-	N	فَعّ
50:5:5	جيا	أجوف	2	V	فَاءَهُمْ
50:6:4	سمو	ناقص	-	N	فَعَاء
50:7:2	مدد	مضاعف	-	V	فَعَلْنَاهَا
50:7:5	رسو	ناقص	-	N	فَوَاعِي
50:7:9	كلل	مضاعف	-	N	فُعّ
50:8:3	كلل	مضاعف	-	N	فُعّ
50:8:5	نوب	أجوف	-	N	مُفِيب
50:9:3	سمو	ناقص	-	N	فَعَاء
50:9:4	موه	أجوف	-	N	فَاء
50:9:8	جنن	مضاعف	-	N	فَعَّات
50:9:9	حبب	مضاعف	-	N	فَعّ
51:13:4	نور	أجوف	-	N	فَار
51:14:5	كون	أجوف	-	V	فُنْتُمْ
51:15:2	وقي	لفيف	-	N	مُتَّقِين
51:15:4	جنن	مضاعف	-	N	فَعَّات
51:16:3	اتي	ناقص	0	V	فعَاهُمْ
51:16:4	ربب	مضاعف	-	N	فَعُّهُمْ
51:16:6	كون	أجوف	-	V	فَانُعا
51:17:1	كون	أجوف	-	V	فَانُعا
51:17:2	قلل	مضاعف	-	N	فَعِيلًا
51:19:3	حقق	مضاعف	-	N	فَعّ
51:1:1	ذرو	ناقص	-	N	فَاعِيَات
51:20:3	ايي	لفيف	0	N	فعَات
51:20:4	يقن	مثال	-	N	مُوقِنِفن
51:22:2	سمو	ناقص	-	N	فَعَاء
51:23:1	ربب	مضاعف	-	N	فَعّ
51:23:2	سمو	ناقص	-	N	فَعَاء
51:23:5	حقق	مضاعف	-	N	فَعّ
51:24:2	اتي	ناقص	0	V	فَعَاكَ
51:25:4	قول	أجوف	-	V	فَالُعا
51:25:6	قول	أجوف	-	V	فَال
51:26:1	روغ	أجوف	-	V	فَاغ
51:26:4	جيا	أجوف	2	V	فَاء
51:27:3	قول	أجوف	-	V	فَال
51:28:3	خوف	أجوف	-	N	فِيفَة
51:28:4	قول	أجوف	-	V	فَالُعا
51:28:6	خوف	أجوف	-	V	تَفَف
51:29:4	صرر	مضاعف	-	N	فَعَّة
51:29:5	صكك	مضاعف	-	V	فَعَّت
51:29:7	قول	أجوف	-	V	فَالَت
51:30:1	قول	أجوف	-	V	فَالُعا
51:30:3	قول	أجوف	-	V	فَال
51:30:4	ربب	مضاعف	-	N	فَعُّكِ
51:31:1	قول	أجوف	-	V	فَال
51:32:1	قول	أجوف	-	V	فَالُعا
51:34:3	ربب	مضاعف	-	N	فَعِّكَ
51:35:3	كون	أجوف	-	V	فَان
51:35:6	امن	صحيح سالم	0	N	مُؤْمِنِين
51:37:3	ايي	لفيف	0	N	فعَة
51:37:5	خوف	أجوف	-	V	يَفَافُعنَ
51:39:3	قول	أجوف	-	V	فَال
51:39:6	جنن	مضاعف	-	N	مَفْعُول
51:40:5	يمم	مضاعف	-	N	فَعّ
51:40:7	لوم	أجوف	-	N	مُفِيم
51:41:2	عود	أجوف	-	PN	فَاد
51:41:6	روح	أجوف	-	N	فِيح
51:42:2	وذر	مثال	-	V	تَذَر
51:42:4	شيا	أجوف	2	N	فَعْء
51:42:5	اتي	ناقص	0	V	فَعَت
51:42:9	رمم	مضاعف	-	N	فَعِيل
51:43:4	قول	أجوف	-	V	فِيل
51:44:4	ربب	مضاعف	-	N	فَعِّهِمْ
51:45:2	طوع	أجوف	-	V	اسْتَفَاعُعا
51:45:4	قوم	أجوف	-	N	فِيَام
51:45:6	كون	أجوف	-	V	فَانُعا
51:46:6	كون	أجوف	-	V	فَانُعا
51:47:1	سمو	ناقص	-	N	فَعَاء
51:49:2	كلل	مضاعف	-	N	فُعّ
51:49:3	شيا	أجوف	2	N	فَعْء
51:50:1	فرر	مضاعف	-	V	فِعُّوا
51:52:10	قول	أجوف	-	V	فَالُعا
51:52:13	جنن	مضاعف	-	N	مَفْعُول
51:53:1	وصي	لفيف	-	V	أَتَفَاعَوْا
51:53:6	طغي	ناقص	-	N	فَاعُون
51:54:1	ولي	لفيف	-	V	تَفَعّ
51:55:5	امن	صحيح سالم	0	N	مُؤْمِنِين
51:56:3	جنن	مضاعف	-	N	فِعّ
51:57:2	رود	أجوف	-	V	أُفِيد
51:57:7	رود	أجوف	-	V	أُفِيد
51:58:6	قوي	لفيف	-	N	فُعَّة
51:7:1	سمو	ناقص	-	N	فَعَاء
51:9:1	افك	صحيح سالم	0	V	يُؤْفَك
52:13:2	دعع	مضاعف	-	V	يُفَعُّونَ
52:13:4	نور	أجوف	-	N	فَار
52:13:6	دعع	مضاعف	-	N	فَعًّا
52:14:2	نور	أجوف	-	N	فَار
52:14:4	كون	أجوف	-	V	فُنْتُمْ
52:16:1	صلي	ناقص	-	V	افْعَوْهَا
52:16:11	كون	أجوف	-	V	فُنْتُمْ
52:16:6	سوي	لفيف	-	N	فَعَاء
52:16:9	جزي	ناقص	-	V	تُفْعَوْنَ
52:17:2	وقي	لفيف	-	N	مُتَّقِين
52:17:4	جنن	مضاعف	-	N	فَعَّات
52:18:3	اتي	ناقص	0	V	فعَاهُمْ
52:18:4	ربب	مضاعف	-	N	فَعُّهُمْ
52:18:5	وقي	لفيف	-	V	فَعَاهُمْ
52:18:6	ربب	مضاعف	-	N	فَعُّهُمْ
52:19:1	اكل	صحيح سالم	0	V	كُلُوف
52:19:5	كون	أجوف	-	V	فُنْتُمْ
52:20:1	وكا	مثال	2	N	مُتَّكِئِين
52:20:3	سرر	مضاعف	-	N	فُعُل
52:20:4	صفف	مضاعف	-	N	مَفْعُولَة
52:21:14	شيا	أجوف	2	N	فَعْء
52:21:15	كلل	مضاعف	-	N	فُعّ
52:21:16	مرا	صحيح سالم	2	N	افْعِئ
52:21:4	ذرر	مضاعف	-	N	فُعِّيَّتُهُمْ
52:21:8	ذرر	مضاعف	-	N	فُعِّيَّتَهُمْ
52:22:1	مدد	مضاعف	-	V	أَفْعَلْنَاهُمْ
52:24:6	لالا	رباعي	13	N	فُؤْلُؤ
52:24:7	كنن	مضاعف	-	N	مَفْعُول
52:26:1	قول	أجوف	-	V	فَالُعا
52:26:3	كون	أجوف	-	V	فُنَّا
52:27:1	منن	مضاعف	-	V	فَعّ
52:27:4	وقي	لفيف	-	V	فَعَانَا
52:27:6	سمم	مضاعف	-	N	فَعُول
52:28:2	كون	أجوف	-	V	فُنَّا
52:28:8	برر	مضاعف	-	N	فَعّ
52:29:5	ربب	مضاعف	-	N	فَعِّكَ
52:29:8	جنن	مضاعف	-	N	مَفْعُول
52:30:7	منن	مضاعف	-	N	فَعُول
52:31:1	قول	أجوف	-	V	فُل
52:32:8	طغي	ناقص	-	ADJ	فَاعُون
52:33:6	امن	صحيح سالم	0	V	يُؤْمِنُونَ
52:34:1	اتي	ناقص	0	V	يَفْعُوا
52:34:5	كون	أجوف	-	V	فَانُعا
52:35:5	شيا	أجوف	2	N	فَعْء
52:37:4	ربب	مضاعف	-	N	فَعِّكَ
52:37:7	سطر	صحيح سالم	-	N	مُصَيْطِرُون
52:38:6	اتي	ناقص	0	V	يَفْع
52:39:3	بني	ناقص	-	N	فَعَات
52:39:5	بني	ناقص	-	N	فَعُون
52:3:2	رقق	مضاعف	-	N	فَعّ
52:42:2	رود	أجوف	-	V	يُفِيدُعنَ
52:44:2	راي	ناقص	1	V	يَفَوْع
52:44:5	سمو	ناقص	-	N	فَعَاء
52:45:1	وذر	مثال	-	V	ذَرْهُمْ
52:45:3	لقي	ناقص	-	V	يُفَاعُوا
52:48:3	ربب	مضاعف	-	N	فَعِّكَ
52:48:8	ربب	مضاعف	-	N	فَعِّكَ
52:7:3	ربب	مضاعف	-	N	فَعِّكَ
52:9:3	سمو	ناقص	-	N	فَعَاء
53:12:1	مري	ناقص	-	V	أَفَتُفَاعُونَهُ
53:12:4	راي	ناقص	1	V	يَفَى
53:13:2	راي	ناقص	1	V	فَعهُ
53:15:2	جنن	مضاعف	-	N	فَعَّة
53:16:2	غشو	ناقص	-	V	يَفْعَى
53:16:5	غشو	ناقص	-	V	يَفْعَى
53:17:2	زيغ	أجوف	-	V	فَاغ
53:18:4	ايي	لفيف	0	N	فعَات
53:18:5	ربب	مضاعف	-	N	فَعِّهِ
53:23:17	ظنن	مضاعف	-	N	فَعّ
53:23:22	جيا	أجوف	2	V	فَاءَهُمْ
53:23:24	ربب	مضاعف	-	N	فَعِّهِمُ
53:23:4	سمو	ناقص	-	N	أَفْعَاء
53:23:7	ابو	ناقص	0	N	فعَاؤُكُمْ
53:25:1	اله	صحيح سالم	0	PN	لَّه
53:26:17	شيا	أجوف	2	V	يَفَاء
53:26:18	رضو	ناقص	-	V	يَفْعَى
53:27:4	امن	صحيح سالم	0	V	يُؤْمِنُونَ
53:27:8	سمو	ناقص	-	N	تَفْعِيَة
53:28:11	ظنن	مضاعف	-	N	فَعّ
53:28:15	حقق	مضاعف	-	N	فَعّ
53:28:9	ظنن	مضاعف	-	N	فَعّ
53:29:10	حيي	لفيف	-	N	فَعَاة
53:29:11	دنو	ناقص	-	ADJ	فُعْيَا
53:29:8	رود	أجوف	-	V	يُفِد
53:2:2	ضلل	مضاعف	-	V	فَعّ
53:30:10	ضلل	مضاعف	-	V	فَعّ
53:30:6	ربب	مضاعف	-	N	فَعَّكَ
53:31:1	اله	صحيح سالم	0	PN	لَّه
53:32:21	جنن	مضاعف	-	N	أَفِعَّة
53:32:24	امم	مضاعف	0	N	فُعَّهَاتِكُلْ
53:32:31	وقي	لفيف	-	V	اتَّقَى
53:32:7	لمم	مضاعف	-	N	فَعَل
53:32:9	ربب	مضاعف	-	N	فَعَّكَ
53:34:1	عطو	ناقص	-	V	أَفْعَى
53:34:2	قلل	مضاعف	-	N	فَعِيلًا
53:35:5	راي	ناقص	1	V	يَفَى
53:38:2	وزر	مثال	-	V	تَزِر
53:40:4	راي	ناقص	1	V	يُفَى
53:41:2	جزي	ناقص	-	V	يُفْعَاهُ
53:41:3	جزي	ناقص	-	N	فَعَاء
53:42:3	ربب	مضاعف	-	N	فَعِّكَ
53:44:3	موت	أجوف	-	V	أَفَات
53:44:4	حيي	لفيف	-	V	أَفْعَا
53:49:3	ربب	مضاعف	-	N	فَعّ
53:50:3	عود	أجوف	-	PN	فَادًا
53:52:6	كون	أجوف	-	V	فَانُعا
53:53:1	افك	صحيح سالم	0	N	مُؤْتَفِكَة
53:54:1	غشو	ناقص	-	V	فَعَّاهَا
53:54:3	غشو	ناقص	-	V	فَعَّى
53:55:2	الو	ناقص	0	N	فعَاء
53:55:3	ربب	مضاعف	-	N	فَعِّكَ
53:5:2	شدد	مضاعف	-	N	فَعِيل
53:60:3	بكي	ناقص	-	V	تَفْعُونَ
53:62:2	اله	صحيح سالم	0	PN	لَّه
53:6:2	مرر	مضاعف	-	N	فِعَّة
53:7:3	علو	ناقص	-	N	أَفْعَى
53:8:2	دنو	ناقص	-	V	فَعَا
53:8:3	دلو	ناقص	-	V	تَفَعَّى
53:9:1	كون	أجوف	-	V	فَان
53:9:2	قوب	أجوف	-	N	فَاب
53:9:5	دنو	ناقص	-	N	أَفْعَى
54:10:1	دعو	ناقص	-	V	فَعَا
54:10:2	ربب	مضاعف	-	N	فَعَّهُ
54:11:3	سمو	ناقص	-	N	فَعَاء
54:11:4	موه	أجوف	-	N	فَاء
54:12:5	موه	أجوف	-	N	فَاء
54:14:3	جزي	ناقص	-	N	فَعَاء
54:14:5	كون	أجوف	-	V	فَان
54:15:3	ايي	لفيف	0	N	فعَة
54:15:6	ذكر	صحيح سالم	-	N	مُدَّكِر
54:16:2	كون	أجوف	-	V	فَان
54:17:7	ذكر	صحيح سالم	-	N	مُدَّكِر
54:18:2	عود	أجوف	-	PN	فَاد
54:18:4	كون	أجوف	-	V	فَان
54:19:4	روح	أجوف	-	N	فِيحًا
54:19:9	مرر	مضاعف	-	N	فُسْتَمِعّ
54:1:2	سوع	أجوف	-	N	فَاعَة
54:1:3	شقق	مضاعف	-	V	انْفَعّ
54:20:2	نوس	أجوف	-	N	فَاس
54:21:2	كون	أجوف	-	V	فَان
54:22:7	ذكر	صحيح سالم	-	N	مُدَّكِر
54:24:1	قول	أجوف	-	V	فَالُعا
54:24:9	ضلل	مضاعف	-	N	فَعَال
54:26:2	غدو	ناقص	-	N	فَعًا
54:27:3	نوق	أجوف	-	N	فَاقَة
54:28:1	نبا	صحيح سالم	2	V	فَعِّئْهُمْ
54:28:3	موه	أجوف	-	N	فَاء
54:28:6	كلل	مضاعف	-	N	فُعّ
54:29:3	عطو	ناقص	-	V	تَفَاعَى
54:2:2	راي	ناقص	1	V	يَفَوْع
54:2:3	ايي	لفيف	0	N	فعَة
54:2:7	مرر	مضاعف	-	N	فُسْتَمِعّ
54:30:2	كون	أجوف	-	V	فَان
54:31:6	كون	أجوف	-	V	فَانُعا
54:32:7	ذكر	صحيح سالم	-	N	مُدَّكِر
54:34:6	اول	أجوف	0	N	فل
54:34:8	نجو	ناقص	-	V	فَعَّيْنَاهُمْ
54:36:4	مري	ناقص	-	V	تَفَاعَوْا
54:38:5	قرر	مضاعف	-	N	مُسْتَفِعّ
54:3:3	هوي	لفيف	-	N	أَفْعَاءَهُمْ
54:3:4	كلل	مضاعف	-	N	فُعّ
54:3:6	قرر	مضاعف	-	N	مُسْتَفِعّ
54:40:7	ذكر	صحيح سالم	-	N	مُدَّكِر
54:41:2	جيا	أجوف	2	V	فَاء
54:41:3	اول	أجوف	0	N	فل
54:42:2	ايي	لفيف	0	N	فعَاتِنَا
54:42:3	كلل	مضاعف	-	N	فُعِّهَا
54:42:6	عزز	مضاعف	-	ADJ	فَعِيل
54:45:3	ولي	لفيف	-	V	يُفَعُّونَ
54:46:2	سوع	أجوف	-	N	فَاعَة
54:46:4	سوع	أجوف	-	N	فَاعَة
54:46:6	مرر	مضاعف	-	N	أَفَعّ
54:47:4	ضلل	مضاعف	-	N	فَعَال
54:48:4	نور	أجوف	-	N	فَار
54:48:8	مسس	مضاعف	-	N	فَعّ
54:49:2	كلل	مضاعف	-	N	فُعّ
54:49:3	شيا	أجوف	2	N	فَعْء
54:4:2	جيا	أجوف	2	V	فَاءَهُمْ
54:51:6	ذكر	صحيح سالم	-	N	مُدَّكِر
54:52:1	كلل	مضاعف	-	N	فُعّ
54:52:2	شيا	أجوف	2	N	فَعْء
54:53:1	كلل	مضاعف	-	N	فُعّ
54:54:2	وقي	لفيف	-	N	مُتَّقِين
54:54:4	جنن	مضاعف	-	N	فَعَّات
54:5:4	غني	ناقص	-	V	تُفْع
54:6:1	ولي	لفيف	-	V	تَفَعّ
54:6:4	دعو	ناقص	-	V	يَفْع
54:6:5	دعو	ناقص	-	N	فَاع
54:6:7	شيا	أجوف	2	N	فَعْء
54:8:3	دعو	ناقص	-	N	فَاع
54:9:7	قول	أجوف	-	V	فَالُعا
54:9:8	جنن	مضاعف	-	N	مَفْعُول
55:11:5	كمم	مضاعف	-	N	أَفْعَال
55:12:1	حبب	مضاعف	-	N	فَعّ
55:12:4	روح	أجوف	-	N	فَيْحَان
55:13:2	الو	ناقص	0	N	فعَاء
55:13:3	ربب	مضاعف	-	N	فَعِّكُمَا
55:15:2	جنن	مضاعف	-	N	فَاعّ
55:15:6	نور	أجوف	-	N	فَار
55:16:2	الو	ناقص	0	N	فعَاء
55:16:3	ربب	مضاعف	-	N	فَعِّكُمَا
55:17:1	ربب	مضاعف	-	N	فَعّ
55:17:3	ربب	مضاعف	-	N	فَعّ
55:18:2	الو	ناقص	0	N	فعَاء
55:18:3	ربب	مضاعف	-	N	فَعِّكُمَا
55:21:2	الو	ناقص	0	N	فعَاء
55:21:3	ربب	مضاعف	-	N	فَعِّكُمَا
55:22:3	لالا	رباعي	13	N	فُؤْلُؤ
55:23:2	الو	ناقص	0	N	فعَاء
55:23:3	ربب	مضاعف	-	N	فَعِّكُمَا
55:24:2	جري	ناقص	-	N	فَوَاع
55:25:2	الو	ناقص	0	N	فعَاء
55:25:3	ربب	مضاعف	-	N	فَعِّكُمَا
55:26:1	كلل	مضاعف	-	N	فُعّ
55:26:4	فني	ناقص	-	N	فَاع
55:27:3	ربب	مضاعف	-	N	فَعِّكَ
55:27:5	جلل	مضاعف	-	N	فَعَال
55:28:2	الو	ناقص	0	N	فعَاء
55:28:3	ربب	مضاعف	-	N	فَعِّكُمَا
55:29:6	كلل	مضاعف	-	N	فُعّ
55:30:2	الو	ناقص	0	N	فعَاء
55:30:3	ربب	مضاعف	-	N	فَعِّكُمَا
55:32:2	الو	ناقص	0	N	فعَاء
55:32:3	ربب	مضاعف	-	N	فَعِّكُمَا
55:33:2	جنن	مضاعف	-	N	فِعّ
55:33:5	طوع	أجوف	-	V	اسْتَفَعْتُمْ
55:34:2	الو	ناقص	0	N	فعَاء
55:34:3	ربب	مضاعف	-	N	فَعِّكُمَا
55:35:5	نور	أجوف	-	N	فَار
55:36:2	الو	ناقص	0	N	فعَاء
55:36:3	ربب	مضاعف	-	N	فَعِّكُمَا
55:37:2	شقق	مضاعف	-	V	انْفَعَّت
55:37:3	سمو	ناقص	-	N	فَعَاء
55:37:4	كون	أجوف	-	V	فَانَت
55:38:2	الو	ناقص	0	N	فعَاء
55:38:3	ربب	مضاعف	-	N	فَعِّكُمَا
55:39:8	جنن	مضاعف	-	N	فَاعّ
55:40:2	الو	ناقص	0	N	فعَاء
55:40:3	ربب	مضاعف	-	N	فَعِّكُمَا
55:41:3	سوم	أجوف	-	N	فِيمَاهُمْ
55:41:4	اخذ	صحيح سالم	0	V	يُؤْخَذ
55:42:2	الو	ناقص	0	N	فعَاء
55:42:3	ربب	مضاعف	-	N	فَعِّكُمَا
55:44:4	حمم	مضاعف	-	N	فَعِيل
55:44:5	اني	ناقص	0	N	فع
55:45:2	الو	ناقص	0	N	فعَاء
55:45:3	ربب	مضاعف	-	N	فَعِّكُمَا
55:46:2	خوف	أجوف	-	V	فَاف
55:46:3	قوم	أجوف	-	N	مَفَام
55:46:4	ربب	مضاعف	-	N	فَعِّهِ
55:46:5	جنن	مضاعف	-	N	فَعَّتَال
55:47:2	الو	ناقص	0	N	فعَاء
55:47:3	ربب	مضاعف	-	N	فَعِّكُمَا
55:48:2	فنن	مضاعف	-	N	أَفْعَال
55:49:2	الو	ناقص	0	N	فعَاء
55:49:3	ربب	مضاعف	-	N	فَعِّكُمَا
55:51:2	الو	ناقص	0	N	فعَاء
55:51:3	ربب	مضاعف	-	N	فَعِّكُمَا
55:52:3	كلل	مضاعف	-	N	فُعّ
55:53:2	الو	ناقص	0	N	فعَاء
55:53:3	ربب	مضاعف	-	N	فَعِّكُمَا
55:54:1	وكا	مثال	2	N	مُتَّكِئِين
55:54:8	جنن	مضاعف	-	N	فَعَّتَيْل
55:54:9	دنو	ناقص	-	N	فَاع
55:55:2	الو	ناقص	0	N	فعَاء
55:55:3	ربب	مضاعف	-	N	فَعِّكُمَا
55:56:9	جنن	مضاعف	-	N	فَاعّ
55:57:2	الو	ناقص	0	N	فعَاء
55:57:3	ربب	مضاعف	-	N	فَعِّكُمَا
55:59:2	الو	ناقص	0	N	فعَاء
55:59:3	ربب	مضاعف	-	N	فَعِّكُمَا
55:60:2	جزي	ناقص	-	N	فَعَاء
55:61:2	الو	ناقص	0	N	فعَاء
55:61:3	ربب	مضاعف	-	N	فَعِّكُمَا
55:62:3	جنن	مضاعف	-	N	فَعَّتَال
55:63:2	الو	ناقص	0	N	فعَاء
55:63:3	ربب	مضاعف	-	N	فَعِّكُمَا
55:65:2	الو	ناقص	0	N	فعَاء
55:65:3	ربب	مضاعف	-	N	فَعِّكُمَا
55:67:2	الو	ناقص	0	N	فعَاء
55:67:3	ربب	مضاعف	-	N	فَعِّكُمَا
55:69:2	الو	ناقص	0	N	فعَاء
55:69:3	ربب	مضاعف	-	N	فَعِّكُمَا
55:71:2	الو	ناقص	0	N	فعَاء
55:71:3	ربب	مضاعف	-	N	فَعِّكُمَا
55:73:2	الو	ناقص	0	N	فعَاء
55:73:3	ربب	مضاعف	-	N	فَعِّكُمَا
55:74:6	جنن	مضاعف	-	N	فَاعّ
55:75:2	الو	ناقص	0	N	فعَاء
55:75:3	ربب	مضاعف	-	N	فَعِّكُمَا
55:76:1	وكا	مثال	2	N	مُتَّكِئِين
55:77:2	الو	ناقص	0	N	فعَاء
55:77:3	ربب	مضاعف	-	N	فَعِّكُمَا
55:78:2	سمو	ناقص	-	N	افْع
55:78:3	ربب	مضاعف	-	N	فَعِّكَ
55:78:5	جلل	مضاعف	-	N	فَعَال
55:7:1	سمو	ناقص	-	N	فَعَاء
55:7:4	وزن	مثال	-	N	مِيزَان
55:8:2	طغي	ناقص	-	V	تَفْعَوْا
55:8:4	وزن	مثال	-	N	مِيزَان
55:9:1	قوم	أجوف	-	V	أَفِيمُعا
55:9:6	وزن	مثال	-	N	مِيزَان
56:12:2	جنن	مضاعف	-	N	فَعَّات
56:13:1	ثلل	مضاعف	-	N	فُعَّة
56:14:1	قلل	مضاعف	-	N	فَعِيل
56:15:2	سرر	مضاعف	-	N	فُعُل
56:16:1	وكا	مثال	2	N	مُتَّكِئِين
56:23:2	لالا	رباعي	13	N	فُؤْلُؤ
56:23:3	كنن	مضاعف	-	ADJ	مَفْعُول
56:24:1	جزي	ناقص	-	N	فَعَاء
56:24:3	كون	أجوف	-	V	فَانُعا
56:26:2	قول	أجوف	-	N	فِيلًا
56:30:1	ظلل	مضاعف	-	N	فِعّ
56:30:2	مدد	مضاعف	-	ADJ	فَمْعُول
56:31:1	موه	أجوف	-	N	فَاء
56:39:1	ثلل	مضاعف	-	N	فُعَّة
56:40:1	ثلل	مضاعف	-	N	فُعَّة
56:42:2	سمم	مضاعف	-	N	فَعُول
56:42:3	حمم	مضاعف	-	N	فَعِيل
56:43:1	ظلل	مضاعف	-	N	فِعّ
56:43:3	حمم	مضاعف	-	N	يَفْعُول
56:45:2	كون	أجوف	-	V	فَانُعا
56:46:1	كون	أجوف	-	V	فَانُعا
56:46:2	صرر	مضاعف	-	V	يُفِعُّونَ
56:47:1	كون	أجوف	-	V	فَانُعا
56:47:4	موت	أجوف	-	V	فِتْنَا
56:47:5	كون	أجوف	-	V	فُنَّا
56:48:1	ابو	ناقص	0	N	فَوَآعَاؤُنَا
56:49:1	قول	أجوف	-	V	فُل
56:4:2	رجج	مضاعف	-	V	فُعَّت
56:4:4	رجج	مضاعف	-	N	فَعًّا
56:50:3	وقت	مثال	-	N	مِيقَات
56:51:4	ضلل	مضاعف	-	N	فَاعُّون
56:53:1	ملا	صحيح سالم	2	N	فَاعِئُون
56:54:4	حمم	مضاعف	-	N	فَعِيل
56:58:3	مني	ناقص	-	V	تُفْعُونَ
56:5:1	بسس	مضاعف	-	V	فُعَّت
56:5:3	بسس	مضاعف	-	N	فَعًّا
56:61:5	نشا	صحيح سالم	2	V	فُنْعِئَكُمْ
56:65:2	شيا	أجوف	2	V	نَفَاء
56:65:5	ظلل	مضاعف	-	V	فَعْتُمْ
56:68:2	موه	أجوف	-	N	فَاء
56:6:1	كون	أجوف	-	V	فَانَت
56:6:2	هبو	ناقص	-	N	فَعَاء
56:6:3	بثث	مضاعف	-	ADJ	مُنْفَعًّا
56:70:2	شيا	أجوف	2	V	نَفَاء
56:70:4	اجج	مضاعف	0	N	فُعَالًا
56:71:2	نور	أجوف	-	N	فَار
56:71:4	وري	لفيف	-	V	تُفعُونَ
56:72:6	نشا	صحيح سالم	2	N	مُفْعِئُون
56:74:2	سمو	ناقص	-	N	افْع
56:74:3	ربب	مضاعف	-	N	فَعِّكَ
56:78:3	كنن	مضاعف	-	N	مَفْعُول
56:79:2	مسس	مضاعف	-	V	يَفَعُّهُ
56:7:1	كون	أجوف	-	V	فُنْتُمْ
56:80:3	ربب	مضاعف	-	N	فَعّ
56:86:3	كون	أجوف	-	V	فُنْتُمْ
56:87:3	كون	أجوف	-	V	فُنْتُمْ
56:88:3	كون	أجوف	-	V	فَان
56:89:2	روح	أجوف	-	N	فَيْحَان
56:89:3	جنن	مضاعف	-	N	فَعَّت
56:90:3	كون	أجوف	-	V	فَان
56:92:3	كون	أجوف	-	V	فَان
56:92:6	ضلل	مضاعف	-	ADJ	فَاعِّين
56:93:3	حمم	مضاعف	-	N	فَعِيل
56:95:4	حقق	مضاعف	-	N	فَعّ
56:96:2	سمو	ناقص	-	N	افْع
56:96:3	ربب	مضاعف	-	N	فَعِّكَ
57:10:30	كلل	مضاعف	-	N	فُعًّا
57:10:8	اله	صحيح سالم	0	PN	لَّه
57:10:9	ورث	مثال	-	N	مِيرَاث
57:12:12	جنن	مضاعف	-	N	فَعَّات
57:12:2	راي	ناقص	1	V	تَفَى
57:12:3	امن	صحيح سالم	0	N	مُؤْمِنِين
57:12:4	امن	صحيح سالم	0	N	مُؤْمِنَفت
57:13:11	قول	أجوف	-	V	فِيل
57:13:13	وري	لفيف	-	LOC	فَعَاءَكُمْ
57:13:20	بوب	أجوف	-	N	فَاب
57:14:11	ريب	أجوف	-	V	افْتَبْتُمْ
57:14:12	غرر	مضاعف	-	V	فَعَّتْكُمُ
57:14:15	جيا	أجوف	2	V	فَاء
57:14:18	غرر	مضاعف	-	V	فَعَّكُمْ
57:14:20	غرر	مضاعف	-	N	فَعُول
57:14:3	كون	أجوف	-	V	نَفُن
57:14:5	قول	أجوف	-	V	فَالُعا
57:15:10	اوي	لفيف	0	N	مَفْعَاكُمُ
57:15:11	نور	أجوف	-	N	فَار
57:15:13	ولي	لفيف	-	N	مَفْعَاكُمْ
57:15:14	باس	صحيح سالم	1	V	فِئْس
57:15:3	اخذ	صحيح سالم	0	V	يُؤْخَذ
57:16:13	حقق	مضاعف	-	N	فَعّ
57:16:17	اتي	ناقص	0	V	فُوعُوا
57:16:2	اني	ناقص	0	V	يَفْع
57:16:21	طول	أجوف	-	V	فَال
57:16:24	قسو	ناقص	-	V	فَعَت
57:17:11	ايي	لفيف	0	N	فعَات
57:17:4	حيي	لفيف	-	V	يُفْعِل
57:19:10	ربب	مضاعف	-	N	فَعِّهِمْ
57:19:17	ايي	لفيف	0	N	فعَاتِنَا
57:1:2	اله	صحيح سالم	0	PN	لَّه
57:1:8	عزز	مضاعف	-	N	فَعِيل
57:20:21	راي	ناقص	1	V	تَفَعهُ
57:20:29	شدد	مضاعف	-	ADJ	فَعِيل
57:20:3	حيي	لفيف	-	N	فَعَاة
57:20:35	حيي	لفيف	-	N	فَعَاة
57:20:36	دنو	ناقص	-	ADJ	فُعْيَا
57:20:39	غرر	مضاعف	-	N	فُعُول
57:20:4	دنو	ناقص	-	ADJ	فُعْيَا
57:21:11	عدد	مضاعف	-	V	أُفِعَّت
57:21:19	اتي	ناقص	0	V	يُؤْتِيهِ
57:21:21	شيا	أجوف	2	V	يَفَاء
57:21:5	ربب	مضاعف	-	N	فَعِّكُمْ
57:21:6	جنن	مضاعف	-	N	فَعَّة
57:21:9	سمو	ناقص	-	N	فَعَاء
57:22:2	صوب	أجوف	-	V	أَفَاب
57:22:4	صوب	أجوف	-	N	مُفِيبَة
57:23:12	حبب	مضاعف	-	V	يُفِعّ
57:23:13	كلل	مضاعف	-	N	فُعّ
57:23:14	خيل	أجوف	-	ADJ	مُفْتَال
57:23:5	فوت	أجوف	-	V	فَاتَكُمْ
57:23:9	اتي	ناقص	0	V	فعَاكُمْ
57:24:4	نوس	أجوف	-	N	فَاس
57:24:7	ولي	لفيف	-	V	يَتَفَعّ
57:25:10	نوس	أجوف	-	N	فَاس
57:25:13	حدد	مضاعف	-	N	فَعِيل
57:25:16	شدد	مضاعف	-	ADJ	فَعِيل
57:25:18	نوس	أجوف	-	N	فَّاس
57:25:28	عزز	مضاعف	-	ADJ	فَعِيل
57:25:8	وزن	مثال	-	N	مِيزَان
57:26:11	هدي	ناقص	-	N	مُفْتَع
57:26:7	ذرر	مضاعف	-	N	فُعِّيَّتِهِمَا
57:26:8	نبا	صحيح سالم	2	N	فُعُوَّة
57:27:2	قفو	ناقص	-	V	فَعَّيْنَا
57:27:25	بغي	ناقص	-	N	افْتِعَاء
57:27:29	رعي	ناقص	-	V	فَعَوْهَا
57:27:30	حقق	مضاعف	-	N	فَعّ
57:27:6	قفو	ناقص	-	V	فَعَّيْنَا
57:27:8	بني	ناقص	-	N	افْع
57:28:15	مشي	ناقص	-	V	تَفْعُونَ
57:28:4	وقي	لفيف	-	V	اتَّقُفا
57:28:8	اتي	ناقص	0	V	يُؤْتِكُمْ
57:29:14	يدي	لفيف	-	N	فَع
57:29:16	اتي	ناقص	0	V	يُؤْتِيهِ
57:29:18	شيا	أجوف	2	V	يَفَاء
57:29:8	شيا	أجوف	2	N	فَعْء
57:2:10	شيا	أجوف	2	N	فَعْء
57:2:5	حيي	لفيف	-	V	يُفْعِل
57:2:6	موت	أجوف	-	V	يُفِيت
57:2:9	كلل	مضاعف	-	N	فُعّ
57:3:7	كلل	مضاعف	-	N	فُعّ
57:3:8	شيا	أجوف	2	N	فَعْء
57:4:15	ولج	مثال	-	V	يَلِج
57:4:24	سمو	ناقص	-	N	فَعَاء
57:4:32	كون	أجوف	-	V	فُنْتُمْ
57:4:7	ستت	مضاعف	-	N	فِعَّل
57:4:8	يوم	لفيف	-	N	أَفَّام
57:8:12	وثق	مثال	-	N	مِيثَاقَكُمْ
57:8:14	كون	أجوف	-	V	فُنْتُمْ
57:8:15	امن	صحيح سالم	0	N	مُؤْمِنِين
57:8:4	امن	صحيح سالم	0	V	تُؤْمِنُونَ
57:8:8	امن	صحيح سالم	0	V	تُؤْمِنُوف
57:8:9	ربب	مضاعف	-	N	فَعِّكُمْ
57:9:16	راف	صحيح سالم	1	N	فَءُوف
57:9:6	ايي	لفيف	0	N	فعَات
58:10:17	امن	صحيح سالم	0	N	مُؤْمِنُون
58:10:9	ضرر	مضاعف	-	N	فَاعِّهِمْ
58:11:15	قول	أجوف	-	V	فِيل
58:11:24	اتي	ناقص	0	V	فُوعُوا
58:11:5	قول	أجوف	-	V	فِيل
58:12:18	وجد	مثال	-	V	تَجِدُفا
58:12:5	نجو	ناقص	-	V	فَاعَيْتُمُ
58:13:11	توب	أجوف	-	V	فَاب
58:13:14	قوم	أجوف	-	V	أَفِيمُعا
58:13:15	صلو	ناقص	-	N	فَعَاة
58:13:16	اتي	ناقص	0	V	فعُوا
58:13:17	زكو	ناقص	-	N	فَعَاة
58:13:18	طوع	أجوف	-	V	أَفِيعُعا
58:14:2	راي	ناقص	1	V	تَف
58:14:5	ولي	لفيف	-	V	تَفَعَّوْا
58:15:1	عدد	مضاعف	-	V	أَفَعّ
58:15:5	شدد	مضاعف	-	ADJ	فَعِيلًا
58:15:7	سوا	أجوف	2	V	فَاء
58:15:9	كون	أجوف	-	V	فَانُعا
58:16:10	هون	أجوف	-	N	مُفِين
58:16:3	جنن	مضاعف	-	N	فُعَّة
58:16:4	صدد	مضاعف	-	V	فَعُّوا
58:17:12	نور	أجوف	-	N	فَار
58:18:13	شيا	أجوف	2	N	فَعْء
58:19:4	نسي	ناقص	-	V	أَفْعَاهُمْ
58:1:9	شكو	ناقص	-	V	تَفْتَعِي
58:20:3	حدد	مضاعف	-	V	يُفَاعُّونَ
58:20:8	ذلل	مضاعف	-	N	أَفَعِّين
58:21:9	عزز	مضاعف	-	ADJ	فَعِيل
58:22:10	حدد	مضاعف	-	V	فَاعّ
58:22:14	كون	أجوف	-	V	فَانُعا
58:22:15	ابو	ناقص	0	N	فعَاءَهُمْ
58:22:17	بني	ناقص	-	N	أَفْعَاءَهُمْ
58:22:2	وجد	مثال	-	V	تَجِد
58:22:31	جنن	مضاعف	-	N	فَعَّات
58:22:38	رضو	ناقص	-	V	فَعِي
58:22:4	امن	صحيح سالم	0	V	يُؤْمِنُونَ
58:22:8	ودد	مضاعف	-	V	يُفَاعُّونَ
58:2:10	امم	مضاعف	0	N	فُعَّهَاتُهُلْ
58:2:5	نسو	ناقص	-	N	فِعَائِهِمْ
58:2:8	امم	مضاعف	0	N	فُعَّهَاتِهِلْ
58:3:14	مسس	مضاعف	-	V	يَتَفَاعَّا
58:3:4	نسو	ناقص	-	N	فِعَائِهِمْ
58:3:8	قول	أجوف	-	V	فَالُعا
58:3:9	حرر	مضاعف	-	N	تَفْعِيل
58:4:10	مسس	مضاعف	-	V	يَتَفَاعَّا
58:4:13	طوع	أجوف	-	V	يَسْتَفِع
58:4:15	ستت	مضاعف	-	N	فِعِّين
58:4:18	امن	صحيح سالم	0	V	تُؤْمِنُوف
58:4:22	حدد	مضاعف	-	N	فُعُول
58:4:3	وجد	مثال	-	V	يَجِد
58:4:4	صوم	أجوف	-	N	فِيَام
58:5:14	ايي	لفيف	0	N	فعَات
58:5:18	هون	أجوف	-	ADJ	مُفِين
58:5:3	حدد	مضاعف	-	V	يُفَاعُّونَ
58:6:10	نسي	ناقص	-	V	فَعُوهُ
58:6:13	كلل	مضاعف	-	N	فُعّ
58:6:14	شيا	أجوف	2	N	فَعْء
58:6:5	نبا	صحيح سالم	2	V	يُفَعِّئُهُمْ
58:6:8	حصي	ناقص	-	V	أَفْعَاهُ
58:7:2	راي	ناقص	1	V	تَف
58:7:26	دنو	ناقص	-	N	أَفْعَى
58:7:36	كون	أجوف	-	V	فَانُعا
58:7:38	نبا	صحيح سالم	2	V	يُفَعِّئُهُمْ
58:7:42	قوم	أجوف	-	N	فِيَامَة
58:7:45	كلل	مضاعف	-	N	فُعّ
58:7:46	شيا	أجوف	2	N	فَعْء
58:8:11	نهي	ناقص	-	V	فُعُوا
58:8:19	جيا	أجوف	2	V	فَاءُوكَ
58:8:2	راي	ناقص	1	V	تَف
58:8:20	حيي	لفيف	-	V	فَعَّوْكَ
58:8:23	حيي	لفيف	-	V	يُفَعِّكَ
58:8:36	صلي	ناقص	-	V	يَفْعَوْنَهَا
58:8:37	باس	صحيح سالم	1	V	فِئْس
58:8:5	نهي	ناقص	-	V	فُعُوا
58:9:13	برر	مضاعف	-	N	فِعّ
58:9:14	وقي	لفيف	-	N	تَقْفَى
58:9:15	وقي	لفيف	-	V	اتَّقُفا
58:9:5	نجو	ناقص	-	V	تَفَاعَيْتُمْ
59:10:17	غلل	مضاعف	-	N	فِعًّا
59:10:2	جيا	أجوف	2	V	فَاءُوا
59:10:20	ربب	مضاعف	-	N	فَعَّنَا
59:10:22	راف	صحيح سالم	1	N	فَءُوف
59:10:6	ربب	مضاعف	-	N	فَعَّنَا
59:11:18	طوع	أجوف	-	V	نُفِيع
59:11:2	راي	ناقص	1	V	تَف
59:12:12	ولي	لفيف	-	V	يُفَعُّنَّ
59:13:2	شدد	مضاعف	-	N	أَفَعّ
59:14:10	وري	لفيف	-	N	فَعَاء
59:14:14	شدد	مضاعف	-	N	فَعِيل
59:14:18	شتت	مضاعف	-	N	فَعَّى
59:15:6	ذوق	أجوف	-	V	فَاقُعا
59:16:11	برا	صحيح سالم	2	N	فَعِيء
59:16:14	خوف	أجوف	-	V	أَفَاف
59:16:16	ربب	مضاعف	-	N	فَعّ
59:16:4	قول	أجوف	-	V	فَال
59:16:9	قول	أجوف	-	V	فَال
59:17:1	كون	أجوف	-	V	فَان
59:17:5	نور	أجوف	-	N	فَار
59:17:9	جزي	ناقص	-	N	فَعَاء
59:18:10	غدو	ناقص	-	N	فَع
59:18:11	وقي	لفيف	-	V	اتَّقُفا
59:18:4	وقي	لفيف	-	V	اتَّقُفا
59:19:4	نسي	ناقص	-	V	فَعُوا
59:19:6	نسي	ناقص	-	V	أَفْعَاهُمْ
59:1:10	عزز	مضاعف	-	N	فَعِيل
59:1:2	اله	صحيح سالم	0	PN	لَّه
59:20:10	فوز	أجوف	-	N	فَائِزُعن
59:20:4	نور	أجوف	-	N	فَار
59:20:6	جنن	مضاعف	-	PN	فَعَّة
59:20:8	جنن	مضاعف	-	PN	فَعَّة
59:21:16	نوس	أجوف	-	N	فَّاس
59:23:11	امن	صحيح سالم	0	ADJ	مُؤْمِن
59:23:13	عزز	مضاعف	-	ADJ	فَعِيل
59:24:16	عزز	مضاعف	-	N	فَعِيل
59:24:4	برا	صحيح سالم	2	ADJ	فَاعِئ
59:24:7	سمو	ناقص	-	N	أَفْعَاء
59:2:10	دور	أجوف	-	N	فِيَارِهِمْ
59:2:14	ظنن	مضاعف	-	V	فَعَلْتُمْ
59:2:17	ظنن	مضاعف	-	V	فَعُّوا
59:2:23	اتي	ناقص	0	V	فَعَاهُمُ
59:2:37	امن	صحيح سالم	0	N	مُؤْمِنِين
59:3:14	نور	أجوف	-	N	فَار
59:3:6	جلو	ناقص	-	N	فَعَاء
59:3:9	دنو	ناقص	-	N	فُعْيَا
59:4:11	شدد	مضاعف	-	N	فَعِيل
59:4:3	شقق	مضاعف	-	V	فَاعُّوا
59:4:7	شقق	مضاعف	-	V	يُفَاعّ
59:5:7	قوم	أجوف	-	N	فَائِمَة
59:6:2	فيا	أجوف	2	V	أَفَاء
59:6:20	شيا	أجوف	2	V	يَفَاء
59:6:23	كلل	مضاعف	-	N	فُعّ
59:6:24	شيا	أجوف	2	N	فَعْء
59:7:15	بني	ناقص	-	N	افْع
59:7:2	فيا	أجوف	2	V	أَفَاء
59:7:25	اتي	ناقص	0	V	فعَاكُمُ
59:7:27	اخذ	صحيح سالم	0	V	خُذُوهُ
59:7:29	نهي	ناقص	-	V	فَعَاكُمْ
59:7:31	نهي	ناقص	-	V	افْتَعُوا
59:7:32	وقي	لفيف	-	V	اتَّقُفا
59:7:36	شدد	مضاعف	-	N	فَعِيل
59:7:9	اله	صحيح سالم	0	PN	لَّه
59:8:6	دور	أجوف	-	N	فِيَارِهِمْ
59:8:8	بغي	ناقص	-	V	يَفْتَعُونَ
59:9:12	وجد	مثال	-	V	يَجِدُفنَ
59:9:15	حوج	أجوف	-	N	فَاجَة
59:9:17	اتي	ناقص	0	V	فُوعُوا
59:9:18	اثر	صحيح سالم	0	V	يُؤْثِرُونَ
59:9:22	كون	أجوف	-	V	فَان
59:9:24	خصص	مضاعف	-	N	فَعَالَة
59:9:26	وقي	لفيف	-	V	يُفع
59:9:27	شحح	مضاعف	-	N	فُعّ
59:9:3	دور	أجوف	-	N	فَار
59:9:7	حبب	مضاعف	-	V	يُفِعُّونَ
5:100:1	قول	أجوف	-	V	فُل
5:100:10	وقي	لفيف	-	V	اتَّقُفا
5:100:13	لبب	مضاعف	-	N	أَفْعَال
5:101:11	سوا	أجوف	2	V	تَفُؤْكُمْ
5:101:18	بدو	ناقص	-	V	تُفْع
5:101:20	عفو	ناقص	-	V	فَعَا
5:101:9	بدو	ناقص	-	V	تُفْع
5:103:11	حمي	ناقص	-	N	فَاع
5:103:15	فري	ناقص	-	V	يَفْتَعُونَ
5:103:7	سيب	أجوف	-	N	فَائِبَة
5:104:11	قول	أجوف	-	V	فَالُعا
5:104:16	ابو	ناقص	0	N	فعَاءَنَا
5:104:18	كون	أجوف	-	V	فَان
5:104:19	ابو	ناقص	0	N	فعَاؤُهُمْ
5:104:2	قول	أجوف	-	V	فِيل
5:104:24	هدي	ناقص	-	V	يَفْتَعُونَ
5:105:16	نبا	صحيح سالم	2	V	يُفَعِّئُكُمْ
5:105:18	كون	أجوف	-	V	فُنْتُمْ
5:105:7	ضرر	مضاعف	-	V	يَفُعُّكُمْ
5:105:9	ضلل	مضاعف	-	V	فَعّ
5:106:12	ثني	ناقص	-	N	افْعَان
5:106:25	صوب	أجوف	-	V	أَفَابَتْكُمْ
5:106:26	صوب	أجوف	-	N	مُفِيبَة
5:106:31	صلو	ناقص	-	N	فَعَاة
5:106:35	ريب	أجوف	-	V	افْتَبْتُمْ
5:106:41	كون	أجوف	-	V	فَان
5:107:12	حقق	مضاعف	-	V	اسْتَفَعّ
5:107:18	حقق	مضاعف	-	N	أَفَعّ
5:107:22	عدو	ناقص	-	V	افْتَعَيْنَا
5:107:5	حقق	مضاعف	-	V	اسْتَفَعَّا
5:107:9	قوم	أجوف	-	N	مَفَامَهُمَا
5:108:11	ردد	مضاعف	-	V	تُفَعّ
5:108:15	وقي	لفيف	-	V	اتَّقُفا
5:108:2	دنو	ناقص	-	N	أَفْعَى
5:108:4	اتي	ناقص	0	V	يَفْعُوا
5:108:9	خوف	أجوف	-	V	يَفَافُعا
5:109:7	جوب	أجوف	-	V	أُفِبْتُمْ
5:109:8	قول	أجوف	-	V	فَالُعا
5:10:4	ايي	لفيف	0	N	فعَاتِنَا
5:110:17	نوس	أجوف	-	N	فَاس
5:110:2	قول	أجوف	-	V	فَال
5:110:31	هيا	أجوف	2	N	فَعْئَة
5:110:39	برا	صحيح سالم	2	V	تُفْعِئ
5:110:48	كفف	مضاعف	-	V	فَعَلْتُ
5:110:5	بني	ناقص	-	N	افْع
5:110:53	جيا	أجوف	2	V	فِئْتَهُمْ
5:110:55	قول	أجوف	-	V	فَال
5:111:9	قول	أجوف	-	V	فَالُعا
5:112:13	ميد	أجوف	-	N	فَائِدَة
5:112:15	سمو	ناقص	-	N	فَعَاء
5:112:16	قول	أجوف	-	V	فَال
5:112:17	وقي	لفيف	-	V	اتَّقُفا
5:112:2	قول	أجوف	-	V	فَال
5:112:20	كون	أجوف	-	V	فُنْتُمْ
5:112:21	امن	صحيح سالم	0	N	مُؤْمِنِين
5:112:5	بني	ناقص	-	N	افْع
5:112:8	طوع	أجوف	-	V	يَسْتَفِيع
5:112:9	ربب	مضاعف	-	N	فَعُّكَ
5:113:1	قول	أجوف	-	V	فَالُعا
5:113:2	رود	أجوف	-	V	نُفِيد
5:114:1	قول	أجوف	-	V	فَال
5:114:11	سمو	ناقص	-	N	فَعَاء
5:114:14	عود	أجوف	-	N	فِيدًا
5:114:17	ايي	لفيف	0	N	فعَة
5:114:3	بني	ناقص	-	N	افْع
5:114:6	ربب	مضاعف	-	N	فَعَّنَا
5:114:9	ميد	أجوف	-	N	فَائِدَة
5:115:1	قول	أجوف	-	V	فَال
5:116:11	امم	مضاعف	0	N	فُعِّيَ
5:116:16	قول	أجوف	-	V	فَال
5:116:2	قول	أجوف	-	V	فَال
5:116:26	حقق	مضاعف	-	N	فَعّ
5:116:28	كون	أجوف	-	V	فُنْتُ
5:116:29	قول	أجوف	-	V	فُلْتُهُ
5:116:5	بني	ناقص	-	N	افْع
5:116:8	قول	أجوف	-	V	فُلْتَ
5:116:9	نوس	أجوف	-	N	فَّاس
5:117:11	ربب	مضاعف	-	N	فَعِّي
5:117:12	ربب	مضاعف	-	N	فَعَّكُمْ
5:117:13	كون	أجوف	-	V	فُنْتُ
5:117:17	دوم	أجوف	-	V	فُمْتُ
5:117:2	قول	أجوف	-	V	فُلْتُ
5:117:21	كون	أجوف	-	V	فُنْتَ
5:117:27	كلل	مضاعف	-	N	فُعّ
5:117:28	شيا	أجوف	2	N	فَعْء
5:118:10	عزز	مضاعف	-	N	فَعِيل
5:119:1	قول	أجوف	-	V	فَال
5:119:17	رضو	ناقص	-	V	فَعِي
5:119:9	جنن	مضاعف	-	N	فَعَّات
5:11:15	كفف	مضاعف	-	V	فَعّ
5:11:18	وقي	لفيف	-	V	اتَّقُفا
5:11:23	امن	صحيح سالم	0	N	مُؤْمِنُون
5:11:9	همم	مضاعف	-	V	فَعّ
5:120:1	اله	صحيح سالم	0	PN	لَّه
5:120:10	شيا	أجوف	2	N	فَعْء
5:120:9	كلل	مضاعف	-	N	فُعّ
5:12:12	قول	أجوف	-	V	فَال
5:12:17	قوم	أجوف	-	V	أَفَمْتُمُ
5:12:18	صلو	ناقص	-	N	فَعَاة
5:12:20	زكو	ناقص	-	N	فَعَاة
5:12:30	سوا	أجوف	2	N	فَيِّئَاتِكُمْ
5:12:32	جنن	مضاعف	-	N	فَعَّات
5:12:4	وثق	مثال	-	N	مِيثَاق
5:12:43	ضلل	مضاعف	-	V	فَعّ
5:12:44	سوي	لفيف	-	N	فَعَاء
5:13:12	نسي	ناقص	-	V	فَعُوا
5:13:13	حظظ	مضاعف	-	N	فَعًّا
5:13:18	زيل	أجوف	-	V	تَفَال
5:13:21	خون	أجوف	-	N	فَائِنَة
5:13:24	قلل	مضاعف	-	N	فَعِيلًا
5:13:26	عفو	ناقص	-	V	افْع
5:13:3	وثق	مثال	-	N	مِيثَاقَهُمْ
5:13:31	حبب	مضاعف	-	V	يُفِعّ
5:13:7	قسو	ناقص	-	N	فَاعِيَة
5:14:13	غرو	ناقص	-	V	أَفْعَيْنَا
5:14:19	قوم	أجوف	-	N	فِيَامَة
5:14:21	نبا	صحيح سالم	2	V	يُفَعِّئُهُمُ
5:14:24	كون	أجوف	-	V	فَانُعا
5:14:3	قول	أجوف	-	V	فَالُعا
5:14:7	وثق	مثال	-	N	مِيثَاقَهُمْ
5:14:8	نسي	ناقص	-	V	فَعُوا
5:14:9	حظظ	مضاعف	-	N	فَعًّا
5:15:10	كون	أجوف	-	V	فُنْتُمْ
5:15:11	خفي	ناقص	-	V	تُفْعُونَ
5:15:18	جيا	أجوف	2	V	فَاءَكُمْ
5:15:4	جيا	أجوف	2	V	فَاءَكُمْ
5:16:18	قوم	أجوف	-	ADJ	مُسْتَفِيم
5:17:11	قول	أجوف	-	V	فُل
5:17:18	رود	أجوف	-	V	أَفَاد
5:17:22	بني	ناقص	-	N	افْع
5:17:24	امم	مضاعف	0	N	فُعَّهُ
5:17:29	اله	صحيح سالم	0	PN	لَّه
5:17:37	شيا	أجوف	2	V	يَفَاء
5:17:4	قول	أجوف	-	V	فَالُعا
5:17:40	كلل	مضاعف	-	N	فُعّ
5:17:41	شيا	أجوف	2	N	فَعْء
5:17:9	بني	ناقص	-	N	افْع
5:18:1	قول	أجوف	-	V	فَالَت
5:18:19	شيا	أجوف	2	V	يَفَاء
5:18:22	شيا	أجوف	2	V	يَفَاء
5:18:23	اله	صحيح سالم	0	PN	لَّه
5:18:5	بني	ناقص	-	N	أَفْعَاء
5:18:7	حبب	مضاعف	-	N	أَفِعَّاؤُهُ
5:18:8	قول	أجوف	-	V	فُل
5:19:15	جيا	أجوف	2	V	فَاءَنَا
5:19:21	جيا	أجوف	2	V	فَاءَكُمْ
5:19:26	كلل	مضاعف	-	N	فُعّ
5:19:27	شيا	أجوف	2	N	فَعْء
5:19:4	جيا	أجوف	2	V	فَاءَكُمْ
5:1:12	تلو	ناقص	-	V	يُفْعَى
5:1:15	حلل	مضاعف	-	N	مُفِعِّي
5:1:23	رود	أجوف	-	V	يُفِيد
5:1:4	وفي	لفيف	-	V	أَفْعُوا
5:1:6	حلل	مضاعف	-	V	أُفِعَّت
5:20:16	اتي	ناقص	0	V	فعَاكُمْ
5:20:19	اتي	ناقص	0	V	يُؤْت
5:20:2	قول	أجوف	-	V	فَال
5:21:10	ردد	مضاعف	-	V	تَفْتَعُّوا
5:22:1	قول	أجوف	-	V	فَالُعا
5:23:1	قول	أجوف	-	V	فَال
5:23:11	بوب	أجوف	-	N	فَاب
5:23:20	كون	أجوف	-	V	فُنْتُمْ
5:23:21	امن	صحيح سالم	0	N	مُؤْمِنِين
5:23:5	خوف	أجوف	-	V	يَفَافُعنَ
5:24:1	قول	أجوف	-	V	فَالُعا
5:24:12	ربب	مضاعف	-	N	فَعُّكَ
5:24:8	دوم	أجوف	-	V	فَامُعا
5:25:1	قول	أجوف	-	V	فَال
5:25:2	ربب	مضاعف	-	N	فَعِّ
5:25:8	اخو	ناقص	0	N	فَعِي
5:26:1	قول	أجوف	-	V	فَال
5:26:11	اسو	ناقص	0	V	تَفْع
5:26:6	سنو	ناقص	-	N	فَعَة
5:27:1	تلو	ناقص	-	V	افْع
5:27:17	قول	أجوف	-	V	فَال
5:27:19	قول	أجوف	-	V	فَال
5:27:24	وقي	لفيف	-	N	مُتَّقِين
5:27:6	حقق	مضاعف	-	N	فَعّ
5:28:13	خوف	أجوف	-	V	أَفَاف
5:28:15	ربب	مضاعف	-	N	فَعّ
5:28:4	يدي	لفيف	-	N	فَعَكَ
5:29:10	نور	أجوف	-	N	فَار
5:29:12	جزي	ناقص	-	N	فَعَاء
5:29:2	رود	أجوف	-	V	أُفِيد
5:29:4	بوا	أجوف	2	V	تَفُعء
5:2:16	امم	مضاعف	0	N	فعِّين
5:2:19	بغي	ناقص	-	V	يَفْتَعُونَ
5:2:22	ربب	مضاعف	-	N	فَعِّهِمْ
5:2:25	حلل	مضاعف	-	V	فَعَلْتُمْ
5:2:26	صيد	أجوف	-	V	افْطَادُوا
5:2:32	صدد	مضاعف	-	V	فَعُّوكُمْ
5:2:40	برر	مضاعف	-	N	فِعّ
5:2:41	وقي	لفيف	-	N	تَقْفَى
5:2:47	وقي	لفيف	-	V	اتَّقُفا
5:2:5	حلل	مضاعف	-	V	تُفِعُّوا
5:2:51	شدد	مضاعف	-	N	فَعِيل
5:30:5	اخو	ناقص	0	N	فَعِيهِ
5:31:10	سوا	أجوف	2	N	فَعْءَة
5:31:11	اخو	ناقص	0	N	فَعِيهِ
5:31:12	قول	أجوف	-	V	فَال
5:31:21	سوا	أجوف	2	N	فَعْءَة
5:31:22	اخو	ناقص	0	N	فَعِي
5:31:7	راي	ناقص	1	V	يُفِيَهُ
5:32:20	نوس	أجوف	-	N	فَاس
5:32:23	حيي	لفيف	-	V	أَفْعَاهَا
5:32:25	حيي	لفيف	-	V	أَفْعَا
5:32:26	نوس	أجوف	-	N	فَاس
5:32:29	جيا	أجوف	2	V	فَاءَتْهُمْ
5:33:2	جزي	ناقص	-	N	فَعَاء
5:33:22	نفي	ناقص	-	V	يُفْعَوْا
5:33:29	دنو	ناقص	-	N	فُعْيَا
5:33:7	سعي	ناقص	-	V	يَفْعَوْنَ
5:34:3	توب	أجوف	-	V	فَابُعا
5:35:4	وقي	لفيف	-	V	اتَّقُفا
5:35:6	بغي	ناقص	-	V	افْتَعُوا
5:36:13	فدي	ناقص	-	V	يَفْتَعُوا
5:36:18	قوم	أجوف	-	N	فِيَامَة
5:37:1	رود	أجوف	-	V	يُفِيدُعنَ
5:37:12	قوم	أجوف	-	ADJ	مُفِيم
5:37:5	نور	أجوف	-	N	فَار
5:38:12	عزز	مضاعف	-	N	فَعِيل
5:38:5	جزي	ناقص	-	N	فَعَاء
5:39:2	توب	أجوف	-	V	فَاب
5:3:21	ذكو	ناقص	-	V	فَعَّيْتُمْ
5:3:3	موت	أجوف	-	N	فَيْتَة
5:3:32	ياس	مثال	1	V	فَئِس
5:3:38	خشي	ناقص	-	V	تَفْعَوْهُمْ
5:3:39	خشي	ناقص	-	V	افْعَوْنِ
5:3:4	دمو	ناقص	-	N	فَع
5:3:44	تمم	مضاعف	-	V	أَفْعَلْتُ
5:3:47	رضو	ناقص	-	V	فَعِيتُ
5:3:52	ضرر	مضاعف	-	V	افْطُعّ
5:3:8	هلل	مضاعف	-	V	أُفِعّ
5:40:11	شيا	أجوف	2	V	يَفَاء
5:40:14	شيا	أجوف	2	V	يَفَاء
5:40:17	كلل	مضاعف	-	N	فُعّ
5:40:18	شيا	أجوف	2	N	فَعْء
5:41:11	قول	أجوف	-	V	فَالُعا
5:41:15	امن	صحيح سالم	0	V	تُؤْمِن
5:41:19	هود	أجوف	-	V	فَادُعا
5:41:26	اتي	ناقص	0	V	يَفْعُوكَ
5:41:36	اخذ	صحيح سالم	0	V	خُذُوهُ
5:41:39	اتي	ناقص	0	V	تُؤْتَوْهُ
5:41:42	رود	أجوف	-	V	يُفِد
5:41:54	رود	أجوف	-	V	يُفِد
5:41:61	دنو	ناقص	-	N	فُعْيَا
5:42:16	ضرر	مضاعف	-	V	يَفُعُّوكَ
5:42:25	حبب	مضاعف	-	V	يُفِعّ
5:42:6	جيا	أجوف	2	V	فَاءُوكَ
5:43:15	امن	صحيح سالم	0	N	مُؤْمِنِين
5:43:9	ولي	لفيف	-	V	يَتَفَعَّوْنَ
5:44:13	هود	أجوف	-	V	فَادُعا
5:44:14	ربب	مضاعف	-	N	فَعَّانِيُّون
5:44:21	كون	أجوف	-	V	فَانُعا
5:44:25	خشي	ناقص	-	V	تَفْعَوُا
5:44:26	نوس	أجوف	-	N	فَاس
5:44:27	خشي	ناقص	-	V	افْعَوْنِ
5:44:29	شري	ناقص	-	V	تَفْتَعُوا
5:44:30	ايي	لفيف	0	N	فعَاتِل
5:44:32	قلل	مضاعف	-	ADJ	فَعِيلًا
5:44:9	نبا	صحيح سالم	2	N	فَعِيُّون
5:45:13	سنن	مضاعف	-	N	فِعّ
5:45:14	سنن	مضاعف	-	N	فِعّ
5:45:16	قصص	مضاعف	-	N	فِعَال
5:46:1	قفو	ناقص	-	V	فَعَّيْنَا
5:46:26	وقي	لفيف	-	N	مُتَّقِين
5:46:5	بني	ناقص	-	N	افْع
5:48:20	هوي	لفيف	-	N	أَفْعَاءَهُمْ
5:48:22	جيا	أجوف	2	V	فَاءَكَ
5:48:24	حقق	مضاعف	-	N	فَعّ
5:48:25	كلل	مضاعف	-	N	فُعّ
5:48:31	شيا	أجوف	2	V	فَاء
5:48:34	امم	مضاعف	0	N	فُعَّة
5:48:4	حقق	مضاعف	-	N	فَعّ
5:48:40	اتي	ناقص	0	V	فعَاكُمْ
5:48:47	نبا	صحيح سالم	2	V	يُفَعِّئُكُمْ
5:48:49	كون	أجوف	-	V	فُنْتُمْ
5:49:20	ولي	لفيف	-	V	تَفَعَّوْا
5:49:23	رود	أجوف	-	V	يُفِيد
5:49:26	صوب	أجوف	-	V	يُفِيبَهُمْ
5:49:32	نوس	أجوف	-	N	فَاس
5:49:9	هوي	لفيف	-	N	أَفْعَاءَهُمْ
5:4:18	اكل	صحيح سالم	0	V	كُلُوف
5:4:23	سمو	ناقص	-	N	افْع
5:4:26	وقي	لفيف	-	V	اتَّقُفا
5:4:3	حلل	مضاعف	-	V	أُفِعّ
5:4:5	قول	أجوف	-	V	فُل
5:4:6	حلل	مضاعف	-	V	أُفِعّ
5:50:3	بغي	ناقص	-	V	يَفْعُونَ
5:51:13	ولي	لفيف	-	V	يَتَفَعَّهُمْ
5:51:5	اخذ	صحيح سالم	0	V	تَتَّخِذُوف
5:52:1	راي	ناقص	1	V	تَفَى
5:52:11	صوب	أجوف	-	V	تُفِيبَنَا
5:52:12	دور	أجوف	-	N	فَائِرَة
5:52:25	سرر	مضاعف	-	V	أَفَعُّوا
5:54:13	حبب	مضاعف	-	V	يُفِعُّهُمْ
5:54:14	حبب	مضاعف	-	V	يُفِعُّونَهُ
5:54:15	ذلل	مضاعف	-	ADJ	أَفِعَّة
5:54:17	امن	صحيح سالم	0	N	مُؤْمِنِين
5:54:18	عزز	مضاعف	-	ADJ	أَفِعَّة
5:54:26	خوف	أجوف	-	V	يَفَافُعنَ
5:54:28	لوم	أجوف	-	N	فَائِم
5:54:32	اتي	ناقص	0	V	يُؤْتِيهِ
5:54:34	شيا	أجوف	2	V	يَفَاء
5:54:5	ردد	مضاعف	-	V	يَفْتَعّ
5:55:10	اتي	ناقص	0	V	يُؤْتُونَ
5:55:11	زكو	ناقص	-	N	فَعَاة
5:55:8	قوم	أجوف	-	V	يُفِيمُعنَ
5:55:9	صلو	ناقص	-	N	فَعَاة
5:56:2	ولي	لفيف	-	V	يَتَفَعّ
5:57:13	اتي	ناقص	0	V	فُوعُوا
5:57:19	وقي	لفيف	-	V	اتَّقُفا
5:57:22	كون	أجوف	-	V	فُنْتُمْ
5:57:23	امن	صحيح سالم	0	N	مُؤْمِنِين
5:57:5	اخذ	صحيح سالم	0	V	تَتَّخِذُوف
5:58:2	ندو	ناقص	-	V	فَاعَيْتُمْ
5:58:4	صلو	ناقص	-	N	فَعَاة
5:59:1	قول	أجوف	-	V	فُل
5:5:12	حلل	مضاعف	-	N	فِعّ
5:5:16	امن	صحيح سالم	0	N	مُؤْمِنَفت
5:5:2	حلل	مضاعف	-	V	أُفِعّ
5:5:20	اتي	ناقص	0	V	فُوعُوا
5:5:31	اخذ	صحيح سالم	0	N	مُتَّخِذِي
5:5:7	اتي	ناقص	0	V	فُوعُوا
5:5:9	حلل	مضاعف	-	N	فِعّ
5:60:1	قول	أجوف	-	V	فُل
5:60:20	طغي	ناقص	-	N	فَاعُوت
5:60:22	شرر	مضاعف	-	N	فَعّ
5:60:23	كون	أجوف	-	N	مَفَانًا
5:60:24	ضلل	مضاعف	-	N	أَفَعّ
5:60:26	سوي	لفيف	-	N	فَعَاء
5:60:3	نبا	صحيح سالم	2	V	أُفَعِّئُكُمْ
5:60:4	شرر	مضاعف	-	N	فَعّ
5:61:15	كون	أجوف	-	V	فَانُعا
5:61:2	جيا	أجوف	2	V	فَاءُوكُمْ
5:61:3	قول	أجوف	-	V	فَالُعا
5:62:1	راي	ناقص	1	V	تَفَى
5:62:10	باس	صحيح سالم	1	V	فِئْس
5:62:12	كون	أجوف	-	V	فَانُعا
5:63:10	باس	صحيح سالم	1	V	فِئْس
5:63:12	كون	أجوف	-	V	فَانُعا
5:63:2	نهي	ناقص	-	V	يَفْعَاهُمُ
5:63:3	ربب	مضاعف	-	N	فَعَّانِيُّون
5:64:1	قول	أجوف	-	V	فَالَت
5:64:10	قول	أجوف	-	V	فَالُعا
5:64:12	يدي	لفيف	-	N	فَعَاهُ
5:64:16	شيا	أجوف	2	V	يَفَاء
5:64:24	ربب	مضاعف	-	N	فَعِّكَ
5:64:3	يدي	لفيف	-	N	فَع
5:64:33	قوم	أجوف	-	N	فِيَامَة
5:64:34	كلل	مضاعف	-	T	فُعَّمَا
5:64:36	نور	أجوف	-	N	فَارًا
5:64:40	سعي	ناقص	-	V	يَفْعَوْنَ
5:64:46	حبب	مضاعف	-	V	يُفِعّ
5:64:5	غلل	مضاعف	-	N	مَفْعُولَة
5:64:6	غلل	مضاعف	-	V	فُعَّت
5:65:11	جنن	مضاعف	-	N	فَعَّات
5:65:6	وقي	لفيف	-	V	اتَّقَفْا
5:65:9	سوا	أجوف	2	N	فَيِّئَاتِهِمْ
5:66:10	ربب	مضاعف	-	N	فَعِّهِمْ
5:66:18	امم	مضاعف	0	N	فُعَّة
5:66:22	سوا	أجوف	2	V	فَاء
5:66:3	قوم	أجوف	-	V	أَفَامُعا
5:67:18	نوس	أجوف	-	N	فَاس
5:67:8	ربب	مضاعف	-	N	فَعِّكَ
5:68:1	قول	أجوف	-	V	فُل
5:68:15	ربب	مضاعف	-	N	فَعِّكُمْ
5:68:23	ربب	مضاعف	-	N	فَعِّكَ
5:68:27	اسو	ناقص	0	V	تَفْع
5:68:4	ليس	أجوف	-	V	فَسْتُمْ
5:68:6	شيا	أجوف	2	N	فَعْء
5:68:8	قوم	أجوف	-	V	تُفِيمُعا
5:69:5	هود	أجوف	-	V	فَادُعا
5:69:6	صبا	صحيح سالم	2	PN	فَاعِئُون
5:6:14	راس	صحيح سالم	1	N	فُءُوسِكُمْ
5:6:19	كون	أجوف	-	V	فُنْتُمْ
5:6:23	كون	أجوف	-	V	فُنْتُمْ
5:6:29	جيا	أجوف	2	V	فَاء
5:6:33	غوط	أجوف	-	N	فَائِط
5:6:36	نسو	ناقص	-	N	فِعَاء
5:6:38	وجد	مثال	-	V	تَجِدُفا
5:6:39	موه	أجوف	-	N	فَاء
5:6:40	يمم	مضاعف	-	V	تَفَعَّلُوا
5:6:48	رود	أجوف	-	V	يُفِيد
5:6:5	قوم	أجوف	-	V	فُمْتُمْ
5:6:55	رود	أجوف	-	V	يُفِيد
5:6:57	تمم	مضاعف	-	V	يُفِعّ
5:6:7	صلو	ناقص	-	N	فَعَاة
5:70:10	جيا	أجوف	2	V	فَاءَهُمْ
5:70:3	وثق	مثال	-	N	مِيثَاق
5:70:9	كلل	مضاعف	-	T	فُعَّمَا
5:71:12	عمي	ناقص	-	V	فَعُوا
5:71:13	صمم	مضاعف	-	V	فَعُّوا
5:71:5	عمي	ناقص	-	V	فَعُوا
5:71:6	صمم	مضاعف	-	V	فَعُّوا
5:71:8	توب	أجوف	-	V	فَاب
5:72:11	قول	أجوف	-	V	فَال
5:72:17	ربب	مضاعف	-	N	فَعِّي
5:72:18	ربب	مضاعف	-	N	فَعَّكُمْ
5:72:27	جنن	مضاعف	-	PN	فَعَّة
5:72:28	اوي	لفيف	0	N	مَفْعَاهُ
5:72:29	نور	أجوف	-	N	فَار
5:72:4	قول	أجوف	-	V	فَالُعا
5:72:9	بني	ناقص	-	N	افْع
5:73:17	نهي	ناقص	-	V	يَفْتَعُوا
5:73:20	مسس	مضاعف	-	V	يَفَعَّنَّ
5:73:4	قول	أجوف	-	V	فَالُعا
5:75:12	امم	مضاعف	0	N	فُعُّهُ
5:75:14	كون	أجوف	-	V	فَانَا
5:75:21	ايي	لفيف	0	N	فعَات
5:75:25	افك	صحيح سالم	0	V	يُؤْفَكُونَ
5:75:3	بني	ناقص	-	N	افْع
5:75:8	خلو	ناقص	-	V	فَعَت
5:76:1	قول	أجوف	-	V	فُل
5:76:10	ضرر	مضاعف	-	N	فَعًّا
5:77:1	قول	أجوف	-	V	فُل
5:77:12	هوي	لفيف	-	N	أَفْعَاء
5:77:15	ضلل	مضاعف	-	V	فَعُّوا
5:77:18	ضلل	مضاعف	-	V	أَفَعُّوا
5:77:20	ضلل	مضاعف	-	V	فَعُّوا
5:77:22	سوي	لفيف	-	N	فَعَاء
5:77:9	حقق	مضاعف	-	N	فَعّ
5:78:11	بني	ناقص	-	N	افْع
5:78:15	عصي	ناقص	-	V	فَعَوْا
5:78:16	كون	أجوف	-	V	فَانُعا
5:79:1	كون	أجوف	-	V	فَانُعا
5:79:3	نهي	ناقص	-	V	يَتَفَاعَوْنَ
5:79:7	باس	صحيح سالم	1	V	فِئْس
5:79:9	كون	أجوف	-	V	فَانُعا
5:7:10	قول	أجوف	-	V	فُلْتُمْ
5:7:12	طوع	أجوف	-	V	أَفَعْنَا
5:7:13	وقي	لفيف	-	V	اتَّقُفا
5:7:5	وثق	مثال	-	N	مِيثَاقَهُ
5:80:1	راي	ناقص	1	V	تَفَى
5:80:4	ولي	لفيف	-	V	يَتَفَعَّوْنَ
5:80:7	باس	صحيح سالم	1	V	فِئْس
5:81:2	كون	أجوف	-	V	فَانُعا
5:81:3	امن	صحيح سالم	0	V	يُؤْمِنُونَ
5:81:5	نبا	صحيح سالم	2	N	فَعِيّ
5:82:1	وجد	مثال	-	V	تَجِدَنَّ
5:82:10	وجد	مثال	-	V	تَجِدَنَّ
5:82:12	ودد	مضاعف	-	N	مَفَعَّة
5:82:16	قول	أجوف	-	V	فَالُعا
5:82:2	شدد	مضاعف	-	N	أَفَعّ
5:82:22	قسس	مضاعف	-	N	فِعِّيلِين
5:82:3	نوس	أجوف	-	N	فَاس
5:83:15	حقق	مضاعف	-	N	فَعّ
5:83:17	ربب	مضاعف	-	N	فَعَّنَا
5:83:7	راي	ناقص	1	V	تَفَى
5:84:13	ربب	مضاعف	-	N	فَعُّنَا
5:84:4	امن	صحيح سالم	0	V	نُؤْمِن
5:84:7	جيا	أجوف	2	V	فَاءَنَا
5:84:9	حقق	مضاعف	-	N	فَعّ
5:85:1	ثوب	أجوف	-	V	أَفَابَهُمُ
5:85:13	جزي	ناقص	-	N	فَعَاء
5:85:4	قول	أجوف	-	V	فَالُعا
5:85:5	جنن	مضاعف	-	N	فَعَّات
5:86:4	ايي	لفيف	0	N	فعَاتِنَا
5:87:16	حبب	مضاعف	-	V	يُفِعّ
5:87:17	عدو	ناقص	-	N	مُفْتَعِين
5:87:8	حلل	مضاعف	-	V	أَفَعّ
5:88:1	اكل	صحيح سالم	0	V	كُلُوف
5:88:12	امن	صحيح سالم	0	N	مُؤْمِنُون
5:88:5	حلل	مضاعف	-	N	فَعَالًا
5:88:7	وقي	لفيف	-	V	اتَّقُفا
5:89:24	حرر	مضاعف	-	N	تَفْعِيل
5:89:28	وجد	مثال	-	V	يَجِد
5:89:29	صوم	أجوف	-	N	فِيَام
5:89:31	يوم	لفيف	-	N	أَفَّام
5:89:43	ايي	لفيف	0	N	فعَاتِهِ
5:8:19	وقي	لفيف	-	N	تَّقْفَى
5:8:20	وقي	لفيف	-	V	اتَّقُفا
5:8:6	اله	صحيح سالم	0	PN	لَّه
5:91:12	صدد	مضاعف	-	V	يَفُعَّكُمْ
5:91:17	صلو	ناقص	-	N	فَعَاة
5:91:2	رود	أجوف	-	V	يُفِيد
5:91:20	نهي	ناقص	-	N	مُفْتَعُون
5:92:1	طوع	أجوف	-	V	أَفِيعُعا
5:92:3	طوع	أجوف	-	V	أَفِيعُعا
5:93:12	وقي	لفيف	-	V	اتَّقَفْا
5:93:17	وقي	لفيف	-	V	اتَّقَفْا
5:93:20	وقي	لفيف	-	V	اتَّقَفْا
5:93:23	حبب	مضاعف	-	V	يُفِعّ
5:94:15	خوف	أجوف	-	V	يَفَافُهُ
5:94:18	عدو	ناقص	-	V	افْتَعَى
5:94:6	شيا	أجوف	2	N	فَعْء
5:94:9	نيل	أجوف	-	V	تَفَالُهُ
5:95:13	جزي	ناقص	-	N	فَعَاء
5:95:34	صوم	أجوف	-	N	فِيَامًا
5:95:38	عفو	ناقص	-	V	فَعَا
5:95:43	عود	أجوف	-	V	فَاد
5:95:48	عزز	مضاعف	-	N	فَعِيل
5:96:1	حلل	مضاعف	-	V	أُفِعّ
5:96:12	برر	مضاعف	-	N	فَعّ
5:96:14	دوم	أجوف	-	V	فُمْتُمْ
5:96:16	وقي	لفيف	-	V	اتَّقُفا
5:97:25	كلل	مضاعف	-	N	فُعّ
5:97:26	شيا	أجوف	2	N	فَعْء
5:97:6	قوم	أجوف	-	N	فِيَامًا
5:97:7	نوس	أجوف	-	N	فَّاس
5:98:4	شدد	مضاعف	-	N	فَعِيل
60:10:14	امن	صحيح سالم	0	N	مُؤْمِنَفت
60:10:21	حلل	مضاعف	-	N	فِعّ
60:10:25	حلل	مضاعف	-	V	يَفِعُّونَ
60:10:27	اتي	ناقص	0	V	فعُوهُمْ
60:10:5	جيا	أجوف	2	V	فَاءَكُمُ
60:10:6	امن	صحيح سالم	0	N	مُؤْمِنَفت
60:11:16	وقي	لفيف	-	V	اتَّقُفا
60:11:2	فوت	أجوف	-	V	فَاتَكُمْ
60:11:21	امن	صحيح سالم	0	N	مُؤْمِنُون
60:11:3	شيا	أجوف	2	N	فَعْء
60:11:9	اتي	ناقص	0	V	فعُوا
60:12:2	نبا	صحيح سالم	2	N	فَعِيّ
60:12:4	جيا	أجوف	2	V	فَاءَكَ
60:12:5	امن	صحيح سالم	0	N	مُؤْمِنَفت
60:13:11	ياس	مثال	1	V	فَئِسُوع
60:13:15	ياس	مثال	1	V	فَئِس
60:13:5	ولي	لفيف	-	V	تَتَفَعَّوْا
60:1:11	ودد	مضاعف	-	N	مَفَعَّة
60:1:15	جيا	أجوف	2	V	فَاءَكُمْ
60:1:17	حقق	مضاعف	-	N	فَعّ
60:1:22	امن	صحيح سالم	0	V	تُؤْمِنُوف
60:1:24	ربب	مضاعف	-	N	فَعِّكُمْ
60:1:26	كون	أجوف	-	V	فُنْتُمْ
60:1:31	بغي	ناقص	-	N	افْتِعَاء
60:1:32	رضو	ناقص	-	N	مَفْعَاتِي
60:1:33	سرر	مضاعف	-	V	تُفِعُّونَ
60:1:35	ودد	مضاعف	-	N	مَفَعَّة
60:1:46	ضلل	مضاعف	-	V	فَعّ
60:1:47	سوي	لفيف	-	N	فَعَاء
60:1:5	اخذ	صحيح سالم	0	V	تَتَّخِذُوف
60:1:9	لقي	ناقص	-	V	تُفْعُونَ
60:2:10	سوا	أجوف	2	N	فُعء
60:2:11	ودد	مضاعف	-	V	فَعُّوا
60:2:5	عدو	ناقص	-	N	أَفْعَاء
60:3:7	قوم	أجوف	-	N	فِيَامَة
60:4:11	قول	أجوف	-	V	فَالُعا
60:4:2	كون	أجوف	-	V	فَانَت
60:4:23	بدو	ناقص	-	V	فَعَا
60:4:30	امن	صحيح سالم	0	V	تُؤْمِنُوف
60:4:36	ابو	ناقص	0	N	فَعِيهِ
60:4:45	شيا	أجوف	2	N	فَعْء
60:4:46	ربب	مضاعف	-	N	فَعَّنَا
60:4:50	نوب	أجوف	-	V	أَفَبْنَا
60:5:1	ربب	مضاعف	-	N	فَعَّنَا
60:5:12	عزز	مضاعف	-	N	فَعِيل
60:5:9	ربب	مضاعف	-	N	فَعَّنَا
60:6:14	ولي	لفيف	-	V	يَتَفَعّ
60:6:2	كون	أجوف	-	V	فَان
60:6:8	كون	أجوف	-	V	فَان
60:7:10	ودد	مضاعف	-	N	مَفَعَّة
60:7:8	عدو	ناقص	-	V	فَاعَيْتُمْ
60:8:13	دور	أجوف	-	N	فِيَارِكُمْ
60:8:15	برر	مضاعف	-	V	تَفَعُّوهُمْ
60:8:2	نهي	ناقص	-	V	يَفْعَاكُمُ
60:8:20	حبب	مضاعف	-	V	يُفِعّ
60:9:11	دور	أجوف	-	N	فِيَارِكُمْ
60:9:16	ولي	لفيف	-	V	تَفَعَّوْهُمْ
60:9:18	ولي	لفيف	-	V	يَتَفَعَّهُمْ
60:9:2	نهي	ناقص	-	V	يَفْعَاكُمُ
61:10:5	دلل	مضاعف	-	V	أَفُعُّكُمْ
61:10:8	نجو	ناقص	-	V	تُفْعِيكُمْ
61:11:1	امن	صحيح سالم	0	V	تُؤْمِنُونَ
61:11:14	كون	أجوف	-	V	فُنْتُمْ
61:12:13	جنن	مضاعف	-	N	فَعَّات
61:12:5	جنن	مضاعف	-	N	فَعَّات
61:13:2	حبب	مضاعف	-	V	تُفِعُّونَهَا
61:13:9	امن	صحيح سالم	0	N	مُؤْمِنِين
61:14:10	بني	ناقص	-	N	افْع
61:14:17	قول	أجوف	-	V	فَال
61:14:23	طوف	أجوف	-	N	فَائِفَة
61:14:28	طوف	أجوف	-	N	فَائِفَة
61:14:8	قول	أجوف	-	V	فَال
61:1:10	عزز	مضاعف	-	N	فَعِيل
61:1:2	اله	صحيح سالم	0	PN	لَّه
61:4:11	رصص	مضاعف	-	ADJ	مَفْعُول
61:4:3	حبب	مضاعف	-	V	يُفِعّ
61:4:8	صفف	مضاعف	-	N	فَعًّا
61:5:15	زيغ	أجوف	-	V	فَاغُوا
61:5:16	زيغ	أجوف	-	V	أَفَاغ
61:5:2	قول	أجوف	-	V	فَال
61:5:7	اذي	ناقص	0	V	تُؤْذُونَنِي
61:6:2	قول	أجوف	-	V	فَال
61:6:23	سمو	ناقص	-	N	افْعُهُ
61:6:26	جيا	أجوف	2	V	فَاءَهُمْ
61:6:28	قول	أجوف	-	V	فَالُعا
61:6:4	بني	ناقص	-	N	افْع
61:7:9	دعو	ناقص	-	V	يُفْعَى
61:8:1	رود	أجوف	-	V	يُفِيدُعنَ
61:8:7	تمم	مضاعف	-	N	مُفِعّ
61:9:11	كلل	مضاعف	-	N	فُعِّهِ
61:9:7	حقق	مضاعف	-	N	فَعّ
62:10:3	صلو	ناقص	-	N	فَعَاة
62:10:7	بغي	ناقص	-	V	افْتَعُوا
62:11:10	قول	أجوف	-	V	فُل
62:11:2	راي	ناقص	1	V	فَعَوْا
62:11:6	فضض	مضاعف	-	V	انْفَعُّوا
62:11:9	قوم	أجوف	-	N	فَائِمًا
62:1:11	عزز	مضاعف	-	ADJ	فَعِيل
62:1:2	اله	صحيح سالم	0	PN	لَّه
62:2:10	ايي	لفيف	0	N	فعَاتِهِ
62:2:11	زكو	ناقص	-	V	يُفَعِّيهِمْ
62:2:16	كون	أجوف	-	V	فَانُعا
62:2:20	ضلل	مضاعف	-	N	فَعَال
62:2:5	امم	مضاعف	0	N	فُعِّيِّين
62:3:7	عزز	مضاعف	-	N	فَعِيل
62:4:4	اتي	ناقص	0	V	يُؤْتِيهِ
62:4:6	شيا	أجوف	2	V	يَفَاء
62:5:12	باس	صحيح سالم	1	V	فِئْس
62:5:17	ايي	لفيف	0	N	فعَات
62:6:1	قول	أجوف	-	V	فُل
62:6:12	نوس	أجوف	-	N	فَاس
62:6:13	مني	ناقص	-	V	تَفَعَّوُا
62:6:16	كون	أجوف	-	V	فُنْتُمْ
62:6:4	هود	أجوف	-	V	فَادُعا
62:6:9	اله	صحيح سالم	0	PN	لَّه
62:7:2	مني	ناقص	-	V	يَتَفَعَّوْنَهُ
62:8:1	قول	أجوف	-	V	فُل
62:8:10	ردد	مضاعف	-	V	تُفَعُّونَ
62:8:15	نبا	صحيح سالم	2	V	يُفَعِّئُكُمْ
62:8:17	كون	أجوف	-	V	فُنْتُمْ
62:8:5	فرر	مضاعف	-	V	تَفِعُّونَ
62:9:10	سعي	ناقص	-	V	افْعَوْا
62:9:14	وذر	مثال	-	V	ذَرُفا
62:9:20	كون	أجوف	-	V	فُنْتُمْ
62:9:5	ندو	ناقص	-	V	فُوعِي
62:9:6	صلو	ناقص	-	N	فَّعَاة
63:10:12	ربب	مضاعف	-	N	فَعِّ
63:10:19	كون	أجوف	-	V	أَفُن
63:11:2	اخر	صحيح سالم	0	V	يُؤَخِّر
63:11:6	جيا	أجوف	2	V	فَاء
63:1:2	جيا	أجوف	2	V	فَاءَكَ
63:1:4	قول	أجوف	-	V	فَالُعا
63:2:11	كون	أجوف	-	V	فَانُعا
63:2:3	جنن	مضاعف	-	N	فُعَّة
63:2:4	صدد	مضاعف	-	V	فَعُّوا
63:2:9	سوا	أجوف	2	V	فَاء
63:4:13	كلل	مضاعف	-	N	فُعّ
63:4:22	افك	صحيح سالم	0	V	يُؤْفَكُونَ
63:5:10	راس	صحيح سالم	1	N	فُءُوسَهُمْ
63:5:12	صدد	مضاعف	-	V	يَفُعُّونَ
63:5:2	قول	أجوف	-	V	فِيل
63:5:9	لوي	لفيف	-	V	فَعَّوْا
63:6:1	سوي	لفيف	-	N	فَعَاء
63:7:12	فضض	مضاعف	-	V	يَنْفَعُّوا
63:7:13	اله	صحيح سالم	0	PN	لَّه
63:8:10	اله	صحيح سالم	0	PN	لَّه
63:8:11	عزز	مضاعف	-	N	فِعَّة
63:8:13	امن	صحيح سالم	0	N	مُؤْمِنِين
63:8:7	عزز	مضاعف	-	N	أَفَعّ
63:8:9	ذلل	مضاعف	-	N	أَفَعّ
63:9:5	لهو	ناقص	-	V	تُفْعِكُمْ
64:10:10	باس	صحيح سالم	1	V	فِئْس
64:10:4	ايي	لفيف	0	N	فعَاتِنَا
64:10:7	نور	أجوف	-	N	فَار
64:11:11	هدي	ناقص	-	V	يَفْع
64:11:14	كلل	مضاعف	-	N	فُعّ
64:11:15	شيا	أجوف	2	N	فَعْء
64:11:2	صوب	أجوف	-	V	أَفَاب
64:11:4	صوب	أجوف	-	N	مُفِيبَة
64:11:9	امن	صحيح سالم	0	V	يُؤْمِن
64:12:1	طوع	أجوف	-	V	أَفِيعُعا
64:12:3	طوع	أجوف	-	V	أَفِيعُعا
64:13:9	امن	صحيح سالم	0	N	مُؤْمِنُون
64:16:1	وقي	لفيف	-	V	اتَّقُفا
64:16:11	وقي	لفيف	-	V	يُفع
64:16:12	شحح	مضاعف	-	N	فُعّ
64:16:4	طوع	أجوف	-	V	اسْتَفَعْتُمْ
64:16:6	طوع	أجوف	-	V	أَفِيعُعا
64:18:4	عزز	مضاعف	-	N	فَعِيل
64:1:15	كلل	مضاعف	-	N	فُعّ
64:1:16	شيا	أجوف	2	N	فَعْء
64:1:2	اله	صحيح سالم	0	PN	لَّه
64:2:7	امن	صحيح سالم	0	N	مُؤْمِن
64:3:4	حقق	مضاعف	-	N	فَعّ
64:4:8	سرر	مضاعف	-	V	تُفِعُّونَ
64:5:2	اتي	ناقص	0	V	يَفْعِكُمْ
64:5:8	ذوق	أجوف	-	V	فَاقُعا
64:6:11	ولي	لفيف	-	V	تَفَعَّوْا
64:6:3	كون	أجوف	-	V	فَانَت
64:6:7	قول	أجوف	-	V	فَالُعا
64:6:9	هدي	ناقص	-	V	يَفْعُونَنَا
64:7:12	نبا	صحيح سالم	2	V	تُفَعَّؤُنَّ
64:7:7	قول	أجوف	-	V	فُل
64:7:9	ربب	مضاعف	-	N	فَعِّي
64:9:15	سوا	أجوف	2	N	فَيِّئَاتِهِ
64:9:17	جنن	مضاعف	-	N	فَعَّات
64:9:9	امن	صحيح سالم	0	V	يُؤْمِن
65:10:1	عدد	مضاعف	-	V	أَفَعّ
65:10:5	شدد	مضاعف	-	ADJ	فَعِيلًا
65:10:6	وقي	لفيف	-	V	اتَّقُفا
65:10:9	لبب	مضاعف	-	N	أَفْعَال
65:11:17	امن	صحيح سالم	0	V	يُؤْمِن
65:11:22	جنن	مضاعف	-	N	فَعَّات
65:11:4	ايي	لفيف	0	N	فعَات
65:12:16	كلل	مضاعف	-	N	فُعّ
65:12:17	شيا	أجوف	2	N	فَعْء
65:12:22	حوط	أجوف	-	V	أَفَاط
65:12:23	كلل	مضاعف	-	N	فُعّ
65:12:24	شيا	أجوف	2	N	فَعْء
65:1:10	وقي	لفيف	-	V	اتَّقُفا
65:1:12	ربب	مضاعف	-	N	فَعَّكُمْ
65:1:2	نبا	صحيح سالم	2	N	فَعِيّ
65:1:25	حدد	مضاعف	-	N	فُعُول
65:1:28	عدو	ناقص	-	V	يَتَفَعّ
65:1:29	حدد	مضاعف	-	N	فُعُول
65:1:5	نسو	ناقص	-	N	فِعَاء
65:1:7	عدد	مضاعف	-	N	فِعَّتِهِنَّ
65:1:8	حصي	ناقص	-	V	أَفْعُوا
65:1:9	عدد	مضاعف	-	N	فِعَّة
65:2:13	قوم	أجوف	-	V	أَفِيمُعا
65:2:15	اله	صحيح سالم	0	PN	لَّه
65:2:20	كون	أجوف	-	V	فَان
65:2:21	امن	صحيح سالم	0	V	يُؤْمِن
65:2:26	وقي	لفيف	-	V	يَتَّق
65:3:19	كلل	مضاعف	-	N	فُعّ
65:3:20	شيا	أجوف	2	N	فَعْء
65:4:14	حيض	أجوف	-	V	يَفِضْنَ
65:4:19	وضع	مثال	-	V	يَضَعْنَ
65:4:2	ياس	مثال	1	V	فَئِسْنَ
65:4:22	وقي	لفيف	-	V	يَتَّق
65:4:6	نسو	ناقص	-	N	فِعَائِكُمْ
65:4:8	ريب	أجوف	-	V	افْتَبْتُمْ
65:4:9	عدد	مضاعف	-	N	فِعَّتُهُنَّ
65:5:11	سوا	أجوف	2	N	فَيِّئَاتِهِ
65:5:7	وقي	لفيف	-	V	يَتَّق
65:6:12	كون	أجوف	-	V	فُنَّ
65:6:18	وضع	مثال	-	V	يَضَعْنَ
65:6:23	اتي	ناقص	0	V	فعُوهُنَّ
65:6:8	ضرر	مضاعف	-	V	تُفَاعُّوهُنَّ
65:7:12	اتي	ناقص	0	V	فعَاهُ
65:7:20	اتي	ناقص	0	V	فعَاهَا
65:7:3	وسع	مثال	-	N	سَعَة
65:7:5	وسع	مثال	-	N	سَعَتِهِ
65:8:11	شدد	مضاعف	-	ADJ	فَعِيلًا
65:8:4	عتو	ناقص	-	V	فَعَت
65:8:7	ربب	مضاعف	-	N	فَعِّهَا
65:9:1	ذوق	أجوف	-	V	فَاقَت
65:9:4	كون	أجوف	-	V	فَان
66:10:10	كون	أجوف	-	V	فَانَتَا
66:10:16	خون	أجوف	-	V	فَانَتَاهُمَا
66:10:23	قول	أجوف	-	V	فِيل
66:10:25	نور	أجوف	-	N	فَار
66:11:10	ربب	مضاعف	-	N	فَعِّ
66:11:11	بني	ناقص	-	V	افْع
66:11:16	جنن	مضاعف	-	PN	فَعَّة
66:11:17	نجو	ناقص	-	V	فَعِّنِي
66:11:21	نجو	ناقص	-	V	فَعِّنِي
66:11:9	قول	أجوف	-	V	فَالَت
66:12:13	ربب	مضاعف	-	N	فَعِّهَا
66:12:15	كون	أجوف	-	V	فَانَت
66:12:2	بني	ناقص	-	N	افْعَت
66:1:10	رضو	ناقص	-	N	مَفْعَات
66:1:2	نبا	صحيح سالم	2	N	فَعِيّ
66:1:6	حلل	مضاعف	-	V	أَفَعّ
66:2:5	حلل	مضاعف	-	N	تَفِعَّة
66:2:8	ولي	لفيف	-	N	مَفْعَاكُمْ
66:3:2	سرر	مضاعف	-	V	أَفَعّ
66:3:22	قول	أجوف	-	V	فَالَت
66:3:26	قول	أجوف	-	V	فَال
66:3:3	نبا	صحيح سالم	2	N	فَعِيّ
66:4:14	ولي	لفيف	-	N	مَفْعَاهُ
66:4:17	امن	صحيح سالم	0	N	مُؤْمِنِين
66:4:6	صغو	ناقص	-	V	فَعَت
66:5:11	امن	صحيح سالم	0	ADJ	مُؤْمِنَفت
66:5:13	توب	أجوف	-	ADJ	فَائِبَات
66:5:15	سيح	أجوف	-	ADJ	فَائِحَات
66:5:2	ربب	مضاعف	-	N	فَعُّهُ
66:6:14	شدد	مضاعف	-	ADJ	فِعَال
66:6:16	عصي	ناقص	-	V	يَفْعُونَ
66:6:22	امر	صحيح سالم	0	V	يُؤْمَرُونَ
66:6:4	وقي	لفيف	-	V	قُفا
66:6:7	نور	أجوف	-	N	فَارًا
66:6:9	نوس	أجوف	-	N	فَاس
66:7:10	كون	أجوف	-	V	فُنْتُمْ
66:7:8	جزي	ناقص	-	V	تُفْعَوْنَ
66:8:10	ربب	مضاعف	-	N	فَعُّكُمْ
66:8:14	سوا	أجوف	2	N	فَيِّئَاتِكُمْ
66:8:16	جنن	مضاعف	-	N	فَعَّات
66:8:25	نبا	صحيح سالم	2	N	فَعِيّ
66:8:35	ربب	مضاعف	-	N	فَعَّنَا
66:8:36	تمم	مضاعف	-	V	أَفْعِل
66:8:43	كلل	مضاعف	-	N	فُعّ
66:8:44	شيا	أجوف	2	N	فَعْء
66:9:10	باس	صحيح سالم	1	V	فِئْس
66:9:2	نبا	صحيح سالم	2	N	فَعِيّ
66:9:8	اوي	لفيف	0	N	مَفْعَاهُمْ
67:10:1	قول	أجوف	-	V	فَالُعا
67:10:3	كون	أجوف	-	V	فُنَّا
67:10:8	كون	أجوف	-	V	فُنَّا
67:12:3	خشي	ناقص	-	V	يَفْعَوْنَ
67:12:4	ربب	مضاعف	-	N	فَعَّهُمْ
67:13:1	سرر	مضاعف	-	V	أَفِعُّوا
67:15:10	اكل	صحيح سالم	0	V	كُلُوف
67:15:6	ذلل	مضاعف	-	N	فَعُولًا
67:15:7	مشي	ناقص	-	V	افْعُوا
67:16:4	سمو	ناقص	-	N	فَعَاء
67:17:5	سمو	ناقص	-	N	فَعَاء
67:18:7	كون	أجوف	-	V	فَان
67:19:13	كلل	مضاعف	-	N	فُعّ
67:19:14	شيا	أجوف	2	N	فَعْء
67:19:2	راي	ناقص	1	V	يَفَوْع
67:19:6	صفف	مضاعف	-	N	فَاعَّات
67:1:3	يدي	لفيف	-	N	فَعِهِ
67:1:7	كلل	مضاعف	-	N	فُعّ
67:1:8	شيا	أجوف	2	N	فَعْء
67:20:15	غرر	مضاعف	-	N	فُعُول
67:21:9	لجج	مضاعف	-	V	فَعُّوا
67:22:12	قوم	أجوف	-	ADJ	مُسْتَفِيم
67:22:3	كبب	مضاعف	-	N	مُفِعًّا
67:23:1	قول	أجوف	-	V	فُل
67:23:10	قلل	مضاعف	-	ADJ	فَعِيلًا
67:23:9	فاد	صحيح سالم	1	N	أَفْئِدَة
67:24:1	قول	أجوف	-	V	فُل
67:25:6	كون	أجوف	-	V	فُنْتُمْ
67:26:1	قول	أجوف	-	V	فُل
67:27:11	كون	أجوف	-	V	فُنْتُمْ
67:27:2	راي	ناقص	1	V	فَعَوْهُ
67:27:4	سوا	أجوف	2	V	فِيئَت
67:27:8	قول	أجوف	-	V	فِيل
67:28:1	قول	أجوف	-	V	فُل
67:28:11	جور	أجوف	-	V	يُفِير
67:29:1	قول	أجوف	-	V	فُل
67:29:12	ضلل	مضاعف	-	N	فَعَال
67:2:10	عزز	مضاعف	-	N	فَعِيل
67:2:4	حيي	لفيف	-	N	فَعَاة
67:30:1	قول	أجوف	-	V	فُل
67:30:5	موه	أجوف	-	N	فَاؤُكُمْ
67:30:9	موه	أجوف	-	N	فَاء
67:3:16	راي	ناقص	1	V	تَفَى
67:3:7	راي	ناقص	1	V	تَفَى
67:4:4	كرر	مضاعف	-	N	فَعَّتَيْن
67:5:3	سمو	ناقص	-	N	فَعَاء
67:5:4	دنو	ناقص	-	ADJ	فُعْيَا
67:6:3	ربب	مضاعف	-	N	فَعِّهِمْ
67:6:6	باس	صحيح سالم	1	V	فِئْس
67:7:2	لقي	ناقص	-	V	أُفْعُوا
67:8:1	كود	أجوف	-	V	تَفَاد
67:8:12	اتي	ناقص	0	V	يَفْعِكُمْ
67:8:5	كلل	مضاعف	-	T	فُعَّمَا
67:9:1	قول	أجوف	-	V	فَالُعا
67:9:12	شيا	أجوف	2	N	فَعْء
67:9:17	ضلل	مضاعف	-	N	فَعَال
67:9:4	جيا	أجوف	2	V	فَاءَنَا
67:9:7	قول	أجوف	-	V	فُلْنَا
68:10:2	طوع	أجوف	-	V	تُفِع
68:10:3	كلل	مضاعف	-	N	فُعّ
68:11:2	مشي	ناقص	-	ADJ	فَعَّاء
68:11:3	نمم	مضاعف	-	N	فَعِيل
68:12:3	عدو	ناقص	-	ADJ	مُفْتَع
68:14:2	كون	أجوف	-	V	فَان
68:14:4	مول	أجوف	-	N	فَال
68:15:2	تلو	ناقص	-	V	فُتْعَى
68:15:4	ايي	لفيف	0	N	فعَاتُنَا
68:15:5	قول	أجوف	-	V	فَال
68:16:1	وسم	مثال	-	V	نَسِمُهُ
68:17:6	جنن	مضاعف	-	N	فَعَّة
68:18:2	ثني	ناقص	-	V	يَسْتَفْعُونَ
68:19:1	طوف	أجوف	-	V	فَاف
68:19:3	طوف	أجوف	-	N	فَائِف
68:19:5	ربب	مضاعف	-	N	فَعِّكَ
68:19:7	نوم	أجوف	-	N	فَائِمُعن
68:22:6	كون	أجوف	-	V	فُنْتُمْ
68:26:2	راي	ناقص	1	V	فَعَوْهَا
68:26:3	قول	أجوف	-	V	فَالُعا
68:26:5	ضلل	مضاعف	-	N	فَاعُّون
68:28:1	قول	أجوف	-	V	فَال
68:28:4	قول	أجوف	-	V	أَفُل
68:29:1	قول	أجوف	-	V	فَالُعا
68:29:3	ربب	مضاعف	-	N	فَعِّنَا
68:29:5	كون	أجوف	-	V	فُنَّا
68:2:4	ربب	مضاعف	-	N	فَعِّكَ
68:2:5	جنن	مضاعف	-	N	مَفْعُول
68:31:1	قول	أجوف	-	V	فَالُعا
68:31:4	كون	أجوف	-	V	فُنَّا
68:32:2	ربب	مضاعف	-	N	فَعُّنَا
68:32:9	ربب	مضاعف	-	N	فَعِّنَا
68:33:7	كون	أجوف	-	V	فَانُعا
68:34:2	وقي	لفيف	-	N	مُتَّقِين
68:34:4	ربب	مضاعف	-	N	فَعِّهِمْ
68:34:5	جنن	مضاعف	-	N	فَعَّات
68:39:8	قوم	أجوف	-	N	فِيَامَة
68:3:5	منن	مضاعف	-	N	فَمْعُول
68:40:1	سال	صحيح سالم	1	V	فَلْهُمْ
68:41:4	اتي	ناقص	0	V	يَفْعُوا
68:41:7	كون	أجوف	-	V	فَانُعا
68:42:4	سوق	أجوف	-	N	فَاق
68:42:9	طوع	أجوف	-	V	يَسْتَفِيعُعنَ
68:43:4	ذلل	مضاعف	-	N	فِعَّة
68:43:6	كون	أجوف	-	V	فَانُعا
68:44:1	وذر	مثال	-	V	ذَرْنِي
68:45:1	ملو	ناقص	-	V	أُفْعِي
68:48:3	ربب	مضاعف	-	N	فَعِّكَ
68:48:5	كون	أجوف	-	V	تَفُن
68:48:9	ندو	ناقص	-	V	فَاعَى
68:49:10	ذمم	مضاعف	-	N	مَفْعُول
68:49:6	ربب	مضاعف	-	N	فَعِّهِ
68:49:8	عري	ناقص	-	N	فَعَاء
68:50:1	جبي	ناقص	-	V	افْتَعَاهُ
68:50:2	ربب	مضاعف	-	N	فَعُّهُ
68:51:12	جنن	مضاعف	-	N	مَفْعُول
68:51:2	كود	أجوف	-	V	يَفَاد
68:7:2	ربب	مضاعف	-	N	فَعَّكَ
68:7:6	ضلل	مضاعف	-	V	فَعّ
68:8:2	طوع	أجوف	-	V	تُفِع
68:9:1	ودد	مضاعف	-	V	فَعُّوا
69:10:1	عصي	ناقص	-	V	فَعَوْا
69:10:3	ربب	مضاعف	-	N	فَعِّهِمْ
69:10:6	ربو	ناقص	-	ADJ	فَاعِيَة
69:11:4	موه	أجوف	-	N	فَاء
69:12:4	وعي	لفيف	-	V	تَعِيَهَا
69:14:4	دكك	مضاعف	-	V	فُعَّتَا
69:14:5	دكك	مضاعف	-	N	فَعَّة
69:16:1	شقق	مضاعف	-	V	انْفَعَّت
69:16:2	سمو	ناقص	-	N	فَعَاء
69:17:3	رجو	ناقص	-	N	أَفْعَائِهَا
69:17:6	ربب	مضاعف	-	N	فَعِّكَ
69:1:1	حقق	مضاعف	-	N	فَاعَّة
69:20:2	ظنن	مضاعف	-	V	فَعَلْتُ
69:20:4	لقي	ناقص	-	N	مُفَاع
69:21:4	رضو	ناقص	-	ADJ	فَاعِيَة
69:22:2	جنن	مضاعف	-	N	فَعَّة
69:22:3	علو	ناقص	-	ADJ	فَاعِيَة
69:23:2	دنو	ناقص	-	N	فَاعِيَة
69:24:1	اكل	صحيح سالم	0	V	كُلُوف
69:24:7	يوم	لفيف	-	N	أَفَّام
69:24:8	خلو	ناقص	-	ADJ	فَاعِيَة
69:25:9	اتي	ناقص	0	V	فُوع
69:26:2	دري	ناقص	-	V	أَفْع
69:27:2	كون	أجوف	-	V	فَانَت
69:28:4	مول	أجوف	-	N	فَالِيَهْ
69:2:2	حقق	مضاعف	-	N	فَاعَّة
69:30:1	اخذ	صحيح سالم	0	V	خُذُوهُ
69:30:2	غلل	مضاعف	-	V	فُعُّوهُ
69:31:3	صلي	ناقص	-	V	فَعُّوهُ
69:33:2	كون	أجوف	-	V	فَان
69:33:4	امن	صحيح سالم	0	V	يُؤْمِن
69:34:2	حضض	مضاعف	-	V	يَفُعّ
69:35:5	حمم	مضاعف	-	N	فَعِيل
69:37:4	خطا	صحيح سالم	2	N	فَاعِئُون
69:3:2	دري	ناقص	-	V	أَفْعَاكَ
69:3:4	حقق	مضاعف	-	N	فَاعَّة
69:41:5	قلل	مضاعف	-	ADJ	فَعِيلًا
69:41:7	امن	صحيح سالم	0	V	تُؤْمِنُونَ
69:42:4	قلل	مضاعف	-	ADJ	فَعِيلًا
69:43:3	ربب	مضاعف	-	N	فَعّ
69:48:3	وقي	لفيف	-	N	مُتَّقِين
69:4:3	عود	أجوف	-	PN	فَاد
69:51:2	حقق	مضاعف	-	N	فَعّ
69:52:2	سمو	ناقص	-	N	افْع
69:52:3	ربب	مضاعف	-	N	فَعِّكَ
69:6:2	عود	أجوف	-	PN	فَاد
69:6:4	روح	أجوف	-	N	فِيح
69:6:6	عتو	ناقص	-	ADJ	فَاعِيَة
69:7:6	يوم	لفيف	-	N	أَفَّام
69:7:8	راي	ناقص	1	V	تَفَى
69:8:2	راي	ناقص	1	V	تَفَى
69:9:1	جيا	أجوف	2	V	فَاء
69:9:5	افك	صحيح سالم	0	N	مُؤْتَفِكَفت
69:9:6	خطا	صحيح سالم	2	N	فَاعِئَة
6:100:13	علو	ناقص	-	V	تَفَاعَى
6:100:15	وصف	مثال	-	V	يَصِفُفنَ
6:100:2	اله	صحيح سالم	0	PN	لَّه
6:100:4	جنن	مضاعف	-	N	فِعّ
6:100:9	بني	ناقص	-	N	فَعَات
6:101:13	كلل	مضاعف	-	N	فُعّ
6:101:14	شيا	أجوف	2	N	فَعْء
6:101:16	كلل	مضاعف	-	N	فُعّ
6:101:17	شيا	أجوف	2	N	فَعْء
6:101:9	كون	أجوف	-	V	تَفُن
6:102:10	شيا	أجوف	2	N	فَعْء
6:102:14	كلل	مضاعف	-	N	فُعّ
6:102:15	شيا	أجوف	2	N	فَعْء
6:102:3	ربب	مضاعف	-	N	فَعُّكُمْ
6:102:9	كلل	مضاعف	-	N	فُعّ
6:104:2	جيا	أجوف	2	V	فَاءَكُمْ
6:104:5	ربب	مضاعف	-	N	فَعِّكُمْ
6:105:3	ايي	لفيف	0	N	فعَات
6:106:6	ربب	مضاعف	-	N	فَعِّكَ
6:107:2	شيا	أجوف	2	V	فَاء
6:108:15	كلل	مضاعف	-	N	فُعّ
6:108:16	امم	مضاعف	0	N	فُعَّة
6:108:2	سبب	مضاعف	-	V	تَفُعُّوا
6:108:20	ربب	مضاعف	-	N	فَعِّهِمْ
6:108:22	نبا	صحيح سالم	2	V	يُفَعِّئُهُمْ
6:108:24	كون	أجوف	-	V	فَانُعا
6:108:8	سبب	مضاعف	-	V	يَفُعُّوا
6:109:10	قول	أجوف	-	V	فُل
6:109:12	ايي	لفيف	0	N	فعَات
6:109:19	جيا	أجوف	2	V	فَاءَت
6:109:21	امن	صحيح سالم	0	V	يُؤْمِنُونَ
6:109:6	جيا	أجوف	2	V	فَاءَتْهُمْ
6:109:7	ايي	لفيف	0	N	فعَة
6:109:8	امن	صحيح سالم	0	V	يُؤْمِنُنَّ
6:10:11	كون	أجوف	-	V	فَانُعا
6:10:13	هزا	صحيح سالم	2	V	يَسْتَفْعِئُونَ
6:10:2	هزا	صحيح سالم	2	V	اسْتُفْعِئ
6:10:6	حيق	أجوف	-	V	فَاق
6:110:10	وذر	مثال	-	V	نَذَرُهُمْ
6:110:2	فاد	صحيح سالم	1	N	أَفْئِدَتَهُمْ
6:110:6	امن	صحيح سالم	0	V	يُؤْمِنُوف
6:110:9	مرر	مضاعف	-	N	فَعَّة
6:111:10	كلل	مضاعف	-	N	فُعّ
6:111:11	شيا	أجوف	2	N	فَعْء
6:111:14	كون	أجوف	-	V	فَانُعا
6:111:15	امن	صحيح سالم	0	V	يُؤْمِنُوف
6:111:18	شيا	أجوف	2	V	يَفَاء
6:112:15	غرر	مضاعف	-	N	فُعُولًا
6:112:17	شيا	أجوف	2	V	فَاء
6:112:18	ربب	مضاعف	-	N	فَعُّكَ
6:112:21	وذر	مثال	-	V	ذَرْهُمْ
6:112:23	فري	ناقص	-	V	يَفْتَعُونَ
6:112:3	كلل	مضاعف	-	N	فُعّ
6:112:4	نبا	صحيح سالم	2	N	فَعِيّ
6:112:8	جنن	مضاعف	-	N	فِعّ
6:113:1	صغو	ناقص	-	V	تَفْعَى
6:113:3	فاد	صحيح سالم	1	N	أَفْئِدَة
6:113:6	امن	صحيح سالم	0	V	يُؤْمِنُونَ
6:114:18	ربب	مضاعف	-	N	فَعِّكَ
6:114:19	حقق	مضاعف	-	N	فَعّ
6:115:1	تمم	مضاعف	-	V	فَعَّت
6:115:3	ربب	مضاعف	-	N	فَعِّكَ
6:116:14	ظنن	مضاعف	-	N	فَعّ
6:116:2	طوع	أجوف	-	V	تُفِع
6:116:7	ضلل	مضاعف	-	V	يُفِعُّوكَ
6:117:2	ربب	مضاعف	-	N	فَعَّكَ
6:117:6	ضلل	مضاعف	-	V	يَفِعّ
6:118:1	اكل	صحيح سالم	0	V	كُلُوف
6:118:10	امن	صحيح سالم	0	N	مُؤْمِنِين
6:118:4	سمو	ناقص	-	N	افْع
6:118:8	كون	أجوف	-	V	فُنْتُمْ
6:118:9	ايي	لفيف	0	N	فعَاتِهِ
6:119:18	ضرر	مضاعف	-	V	افْطُعِلْتُمْ
6:119:22	ضلل	مضاعف	-	V	يُفِعُّونَ
6:119:23	هوي	لفيف	-	N	أَفْعَائِهِمْ
6:119:27	ربب	مضاعف	-	N	فَعَّكَ
6:119:30	عدو	ناقص	-	N	مُفْتَعِين
6:119:7	سمو	ناقص	-	N	افْع
6:11:1	قول	أجوف	-	V	فُل
6:11:8	كون	أجوف	-	V	فَان
6:120:1	وذر	مثال	-	V	ذَرُفا
6:120:11	كون	أجوف	-	V	فَانُعا
6:120:9	جزي	ناقص	-	V	يُفْعَوْنَ
6:121:13	وحي	لفيف	-	V	يُفعُونَ
6:121:18	طوع	أجوف	-	V	أَفَعْتُمُعهُمْ
6:121:6	سمو	ناقص	-	N	افْع
6:122:11	نوس	أجوف	-	N	فَاس
6:122:2	كون	أجوف	-	V	فَان
6:122:23	كون	أجوف	-	V	فَانُعا
6:122:3	موت	أجوف	-	N	فَيْتًا
6:122:4	حيي	لفيف	-	V	أَفْعَلْنَاهُ
6:123:4	كلل	مضاعف	-	N	فُعّ
6:124:19	صوب	أجوف	-	V	يُفِيب
6:124:2	جيا	أجوف	2	V	فَاءَتْهُمْ
6:124:26	شدد	مضاعف	-	ADJ	فَعِيل
6:124:28	كون	أجوف	-	V	فَانُعا
6:124:3	ايي	لفيف	0	N	فعَة
6:124:4	قول	أجوف	-	V	فَالُعا
6:124:6	امن	صحيح سالم	0	V	نُؤْمِن
6:124:8	اتي	ناقص	0	V	نُؤْتَى
6:125:10	رود	أجوف	-	V	يُفِد
6:125:12	ضلل	مضاعف	-	V	يُفِعَّهُ
6:125:2	رود	أجوف	-	V	يُفِد
6:125:20	سمو	ناقص	-	N	فَعَاء
6:125:28	امن	صحيح سالم	0	V	يُؤْمِنُونَ
6:126:3	ربب	مضاعف	-	N	فَعِّكَ
6:126:4	قوم	أجوف	-	N	مُسْتَفِيمًا
6:126:7	ايي	لفيف	0	N	فعَات
6:127:2	دور	أجوف	-	N	فَار
6:127:5	ربب	مضاعف	-	N	فَعِّهِمْ
6:127:9	كون	أجوف	-	V	فَانُعا
6:128:10	قول	أجوف	-	V	فَال
6:128:14	ربب	مضاعف	-	N	فَعَّنَا
6:128:23	قول	أجوف	-	V	فَال
6:128:24	نور	أجوف	-	N	فَار
6:128:25	ثوي	لفيف	-	N	مَفْعَاكُمْ
6:128:30	شيا	أجوف	2	V	فَاء
6:128:33	ربب	مضاعف	-	N	فَعَّكَ
6:128:5	جنن	مضاعف	-	N	فِعّ
6:129:7	كون	أجوف	-	V	فَانُعا
6:12:1	قول	أجوف	-	V	فُل
6:12:16	قوم	أجوف	-	N	فِيَامَة
6:12:25	امن	صحيح سالم	0	V	يُؤْمِنُونَ
6:12:7	قول	أجوف	-	V	فُل
6:12:8	اله	صحيح سالم	0	PN	لَّه
6:130:10	ايي	لفيف	0	N	فعَاتِل
6:130:12	لقي	ناقص	-	N	فِعَاء
6:130:15	قول	أجوف	-	V	فَالُعا
6:130:19	غرر	مضاعف	-	V	فَعَّتْهُمُ
6:130:2	جنن	مضاعف	-	N	فِعّ
6:130:20	حيي	لفيف	-	N	فَعَاة
6:130:21	دنو	ناقص	-	ADJ	فُعْيَا
6:130:26	كون	أجوف	-	V	فَانُعا
6:130:5	اتي	ناقص	0	V	يَفْعِكُمْ
6:130:8	قصص	مضاعف	-	V	يَفُعُّونَ
6:131:4	كون	أجوف	-	V	يَفُن
6:131:5	ربب	مضاعف	-	N	فَعُّكَ
6:132:1	كلل	مضاعف	-	N	فُعّ
6:132:6	ربب	مضاعف	-	N	فَعُّكَ
6:133:1	ربب	مضاعف	-	N	فَعُّكَ
6:133:12	شيا	أجوف	2	V	يَفَاء
6:133:16	ذرر	مضاعف	-	N	فُعِّيَّة
6:133:6	شيا	أجوف	2	V	يَفَأ
6:134:4	اتي	ناقص	0	N	فع
6:135:1	قول	أجوف	-	V	فُل
6:135:14	دور	أجوف	-	N	فَار
6:135:5	كون	أجوف	-	N	مَفَانَتِكُمْ
6:136:11	اله	صحيح سالم	0	PN	لَّه
6:136:16	كون	أجوف	-	V	فَان
6:136:19	وصل	مثال	-	V	يَصِل
6:136:2	اله	صحيح سالم	0	PN	لَّه
6:136:23	كون	أجوف	-	V	فَان
6:136:24	اله	صحيح سالم	0	PN	لَّه
6:136:26	وصل	مثال	-	V	يَصِل
6:136:29	سوا	أجوف	2	V	فَاء
6:136:9	قول	أجوف	-	V	فَالُعا
6:137:14	شيا	أجوف	2	V	فَاء
6:137:18	وذر	مثال	-	V	ذَرْهُمْ
6:137:20	فري	ناقص	-	V	يَفْتَعُونَ
6:137:9	ردي	ناقص	-	V	يُفْعُوهُمْ
6:138:1	قول	أجوف	-	V	فَالُعا
6:138:10	شيا	أجوف	2	V	نَفَاء
6:138:18	سمو	ناقص	-	N	افْع
6:138:21	فري	ناقص	-	N	افْتِعَاء
6:138:25	كون	أجوف	-	V	فَانُعا
6:138:26	فري	ناقص	-	V	يَفْتَعُونَ
6:139:1	قول	أجوف	-	V	فَالُعا
6:139:13	كون	أجوف	-	V	يَفُن
6:139:14	موت	أجوف	-	N	فَيْتَة
6:140:13	فري	ناقص	-	N	افْتِعَاء
6:140:17	ضلل	مضاعف	-	V	فَعُّوا
6:140:19	كون	أجوف	-	V	فَانُعا
6:141:17	اكل	صحيح سالم	0	V	كُلُوف
6:141:22	اتي	ناقص	0	V	فعُوا
6:141:23	حقق	مضاعف	-	N	فَعَّهُ
6:141:30	حبب	مضاعف	-	V	يُفِعّ
6:141:4	جنن	مضاعف	-	N	فَعَّات
6:142:5	اكل	صحيح سالم	0	V	كُلُوف
6:143:19	نبا	صحيح سالم	2	V	فَعِّئُونِي
6:143:22	كون	أجوف	-	V	فُنْتُمْ
6:143:9	قول	أجوف	-	V	فُل
6:144:18	كون	أجوف	-	V	فُنْتُمْ
6:144:21	وصي	لفيف	-	V	فَعَّاكُمُ
6:144:31	ضلل	مضاعف	-	V	يُفِعّ
6:144:32	نوس	أجوف	-	N	فَاس
6:144:7	قول	أجوف	-	V	فُل
6:145:1	قول	أجوف	-	V	فُل
6:145:15	موت	أجوف	-	N	فَيْتَة
6:145:17	دمو	ناقص	-	N	فَعًا
6:145:26	هلل	مضاعف	-	V	أُفِعّ
6:145:3	وجد	مثال	-	V	أَجِد
6:145:31	ضرر	مضاعف	-	V	افْطُعّ
6:145:33	بغي	ناقص	-	N	فَاع
6:145:35	عدو	ناقص	-	N	فَاع
6:145:37	ربب	مضاعف	-	N	فَعَّكَ
6:146:3	هود	أجوف	-	V	فَادُعا
6:146:5	كلل	مضاعف	-	N	فُعّ
6:147:3	قول	أجوف	-	V	فُل
6:147:4	ربب	مضاعف	-	N	فَعُّكُمْ
6:147:9	ردد	مضاعف	-	V	يُفَعّ
6:148:10	ابو	ناقص	0	N	فعَاؤُنَا
6:148:14	شيا	أجوف	2	N	فَعْء
6:148:21	ذوق	أجوف	-	V	فَاقُعا
6:148:23	قول	أجوف	-	V	فُل
6:148:33	ظنن	مضاعف	-	N	فَعّ
6:148:5	شيا	أجوف	2	V	فَاء
6:149:1	قول	أجوف	-	V	فُل
6:149:2	اله	صحيح سالم	0	PN	لَّه
6:149:3	حجج	مضاعف	-	N	فُعَّة
6:149:6	شيا	أجوف	2	V	فَاء
6:149:7	هدي	ناقص	-	V	فَعَاكُمْ
6:14:1	قول	أجوف	-	V	فُل
6:14:13	قول	أجوف	-	V	فُل
6:150:1	قول	أجوف	-	V	فُل
6:150:17	هوي	لفيف	-	N	أَفْعَاء
6:150:2	لمم	مضاعف	-	V	هَفُعّ
6:150:20	ايي	لفيف	0	N	فعَاتِنَا
6:150:23	امن	صحيح سالم	0	V	يُؤْمِنُونَ
6:150:26	ربب	مضاعف	-	N	فَعِّهِمْ
6:151:1	قول	أجوف	-	V	فُل
6:151:3	تلو	ناقص	-	V	أَفْع
6:151:37	حقق	مضاعف	-	N	فَعّ
6:151:39	وصي	لفيف	-	V	فَعَّاكُمْ
6:151:6	ربب	مضاعف	-	N	فَعُّكُمْ
6:152:11	شدد	مضاعف	-	N	أَفُعَّهُ
6:152:12	وفي	لفيف	-	V	أَفْعُوا
6:152:14	وزن	مثال	-	N	مِيزَان
6:152:22	قول	أجوف	-	V	فُلْتُمْ
6:152:25	كون	أجوف	-	V	فَان
6:152:3	مول	أجوف	-	N	فَال
6:152:30	وفي	لفيف	-	V	أَفْعُوا
6:152:32	وصي	لفيف	-	V	فَعَّاكُمْ
6:153:14	وصي	لفيف	-	V	فَعَّاكُمْ
6:153:17	وقي	لفيف	-	V	تَتَّقُفنَ
6:153:4	قوم	أجوف	-	N	مُسْتَفِيمًا
6:154:10	كلل	مضاعف	-	N	فُعّ
6:154:11	شيا	أجوف	2	N	فَعْء
6:154:15	لقي	ناقص	-	N	فِعَاء
6:154:16	ربب	مضاعف	-	N	فَعِّهِمْ
6:154:17	امن	صحيح سالم	0	V	يُؤْمِنُونَ
6:154:5	تمم	مضاعف	-	N	فَعَالًا
6:155:6	وقي	لفيف	-	V	اتَّقُفا
6:156:11	كون	أجوف	-	V	فُنَّا
6:156:7	طوف	أجوف	-	N	فَائِفَتَيْن
6:157:12	جيا	أجوف	2	V	فَاءَكُمْ
6:157:15	ربب	مضاعف	-	N	فَعِّكُمْ
6:157:22	ايي	لفيف	0	N	فعَات
6:157:30	ايي	لفيف	0	N	فعَاتِنَا
6:157:31	سوا	أجوف	2	N	فُعء
6:157:34	كون	أجوف	-	V	فَانُعا
6:157:8	كون	أجوف	-	V	فُنَّا
6:158:13	ايي	لفيف	0	N	فعَات
6:158:14	ربب	مضاعف	-	N	فَعِّكَ
6:158:18	ايي	لفيف	0	N	فعَات
6:158:19	ربب	مضاعف	-	N	فَعِّكَ
6:158:25	كون	أجوف	-	V	تَفُن
6:158:34	قول	أجوف	-	V	فُل
6:158:9	ربب	مضاعف	-	N	فَعُّكَ
6:159:10	شيا	أجوف	2	N	فَعْء
6:159:16	نبا	صحيح سالم	2	V	يُفَعِّئُهُمْ
6:159:18	كون	أجوف	-	V	فَانُعا
6:159:5	كون	أجوف	-	V	فَانُعا
6:159:7	ليس	أجوف	-	V	فَسْتَ
6:15:1	قول	أجوف	-	V	فُل
6:15:3	خوف	أجوف	-	V	أَفَاف
6:15:6	ربب	مضاعف	-	N	فَعِّي
6:160:2	جيا	أجوف	2	V	فَاء
6:160:8	جيا	أجوف	2	V	فَاء
6:160:9	سوا	أجوف	2	N	فَيِّئَة
6:161:1	قول	أجوف	-	V	فُل
6:161:10	ملل	مضاعف	-	N	فِعَّة
6:161:14	كون	أجوف	-	V	فَان
6:161:4	ربب	مضاعف	-	N	فَعِّي
6:161:7	قوم	أجوف	-	ADJ	مُسْتَفِيم
6:161:9	قوم	أجوف	-	ADJ	فِيَمًا
6:162:1	قول	أجوف	-	V	فُل
6:162:3	صلو	ناقص	-	N	فَعَاتِي
6:162:5	حيي	لفيف	-	N	مَفْعَالَ
6:162:6	موت	أجوف	-	N	فَمَاتِي
6:162:7	اله	صحيح سالم	0	PN	لَّه
6:162:8	ربب	مضاعف	-	N	فَعّ
6:164:1	قول	أجوف	-	V	فُل
6:164:12	كلل	مضاعف	-	N	فُعّ
6:164:17	وزر	مثال	-	V	تَزِر
6:164:23	ربب	مضاعف	-	N	فَعِّكُمْ
6:164:25	نبا	صحيح سالم	2	V	يُفَعِّئُكُمْ
6:164:27	كون	أجوف	-	V	فُنْتُمْ
6:164:5	ربب	مضاعف	-	N	فَعًّا
6:164:7	ربب	مضاعف	-	N	فَعّ
6:164:8	كلل	مضاعف	-	N	فُعّ
6:164:9	شيا	أجوف	2	N	فَعْء
6:165:14	اتي	ناقص	0	V	فعَاكُمْ
6:165:16	ربب	مضاعف	-	N	فَعَّكَ
6:17:11	مسس	مضاعف	-	V	يَفْعَلْكَ
6:17:15	كلل	مضاعف	-	N	فُعّ
6:17:16	شيا	أجوف	2	N	فَعْء
6:17:2	مسس	مضاعف	-	V	يَفْعَلْكَ
6:17:4	ضرر	مضاعف	-	N	فُعّ
6:19:1	قول	أجوف	-	V	فُل
6:19:26	قول	أجوف	-	V	فُل
6:19:29	قول	أجوف	-	V	فُل
6:19:3	شيا	أجوف	2	N	فَعْء
6:19:35	برا	صحيح سالم	2	N	فَعِيء
6:19:6	قول	أجوف	-	V	فُل
6:1:13	ربب	مضاعف	-	N	فَعِّهِمْ
6:1:2	اله	صحيح سالم	0	PN	لَّه
6:20:13	امن	صحيح سالم	0	V	يُؤْمِنُونَ
6:20:7	بني	ناقص	-	N	أَفْعَاءَهُمُ
6:21:10	ايي	لفيف	0	N	فعَاتِهِ
6:22:11	كون	أجوف	-	V	فُنْتُمْ
6:23:11	كون	أجوف	-	V	فُنَّا
6:23:3	كون	أجوف	-	V	تَفُن
6:23:7	قول	أجوف	-	V	فَالُعا
6:23:9	ربب	مضاعف	-	N	فَعِّنَا
6:24:10	فري	ناقص	-	V	يَفْتَعُونَ
6:24:6	ضلل	مضاعف	-	V	فَعّ
6:24:9	كون	أجوف	-	V	فَانُعا
6:25:15	راي	ناقص	1	V	يَفَوْع
6:25:16	كلل	مضاعف	-	N	فُعّ
6:25:17	ايي	لفيف	0	N	فعَة
6:25:19	امن	صحيح سالم	0	V	يُؤْمِنُوف
6:25:23	جيا	أجوف	2	V	فَاءُوكَ
6:25:8	كنن	مضاعف	-	N	أَفِعَّة
6:26:2	نهي	ناقص	-	V	يَفْعَوْنَ
6:26:4	ناي	ناقص	1	V	يَفْعَوْنَ
6:27:12	ايي	لفيف	0	N	فعَات
6:27:13	ربب	مضاعف	-	N	فَعِّنَا
6:27:16	امن	صحيح سالم	0	N	مُؤْمِنِين
6:27:2	راي	ناقص	1	V	تَفَى
6:27:6	نور	أجوف	-	N	فَار
6:27:7	قول	أجوف	-	V	فَالُعا
6:27:9	ردد	مضاعف	-	V	نُفَعّ
6:28:10	ردد	مضاعف	-	V	فُعُّوا
6:28:11	عود	أجوف	-	V	فَادُعا
6:28:13	نهي	ناقص	-	V	فُعُوا
6:28:2	بدو	ناقص	-	V	فَعَا
6:28:5	كون	أجوف	-	V	فَانُعا
6:28:6	خفي	ناقص	-	V	يُفْعُونَ
6:29:1	قول	أجوف	-	V	فَالُعا
6:29:5	حيي	لفيف	-	N	فَعَاتُنَا
6:29:6	دنو	ناقص	-	ADJ	فُعْيَا
6:2:10	سمو	ناقص	-	ADJ	مُفَعًّى
6:2:14	مري	ناقص	-	V	تَفْتَعُونَ
6:30:10	حقق	مضاعف	-	N	فَعّ
6:30:11	قول	أجوف	-	V	فَالُعا
6:30:13	ربب	مضاعف	-	N	فَعِّنَا
6:30:14	قول	أجوف	-	V	فَال
6:30:18	كون	أجوف	-	V	فُنْتُمْ
6:30:2	راي	ناقص	1	V	تَفَى
6:30:6	ربب	مضاعف	-	N	فَعِّهِمْ
6:30:7	قول	أجوف	-	V	فَال
6:31:10	سوع	أجوف	-	N	فَاعَة
6:31:12	قول	أجوف	-	V	فَالُعا
6:31:24	سوا	أجوف	2	V	فَاء
6:31:26	وزر	مثال	-	V	يَزِرُفنَ
6:31:5	لقي	ناقص	-	N	فِعَاء
6:31:9	جيا	أجوف	2	V	فَاءَتْهُمُ
6:32:11	وقي	لفيف	-	V	يَتَّقُفنَ
6:32:2	حيي	لفيف	-	N	فَعَاة
6:32:3	دنو	ناقص	-	ADJ	فُعْيَا
6:32:7	دور	أجوف	-	N	فَّار
6:33:12	ايي	لفيف	0	N	فعَات
6:34:10	اذي	ناقص	0	V	فُوعُوا
6:34:12	اتي	ناقص	0	V	فَعَاهُمْ
6:34:19	جيا	أجوف	2	V	فَاءَكَ
6:35:16	سمو	ناقص	-	N	فَعَاء
6:35:18	ايي	لفيف	0	N	فعَة
6:35:2	كون	أجوف	-	V	فَان
6:35:20	شيا	أجوف	2	V	فَاء
6:35:7	طوع	أجوف	-	V	اسْتَفَعْتَ
6:36:2	جوب	أجوف	-	V	يَسْتَفِيب
6:37:1	قول	أجوف	-	V	فَالُعا
6:37:15	ايي	لفيف	0	N	فعَة
6:37:5	ايي	لفيف	0	N	فعَة
6:37:7	ربب	مضاعف	-	N	فَعِّهِ
6:37:8	قول	أجوف	-	V	فُل
6:38:11	امم	مضاعف	0	N	فُعَل
6:38:18	شيا	أجوف	2	N	فَعْء
6:38:21	ربب	مضاعف	-	N	فَعِّهِمْ
6:38:3	دبب	مضاعف	-	N	فَاعَّة
6:38:7	طير	أجوف	-	N	فَائِر
6:39:11	ضلل	مضاعف	-	V	يُفْعِلْهُ
6:39:13	شيا	أجوف	2	V	يَفَأ
6:39:17	قوم	أجوف	-	ADJ	مُسْتَفِيم
6:39:3	ايي	لفيف	0	N	فعَاتِنَا
6:39:4	صمم	مضاعف	-	N	فُعّ
6:39:9	شيا	أجوف	2	V	يَفَإ
6:3:8	سرر	مضاعف	-	N	فِعَّكُمْ
6:40:1	قول	أجوف	-	V	فُل
6:40:14	كون	أجوف	-	V	فُنْتُمْ
6:40:4	اتي	ناقص	0	V	فَعَاكُمْ
6:40:8	اتي	ناقص	0	V	فَعَتْكُمُ
6:40:9	سوع	أجوف	-	N	فَاعَة
6:41:10	نسي	ناقص	-	V	تَفْعَوْنَ
6:41:9	شيا	أجوف	2	V	فَاء
6:42:4	امم	مضاعف	0	N	فُعَل
6:42:9	ضرر	مضاعف	-	N	فَعَّاء
6:43:13	كون	أجوف	-	V	فَانُعا
6:43:3	جيا	أجوف	2	V	فَاءَهُمْ
6:43:7	قسو	ناقص	-	V	فَعَت
6:44:10	شيا	أجوف	2	N	فَعْء
6:44:15	اتي	ناقص	0	V	فُوعُوا
6:44:2	نسي	ناقص	-	V	فَعُوا
6:44:9	كلل	مضاعف	-	N	فُعّ
6:45:7	اله	صحيح سالم	0	PN	لَّه
6:45:8	ربب	مضاعف	-	N	فَعّ
6:46:1	قول	أجوف	-	V	فُل
6:46:20	ايي	لفيف	0	N	فعَات
6:47:1	قول	أجوف	-	V	فُل
6:47:4	اتي	ناقص	0	V	فَعَاكُمْ
6:49:3	ايي	لفيف	0	N	فعَاتِنَا
6:49:4	مسس	مضاعف	-	V	يَفَعُّهُمُ
6:49:7	كون	أجوف	-	V	فَانُعا
6:4:4	ايي	لفيف	0	N	فعَة
6:4:6	ايي	لفيف	0	N	فعَات
6:4:7	ربب	مضاعف	-	N	فَعِّهِمْ
6:4:9	كون	أجوف	-	V	فَانُعا
6:50:1	قول	أجوف	-	V	فُل
6:50:22	قول	أجوف	-	V	فُل
6:51:17	وقي	لفيف	-	V	يَتَّقُفنَ
6:51:4	خوف	أجوف	-	V	يَفَافُعنَ
6:51:8	ربب	مضاعف	-	N	فَعِّهِمْ
6:52:15	شيا	أجوف	2	N	فَعْء
6:52:21	شيا	أجوف	2	N	فَعْء
6:52:5	ربب	مضاعف	-	N	فَعَّهُمْ
6:52:6	غدو	ناقص	-	N	فَعَاة
6:52:7	عشو	ناقص	-	N	فَعِيّ
6:52:8	رود	أجوف	-	V	يُفِيدُعنَ
6:53:7	منن	مضاعف	-	V	فَعّ
6:54:10	ربب	مضاعف	-	N	فَعُّكُمْ
6:54:2	جيا	أجوف	2	V	فَاءَكَ
6:54:21	توب	أجوف	-	V	فَاب
6:54:4	امن	صحيح سالم	0	V	يُؤْمِنُونَ
6:54:5	ايي	لفيف	0	N	فعَاتِنَا
6:54:6	قول	أجوف	-	V	فُل
6:55:3	ايي	لفيف	0	N	فعَات
6:56:1	قول	أجوف	-	V	فُل
6:56:11	قول	أجوف	-	V	فُل
6:56:14	هوي	لفيف	-	N	أَفْعَاءَكُمْ
6:56:16	ضلل	مضاعف	-	V	فَعَلْتُ
6:57:1	قول	أجوف	-	V	فُل
6:57:17	اله	صحيح سالم	0	PN	لَّه
6:57:18	قصص	مضاعف	-	V	يَفُعّ
6:57:19	حقق	مضاعف	-	N	فَعّ
6:57:6	ربب	مضاعف	-	N	فَعِّي
6:58:1	قول	أجوف	-	V	فُل
6:59:11	برر	مضاعف	-	N	فَعّ
6:59:20	حبب	مضاعف	-	N	فَعَّة
6:5:10	كون	أجوف	-	V	فَانُعا
6:5:12	هزا	صحيح سالم	2	V	يَسْتَفْعِئُونَ
6:5:3	حقق	مضاعف	-	N	فَعّ
6:5:5	جيا	أجوف	2	V	فَاءَهُمْ
6:60:14	سمو	ناقص	-	ADJ	مُفَعًّى
6:60:19	نبا	صحيح سالم	2	V	يُفَعِّئُكُمْ
6:60:21	كون	أجوف	-	V	فُنْتُمْ
6:60:3	وفي	لفيف	-	V	يَتَفَعَّاكُمْ
6:61:10	جيا	أجوف	2	V	فَاء
6:61:13	وفي	لفيف	-	V	تَفَعَّتْهُ
6:62:2	ردد	مضاعف	-	V	فُعُّوا
6:62:5	ولي	لفيف	-	N	مَفْعَاهُمُ
6:62:6	حقق	مضاعف	-	N	فَعّ
6:63:1	قول	أجوف	-	V	فُل
6:63:12	نجو	ناقص	-	V	أَفْعَانَا
6:63:3	نجو	ناقص	-	V	يُفَعِّيكُمْ
6:63:6	برر	مضاعف	-	N	فَعّ
6:64:1	قول	أجوف	-	V	فُل
6:64:3	نجو	ناقص	-	V	يُفَعِّيكُمْ
6:64:6	كلل	مضاعف	-	N	فُعّ
6:65:1	قول	أجوف	-	V	فُل
6:65:18	ذوق	أجوف	-	V	يُفِيق
6:65:25	ايي	لفيف	0	N	فعَات
6:66:5	حقق	مضاعف	-	N	فَعّ
6:66:6	قول	أجوف	-	V	فُل
6:66:7	ليس	أجوف	-	V	فَسْتُ
6:67:1	كلل	مضاعف	-	N	فُعّ
6:67:3	قرر	مضاعف	-	N	مُسْتَفَعّ
6:68:6	ايي	لفيف	0	N	فعَاتِنَا
6:69:12	وقي	لفيف	-	V	يَتَّقُفنَ
6:69:4	وقي	لفيف	-	V	يَتَّقُفنَ
6:69:8	شيا	أجوف	2	N	فَعْء
6:6:17	سمو	ناقص	-	N	فَعَاء
6:6:19	درر	مضاعف	-	N	مِفْعَالًا
6:6:2	راي	ناقص	1	V	يَفَوْع
6:70:1	وذر	مثال	-	V	ذَر
6:70:27	كلل	مضاعف	-	N	فُعّ
6:70:30	اخذ	صحيح سالم	0	V	يُؤْخَذ
6:70:40	حمم	مضاعف	-	N	فَعِيل
6:70:44	كون	أجوف	-	V	فَانُعا
6:70:7	غرر	مضاعف	-	V	فَعَّتْهُمُ
6:70:8	حيي	لفيف	-	N	فَعَاة
6:70:9	دنو	ناقص	-	ADJ	فُعْيَا
6:71:1	قول	أجوف	-	V	فُل
6:71:10	ضرر	مضاعف	-	V	يَفُعُّنَا
6:71:11	ردد	مضاعف	-	V	نُفَعّ
6:71:16	هدي	ناقص	-	V	فَعَانَا
6:71:19	هوي	لفيف	-	V	اسْتَفْعَتْهُ
6:71:29	اتي	ناقص	0	V	فئْعِنَا
6:71:30	قول	أجوف	-	V	فُل
6:71:38	ربب	مضاعف	-	N	فَعّ
6:72:2	قوم	أجوف	-	V	أَفِيمُعا
6:72:3	صلو	ناقص	-	N	فَعَاة
6:72:4	وقي	لفيف	-	V	اتَّقُفهُ
6:73:12	حقق	مضاعف	-	N	فَعّ
6:73:6	حقق	مضاعف	-	N	فَعّ
6:73:9	كون	أجوف	-	V	فُن
6:74:10	راي	ناقص	1	V	أَفَعكَ
6:74:13	ضلل	مضاعف	-	N	فَعَال
6:74:2	قول	أجوف	-	V	فَال
6:74:4	ابو	ناقص	0	N	فَعِيهِ
6:75:2	راي	ناقص	1	V	نُفِي
6:75:9	يقن	مثال	-	N	مُوقِنِفن
6:76:12	قول	أجوف	-	V	فَال
6:76:14	حبب	مضاعف	-	V	أُفِعّ
6:76:2	جنن	مضاعف	-	V	فَعّ
6:76:7	قول	أجوف	-	V	فَال
6:76:9	ربب	مضاعف	-	N	فَعِّي
6:77:10	قول	أجوف	-	V	فَال
6:77:14	ربب	مضاعف	-	N	فَعِّي
6:77:18	ضلل	مضاعف	-	ADJ	فَاعِّين
6:77:5	قول	أجوف	-	V	فَال
6:77:7	ربب	مضاعف	-	N	فَعِّي
6:78:12	قول	أجوف	-	V	فَال
6:78:15	برا	صحيح سالم	2	N	فَعِيء
6:78:5	قول	أجوف	-	V	فَال
6:78:7	ربب	مضاعف	-	N	فَعِّي
6:7:9	قول	أجوف	-	V	فَال
6:80:1	حجج	مضاعف	-	V	فَاعَّهُ
6:80:10	خوف	أجوف	-	V	أَفَاف
6:80:16	شيا	أجوف	2	V	يَفَاء
6:80:17	ربب	مضاعف	-	N	فَعِّي
6:80:20	ربب	مضاعف	-	N	فَعِّي
6:80:21	كلل	مضاعف	-	N	فُعّ
6:80:22	شيا	أجوف	2	N	فَعْء
6:80:3	قول	أجوف	-	V	فَال
6:80:4	حجج	مضاعف	-	V	أَتُفَاعُّونِّي
6:80:8	هدي	ناقص	-	V	فَعَانِ
6:81:18	حقق	مضاعف	-	N	أَفَعّ
6:81:2	خوف	أجوف	-	V	أَفَاف
6:81:21	كون	أجوف	-	V	فُنْتُمْ
6:81:6	خوف	أجوف	-	V	تَفَافُعنَ
6:82:11	هدي	ناقص	-	N	مُفْتَعُون
6:83:10	شيا	أجوف	2	V	نَفَاء
6:83:12	ربب	مضاعف	-	N	فَعَّكَ
6:83:2	حجج	مضاعف	-	N	فُعَّتُنَا
6:84:12	ذرر	مضاعف	-	N	فُعِّيَّتِهِ
6:84:5	كلل	مضاعف	-	N	فُعًّا
6:85:5	كلل	مضاعف	-	N	فُعّ
6:86:5	كلل	مضاعف	-	N	فُعًّا
6:87:2	ابو	ناقص	0	N	فعَائِهِمْ
6:87:3	ذرر	مضاعف	-	N	فُعِّيَّاتِهِمْ
6:87:9	قوم	أجوف	-	ADJ	مُسْتَفِيم
6:88:15	كون	أجوف	-	V	فَانُعا
6:88:7	شيا	أجوف	2	V	يَفَاء
6:89:6	نبا	صحيح سالم	2	N	فُعُوَّة
6:8:1	قول	أجوف	-	V	فَالُعا
6:90:5	هدي	ناقص	-	N	فُعَاهُمُ
6:90:6	قدو	ناقص	-	V	افْتَعِه
6:90:7	قول	أجوف	-	V	فُل
6:91:14	شيا	أجوف	2	N	فَعْء
6:91:15	قول	أجوف	-	V	فُل
6:91:20	جيا	أجوف	2	V	فَاء
6:91:25	نوس	أجوف	-	N	فَّاس
6:91:29	خفي	ناقص	-	V	تُفْعُونَ
6:91:37	ابو	ناقص	0	N	فعَاؤُكُمْ
6:91:38	قول	أجوف	-	V	فُل
6:91:4	حقق	مضاعف	-	N	فَعّ
6:91:41	وذر	مثال	-	V	ذَرْهُمْ
6:91:7	قول	أجوف	-	V	فَالُعا
6:92:10	امم	مضاعف	0	N	فُعّ
6:92:15	امن	صحيح سالم	0	V	يُؤْمِنُونَ
6:92:17	امن	صحيح سالم	0	V	يُؤْمِنُونَ
6:92:21	صلو	ناقص	-	N	فَعَاتِهِمْ
6:93:13	وحي	لفيف	-	V	يُفع
6:93:15	شيا	أجوف	2	N	فَعْء
6:93:17	قول	أجوف	-	V	فَال
6:93:24	راي	ناقص	1	V	تَفَى
6:93:36	جزي	ناقص	-	V	تُفْعَوْنَ
6:93:40	كون	أجوف	-	V	فُنْتُمْ
6:93:45	حقق	مضاعف	-	N	فَعّ
6:93:46	كون	أجوف	-	V	فُنْتُمْ
6:93:48	ايي	لفيف	0	N	فعَاتِهِ
6:93:9	قول	أجوف	-	V	فَال
6:94:11	وري	لفيف	-	LOC	فَعَاء
6:94:14	راي	ناقص	1	V	نَفَى
6:94:2	جيا	أجوف	2	V	فِئْتُمُونَا
6:94:25	ضلل	مضاعف	-	V	فَعّ
6:94:28	كون	أجوف	-	V	فُنْتُمْ
6:94:7	مرر	مضاعف	-	N	فَعَّة
6:95:11	موت	أجوف	-	N	فَيِّت
6:95:13	حيي	لفيف	-	N	فَعّ
6:95:17	افك	صحيح سالم	0	V	تُؤْفَكُونَ
6:95:4	حبب	مضاعف	-	N	فَعّ
6:95:7	حيي	لفيف	-	N	فَعّ
6:95:9	موت	أجوف	-	N	فَيِّت
6:96:11	عزز	مضاعف	-	N	فَعِيل
6:97:10	برر	مضاعف	-	N	فَعّ
6:97:14	ايي	لفيف	0	N	فعَات
6:97:6	هدي	ناقص	-	V	تَفْتَعُوا
6:98:11	ايي	لفيف	0	N	فعَات
6:98:7	قرر	مضاعف	-	N	مُسْتَفَعّ
6:99:10	كلل	مضاعف	-	N	فُعّ
6:99:11	شيا	أجوف	2	N	فَعْء
6:99:17	حبب	مضاعف	-	N	فَعًّا
6:99:24	دنو	ناقص	-	ADJ	فَاعِيَة
6:99:25	جنن	مضاعف	-	N	فَعَّات
6:99:42	ايي	لفيف	0	N	فعَات
6:99:44	امن	صحيح سالم	0	V	يُؤْمِنُونَ
6:99:5	سمو	ناقص	-	N	فَعَاء
6:99:6	موه	أجوف	-	N	فَاء
70:10:3	حمم	مضاعف	-	N	فَعِيل
70:10:4	حمم	مضاعف	-	N	فَعِيلًا
70:11:2	ودد	مضاعف	-	V	يَفَعّ
70:12:2	اخو	ناقص	0	N	فَعِيهِ
70:13:3	اوي	لفيف	0	V	تُؤْوِيهِ
70:14:6	نجو	ناقص	-	V	يُفْعِيهِ
70:20:2	مسس	مضاعف	-	V	فَعَّهُ
70:20:3	شرر	مضاعف	-	N	فَعّ
70:21:2	مسس	مضاعف	-	V	فَعَّهُ
70:22:2	صلو	ناقص	-	N	مُفَعِّين
70:23:4	صلو	ناقص	-	N	فَعَاتِهِمْ
70:23:5	دوم	أجوف	-	N	فَائِمُعن
70:24:4	حقق	مضاعف	-	N	فَعّ
70:27:5	ربب	مضاعف	-	N	فَعِّهِمْ
70:28:3	ربب	مضاعف	-	N	فَعِّهِمْ
70:31:3	وري	لفيف	-	LOC	فَعَاء
70:32:5	رعي	ناقص	-	N	فَاعُون
70:33:4	قوم	أجوف	-	N	فَائِمُعن
70:34:4	صلو	ناقص	-	N	فَعَاتِهِمْ
70:35:3	جنن	مضاعف	-	N	فَعَّات
70:37:5	عزو	ناقص	-	N	فِعِين
70:38:2	كلل	مضاعف	-	N	فُعّ
70:38:3	مرا	صحيح سالم	2	N	افْعِئ
70:38:7	جنن	مضاعف	-	N	فَعَّة
70:40:3	ربب	مضاعف	-	N	فَعّ
70:42:1	وذر	مثال	-	V	ذَرْهُمْ
70:42:5	لقي	ناقص	-	V	يُفَاعُوا
70:44:4	ذلل	مضاعف	-	N	فِعَّة
70:44:8	كون	أجوف	-	V	فَانُعا
70:4:11	سنو	ناقص	-	N	فَعَة
70:4:7	كون	أجوف	-	V	فَان
70:6:2	راي	ناقص	1	V	يَفَوْنَهُ
70:7:1	راي	ناقص	1	V	نَفَعهُ
70:8:3	سمو	ناقص	-	N	فَعَاء
71:10:1	قول	أجوف	-	V	فُلْتُ
71:10:3	ربب	مضاعف	-	N	فَعَّكُمْ
71:10:5	كون	أجوف	-	V	فَان
71:11:2	سمو	ناقص	-	N	فَعَاء
71:11:4	درر	مضاعف	-	N	مِفْعَالًا
71:12:1	مدد	مضاعف	-	V	يُفْعِلْكُمْ
71:12:6	جنن	مضاعف	-	N	فَعَّات
71:13:5	اله	صحيح سالم	0	PN	لَّه
71:15:2	راي	ناقص	1	V	تَفَوْع
71:18:2	عود	أجوف	-	V	يُفِيدُكُمْ
71:20:4	فجج	مضاعف	-	ADJ	فِعَالًا
71:21:1	قول	أجوف	-	V	فَال
71:21:10	مول	أجوف	-	N	فَالُهُ
71:21:3	ربب	مضاعف	-	N	فَعِّ
71:21:9	زيد	أجوف	-	V	يَفِدْهُ
71:23:1	قول	أجوف	-	V	فَالُعا
71:23:3	وذر	مثال	-	V	تَذَرُنَّ
71:23:6	وذر	مثال	-	V	تَذَرُنَّ
71:23:7	ودد	مضاعف	-	PN	فَعًّا
71:24:2	ضلل	مضاعف	-	V	أَفَعُّوا
71:24:5	زيد	أجوف	-	V	تَفِد
71:24:8	ضلل	مضاعف	-	N	فَعَالًا
71:25:5	نور	أجوف	-	N	فَارًا
71:25:7	وجد	مثال	-	V	يَجِدُفا
71:26:1	قول	أجوف	-	V	فَال
71:26:10	دور	أجوف	-	N	فَيَّارًا
71:26:3	ربب	مضاعف	-	N	فَعِّ
71:26:5	وذر	مثال	-	V	تَذَر
71:27:3	وذر	مثال	-	V	تَذَرْهُمْ
71:27:4	ضلل	مضاعف	-	V	يُفِعُّوا
71:27:7	ولد	مثال	-	V	يَلِدُفا
71:28:1	ربب	مضاعف	-	N	فَعِّ
71:28:10	امن	صحيح سالم	0	N	مُؤْمِنَفت
71:28:12	زيد	أجوف	-	V	تَفِد
71:28:8	امن	صحيح سالم	0	N	مُؤْمِنًف
71:28:9	امن	صحيح سالم	0	N	مُؤْمِنِين
71:2:1	قول	أجوف	-	V	فَال
71:3:4	وقي	لفيف	-	V	اتَّقُفهُ
71:3:5	طوع	أجوف	-	V	أَفِيعُعنِ
71:4:13	جيا	أجوف	2	V	فَاء
71:4:15	اخر	صحيح سالم	0	V	يُؤَخَّر
71:4:17	كون	أجوف	-	V	فُنْتُمْ
71:4:5	اخر	صحيح سالم	0	V	يُؤَخِّرْكُمْ
71:4:8	سمو	ناقص	-	ADJ	مُفَعًّى
71:5:1	قول	أجوف	-	V	فَال
71:5:2	ربب	مضاعف	-	N	فَعِّ
71:6:2	زيد	أجوف	-	V	يَفِدْهُمْ
71:6:3	دعو	ناقص	-	N	فُعَائِي
71:6:5	فرر	مضاعف	-	N	فِعَالًا
71:7:11	ثوب	أجوف	-	N	فِيَابَهُمْ
71:7:12	صرر	مضاعف	-	V	أَفَعُّوا
71:7:2	كلل	مضاعف	-	T	فُعَّمَا
71:9:5	سرر	مضاعف	-	V	أَفْعَلْتُ
71:9:7	سرر	مضاعف	-	N	إِفْعَالًا
72:10:10	رود	أجوف	-	V	أَفَاد
72:10:12	ربب	مضاعف	-	N	فَعُّهُمْ
72:10:4	شرر	مضاعف	-	N	أَفَعّ
72:10:5	رود	أجوف	-	V	أُفِيد
72:11:7	كون	أجوف	-	V	فُنَّا
72:11:9	قدد	مضاعف	-	ADJ	فِعَلًا
72:12:2	ظنن	مضاعف	-	V	فَعَلَّا
72:13:11	خوف	أجوف	-	V	يَفَاف
72:13:8	امن	صحيح سالم	0	V	يُؤْمِن
72:13:9	ربب	مضاعف	-	N	فَعِّهِ
72:14:9	حري	ناقص	-	V	تَفَعَّوْا
72:15:3	كون	أجوف	-	V	فَانُعا
72:16:2	قوم	أجوف	-	V	اسْتَفَامُعا
72:16:6	موه	أجوف	-	N	فَاء
72:17:7	ربب	مضاعف	-	N	فَعِّهِ
72:18:3	اله	صحيح سالم	0	PN	لَّه
72:19:3	قوم	أجوف	-	V	فَام
72:19:7	كود	أجوف	-	V	فَادُعا
72:1:1	قول	أجوف	-	V	فُل
72:1:8	جنن	مضاعف	-	N	فِعّ
72:1:9	قول	أجوف	-	V	فَالُعا
72:20:1	قول	أجوف	-	V	فُل
72:20:4	ربب	مضاعف	-	N	فَعِّي
72:21:1	قول	أجوف	-	V	فُل
72:21:6	ضرر	مضاعف	-	N	فَعًّا
72:22:1	قول	أجوف	-	V	فُل
72:22:4	جور	أجوف	-	V	يُفِيرَنِي
72:22:9	وجد	مثال	-	V	أَجِد
72:23:12	نور	أجوف	-	N	فَار
72:23:7	عصي	ناقص	-	V	يَفْع
72:24:10	قلل	مضاعف	-	N	أَفَعّ
72:24:11	عدد	مضاعف	-	N	فَعَلًا
72:24:3	راي	ناقص	1	V	فَعَوْا
72:25:1	قول	أجوف	-	V	فُل
72:25:10	ربب	مضاعف	-	N	فَعِّي
72:27:3	رضو	ناقص	-	V	افْتَعَى
72:28:11	كلل	مضاعف	-	N	فُعّ
72:28:12	شيا	أجوف	2	N	فَعْء
72:28:13	عدد	مضاعف	-	N	فَعَلًا
72:28:6	ربب	مضاعف	-	N	فَعِّهِمْ
72:28:7	حوط	أجوف	-	V	أَفَاط
72:2:8	ربب	مضاعف	-	N	فَعِّنَا
72:3:2	علو	ناقص	-	V	تَفَاعَى
72:3:3	جدد	مضاعف	-	N	فَعّ
72:3:4	ربب	مضاعف	-	N	فَعِّنَا
72:4:2	كون	أجوف	-	V	فَان
72:4:7	شطط	مضاعف	-	N	فَعَلًا
72:5:2	ظنن	مضاعف	-	V	فَعَلَّا
72:5:7	جنن	مضاعف	-	N	فِعّ
72:6:10	زيد	أجوف	-	V	فَادُوهُمْ
72:6:2	كون	أجوف	-	V	فَان
72:6:9	جنن	مضاعف	-	N	فِعّ
72:7:2	ظنن	مضاعف	-	V	فَعُّوا
72:7:4	ظنن	مضاعف	-	V	فَعَلْتُمْ
72:8:3	سمو	ناقص	-	N	فَعَاء
72:8:5	ملا	صحيح سالم	2	V	فُعِئَت
72:8:7	شدد	مضاعف	-	ADJ	فَعِيلًا
72:9:10	وجد	مثال	-	V	يَجِد
72:9:2	كون	أجوف	-	V	فُنَّا
73:11:1	وذر	مثال	-	V	ذَرْنِي
73:11:6	قلل	مضاعف	-	ADJ	فَعِيلًا
73:13:3	غصص	مضاعف	-	N	فُعَّة
73:14:5	كون	أجوف	-	V	فَانَت
73:17:2	وقي	لفيف	-	V	تَتَّقُفنَ
73:18:1	سمو	ناقص	-	N	فَعَاء
73:18:4	كون	أجوف	-	V	فَان
73:19:5	شيا	أجوف	2	V	فَاء
73:19:8	ربب	مضاعف	-	N	فَعِّهِ
73:20:12	طوف	أجوف	-	N	فَائِفَة
73:20:2	ربب	مضاعف	-	N	فَعَّكَ
73:20:23	حصي	ناقص	-	V	تُفْعُوهُ
73:20:24	توب	أجوف	-	V	فَاب
73:20:40	بغي	ناقص	-	V	يَفْتَعُونَ
73:20:53	قوم	أجوف	-	V	أَفِيمُعا
73:20:54	صلو	ناقص	-	N	فَعَاة
73:20:55	اتي	ناقص	0	V	فعُوا
73:20:56	زكو	ناقص	-	N	فَعَاة
73:20:6	دنو	ناقص	-	T	أَفْعَى
73:20:66	وجد	مثال	-	V	تَجِدُفهُ
73:2:1	قوم	أجوف	-	V	فُم
73:2:4	قلل	مضاعف	-	N	فَعِيلًا
73:3:5	قلل	مضاعف	-	N	فَعِيلًا
73:4:2	زيد	أجوف	-	V	فِد
73:6:2	نشا	صحيح سالم	2	N	فَاعِئَة
73:6:5	شدد	مضاعف	-	N	أَفَعّ
73:6:8	قول	أجوف	-	N	فِيلًا
73:8:2	سمو	ناقص	-	N	افْع
73:8:3	ربب	مضاعف	-	N	فَعِّكَ
73:9:1	ربب	مضاعف	-	N	فَعّ
74:11:1	وذر	مثال	-	V	ذَرْنِي
74:12:3	مول	أجوف	-	N	فَالًا
74:12:4	مدد	مضاعف	-	ADJ	فَمْعُولًا
74:16:3	كون	أجوف	-	V	فَان
74:16:4	ايي	لفيف	0	N	فعَاتِنَا
74:24:1	قول	أجوف	-	V	فَال
74:24:6	اثر	صحيح سالم	0	V	يُؤْثَر
74:27:2	دري	ناقص	-	V	أَفْعَاكَ
74:28:4	وذر	مثال	-	V	تَذَر
74:2:1	قوم	أجوف	-	V	فُم
74:31:16	اتي	ناقص	0	V	فُوعُوا
74:31:18	زيد	أجوف	-	V	يَفْدَاد
74:31:23	ريب	أجوف	-	V	يَفْتَاب
74:31:25	اتي	ناقص	0	V	فُوعُوا
74:31:27	امن	صحيح سالم	0	N	مُؤْمِنُون
74:31:35	رود	أجوف	-	V	أَفَاد
74:31:4	نور	أجوف	-	N	فَار
74:31:40	ضلل	مضاعف	-	V	يُفِعّ
74:31:43	شيا	أجوف	2	V	يَفَاء
74:31:46	شيا	أجوف	2	V	يَفَاء
74:31:50	ربب	مضاعف	-	N	فَعِّكَ
74:31:9	عدد	مضاعف	-	N	فِعَّتَهُمْ
74:37:2	شيا	أجوف	2	V	فَاء
74:38:1	كلل	مضاعف	-	N	فُعّ
74:3:1	ربب	مضاعف	-	N	فَعَّكَ
74:40:2	جنن	مضاعف	-	N	فَعَّات
74:43:1	قول	أجوف	-	V	فَالُعا
74:43:3	كون	أجوف	-	V	نَف
74:43:5	صلو	ناقص	-	N	مُفَعِّين
74:44:2	كون	أجوف	-	V	نَف
74:45:1	كون	أجوف	-	V	فُنَّا
74:45:4	خوض	أجوف	-	N	فَائِضِين
74:46:1	كون	أجوف	-	V	فُنَّا
74:47:2	اتي	ناقص	0	V	فَعَانَا
74:4:1	ثوب	أجوف	-	N	فِيَابَكَ
74:51:1	فرر	مضاعف	-	V	فَعَّت
74:52:2	رود	أجوف	-	V	يُفِيد
74:52:3	كلل	مضاعف	-	N	فُعّ
74:52:4	مرا	صحيح سالم	2	N	افْعِئ
74:52:7	اتي	ناقص	0	V	يُؤْتَى
74:53:4	خوف	أجوف	-	V	يَفَافُعنَ
74:55:2	شيا	أجوف	2	V	فَاء
74:56:5	شيا	أجوف	2	V	يَفَاء
74:56:9	وقي	لفيف	-	N	تَقْفَى
74:6:2	منن	مضاعف	-	V	تَفْعُل
74:7:1	ربب	مضاعف	-	N	فَعِّكَ
75:10:5	فرر	مضاعف	-	N	مَفَعّ
75:12:2	ربب	مضاعف	-	N	فَعِّكَ
75:12:4	قرر	مضاعف	-	N	مُسْتَفَعّ
75:1:4	قوم	أجوف	-	N	فِيَامَة
75:20:3	حبب	مضاعف	-	V	تُفِعُّونَ
75:21:1	وذر	مثال	-	V	تَذَرُفنَ
75:23:2	ربب	مضاعف	-	N	فَعِّهَا
75:25:1	ظنن	مضاعف	-	V	تَفُعّ
75:27:1	قول	أجوف	-	V	فِيل
75:27:3	رقي	ناقص	-	N	فَاع
75:28:1	ظنن	مضاعف	-	V	فَعّ
75:29:1	لفف	مضاعف	-	V	افْتَعَّت
75:29:2	سوق	أجوف	-	N	فَاق
75:29:3	سوق	أجوف	-	N	فَاق
75:30:2	ربب	مضاعف	-	N	فَعِّكَ
75:30:4	سوق	أجوف	-	N	مَفَاق
75:31:4	صلو	ناقص	-	V	فَعَّى
75:33:5	مطو	ناقص	-	V	يَتَفَعَّى
75:37:2	كون	أجوف	-	V	يَف
75:38:2	كون	أجوف	-	V	فَان
75:40:6	حيي	لفيف	-	V	يُفْعِل
75:4:6	بنن	مضاعف	-	N	فَعَالَهُ
75:5:2	رود	أجوف	-	V	يُفِيد
75:5:5	امم	مضاعف	0	T	فَعَالَهُ
75:6:4	قوم	أجوف	-	N	فِيَامَة
76:10:2	خوف	أجوف	-	V	نَفَاف
76:10:4	ربب	مضاعف	-	N	فَعِّنَا
76:11:1	وقي	لفيف	-	V	فَعَاهُمُ
76:11:3	شرر	مضاعف	-	N	فَعّ
76:11:6	لقي	ناقص	-	V	فَعَّاهُمْ
76:11:8	سرر	مضاعف	-	N	فُعُولًا
76:12:1	جزي	ناقص	-	V	فَعَاهُمْ
76:12:4	جنن	مضاعف	-	N	فَعَّة
76:12:5	حرر	مضاعف	-	N	فَعِيلًا
76:13:1	وكا	مثال	2	N	مُتَّكِئِين
76:13:6	راي	ناقص	1	V	يَفَوْنَ
76:14:1	دنو	ناقص	-	N	فَاعِيَة
76:14:3	ظلل	مضاعف	-	N	فِعَالُهَا
76:14:4	ذلل	مضاعف	-	V	فُعِّلَت
76:14:6	ذلل	مضاعف	-	N	تَفْعِيلًا
76:15:1	طوف	أجوف	-	V	يُفَاف
76:15:5	فضض	مضاعف	-	N	فِعَّة
76:15:7	كون	أجوف	-	V	فَانَت
76:15:8	قرر	مضاعف	-	N	فَوَاعِيلَا
76:16:1	قرر	مضاعف	-	N	فَوَاعِيل
76:16:3	فضض	مضاعف	-	N	فِعَّة
76:17:1	سقي	ناقص	-	V	يُفْعَوْنَ
76:17:4	كون	أجوف	-	V	فَان
76:18:3	سمو	ناقص	-	V	تُفَعَّى
76:19:8	لالا	رباعي	13	N	فُؤْلُؤًع
76:1:9	كون	أجوف	-	V	يَفُن
76:21:1	علو	ناقص	-	N	فَاعِيَهُمْ
76:21:10	سقي	ناقص	-	V	فَعَاهُمْ
76:21:11	ربب	مضاعف	-	N	فَعُّهُمْ
76:21:2	ثوب	أجوف	-	N	فِيَاب
76:21:6	حلي	ناقص	-	V	فُعُّوا
76:21:9	فضض	مضاعف	-	N	فِعَّة
76:22:3	كون	أجوف	-	V	فَان
76:22:5	جزي	ناقص	-	N	فَعَاء
76:22:6	كون	أجوف	-	V	فَان
76:24:3	ربب	مضاعف	-	N	فَعِّكَ
76:24:5	طوع	أجوف	-	V	تُفِع
76:25:2	سمو	ناقص	-	N	افْع
76:25:3	ربب	مضاعف	-	N	فَعِّكَ
76:27:3	حبب	مضاعف	-	V	يُفِعُّونَ
76:27:5	وذر	مثال	-	V	يَذَرُفنَ
76:27:6	وري	لفيف	-	LOC	فَعَاءَهُمْ
76:28:3	شدد	مضاعف	-	V	فَعَلْنَا
76:28:6	شيا	أجوف	2	V	فِئْنَا
76:29:5	شيا	أجوف	2	V	فَاء
76:29:8	ربب	مضاعف	-	N	فَعِّهِ
76:2:7	بلو	ناقص	-	V	نَفْتَعِيهِ
76:30:2	شيا	أجوف	2	V	تَفَاءُونَ
76:30:5	شيا	أجوف	2	V	يَفَاء
76:30:9	كون	أجوف	-	V	فَان
76:31:3	شيا	أجوف	2	V	يَفَاء
76:31:7	عدد	مضاعف	-	V	أَفَعّ
76:4:5	غلل	مضاعف	-	N	أَفْعَالًا
76:5:2	برر	مضاعف	-	N	أَفْعَال
76:5:6	كون	أجوف	-	V	فَان
76:7:1	وفي	لفيف	-	V	يُفعُونَ
76:7:3	خوف	أجوف	-	V	يَفَافُعنَ
76:7:5	كون	أجوف	-	V	فَان
76:7:6	شرر	مضاعف	-	N	فَعُّهُ
76:8:4	حبب	مضاعف	-	N	فُعِّهِ
76:9:6	رود	أجوف	-	V	نُفِيد
76:9:8	جزي	ناقص	-	N	فَعَاء
77:11:3	وقت	مثال	-	V	أُقِّتَت
77:14:2	دري	ناقص	-	V	أَفْعَاكَ
77:20:4	موه	أجوف	-	N	فَاء
77:21:3	قرر	مضاعف	-	N	فَعَال
77:26:1	حيي	لفيف	-	N	أَفْعَاء
77:27:3	رسو	ناقص	-	N	فَوَاعِي
77:27:6	موه	أجوف	-	N	فَاء
77:29:4	كون	أجوف	-	V	فُنْتُمْ
77:30:3	ظلل	مضاعف	-	N	فِعّ
77:31:2	ظلل	مضاعف	-	ADJ	فَعِيل
77:32:3	شرر	مضاعف	-	N	فَعَل
77:36:2	اذن	صحيح سالم	0	V	يُؤْذَن
77:39:2	كون	أجوف	-	V	فَان
77:41:2	وقي	لفيف	-	N	مُتَّقِين
77:41:4	ظلل	مضاعف	-	N	فِعَال
77:43:1	اكل	صحيح سالم	0	V	كُلُوف
77:43:5	كون	أجوف	-	V	فُنْتُمْ
77:46:1	اكل	صحيح سالم	0	V	كُلُوف
77:46:3	قلل	مضاعف	-	ADJ	فَعِيلًا
77:48:2	قول	أجوف	-	V	فِيل
77:50:4	امن	صحيح سالم	0	V	يُؤْمِنُونَ
77:9:2	سمو	ناقص	-	N	فَعَاء
78:11:3	عيش	أجوف	-	N	مَفَاشًا
78:12:4	شدد	مضاعف	-	ADJ	فِعَالًا
78:14:4	موه	أجوف	-	N	فَاء
78:14:5	ثجج	مضاعف	-	ADJ	فَعَّالًا
78:15:3	حبب	مضاعف	-	N	فَعًّا
78:16:1	جنن	مضاعف	-	N	فَعَّات
78:16:2	لفف	مضاعف	-	ADJ	أَفْعَالًا
78:17:4	كون	أجوف	-	V	فَان
78:17:5	وقت	مثال	-	N	مِيقَاتًا
78:18:5	اتي	ناقص	0	V	تَفْعُونَ
78:19:2	سمو	ناقص	-	N	فَعَاء
78:19:3	كون	أجوف	-	V	فَانَت
78:20:3	كون	أجوف	-	V	فَانَت
78:21:3	كون	أجوف	-	V	فَانَت
78:22:2	اوب	أجوف	0	N	مَفبًا
78:25:2	حمم	مضاعف	-	N	فَعِيلًا
78:26:1	جزي	ناقص	-	N	فَعَاء
78:27:2	كون	أجوف	-	V	فَانُعا
78:28:2	ايي	لفيف	0	N	فعَاتِنَا
78:29:1	كلل	مضاعف	-	N	فُعّ
78:29:2	شيا	أجوف	2	N	فَعْء
78:31:2	وقي	لفيف	-	N	مُتَّقِين
78:31:3	فوز	أجوف	-	N	مَفَازًا
78:36:1	جزي	ناقص	-	N	فَعَاء
78:36:3	ربب	مضاعف	-	N	فَعِّكَ
78:36:4	عطو	ناقص	-	N	فَعَاء
78:37:1	ربب	مضاعف	-	N	فَعّ
78:38:13	قول	أجوف	-	V	فَال
78:38:5	صفف	مضاعف	-	N	فَعًّا
78:39:3	حقق	مضاعف	-	N	فَعّ
78:39:5	شيا	أجوف	2	V	فَاء
78:39:8	ربب	مضاعف	-	N	فَعِّهِ
78:39:9	اوب	أجوف	0	N	مَفبًا
78:40:10	يدي	لفيف	-	N	فَعَاهُ
78:40:14	كون	أجوف	-	V	فُنْتُ
78:40:7	مرا	صحيح سالم	2	N	فَعْء
79:10:3	ردد	مضاعف	-	N	مَفْعُولُون
79:11:2	كون	أجوف	-	V	فُنَّا
79:12:1	قول	أجوف	-	V	فَالُعا
79:12:4	كرر	مضاعف	-	N	فَعَّة
79:15:2	اتي	ناقص	0	V	فَعَاكَ
79:16:2	ندو	ناقص	-	V	فَاعَاهُ
79:16:3	ربب	مضاعف	-	N	فَعُّهُ
79:16:4	ودي	لفيف	-	N	فَاع
79:18:1	قول	أجوف	-	V	فُل
79:18:6	زكو	ناقص	-	V	تَفَعَّى
79:19:3	ربب	مضاعف	-	N	فَعِّكَ
79:20:1	راي	ناقص	1	V	أَفَعهُ
79:20:2	ايي	لفيف	0	N	فعَة
79:23:2	ندو	ناقص	-	V	فَاعَى
79:24:1	قول	أجوف	-	V	فَال
79:24:3	ربب	مضاعف	-	N	فَعُّكُمُ
79:24:4	علو	ناقص	-	ADJ	أَفْعَى
79:27:2	شدد	مضاعف	-	N	أَفَعّ
79:27:5	سمو	ناقص	-	N	فَعَاء
79:27:6	بني	ناقص	-	V	فَعَاهَا
79:28:3	سوي	لفيف	-	V	فَعَّاهَا
79:29:4	ضحو	ناقص	-	N	فُعَاهَا
79:30:4	دحو	ناقص	-	V	فَعَاهَا
79:31:3	موه	أجوف	-	N	فَاءَهَا
79:31:4	رعي	ناقص	-	N	مَفْعَاهَا
79:32:2	رسو	ناقص	-	V	أَفْعَاهَا
79:34:2	جيا	أجوف	2	V	فَاءَت
79:34:3	طمم	مضاعف	-	N	فَاعَّة
79:36:4	راي	ناقص	1	V	يَفَى
79:38:2	حيي	لفيف	-	N	فَعَاة
79:38:3	دنو	ناقص	-	ADJ	فُعْيَا
79:40:3	خوف	أجوف	-	V	فَاف
79:40:4	قوم	أجوف	-	N	مَفَام
79:40:5	ربب	مضاعف	-	N	فَعِّهِ
79:41:2	جنن	مضاعف	-	PN	فَعَّة
79:42:3	سوع	أجوف	-	N	فَاعَة
79:42:5	رسو	ناقص	-	N	مُفْعَاهَا
79:44:2	ربب	مضاعف	-	N	فَعِّكَ
79:44:3	نهي	ناقص	-	N	مُفْتَعَاهَا
79:45:5	خشي	ناقص	-	V	يَفْعَاهَا
79:46:3	راي	ناقص	1	V	يَفَوْنَهَع
79:46:7	عشو	ناقص	-	N	فَعِيَّة
79:46:9	ضحو	ناقص	-	N	فُعَاهَا
7:100:11	شيا	أجوف	2	V	نَفَاء
7:100:12	صوب	أجوف	-	V	أَفَبْنَاهُمْ
7:100:2	هدي	ناقص	-	V	يَفْع
7:100:4	ورث	مثال	-	V	يَرِثُفنَ
7:101:12	كون	أجوف	-	V	فَانُعا
7:101:13	امن	صحيح سالم	0	V	يُؤْمِنُوف
7:101:3	قصص	مضاعف	-	V	نَفُعّ
7:101:8	جيا	أجوف	2	V	فَاءَتْهُمْ
7:103:14	كون	أجوف	-	V	فَان
7:103:6	ايي	لفيف	0	N	فعَاتِنَا
7:103:9	ملا	صحيح سالم	2	N	فَعَئِهِ
7:104:1	قول	أجوف	-	V	فَال
7:104:7	ربب	مضاعف	-	N	فَعّ
7:105:1	حقق	مضاعف	-	N	فَعِيل
7:105:11	جيا	أجوف	2	V	فِئْتُكُمْ
7:105:14	ربب	مضاعف	-	N	فَعِّكُمْ
7:105:9	حقق	مضاعف	-	N	فَعّ
7:106:1	قول	أجوف	-	V	فَال
7:106:3	كون	أجوف	-	V	فُنْتَ
7:106:4	جيا	أجوف	2	V	فِئْتَ
7:106:5	ايي	لفيف	0	N	فعَة
7:106:6	اتي	ناقص	0	V	فْع
7:106:9	كون	أجوف	-	V	فُنْتَ
7:107:2	عصو	ناقص	-	N	فَعَاهُ
7:108:2	يدي	لفيف	-	N	فَعَهُ
7:109:1	قول	أجوف	-	V	فَال
7:10:9	قلل	مضاعف	-	ADJ	فَعِيلًا
7:110:1	رود	أجوف	-	V	يُفِيد
7:111:1	قول	أجوف	-	V	فَالُعا
7:111:2	رجو	ناقص	-	V	أَفْعِهْ
7:111:3	اخو	ناقص	0	N	فَعَاهُ
7:112:1	اتي	ناقص	0	V	يَفْعُوكَ
7:112:2	كلل	مضاعف	-	N	فُعّ
7:113:1	جيا	أجوف	2	V	فَاء
7:113:4	قول	أجوف	-	V	فَالُعا
7:113:9	كون	أجوف	-	V	فُنَّا
7:114:1	قول	أجوف	-	V	فَال
7:115:1	قول	أجوف	-	V	فَالُعا
7:116:1	قول	أجوف	-	V	فَال
7:116:2	لقي	ناقص	-	V	أَفْعُوا
7:116:4	لقي	ناقص	-	V	أَفْعَوْا
7:116:7	نوس	أجوف	-	N	فَاس
7:116:9	جيا	أجوف	2	V	فَاءُوا
7:117:5	لقي	ناقص	-	V	أَفْع
7:117:6	عصو	ناقص	-	N	فَعَاكَ
7:118:2	حقق	مضاعف	-	N	فَعّ
7:118:5	كون	أجوف	-	V	فَانُعا
7:11:14	كون	أجوف	-	V	يَفُن
7:11:6	قول	أجوف	-	V	فُلْنَا
7:121:1	قول	أجوف	-	V	فَالُعا
7:121:3	ربب	مضاعف	-	N	فَعّ
7:122:1	ربب	مضاعف	-	N	فَعّ
7:123:1	قول	أجوف	-	V	فَال
7:125:1	قول	أجوف	-	V	فَالُعا
7:125:4	ربب	مضاعف	-	N	فَعِّنَا
7:126:10	جيا	أجوف	2	V	فَاءَتْنَا
7:126:11	ربب	مضاعف	-	N	فَعَّنَا
7:126:15	وفي	لفيف	-	V	تَفَعَّنَا
7:126:7	ايي	لفيف	0	N	فعَات
7:126:8	ربب	مضاعف	-	N	فَعِّنَا
7:127:1	قول	أجوف	-	V	فَال
7:127:12	وذر	مثال	-	V	يَذَرَكَ
7:127:14	قول	أجوف	-	V	فَال
7:127:16	بني	ناقص	-	N	أَفْعَاءَهُمْ
7:127:17	حيي	لفيف	-	V	نَسْتَفْعِل
7:127:18	نسو	ناقص	-	N	فِعَاءَهُمْ
7:127:6	وذر	مثال	-	V	أَتَذَر
7:128:1	قول	أجوف	-	V	فَال
7:128:12	شيا	أجوف	2	V	يَفَاء
7:128:16	وقي	لفيف	-	N	مُتَّقِين
7:128:4	عون	أجوف	-	V	اسْتَفِينُعا
7:128:9	اله	صحيح سالم	0	PN	لَّه
7:129:1	قول	أجوف	-	V	فَالُعا
7:129:10	جيا	أجوف	2	V	فِئْتَنَا
7:129:11	قول	أجوف	-	V	فَال
7:129:13	ربب	مضاعف	-	N	فَعُّكُمْ
7:12:1	قول	أجوف	-	V	فَال
7:12:14	نور	أجوف	-	N	فَار
7:12:8	قول	أجوف	-	V	فَال
7:130:3	اول	أجوف	0	N	فل
7:130:5	سنو	ناقص	-	N	فِعِين
7:131:16	طير	أجوف	-	N	فَائِرُهُمْ
7:131:2	جيا	أجوف	2	V	فَاءَتْهُمُ
7:131:4	قول	أجوف	-	V	فَالُعا
7:131:8	صوب	أجوف	-	V	تُفِبْهُمْ
7:131:9	سوا	أجوف	2	N	فَيِّئَة
7:132:1	قول	أجوف	-	V	فَالُعا
7:132:12	امن	صحيح سالم	0	N	مُؤْمِنِين
7:132:3	اتي	ناقص	0	V	تَفْعِنَا
7:132:6	ايي	لفيف	0	N	فعَة
7:133:11	كون	أجوف	-	V	فَانُعا
7:133:7	دمو	ناقص	-	N	فَع
7:133:8	ايي	لفيف	0	N	فعَات
7:134:17	امن	صحيح سالم	0	V	نُؤْمِنَنَّ
7:134:5	قول	أجوف	-	V	فَالُعا
7:134:7	دعو	ناقص	-	V	افْع
7:134:9	ربب	مضاعف	-	N	فَعَّكَ
7:136:5	يمم	مضاعف	-	N	فَعّ
7:136:8	ايي	لفيف	0	N	فعَاتِنَا
7:136:9	كون	أجوف	-	V	فَانُعا
7:137:12	تمم	مضاعف	-	V	فَعَّت
7:137:14	ربب	مضاعف	-	N	فَعِّكَ
7:137:23	كون	أجوف	-	V	فَان
7:137:28	كون	أجوف	-	V	فَانُعا
7:137:4	كون	أجوف	-	V	فَانُعا
7:138:12	قول	أجوف	-	V	فَالُعا
7:138:20	قول	أجوف	-	V	فَال
7:138:5	اتي	ناقص	0	V	فَعَوْا
7:139:9	كون	أجوف	-	V	فَانُعا
7:13:1	قول	أجوف	-	V	فَال
7:140:1	قول	أجوف	-	V	فَال
7:141:10	بني	ناقص	-	N	أَفْعَاءَكُمْ
7:141:11	حيي	لفيف	-	V	يَسْتَفْعُونَ
7:141:12	نسو	ناقص	-	N	فِعَاءَكُمْ
7:141:15	بلو	ناقص	-	N	فَعَاء
7:141:17	ربب	مضاعف	-	N	فَعِّكُمْ
7:141:2	نجو	ناقص	-	V	أَفْعَيْنَاكُمْ
7:141:4	اول	أجوف	0	N	فل
7:141:7	سوا	أجوف	2	N	فُعء
7:142:12	قول	أجوف	-	V	فَال
7:142:14	اخو	ناقص	0	N	فَعِيهِ
7:142:5	تمم	مضاعف	-	V	أَفْعَلْنَاهَا
7:142:7	تمم	مضاعف	-	V	فَعّ
7:142:8	وقت	مثال	-	N	مِيقَات
7:142:9	ربب	مضاعف	-	N	فَعِّهِ
7:143:12	قول	أجوف	-	V	فَال
7:143:2	جيا	أجوف	2	V	فَاء
7:143:20	قرر	مضاعف	-	V	اسْتَفَعّ
7:143:21	كون	أجوف	-	N	مَفَانَهُ
7:143:25	جلو	ناقص	-	V	تَفَعَّى
7:143:26	ربب	مضاعف	-	N	فَعُّهُ
7:143:29	دكك	مضاعف	-	N	فَعًّا
7:143:30	خرر	مضاعف	-	V	فَعّ
7:143:34	فوق	أجوف	-	V	أَفَاق
7:143:35	قول	أجوف	-	V	فَال
7:143:37	توب	أجوف	-	V	فُبْتُ
7:143:4	وقت	مثال	-	N	مِيقَاتِنَا
7:143:41	امن	صحيح سالم	0	N	مُؤْمِنِين
7:143:6	ربب	مضاعف	-	N	فَعُّهُ
7:143:7	قول	أجوف	-	V	فَال
7:143:8	ربب	مضاعف	-	N	فَعِّ
7:143:9	راي	ناقص	1	V	أَفِنِي
7:144:1	قول	أجوف	-	V	فَال
7:144:12	كون	أجوف	-	V	فُن
7:144:4	صفو	ناقص	-	V	افْطَعَيْتُكَ
7:144:6	نوس	أجوف	-	N	فَاس
7:144:9	اخذ	صحيح سالم	0	V	خُذ
7:145:10	كلل	مضاعف	-	N	فُعّ
7:145:11	شيا	أجوف	2	N	فَعْء
7:145:12	اخذ	صحيح سالم	0	V	خُذْهَف
7:145:13	قوي	لفيف	-	N	فُعَّة
7:145:18	راي	ناقص	1	V	أُفِيكُمْ
7:145:19	دور	أجوف	-	N	فَار
7:145:6	كلل	مضاعف	-	N	فُعّ
7:145:7	شيا	أجوف	2	N	فَعْء
7:146:11	راي	ناقص	1	V	يَفَوْع
7:146:12	كلل	مضاعف	-	N	فُعّ
7:146:13	ايي	لفيف	0	N	فعَة
7:146:15	امن	صحيح سالم	0	V	يُؤْمِنُوف
7:146:18	راي	ناقص	1	V	يَفَوْع
7:146:22	اخذ	صحيح سالم	0	V	يَتَّخِذُوهُ
7:146:25	راي	ناقص	1	V	يَفَوْع
7:146:27	غوي	لفيف	-	N	فَيّ
7:146:28	اخذ	صحيح سالم	0	V	يَتَّخِذُوهُ
7:146:3	ايي	لفيف	0	N	فعَاتِلَ
7:146:33	ايي	لفيف	0	N	فعَاتِنَا
7:146:34	كون	أجوف	-	V	فَانُعا
7:146:9	حقق	مضاعف	-	N	فَعّ
7:147:12	كون	أجوف	-	V	فَانُعا
7:147:3	ايي	لفيف	0	N	فعَاتِنَا
7:147:4	لقي	ناقص	-	N	فِعَاء
7:147:9	جزي	ناقص	-	V	يُفْعَوْنَ
7:148:13	راي	ناقص	1	V	يَفَوْع
7:148:21	كون	أجوف	-	V	فَانُعا
7:149:13	ربب	مضاعف	-	N	فَعُّنَا
7:149:5	راي	ناقص	1	V	فَعَوْا
7:149:8	ضلل	مضاعف	-	V	فَعُّوا
7:149:9	قول	أجوف	-	V	فَالُعا
7:14:1	قول	أجوف	-	V	فَال
7:150:15	ربب	مضاعف	-	N	فَعِّكُمْ
7:150:20	اخو	ناقص	0	N	فَعِيهِ
7:150:21	جرر	مضاعف	-	V	يَفُعُّهُ
7:150:23	قول	أجوف	-	V	فَال
7:150:24	بني	ناقص	-	N	افْع
7:150:25	امم	مضاعف	0	N	فُعَّ
7:150:29	كود	أجوف	-	V	فَادُعا
7:150:34	عدو	ناقص	-	N	أَفْعَاء
7:150:8	قول	أجوف	-	V	فَال
7:150:9	باس	صحيح سالم	1	V	فِئْسَمَع
7:151:1	قول	أجوف	-	V	فَال
7:151:2	ربب	مضاعف	-	N	فَعِّ
7:151:5	اخو	ناقص	0	N	فَعِي
7:152:11	حيي	لفيف	-	N	فَعَاة
7:152:12	دنو	ناقص	-	ADJ	فُعْيَا
7:152:5	نيل	أجوف	-	V	يَفَالُهُمْ
7:152:8	ربب	مضاعف	-	N	فَعِّهِمْ
7:152:9	ذلل	مضاعف	-	N	فِعَّة
7:153:10	ربب	مضاعف	-	N	فَعَّكَ
7:153:3	سوا	أجوف	2	N	فَيِّئَات
7:153:5	توب	أجوف	-	V	فَابُعا
7:154:14	ربب	مضاعف	-	N	فَعِّهِمْ
7:155:1	خير	أجوف	-	V	افْتَار
7:155:10	قول	أجوف	-	V	فَال
7:155:11	ربب	مضاعف	-	N	فَعِّ
7:155:13	شيا	أجوف	2	V	فِئْتَ
7:155:27	ضلل	مضاعف	-	V	تُفِعّ
7:155:30	شيا	أجوف	2	V	تَفَاء
7:155:33	شيا	أجوف	2	V	تَفَاء
7:155:6	وقت	مثال	-	N	مِيقَاتِنَا
7:156:10	هود	أجوف	-	V	فُدْنَا
7:156:12	قول	أجوف	-	V	فَال
7:156:14	صوب	أجوف	-	V	أُفِيب
7:156:17	شيا	أجوف	2	V	أَفَاء
7:156:20	كلل	مضاعف	-	N	فُعّ
7:156:21	شيا	أجوف	2	N	فَعْء
7:156:24	وقي	لفيف	-	V	يَتَّقُفنَ
7:156:25	اتي	ناقص	0	V	يُؤْتُونَ
7:156:26	زكو	ناقص	-	N	فَعَاة
7:156:29	ايي	لفيف	0	N	فعَاتِنَا
7:156:30	امن	صحيح سالم	0	V	يُؤْمِنُونَ
7:156:5	دنو	ناقص	-	N	فُعْيَا
7:157:15	نهي	ناقص	-	V	يَفْعَاهُمْ
7:157:18	حلل	مضاعف	-	V	يُفِعّ
7:157:24	وضع	مثال	-	V	يَضَع
7:157:27	غلل	مضاعف	-	N	أَفْعَال
7:157:29	كون	أجوف	-	V	فَانَت
7:157:4	نبا	صحيح سالم	2	N	فَعِيّ
7:157:5	امم	مضاعف	0	ADJ	فُعِّيّ
7:157:7	وجد	مثال	-	V	يَجِدُفنَهُ
7:158:1	قول	أجوف	-	V	فُل
7:158:18	حيي	لفيف	-	V	يُفْعِل
7:158:19	موت	أجوف	-	V	يُفِيت
7:158:23	نبا	صحيح سالم	2	N	فَعِيّ
7:158:24	امم	مضاعف	0	ADJ	فُعِّيّ
7:158:26	امن	صحيح سالم	0	V	يُؤْمِن
7:158:3	نوس	أجوف	-	N	فَاس
7:158:31	هدي	ناقص	-	V	تَفْتَعُونَ
7:159:4	امم	مضاعف	0	N	فُعَّة
7:159:5	هدي	ناقص	-	V	يَفْعُونَ
7:159:6	حقق	مضاعف	-	N	فَعّ
7:15:1	قول	أجوف	-	V	فَال
7:160:10	سقي	ناقص	-	V	افْتَسْعَاهُ
7:160:14	عصو	ناقص	-	N	فَعَاكَ
7:160:18	ثني	ناقص	-	N	افْعَتَا
7:160:23	كلل	مضاعف	-	N	فُعّ
7:160:26	ظلل	مضاعف	-	V	فَعَّلْنَا
7:160:28	غمم	مضاعف	-	N	فَعَال
7:160:31	منن	مضاعف	-	N	فَعّ
7:160:33	اكل	صحيح سالم	0	V	كُلُوف
7:160:41	كون	أجوف	-	V	فَانُعا
7:160:5	امم	مضاعف	0	N	فُعَلًا
7:161:10	شيا	أجوف	2	V	فِئْتُمْ
7:161:12	حطط	مضاعف	-	N	فِعَّة
7:161:14	بوب	أجوف	-	N	فَاب
7:161:2	قول	أجوف	-	V	فِيل
7:161:7	اكل	صحيح سالم	0	V	كُلُوف
7:162:14	سمو	ناقص	-	N	فَعَاء
7:162:16	كون	أجوف	-	V	فَانُعا
7:162:8	قول	أجوف	-	V	فِيل
7:163:14	حوت	أجوف	-	N	فِيتَانُهُمْ
7:163:26	كون	أجوف	-	V	فَانُعا
7:163:5	كون	أجوف	-	V	فَانَت
7:164:13	شدد	مضاعف	-	ADJ	فَعِيلًا
7:164:14	قول	أجوف	-	V	فَالُعا
7:164:17	ربب	مضاعف	-	N	فَعِّكُمْ
7:164:19	وقي	لفيف	-	V	يَتَّقُفنَ
7:164:2	قول	أجوف	-	V	فَالَت
7:164:3	امم	مضاعف	0	N	فُعَّة
7:164:6	وعظ	مثال	-	V	تَعِظُفنَ
7:165:10	سوا	أجوف	2	N	فُعء
7:165:15	باس	صحيح سالم	1	ADJ	فَئِيس
7:165:17	كون	أجوف	-	V	فَانُعا
7:165:2	نسي	ناقص	-	V	فَعُوا
7:165:6	نجو	ناقص	-	V	أَفْعَيْنَا
7:165:8	نهي	ناقص	-	V	يَفْعَوْنَ
7:166:11	خسا	صحيح سالم	2	ADJ	فَاعِئِين
7:166:5	نهي	ناقص	-	V	فُعُوا
7:166:7	قول	أجوف	-	V	فُلْنَا
7:167:11	سوا	أجوف	2	N	فُعء
7:167:14	ربب	مضاعف	-	N	فَعَّكَ
7:167:3	ربب	مضاعف	-	N	فَعُّكَ
7:167:8	قوم	أجوف	-	N	فِيَامَة
7:168:12	سوا	أجوف	2	N	فَيِّئَات
7:168:4	امم	مضاعف	0	N	فُعَلًا
7:169:10	دنو	ناقص	-	N	أَفْعَى
7:169:15	اتي	ناقص	0	V	يَفْعِهِمْ
7:169:20	اخذ	صحيح سالم	0	V	يُؤْخَذ
7:169:22	وثق	مثال	-	N	مِيثَاق
7:169:30	حقق	مضاعف	-	N	فَعّ
7:169:34	دور	أجوف	-	N	فَار
7:169:38	وقي	لفيف	-	V	يَتَّقُفنَ
7:16:1	قول	أجوف	-	V	فَال
7:16:7	قوم	أجوف	-	ADJ	مُسْتَفِيم
7:170:4	قوم	أجوف	-	V	أَفَامُعا
7:170:5	صلو	ناقص	-	N	فَعَاة
7:171:11	اخذ	صحيح سالم	0	V	خُذُوف
7:171:14	قوي	لفيف	-	N	فُعَّة
7:171:19	وقي	لفيف	-	V	تَتَّقُفنَ
7:171:6	ظلل	مضاعف	-	N	فُعَّة
7:171:7	ظنن	مضاعف	-	V	فَعُّوا
7:172:13	ليس	أجوف	-	V	أَفَسْتُ
7:172:14	ربب	مضاعف	-	N	فَعِّكُمْ
7:172:15	قول	أجوف	-	V	فَالُعا
7:172:21	قوم	أجوف	-	N	فِيَامَة
7:172:23	كون	أجوف	-	V	فُنَّا
7:172:3	ربب	مضاعف	-	N	فَعُّكَ
7:172:9	ذرر	مضاعف	-	N	فُعِّيَّتَهُمْ
7:173:5	ابو	ناقص	0	N	فعَاؤُنَا
7:173:8	كون	أجوف	-	V	فُنَّا
7:173:9	ذرر	مضاعف	-	N	فُعِّيَّة
7:174:3	ايي	لفيف	0	N	فعَات
7:175:1	تلو	ناقص	-	V	افْع
7:175:11	كون	أجوف	-	V	فَان
7:175:6	ايي	لفيف	0	N	فعَاتِنَا
7:176:10	هوي	لفيف	-	N	فَعَاهُ
7:176:2	شيا	أجوف	2	V	فِئْنَا
7:176:26	ايي	لفيف	0	N	فعَاتِنَا
7:176:27	قصص	مضاعف	-	V	افْعُل
7:176:28	قصص	مضاعف	-	N	فَعَل
7:177:1	سوا	أجوف	2	V	فَاء
7:177:6	ايي	لفيف	0	N	فعَاتِنَا
7:177:8	كون	أجوف	-	V	فَانُعا
7:178:2	هدي	ناقص	-	V	يَفْع
7:178:7	ضلل	مضاعف	-	V	يُفْعِل
7:179:27	ضلل	مضاعف	-	N	أَفَعّ
7:179:6	جنن	مضاعف	-	N	فِعّ
7:17:13	وجد	مثال	-	V	تَجِد
7:180:1	اله	صحيح سالم	0	PN	لَّه
7:180:10	سمو	ناقص	-	N	أَفْعَائِهِ
7:180:11	جزي	ناقص	-	V	يُفْعَوْنَ
7:180:13	كون	أجوف	-	V	فَانُعا
7:180:2	سمو	ناقص	-	N	أَفْعَاء
7:180:6	وذر	مثال	-	V	ذَرُفا
7:181:3	امم	مضاعف	0	N	فُعَّة
7:181:4	هدي	ناقص	-	V	يَفْعُونَ
7:181:5	حقق	مضاعف	-	N	فَعّ
7:182:3	ايي	لفيف	0	N	فعَاتِنَا
7:183:1	ملو	ناقص	-	V	أُفْعِي
7:184:6	جنن	مضاعف	-	N	فِعَّة
7:185:11	شيا	أجوف	2	N	فَعْء
7:185:22	امن	صحيح سالم	0	V	يُؤْمِنُونَ
7:186:2	ضلل	مضاعف	-	V	يُفْعِل
7:186:7	وذر	مثال	-	V	يَذَرُهُمْ
7:187:10	ربب	مضاعف	-	N	فَعِّي
7:187:12	جلو	ناقص	-	V	يُفَعِّيهَا
7:187:26	حفو	ناقص	-	N	فَعِيّ
7:187:28	قول	أجوف	-	V	فُل
7:187:3	سوع	أجوف	-	N	فَاعَة
7:187:35	نوس	أجوف	-	N	فَاس
7:187:5	رسو	ناقص	-	N	مُفْعَاهَا
7:187:6	قول	أجوف	-	V	فُل
7:188:1	قول	أجوف	-	V	فُل
7:188:10	شيا	أجوف	2	V	فَاء
7:188:13	كون	أجوف	-	V	فُنْتُ
7:188:20	مسس	مضاعف	-	V	فَعَّنِيَ
7:188:21	سوا	أجوف	2	N	فُعء
7:188:28	امن	صحيح سالم	0	V	يُؤْمِنُونَ
7:188:7	ضرر	مضاعف	-	N	فَعًّا
7:189:13	غشو	ناقص	-	V	تَفَعَّاهَا
7:189:16	خفف	مضاعف	-	ADJ	فَعِيلًا
7:189:17	مرر	مضاعف	-	V	فَعَّت
7:189:23	ربب	مضاعف	-	N	فَعَّهُمَا
7:18:1	قول	أجوف	-	V	فَال
7:18:4	ذام	صحيح سالم	1	N	مَفْءُومًع
7:190:2	اتي	ناقص	0	V	فعَاهُمَا
7:190:8	اتي	ناقص	0	V	فعَاهُمَا
7:190:9	علو	ناقص	-	V	تَفَاعَى
7:192:2	طوع	أجوف	-	V	يَسْتَفِيعُعنَ
7:193:7	سوي	لفيف	-	N	فَعَاء
7:194:10	جوب	أجوف	-	V	يَسْتَفِيبُعا
7:194:13	كون	أجوف	-	V	فُنْتُمْ
7:195:20	قول	أجوف	-	V	فُل
7:195:3	مشي	ناقص	-	V	يَفْعُونَ
7:195:7	يدي	لفيف	-	N	أَفْع
7:197:6	طوع	أجوف	-	V	يَسْتَفِيعُعنَ
7:198:7	راي	ناقص	1	V	تَفَعهُمْ
7:199:1	اخذ	صحيح سالم	0	V	خُذ
7:19:5	جنن	مضاعف	-	PN	فَعَّة
7:19:6	اكل	صحيح سالم	0	V	كُلَف
7:19:9	شيا	أجوف	2	V	فِئْتُمَا
7:200:6	عوذ	أجوف	-	V	اسْتَفِذ
7:201:3	وقي	لفيف	-	V	اتَّقَفْا
7:201:5	مسس	مضاعف	-	V	فَعَّهُمْ
7:201:6	طوف	أجوف	-	N	فَائِف
7:202:2	مدد	مضاعف	-	V	يَفُعُّونَهُمْ
7:202:4	غوي	لفيف	-	N	فَيّ
7:203:15	ربب	مضاعف	-	N	فَعِّي
7:203:19	ربب	مضاعف	-	N	فَعِّكُمْ
7:203:23	امن	صحيح سالم	0	V	يُؤْمِنُونَ
7:203:3	اتي	ناقص	0	V	تَفْعِهِمْ
7:203:4	ايي	لفيف	0	N	فعَة
7:203:5	قول	أجوف	-	V	فَالُعا
7:203:8	قول	أجوف	-	V	فُل
7:204:2	قرا	صحيح سالم	2	V	فُعِئ
7:205:14	كون	أجوف	-	V	تَفُن
7:205:2	ربب	مضاعف	-	N	فَعَّكَ
7:205:6	خوف	أجوف	-	N	فِيفَة
7:206:4	ربب	مضاعف	-	N	فَعِّكَ
7:20:11	قول	أجوف	-	V	فَال
7:20:13	نهي	ناقص	-	V	فَعَاكُمَا
7:20:14	ربب	مضاعف	-	N	فَعُّكُمَا
7:20:4	بدو	ناقص	-	V	يُفْعِي
7:22:1	دلل	مضاعف	-	V	فَعَّاهُمَا
7:22:14	جنن	مضاعف	-	PN	فَعَّة
7:22:15	ندو	ناقص	-	V	فَاعَاهُمَا
7:22:16	ربب	مضاعف	-	N	فَعُّهُمَا
7:22:18	نهي	ناقص	-	V	أَفْعَكُمَا
7:22:2	غرر	مضاعف	-	N	فُعُول
7:22:22	قول	أجوف	-	V	أَفُل
7:22:4	ذوق	أجوف	-	V	فَاقَا
7:22:6	بدو	ناقص	-	V	فَعَت
7:23:1	قول	أجوف	-	V	فَالَا
7:23:2	ربب	مضاعف	-	N	فَعَّنَا
7:24:1	قول	أجوف	-	V	فَال
7:24:9	قرر	مضاعف	-	N	مُسْتَفَعّ
7:25:1	قول	أجوف	-	V	فَال
7:25:3	حيي	لفيف	-	V	تَفْعَوْنَ
7:26:11	وقي	لفيف	-	N	تَقْفَى
7:26:16	ايي	لفيف	0	N	فعَات
7:27:10	جنن	مضاعف	-	PN	فَعَّة
7:27:14	راي	ناقص	1	V	يُفِيَهُمَع
7:27:17	راي	ناقص	1	V	يَفَعكُمْ
7:27:23	راي	ناقص	1	V	تَفَوْنَهُمْ
7:27:30	امن	صحيح سالم	0	V	يُؤْمِنُونَ
7:28:11	قول	أجوف	-	V	فُل
7:28:4	قول	أجوف	-	V	فَالُعا
7:28:7	ابو	ناقص	0	N	فعَاءَنَا
7:29:1	قول	أجوف	-	V	فُل
7:29:3	ربب	مضاعف	-	N	فَعِّي
7:29:5	قوم	أجوف	-	V	أَفِيمُعا
7:29:8	كلل	مضاعف	-	N	فُعّ
7:2:13	امن	صحيح سالم	0	N	مُؤْمِنِين
7:2:5	كون	أجوف	-	V	يَفُن
7:30:16	هدي	ناقص	-	N	مُفْتَعُون
7:30:4	حقق	مضاعف	-	V	فَعّ
7:30:6	ضلل	مضاعف	-	N	فَعَالَة
7:31:14	حبب	مضاعف	-	V	يُفِعّ
7:31:3	اخذ	صحيح سالم	0	V	خُذُوف
7:31:6	كلل	مضاعف	-	N	فُعّ
7:31:8	اكل	صحيح سالم	0	V	كُلُوف
7:32:1	قول	أجوف	-	V	فُل
7:32:12	قول	أجوف	-	V	فُل
7:32:17	حيي	لفيف	-	N	فَعَاة
7:32:18	دنو	ناقص	-	ADJ	فُعْيَا
7:32:21	قوم	أجوف	-	N	فِيَامَة
7:32:24	ايي	لفيف	0	N	فعَات
7:33:1	قول	أجوف	-	V	فُل
7:33:14	حقق	مضاعف	-	N	فَعّ
7:33:4	ربب	مضاعف	-	N	فَعِّيَ
7:34:1	كلل	مضاعف	-	N	فُعّ
7:34:2	امم	مضاعف	0	N	فُعَّة
7:34:5	جيا	أجوف	2	V	فَاء
7:34:9	سوع	أجوف	-	T	فَاعَة
7:35:11	وقي	لفيف	-	V	اتَّقَى
7:35:7	قصص	مضاعف	-	V	يَفُعُّونَ
7:35:9	ايي	لفيف	0	N	فعَاتِل
7:36:3	ايي	لفيف	0	N	فعَاتِنَا
7:36:8	نور	أجوف	-	N	فَار
7:37:10	ايي	لفيف	0	N	فعَاتِهِ
7:37:12	نيل	أجوف	-	V	يَفَالُهُمْ
7:37:18	جيا	أجوف	2	V	فَاءَتْهُمْ
7:37:20	وفي	لفيف	-	V	يَتَفَعَّوْنَهُمْ
7:37:21	قول	أجوف	-	V	فَالُعا
7:37:24	كون	أجوف	-	V	فُنْتُمْ
7:37:29	قول	أجوف	-	V	فَالُعا
7:37:30	ضلل	مضاعف	-	V	فَعُّوا
7:37:36	كون	أجوف	-	V	فَانُعا
7:38:1	قول	أجوف	-	V	فَال
7:38:10	جنن	مضاعف	-	N	فِعّ
7:38:13	نور	أجوف	-	N	فَار
7:38:14	كلل	مضاعف	-	T	فُعَّمَا
7:38:16	امم	مضاعف	0	N	فُعَّة
7:38:18	اخو	ناقص	0	N	فُعْتَهَا
7:38:24	قول	أجوف	-	V	فَالَت
7:38:27	ربب	مضاعف	-	N	فَعَّنَا
7:38:29	ضلل	مضاعف	-	V	أَفَعُّونَا
7:38:30	اتي	ناقص	0	V	فعِهِمْ
7:38:34	نور	أجوف	-	N	فَار
7:38:35	قول	أجوف	-	V	فَال
7:38:36	كلل	مضاعف	-	N	فُعّ
7:38:4	امم	مضاعف	0	N	فُعَل
7:38:6	خلو	ناقص	-	V	فَعَت
7:39:1	قول	أجوف	-	V	فَالَت
7:39:13	كون	أجوف	-	V	فُنْتُمْ
7:39:5	كون	أجوف	-	V	فَان
7:3:12	قلل	مضاعف	-	ADJ	فَعِيلًا
7:3:6	ربب	مضاعف	-	N	فَعِّكُمْ
7:40:11	سمو	ناقص	-	N	فَعَاء
7:40:14	جنن	مضاعف	-	PN	فَعَّة
7:40:16	ولج	مثال	-	V	يَلِج
7:40:19	سمم	مضاعف	-	N	فَعّ
7:40:4	ايي	لفيف	0	N	فعَاتِنَا
7:41:7	غشو	ناقص	-	N	فَوَاع
7:42:12	جنن	مضاعف	-	PN	فَعَّة
7:43:11	قول	أجوف	-	V	فَالُعا
7:43:13	اله	صحيح سالم	0	PN	لَّه
7:43:15	هدي	ناقص	-	V	فَعَانَا
7:43:18	كون	أجوف	-	V	فُنَّا
7:43:22	هدي	ناقص	-	V	فَعَانَا
7:43:25	جيا	أجوف	2	V	فَاءَت
7:43:27	ربب	مضاعف	-	N	فَعِّنَا
7:43:28	حقق	مضاعف	-	N	فَعّ
7:43:32	جنن	مضاعف	-	PN	فَعَّة
7:43:35	كون	أجوف	-	V	فُنْتُمْ
7:43:6	غلل	مضاعف	-	N	فِعّ
7:44:1	ندو	ناقص	-	V	فَاعَى
7:44:11	ربب	مضاعف	-	N	فَعُّنَا
7:44:12	حقق	مضاعف	-	N	فَعًّا
7:44:17	ربب	مضاعف	-	N	فَعُّكُمْ
7:44:18	حقق	مضاعف	-	N	فَعًّا
7:44:19	قول	أجوف	-	V	فَالُعا
7:44:22	اذن	صحيح سالم	0	N	مُؤَذِّن
7:44:3	جنن	مضاعف	-	PN	فَعَّة
7:44:5	نور	أجوف	-	N	فَار
7:45:2	صدد	مضاعف	-	V	يَفُعُّونَ
7:45:6	بغي	ناقص	-	V	يَفْعُونَهَا
7:46:11	جنن	مضاعف	-	PN	فَعَّة
7:46:7	كلل	مضاعف	-	N	فُعًّا
7:46:8	سوم	أجوف	-	N	فِيمَاهُمْ
7:47:4	لقي	ناقص	-	LOC	تِفْعَاء
7:47:6	نور	أجوف	-	N	فَار
7:47:7	قول	أجوف	-	V	فَالُعا
7:47:8	ربب	مضاعف	-	N	فَعَّنَا
7:48:1	ندو	ناقص	-	V	فَاعَى
7:48:13	كون	أجوف	-	V	فُنْتُمْ
7:48:6	سوم	أجوف	-	N	فِيمَاهُمْ
7:48:7	قول	أجوف	-	V	فَالُعا
7:49:5	نيل	أجوف	-	V	يَفَالُهُمُ
7:49:9	جنن	مضاعف	-	PN	فَعَّة
7:4:10	قيل	أجوف	-	N	فَائِلُون
7:4:5	جيا	أجوف	2	V	فَاءَهَا
7:50:1	ندو	ناقص	-	V	فَاعَى
7:50:10	موه	أجوف	-	N	فَاء
7:50:15	قول	أجوف	-	V	فَالُعا
7:50:3	نور	أجوف	-	N	فَار
7:50:5	جنن	مضاعف	-	PN	فَعَّة
7:51:10	نسي	ناقص	-	V	فَنْعَاهُمْ
7:51:12	نسي	ناقص	-	V	فَعُوا
7:51:13	لقي	ناقص	-	N	فِعَاء
7:51:17	كون	أجوف	-	V	فَانُعا
7:51:18	ايي	لفيف	0	N	فعَاتِنَا
7:51:6	غرر	مضاعف	-	V	فَعَّتْهُمُ
7:51:7	حيي	لفيف	-	N	فَعَاة
7:51:8	دنو	ناقص	-	ADJ	فُعْيَا
7:52:10	امن	صحيح سالم	0	V	يُؤْمِنُونَ
7:52:2	جيا	أجوف	2	V	فِئْنَاهُمْ
7:53:10	نسي	ناقص	-	V	فَعُوهُ
7:53:14	جيا	أجوف	2	V	فَاءَت
7:53:16	ربب	مضاعف	-	N	فَعِّنَا
7:53:17	حقق	مضاعف	-	N	فَعّ
7:53:25	ردد	مضاعف	-	V	نُفَعّ
7:53:29	كون	أجوف	-	V	فُنَّا
7:53:34	ضلل	مضاعف	-	V	فَعّ
7:53:37	كون	أجوف	-	V	فَانُعا
7:53:38	فري	ناقص	-	V	يَفْتَعُونَ
7:54:10	يوم	لفيف	-	N	أَفَّام
7:54:15	غشو	ناقص	-	V	يُفْعِي
7:54:19	حثث	مضاعف	-	N	فَعِيلًا
7:54:2	ربب	مضاعف	-	N	فَعَّكُمُ
7:54:31	ربب	مضاعف	-	N	فَعّ
7:54:9	ستت	مضاعف	-	N	فِعَّل
7:55:2	ربب	مضاعف	-	N	فَعَّكُمْ
7:55:7	حبب	مضاعف	-	V	يُفِعّ
7:55:8	عدو	ناقص	-	N	مُفْتَعِين
7:57:11	قلل	مضاعف	-	V	أَفَعَّت
7:57:14	سوق	أجوف	-	V	فُقْنَاهُ
7:57:16	موت	أجوف	-	ADJ	فَيِّت
7:57:19	موه	أجوف	-	N	فَاء
7:57:23	كلل	مضاعف	-	N	فُعّ
7:57:4	روح	أجوف	-	N	فِيَاح
7:58:15	ايي	لفيف	0	N	فعَات
7:58:6	ربب	مضاعف	-	N	فَعِّهِ
7:59:16	خوف	أجوف	-	V	أَفَاف
7:59:6	قول	أجوف	-	V	فَال
7:5:11	كون	أجوف	-	V	فُنَّا
7:5:2	كون	أجوف	-	V	فَان
7:5:5	جيا	أجوف	2	V	فَاءَهُمْ
7:5:9	قول	أجوف	-	V	فَالُعا
7:60:1	قول	أجوف	-	V	فَال
7:60:6	راي	ناقص	1	V	نَفَعكَ
7:60:8	ضلل	مضاعف	-	N	فَعَال
7:61:1	قول	أجوف	-	V	فَال
7:61:5	ضلل	مضاعف	-	N	فَعَالَة
7:61:9	ربب	مضاعف	-	N	فَعّ
7:62:3	ربب	مضاعف	-	N	فَعِّي
7:63:11	وقي	لفيف	-	V	تَتَّقُفا
7:63:3	جيا	أجوف	2	V	فَاءَكُمْ
7:63:6	ربب	مضاعف	-	N	فَعِّكُمْ
7:64:10	ايي	لفيف	0	N	فعَاتِنَا
7:64:12	كون	أجوف	-	V	فَانُعا
7:64:2	نجو	ناقص	-	V	أَفْعَيْنَاهُ
7:65:15	وقي	لفيف	-	V	تَتَّقُفنَ
7:65:2	عود	أجوف	-	PN	فَاد
7:65:3	اخو	ناقص	0	N	فَعَاهُمْ
7:65:5	قول	أجوف	-	V	فَال
7:66:1	قول	أجوف	-	V	فَال
7:66:12	ظنن	مضاعف	-	V	نَفُعُّكَ
7:66:8	راي	ناقص	1	V	نَفَعكَ
7:67:1	قول	أجوف	-	V	فَال
7:67:9	ربب	مضاعف	-	N	فَعّ
7:68:3	ربب	مضاعف	-	N	فَعِّي
7:69:19	زيد	أجوف	-	V	فَادَكُمْ
7:69:24	الو	ناقص	0	N	فعَاء
7:69:3	جيا	أجوف	2	V	فَاءَكُمْ
7:69:6	ربب	مضاعف	-	N	فَعِّكُمْ
7:70:1	قول	أجوف	-	V	فَالُعا
7:70:10	ابو	ناقص	0	N	فعَاؤُنَا
7:70:11	اتي	ناقص	0	V	فْعِنَا
7:70:13	وعد	مثال	-	V	تَعِدُنَا
7:70:15	كون	أجوف	-	V	فُنْتَ
7:70:2	جيا	أجوف	2	V	أَفِئْتَنَا
7:70:6	وذر	مثال	-	V	نَذَر
7:70:8	كون	أجوف	-	V	فَان
7:71:1	قول	أجوف	-	V	فَال
7:71:11	سمو	ناقص	-	N	أَفْعَاء
7:71:14	ابو	ناقص	0	N	فعَاؤُكُمْ
7:71:6	ربب	مضاعف	-	N	فَعِّكُمْ
7:72:1	نجو	ناقص	-	V	أَفْعَيْنَاهُ
7:72:10	ايي	لفيف	0	N	فعَاتِنَا
7:72:12	كون	أجوف	-	V	فَانُعا
7:72:13	امن	صحيح سالم	0	N	مُؤْمِنِين
7:73:15	جيا	أجوف	2	V	فَاءَتْكُمْ
7:73:18	ربب	مضاعف	-	N	فَعِّكُمْ
7:73:20	نوق	أجوف	-	N	فَاقَة
7:73:23	ايي	لفيف	0	N	فعَة
7:73:24	وذر	مثال	-	V	ذَرُفهَا
7:73:3	اخو	ناقص	0	N	فَعَاهُمْ
7:73:30	مسس	مضاعف	-	V	تَفَعُّوهَا
7:73:31	سوا	أجوف	2	N	فُعء
7:73:5	قول	أجوف	-	V	فَال
7:74:11	اخذ	صحيح سالم	0	V	تَتَّخِذُونَ
7:74:19	الو	ناقص	0	N	فعَاء
7:74:7	عود	أجوف	-	PN	فَاد
7:75:1	قول	أجوف	-	V	فَال
7:75:17	ربب	مضاعف	-	N	فَعِّهِ
7:75:18	قول	أجوف	-	V	فَالُعا
7:75:23	امن	صحيح سالم	0	N	مُؤْمِنُون
7:76:1	قول	أجوف	-	V	فَال
7:77:11	وعد	مثال	-	V	تَعِدُنَا
7:77:13	كون	أجوف	-	V	فُنْتَ
7:77:2	نوق	أجوف	-	N	فَاقَة
7:77:6	ربب	مضاعف	-	N	فَعِّهِمْ
7:77:7	قول	أجوف	-	V	فَالُعا
7:77:9	اتي	ناقص	0	V	فئْعِنَا
7:78:5	دور	أجوف	-	N	فَارِهِمْ
7:79:13	حبب	مضاعف	-	V	تُفِعُّونَ
7:79:3	قول	أجوف	-	V	فَال
7:79:8	ربب	مضاعف	-	N	فَعِّي
7:7:1	قصص	مضاعف	-	V	نَفُعَّنَّ
7:7:5	كون	أجوف	-	V	فُنَّا
7:7:6	غيب	أجوف	-	N	فَائِبِعن
7:80:3	قول	أجوف	-	V	فَال
7:80:5	اتي	ناقص	0	V	فَعَأْتُونَ
7:81:2	اتي	ناقص	0	V	تَفْعُونَ
7:81:7	نسو	ناقص	-	N	فِعَاء
7:82:2	كون	أجوف	-	V	فَان
7:82:7	قول	أجوف	-	V	فَالُعا
7:83:1	نجو	ناقص	-	V	أَفْعَيْنَاهُ
7:83:5	كون	أجوف	-	V	فَانَت
7:84:6	كون	أجوف	-	V	فَان
7:85:15	جيا	أجوف	2	V	فَاءَتْكُمْ
7:85:18	ربب	مضاعف	-	N	فَعِّكُمْ
7:85:19	وفي	لفيف	-	V	أَفْعُوا
7:85:21	وزن	مثال	-	N	مِيزَان
7:85:24	نوس	أجوف	-	N	فَاس
7:85:3	اخو	ناقص	0	N	فَعَاهُمْ
7:85:36	كون	أجوف	-	V	فُنْتُمْ
7:85:37	امن	صحيح سالم	0	N	مُؤْمِنِين
7:85:5	قول	أجوف	-	V	فَال
7:86:13	بغي	ناقص	-	V	تَفْعُونَهَا
7:86:17	كون	أجوف	-	V	فُنْتُمْ
7:86:18	قلل	مضاعف	-	N	فَعِيلًا
7:86:22	كون	أجوف	-	V	فَان
7:86:3	كلل	مضاعف	-	N	فُعّ
7:86:6	صدد	مضاعف	-	V	تَفُعُّونَ
7:87:11	امن	صحيح سالم	0	V	يُؤْمِنُوف
7:87:2	كون	أجوف	-	V	فَان
7:87:3	طوف	أجوف	-	N	فَائِفَة
7:87:9	طوف	أجوف	-	N	فَائِفَة
7:88:1	قول	أجوف	-	V	فَال
7:88:17	ملل	مضاعف	-	N	فِعَّتِنَا
7:88:18	قول	أجوف	-	V	فَال
7:88:20	كون	أجوف	-	V	فُنَّا
7:89:12	نجو	ناقص	-	V	فَعَّانَا
7:89:23	شيا	أجوف	2	V	يَفَاء
7:89:25	ربب	مضاعف	-	N	فَعُّنَا
7:89:27	ربب	مضاعف	-	N	فَعُّنَا
7:89:28	كلل	مضاعف	-	N	فُعّ
7:89:29	شيا	أجوف	2	N	فَعْء
7:89:34	ربب	مضاعف	-	N	فَعَّنَا
7:89:39	حقق	مضاعف	-	N	فَعّ
7:89:7	عود	أجوف	-	V	فُدْنَا
7:89:9	ملل	مضاعف	-	N	فِعَّتِكُمْ
7:8:3	حقق	مضاعف	-	N	فَعّ
7:90:1	قول	أجوف	-	V	فَال
7:91:5	دور	أجوف	-	N	فَارِهِمْ
7:92:11	كون	أجوف	-	V	فَانُعا
7:92:6	غني	ناقص	-	V	يَفْعَوْا
7:93:12	اسو	ناقص	0	V	فعَى
7:93:3	قول	أجوف	-	V	فَال
7:93:8	ربب	مضاعف	-	N	فَعِّي
7:94:11	ضرر	مضاعف	-	N	فَعَّاء
7:94:6	نبا	صحيح سالم	2	N	فَعِيّ
7:95:10	مسس	مضاعف	-	V	فَعّ
7:95:11	ابو	ناقص	0	N	فعَاءَنَا
7:95:12	ضرر	مضاعف	-	N	فَعَّاء
7:95:13	سرر	مضاعف	-	N	فَعَّاء
7:95:3	كون	أجوف	-	N	مَفَان
7:95:4	سوا	أجوف	2	N	فَيِّئَة
7:95:8	قول	أجوف	-	V	فَالُعا
7:96:11	سمو	ناقص	-	N	فَعَاء
7:96:17	كون	أجوف	-	V	فَانُعا
7:96:6	وقي	لفيف	-	V	اتَّقَفْا
7:97:9	نوم	أجوف	-	N	فَائِمُعن
7:98:7	ضحو	ناقص	-	T	فُعًى
7:9:10	ايي	لفيف	0	N	فعَاتِنَا
7:9:2	خفف	مضاعف	-	V	فَعَّت
7:9:9	كون	أجوف	-	V	فَانُعا
80:10:3	لهو	ناقص	-	V	تَفَعَّى
80:12:2	شيا	أجوف	2	V	فَاء
80:16:2	برر	مضاعف	-	ADJ	فَعَلَة
80:18:3	شيا	أجوف	2	N	فَعْء
80:21:2	موت	أجوف	-	V	أَفَاتَهُ
80:22:3	شيا	أجوف	2	V	فَاء
80:23:3	قضي	ناقص	-	V	يَفْع
80:25:2	صبب	مضاعف	-	V	فَعَلْنَا
80:25:3	موه	أجوف	-	N	فَاء
80:25:4	صبب	مضاعف	-	N	فَعًّا
80:26:2	شقق	مضاعف	-	V	فَعَلْنَا
80:26:4	شقق	مضاعف	-	N	فَعًّا
80:27:3	حبب	مضاعف	-	N	فَعًّا
80:2:2	جيا	أجوف	2	V	فَاءَهُ
80:31:2	ابب	مضاعف	0	N	فَعًّا
80:33:2	جيا	أجوف	2	V	فَاءَت
80:33:3	صخخ	مضاعف	-	N	فَاعَّة
80:34:2	فرر	مضاعف	-	V	يَفِعّ
80:34:3	مرا	صحيح سالم	2	N	فَعْء
80:34:5	اخو	ناقص	0	N	فَعِيهِ
80:35:1	امم	مضاعف	0	N	فُعِّهِ
80:35:2	ابو	ناقص	0	N	فَعِيهِ
80:37:1	كلل	مضاعف	-	N	فُعّ
80:37:2	مرا	صحيح سالم	2	N	افْعِئ
80:3:4	زكو	ناقص	-	V	يَفَّعَّى
80:7:4	زكو	ناقص	-	V	يَفَّعَّى
80:8:3	جيا	أجوف	2	V	فَاءَكَ
81:11:2	سمو	ناقص	-	N	فَعَاء
81:13:2	جنن	مضاعف	-	PN	فَعَّة
81:16:1	جري	ناقص	-	ADJ	فَوَاع
81:20:2	قوي	لفيف	-	N	فُعَّة
81:21:1	طوع	أجوف	-	ADJ	مُفَاع
81:22:3	جنن	مضاعف	-	N	مَفْعُول
81:23:2	راي	ناقص	1	V	فَعهُ
81:24:5	ضنن	مضاعف	-	N	فَعِيل
81:28:2	شيا	أجوف	2	V	فَاء
81:28:5	قوم	أجوف	-	V	يَسْتَفِيم
81:29:2	شيا	أجوف	2	V	تَفَاءُونَ
81:29:5	شيا	أجوف	2	V	يَفَاء
81:29:7	ربب	مضاعف	-	N	فَعّ
81:8:2	واد	مثال	1	N	مَفْءُودَة
81:8:3	سال	صحيح سالم	1	V	فُئِلَت
82:13:2	برر	مضاعف	-	N	أَفْعَال
82:15:1	صلي	ناقص	-	V	يَفْعَوْنَهَا
82:16:4	غيب	أجوف	-	N	فَائِبِعن
82:17:2	دري	ناقص	-	V	أَفْعَاكَ
82:18:3	دري	ناقص	-	V	أَفْعَاكَ
82:19:9	اله	صحيح سالم	0	PN	لَّه
82:1:2	سمو	ناقص	-	N	فَعَاء
82:6:4	غرر	مضاعف	-	V	فَعَّكَ
82:6:5	ربب	مضاعف	-	N	فَعِّكَ
82:7:3	سوي	لفيف	-	V	فَعَّاكَ
82:8:5	شيا	أجوف	2	V	فَاء
83:12:5	كلل	مضاعف	-	N	فُعّ
83:12:6	عدو	ناقص	-	N	مُفْتَع
83:13:2	تلو	ناقص	-	V	فُتْعَى
83:13:4	ايي	لفيف	0	N	فعَاتُنَا
83:13:5	قول	أجوف	-	V	فَال
83:14:3	رين	أجوف	-	V	فَان
83:14:7	كون	أجوف	-	V	فَانُعا
83:15:4	ربب	مضاعف	-	N	فَعِّهِمْ
83:16:3	صلي	ناقص	-	N	فَاعُو
83:17:2	قول	أجوف	-	V	يُفَال
83:17:5	كون	أجوف	-	V	فُنْتُمْ
83:18:4	برر	مضاعف	-	N	أَفْعَال
83:18:6	علو	ناقص	-	N	فِعِّيِّين
83:19:2	دري	ناقص	-	V	أَفْعَاكَ
83:1:2	طفف	مضاعف	-	N	مُفَعِّلِين
83:22:2	برر	مضاعف	-	N	أَفْعَال
83:25:1	سقي	ناقص	-	V	يُفْعَوْنَ
83:29:4	كون	أجوف	-	V	فَانُعا
83:2:3	كيل	أجوف	-	V	افْتَالُوا
83:2:5	نوس	أجوف	-	N	فَاس
83:2:6	وفي	لفيف	-	V	يَسْتَفْعُونَ
83:30:2	مرر	مضاعف	-	V	فَعُّوا
83:32:2	راي	ناقص	1	V	فَعَوْهُمْ
83:32:3	قول	أجوف	-	V	فَالُعا
83:32:6	ضلل	مضاعف	-	N	فَاعُّون
83:36:5	كون	أجوف	-	V	فَانُعا
83:3:2	كيل	أجوف	-	V	فَالُوهُمْ
83:4:2	ظنن	مضاعف	-	V	يَفُعّ
83:6:3	نوس	أجوف	-	N	فَاس
83:6:4	ربب	مضاعف	-	N	فَعّ
83:8:2	دري	ناقص	-	V	أَفْعَاكَ
84:10:5	وري	لفيف	-	LOC	فَعَاء
84:13:2	كون	أجوف	-	V	فَان
84:13:5	سرر	مضاعف	-	N	مَفْعُولًا
84:14:2	ظنن	مضاعف	-	V	فَعّ
84:15:3	ربب	مضاعف	-	N	فَعَّهُ
84:15:4	كون	أجوف	-	V	فَان
84:18:3	وسق	مثال	-	V	اتَّسَق
84:1:2	سمو	ناقص	-	N	فَعَاء
84:1:3	شقق	مضاعف	-	V	انْفَعَّت
84:20:4	امن	صحيح سالم	0	V	يُؤْمِنُونَ
84:21:2	قرا	صحيح سالم	2	V	فُعِئ
84:23:4	وعي	لفيف	-	V	يُفعُونَ
84:25:9	منن	مضاعف	-	N	فَمْعُول
84:2:2	ربب	مضاعف	-	N	فَعِّهَا
84:2:3	حقق	مضاعف	-	V	فُعَّت
84:3:3	مدد	مضاعف	-	V	فُعَّت
84:4:1	لقي	ناقص	-	V	أَفْعَت
84:4:4	خلو	ناقص	-	V	تَفَعَّت
84:5:2	ربب	مضاعف	-	N	فَعِّهَا
84:5:3	حقق	مضاعف	-	V	فُعَّت
84:6:6	ربب	مضاعف	-	N	فَعِّكَ
84:9:4	سرر	مضاعف	-	N	مَفْعُولًا
85:10:4	امن	صحيح سالم	0	N	مُؤْمِنِين
85:10:5	امن	صحيح سالم	0	N	مُؤْمِنَفت
85:11:7	جنن	مضاعف	-	N	فَعَّات
85:12:3	ربب	مضاعف	-	N	فَعِّكَ
85:12:4	شدد	مضاعف	-	N	فَعِيل
85:13:3	بدا	صحيح سالم	2	V	يُفْعِئ
85:13:4	عود	أجوف	-	V	يُفِيد
85:14:3	ودد	مضاعف	-	N	فَعُول
85:16:3	رود	أجوف	-	V	يُفِيد
85:17:2	اتي	ناقص	0	V	فَعَاكَ
85:1:1	سمو	ناقص	-	N	فَعَاء
85:20:3	وري	لفيف	-	N	فَعَائِهِمْ
85:20:4	حوط	أجوف	-	N	مُفِيط
85:4:3	خدد	مضاعف	-	N	أُفْعُول
85:5:1	نور	أجوف	-	N	فَار
85:7:5	امن	صحيح سالم	0	N	مُؤْمِنِين
85:8:6	امن	صحيح سالم	0	V	يُؤْمِنُوف
85:8:8	عزز	مضاعف	-	ADJ	فَعِيل
85:9:8	كلل	مضاعف	-	N	فُعّ
85:9:9	شيا	أجوف	2	N	فَعْء
86:10:4	قوي	لفيف	-	N	فُعَّة
86:11:1	سمو	ناقص	-	N	فَعَاء
86:1:1	سمو	ناقص	-	N	فَعَاء
86:2:2	دري	ناقص	-	V	أَفْعَاكَ
86:4:2	كلل	مضاعف	-	N	فُعّ
86:6:3	موه	أجوف	-	N	فَاء
86:9:2	بلو	ناقص	-	V	تُفْعَى
86:9:3	سرر	مضاعف	-	N	فَعَائِل
87:11:2	شقو	ناقص	-	N	أَفْعَى
87:12:3	نور	أجوف	-	N	فَار
87:13:6	حيي	لفيف	-	V	يَفْعَل
87:14:4	زكو	ناقص	-	V	تَفَعَّى
87:15:2	سمو	ناقص	-	N	افْع
87:15:3	ربب	مضاعف	-	N	فَعِّهِ
87:15:4	صلو	ناقص	-	V	فَعَّى
87:16:2	اثر	صحيح سالم	0	V	تُؤْثِرُونَ
87:16:3	حيي	لفيف	-	N	فَعَاة
87:16:4	دنو	ناقص	-	ADJ	فُعْيَا
87:1:2	سمو	ناقص	-	N	افْع
87:1:3	ربب	مضاعف	-	N	فَعِّكَ
87:1:4	علو	ناقص	-	ADJ	أَفْعَى
87:5:2	غثو	ناقص	-	N	فُعَاء
87:6:1	قرا	صحيح سالم	2	V	نُفْعِئُكَ
87:7:3	شيا	أجوف	2	V	فَاء
88:10:2	جنن	مضاعف	-	N	فَعَّة
88:10:3	علو	ناقص	-	ADJ	فَاعِيَة
88:11:4	لغو	ناقص	-	N	فَاعِيَة
88:13:2	سرر	مضاعف	-	N	فُعُل
88:15:2	صفف	مضاعف	-	ADJ	مَفْعُولَة
88:16:2	بثث	مضاعف	-	ADJ	مَفْعُولَة
88:18:2	سمو	ناقص	-	N	فَعَاء
88:1:2	اتي	ناقص	0	V	فَعَاكَ
88:1:4	غشو	ناقص	-	N	فَاعِيَة
88:22:1	ليس	أجوف	-	V	فَسْتَ
88:22:3	سطر	صحيح سالم	-	N	مُصَيْطِر
88:25:3	اوب	أجوف	0	N	فِيَابَهُمْ
88:4:2	نور	أجوف	-	N	فَارًا
88:9:2	رضو	ناقص	-	N	فَاعِيَة
89:11:2	طغي	ناقص	-	V	فَعَوْا
89:13:1	صبب	مضاعف	-	V	فَعّ
89:13:3	ربب	مضاعف	-	N	فَعُّكَ
89:14:2	ربب	مضاعف	-	N	فَعَّكَ
89:15:10	ربب	مضاعف	-	N	فَعِّي
89:15:5	بلو	ناقص	-	V	افْتَعَاهُ
89:15:6	ربب	مضاعف	-	N	فَعُّهُ
89:16:10	هون	أجوف	-	V	أَفَانَنِ
89:16:4	بلو	ناقص	-	V	افْتَعَاهُ
89:16:9	ربب	مضاعف	-	N	فَعِّي
89:18:2	حضض	مضاعف	-	V	تَفَاعُّونَ
89:19:2	ورث	مثال	-	N	تُرَاث
89:19:4	لمم	مضاعف	-	ADJ	فَعًّا
89:20:1	حبب	مضاعف	-	V	تُفِعُّونَ
89:20:2	مول	أجوف	-	N	فَال
89:20:3	حبب	مضاعف	-	N	فُعًّا
89:20:4	جمم	مضاعف	-	ADJ	فَعًّا
89:21:3	دكك	مضاعف	-	V	فُعَّت
89:21:5	دكك	مضاعف	-	N	فَعًّا
89:21:6	دكك	مضاعف	-	N	فَعًّا
89:22:1	جيا	أجوف	2	V	فَاء
89:22:2	ربب	مضاعف	-	N	فَعُّكَ
89:22:4	صفف	مضاعف	-	N	فَعًّا
89:22:5	صفف	مضاعف	-	N	فَعًّا
89:23:1	جيا	أجوف	2	V	فِعء
89:24:4	حيي	لفيف	-	N	فَعَاتِل
89:28:3	ربب	مضاعف	-	N	فَعِّكِ
89:28:4	رضو	ناقص	-	N	فَاعِيَة
89:28:5	رضو	ناقص	-	N	مَفْعِيَّة
89:30:2	جنن	مضاعف	-	N	فَعَّتِي
89:4:3	سري	ناقص	-	V	يَفْع
89:6:2	راي	ناقص	1	V	تَف
89:6:5	ربب	مضاعف	-	N	فَعُّكَ
89:6:6	عود	أجوف	-	PN	فَاد
89:9:3	جوب	أجوف	-	V	فَابُعا
89:9:5	ودي	لفيف	-	N	فَاع
8:10:17	عزز	مضاعف	-	N	فَعِيل
8:11:10	موه	أجوف	-	N	فَاء
8:11:2	غشو	ناقص	-	V	يُفَعِّيكُمُ
8:11:9	سمو	ناقص	-	N	فَعَاء
8:12:22	كلل	مضاعف	-	N	فُعّ
8:12:23	بنن	مضاعف	-	N	فَعَال
8:12:3	ربب	مضاعف	-	N	فَعُّكَ
8:13:12	شدد	مضاعف	-	N	فَعِيل
8:13:3	شقق	مضاعف	-	V	فَاعُّوا
8:13:7	شقق	مضاعف	-	V	يُفَاعِل
8:14:6	نور	أجوف	-	N	فَار
8:15:10	ولي	لفيف	-	V	تُفَعُّوهُمُ
8:16:11	فاي	ناقص	1	N	فِئَة
8:16:13	بوا	أجوف	2	V	فَاء
8:16:17	اوي	لفيف	0	N	مَفْعَاهُ
8:16:19	باس	صحيح سالم	1	V	فِئْس
8:16:2	ولي	لفيف	-	V	يُفَعِّهِمْ
8:16:9	حوز	أجوف	-	N	مُتَفَيِّزًا
8:17:13	بلو	ناقص	-	V	يُفْعِي
8:17:14	امن	صحيح سالم	0	N	مُؤْمِنِين
8:17:16	بلو	ناقص	-	N	فَعَاء
8:19:13	عود	أجوف	-	V	نَفُد
8:19:17	فاي	ناقص	1	N	فِئَتُكُمْ
8:19:24	امن	صحيح سالم	0	N	مُؤْمِنِين
8:19:4	جيا	أجوف	2	V	فَاءَكُمُ
8:19:7	نهي	ناقص	-	V	تَفْتَعُوا
8:1:13	طوع	أجوف	-	V	أَفِيعُعا
8:1:17	كون	أجوف	-	V	فُنْتُمْ
8:1:18	امن	صحيح سالم	0	N	مُؤْمِنِين
8:1:4	قول	أجوف	-	V	فُل
8:1:6	اله	صحيح سالم	0	PN	لَّه
8:1:8	وقي	لفيف	-	V	اتَّقُفا
8:20:4	طوع	أجوف	-	V	أَفِيعُعا
8:20:8	ولي	لفيف	-	V	تَفَعَّوْا
8:21:4	قول	أجوف	-	V	فَالُعا
8:22:2	شرر	مضاعف	-	N	فَعّ
8:22:3	دبب	مضاعف	-	N	فَوَاعّ
8:22:6	صمم	مضاعف	-	N	فُعّ
8:23:9	ولي	لفيف	-	V	تَفَعَّوْا
8:24:10	حيي	لفيف	-	V	يُفْعِلكُمْ
8:24:16	مرا	صحيح سالم	2	N	فَعْء
8:24:4	جوب	أجوف	-	V	اسْتَفِيبُعا
8:24:5	اله	صحيح سالم	0	PN	لَّه
8:24:8	دعو	ناقص	-	V	فَعَاكُمْ
8:25:1	وقي	لفيف	-	V	اتَّقُفا
8:25:12	شدد	مضاعف	-	N	فَعِيل
8:25:4	صوب	أجوف	-	V	تُفِيبَنَّ
8:25:8	خصص	مضاعف	-	N	فَاعَّة
8:26:11	نوس	أجوف	-	N	فَاس
8:26:12	اوي	لفيف	0	V	فعَاكُمْ
8:26:4	قلل	مضاعف	-	N	فَعِيل
8:26:8	خوف	أجوف	-	V	تَفَافُعنَ
8:29:12	سوا	أجوف	2	N	فَيِّئَاتِكُمْ
8:29:5	وقي	لفيف	-	V	تَتَّقُفا
8:2:10	تلو	ناقص	-	V	فُعِيَت
8:2:12	ايي	لفيف	0	N	فعَاتُهُ
8:2:13	زيد	أجوف	-	V	فَادَتْهُمْ
8:2:16	ربب	مضاعف	-	N	فَعِّهِمْ
8:2:2	امن	صحيح سالم	0	N	مُؤْمِنُون
8:31:10	قول	أجوف	-	V	فُلْنَا
8:31:2	تلو	ناقص	-	V	فُتْعَى
8:31:4	ايي	لفيف	0	N	فعَاتُنَا
8:31:5	قول	أجوف	-	V	فَالُعا
8:31:9	شيا	أجوف	2	V	نَفَاء
8:32:15	سمو	ناقص	-	N	فَعَاء
8:32:17	اتي	ناقص	0	V	فئْعِنَا
8:32:2	قول	أجوف	-	V	فَالُعا
8:32:5	كون	أجوف	-	V	فَان
8:32:8	حقق	مضاعف	-	N	فَعّ
8:33:2	كون	أجوف	-	V	فَان
8:33:8	كون	أجوف	-	V	فَان
8:34:12	كون	أجوف	-	V	فَانُعا
8:34:17	وقي	لفيف	-	N	مُتَّقُفن
8:34:7	صدد	مضاعف	-	V	يَفُعُّونَ
8:35:12	كون	أجوف	-	V	فُنْتُمْ
8:35:2	كون	أجوف	-	V	فَان
8:35:3	صلو	ناقص	-	N	فَعَاتُهُمْ
8:35:7	مكو	ناقص	-	N	فُعَاء
8:36:6	صدد	مضاعف	-	V	يَفُعُّوا
8:38:1	قول	أجوف	-	V	فُل
8:38:14	مضي	ناقص	-	V	فَعَت
8:38:15	سنن	مضاعف	-	N	فُعَّت
8:38:5	نهي	ناقص	-	V	يَفْتَعُوا
8:39:11	نهي	ناقص	-	V	افْتَعَوْا
8:39:8	كلل	مضاعف	-	N	فُعُّهُ
8:39:9	اله	صحيح سالم	0	PN	لَّه
8:3:2	قوم	أجوف	-	V	يُفِيمُعنَ
8:3:3	صلو	ناقص	-	N	فَعَاة
8:40:2	ولي	لفيف	-	V	تَفَعَّوْا
8:40:6	ولي	لفيف	-	N	مَفْعَاكُمْ
8:41:14	بني	ناقص	-	N	افْع
8:41:17	كون	أجوف	-	V	فُنْتُمْ
8:41:31	كلل	مضاعف	-	N	فُعّ
8:41:32	شيا	أجوف	2	N	فَعْء
8:41:5	شيا	أجوف	2	N	فَعْء
8:41:7	اله	صحيح سالم	0	PN	لَّه
8:42:15	وعد	مثال	-	N	مِيعَاد
8:42:20	كون	أجوف	-	V	فَان
8:42:27	حيي	لفيف	-	V	يَفْعَل
8:42:29	حيي	لفيف	-	V	فَعّ
8:42:4	دنو	ناقص	-	ADJ	فُعْيَا
8:43:2	راي	ناقص	1	V	يُفِيكَهُمُ
8:43:5	نوم	أجوف	-	N	مَفَامِكَ
8:43:6	قلل	مضاعف	-	N	فَعِيلًا
8:43:8	راي	ناقص	1	V	أَفَعكَهُمْ
8:44:14	كون	أجوف	-	V	فَان
8:44:2	راي	ناقص	1	V	يُفِيكُمُوهُمْ
8:44:7	قلل	مضاعف	-	N	فَعِيلًا
8:44:8	قلل	مضاعف	-	V	يُفَعِّلُكُمْ
8:45:6	فاي	ناقص	1	N	فِئَة
8:46:1	طوع	أجوف	-	V	أَفِيعُعا
8:46:8	روح	أجوف	-	N	فِيحُكُمْ
8:47:10	صدد	مضاعف	-	V	يَفُعُّونَ
8:47:17	حوط	أجوف	-	N	مُفِيط
8:47:6	دور	أجوف	-	N	فِيَارِهِمْ
8:47:8	راي	ناقص	1	N	فِئَعء
8:47:9	نوس	أجوف	-	N	فَاس
8:48:12	نوس	أجوف	-	N	فَاس
8:48:14	جور	أجوف	-	N	فَار
8:48:17	راي	ناقص	1	V	تَفَعءَت
8:48:18	فاي	ناقص	1	N	فِئَتَعن
8:48:22	قول	أجوف	-	V	فَال
8:48:24	برا	صحيح سالم	2	N	فَعِيء
8:48:27	راي	ناقص	1	V	أَفَى
8:48:30	راي	ناقص	1	V	تَفَوْنَ
8:48:32	خوف	أجوف	-	V	أَفَاف
8:48:35	شدد	مضاعف	-	N	فَعِيل
8:48:6	قول	أجوف	-	V	فَال
8:49:17	عزز	مضاعف	-	N	فَعِيل
8:49:8	غرر	مضاعف	-	V	فَعّ
8:4:3	امن	صحيح سالم	0	N	مُؤْمِنُون
8:4:4	حقق	مضاعف	-	ADJ	فَعًّا
8:4:8	ربب	مضاعف	-	N	فَعِّهِمْ
8:50:2	راي	ناقص	1	V	تَفَى
8:52:16	شدد	مضاعف	-	N	فَعِيل
8:52:2	اول	أجوف	0	N	فل
8:52:8	ايي	لفيف	0	N	فعَات
8:53:5	كون	أجوف	-	V	يَف
8:54:13	اول	أجوف	0	N	فل
8:54:15	كلل	مضاعف	-	N	فُعّ
8:54:16	كون	أجوف	-	V	فَانُعا
8:54:2	اول	أجوف	0	N	فل
8:54:8	ايي	لفيف	0	N	فعَات
8:54:9	ربب	مضاعف	-	N	فَعِّهِمْ
8:55:10	امن	صحيح سالم	0	V	يُؤْمِنُونَ
8:55:2	شرر	مضاعف	-	N	فَعّ
8:55:3	دبب	مضاعف	-	N	فَوَاعّ
8:56:12	وقي	لفيف	-	V	يَتَّقُفنَ
8:56:8	كلل	مضاعف	-	N	فُعّ
8:56:9	مرر	مضاعف	-	N	فَعَّة
8:58:13	حبب	مضاعف	-	V	يُفِعّ
8:58:14	خون	أجوف	-	N	فَائِنِين
8:58:2	خوف	أجوف	-	V	تَفَافَنَّ
8:58:5	خون	أجوف	-	N	فِيَانَة
8:58:9	سوي	لفيف	-	N	فَعَاء
8:5:10	امن	صحيح سالم	0	N	مُؤْمِنِين
8:5:3	ربب	مضاعف	-	N	فَعُّكَ
8:5:6	حقق	مضاعف	-	N	فَعّ
8:60:1	عدد	مضاعف	-	V	أَفِعُّوا
8:60:25	شيا	أجوف	2	N	فَعْء
8:60:29	وفي	لفيف	-	V	يُفَعّ
8:60:4	طوع	أجوف	-	V	اسْتَفَعْتُمْ
8:60:6	قوي	لفيف	-	N	فُعَّة
8:62:12	امن	صحيح سالم	0	N	مُؤْمِنِين
8:62:2	رود	أجوف	-	V	يُفِيدُعا
8:63:19	عزز	مضاعف	-	N	فَعِيل
8:64:2	نبا	صحيح سالم	2	N	فَعِيّ
8:64:8	امن	صحيح سالم	0	N	مُؤْمِنِين
8:65:15	كون	أجوف	-	V	يَفُن
8:65:17	ماي	ناقص	1	N	فِعئَة
8:65:2	نبا	صحيح سالم	2	N	فَعِيّ
8:65:4	امن	صحيح سالم	0	N	مُؤْمِنِين
8:65:8	كون	أجوف	-	V	يَفُن
8:66:10	كون	أجوف	-	V	يَفُن
8:66:12	ماي	ناقص	1	N	فِعئَة
8:66:17	كون	أجوف	-	V	يَفُن
8:66:2	خفف	مضاعف	-	V	فَعَّل
8:67:12	رود	أجوف	-	V	تُفِيدُعنَ
8:67:14	دنو	ناقص	-	ADJ	فُعْيَا
8:67:16	رود	أجوف	-	V	يُفِيد
8:67:19	عزز	مضاعف	-	N	فَعِيل
8:67:2	كون	أجوف	-	V	فَان
8:67:3	نبا	صحيح سالم	2	N	فَعِيّ
8:68:6	مسس	مضاعف	-	V	فَعَّكُمْ
8:69:1	اكل	صحيح سالم	0	V	كُلُوف
8:69:4	حلل	مضاعف	-	N	فَعَالًا
8:69:6	وقي	لفيف	-	V	اتَّقُفا
8:6:3	حقق	مضاعف	-	N	فَعّ
8:6:7	سوق	أجوف	-	V	يُفَاقُعنَ
8:70:15	اتي	ناقص	0	V	يُؤْتِكُمْ
8:70:2	نبا	صحيح سالم	2	N	فَعِيّ
8:70:3	قول	أجوف	-	V	فُل
8:71:2	رود	أجوف	-	V	يُفِيدُعا
8:71:3	خون	أجوف	-	N	فِيَانَتَكَ
8:71:5	خون	أجوف	-	V	فَانُعا
8:72:12	اوي	لفيف	0	V	فعَوْا
8:72:27	شيا	أجوف	2	N	فَعْء
8:72:41	وثق	مثال	-	N	مِيثَاق
8:73:8	كون	أجوف	-	V	تَفُن
8:74:13	امن	صحيح سالم	0	N	مُؤْمِنُون
8:74:14	حقق	مضاعف	-	ADJ	فَعًّا
8:74:9	اوي	لفيف	0	V	فعَوْا
8:75:20	كلل	مضاعف	-	N	فُعّ
8:75:21	شيا	أجوف	2	N	فَعْء
8:7:15	رود	أجوف	-	V	يُفِيد
8:7:18	حقق	مضاعف	-	V	يُفِعّ
8:7:19	حقق	مضاعف	-	N	فَعّ
8:7:2	وعد	مثال	-	V	يَعِدُكُمُ
8:7:5	طوف	أجوف	-	N	فَائِفَتَيْن
8:7:8	ودد	مضاعف	-	V	تَفَعُّونَ
8:8:1	حقق	مضاعف	-	V	يُفِعّ
8:8:2	حقق	مضاعف	-	N	فَعّ
8:9:2	غوث	أجوف	-	V	تَسْتَفِيثُعنَ
8:9:3	ربب	مضاعف	-	N	فَعَّكُمْ
8:9:4	جوب	أجوف	-	V	اسْتَفَاب
8:9:7	مدد	مضاعف	-	N	فُمِعُّكُمْ
90:12:2	دري	ناقص	-	V	أَفْعَاكَ
90:13:1	فكك	مضاعف	-	N	فَعّ
90:17:2	كون	أجوف	-	V	فَان
90:17:6	وصي	لفيف	-	V	تَفَاعَوْا
90:17:8	وصي	لفيف	-	V	تَفَاعَوْا
90:19:3	ايي	لفيف	0	N	فعَاتِنَا
90:20:2	نور	أجوف	-	N	فَار
90:20:3	وصد	مثال	-	ADJ	مُؤْصَدَة
90:2:2	حلل	مضاعف	-	N	فِعّ
90:6:3	مول	أجوف	-	N	فَالًا
90:7:4	راي	ناقص	1	V	يَفَهُ
90:9:2	شفه	صحيح سالم	-	N	فَعَتَيْن
91:10:2	خيب	أجوف	-	V	فَاب
91:10:4	دسو	ناقص	-	V	فَعَّاهَا
91:11:3	طغي	ناقص	-	N	فَعْوَاهَا
91:12:3	شقو	ناقص	-	N	أَفْعَاهَا
91:13:1	قول	أجوف	-	V	فَال
91:13:5	نوق	أجوف	-	N	فَاقَة
91:14:5	ربب	مضاعف	-	N	فَعُّهُمْ
91:14:7	سوي	لفيف	-	V	فَعَّاهَا
91:15:2	خوف	أجوف	-	V	يَفَاف
91:1:2	ضحو	ناقص	-	N	فُعَاهَا
91:2:3	تلو	ناقص	-	V	فَعَاهَا
91:3:3	جلو	ناقص	-	V	فَعَّاهَا
91:4:3	غشو	ناقص	-	V	يَفْعَاهَا
91:5:1	سمو	ناقص	-	N	فَعَاء
91:5:3	بني	ناقص	-	V	فَعَاهَا
91:6:3	طحو	ناقص	-	V	فَعَاهَا
91:7:3	سوي	لفيف	-	V	فَعَّاهَا
91:8:3	وقي	لفيف	-	N	تَقْفَاهَا
91:9:4	زكو	ناقص	-	V	فَعَّاهَا
92:11:4	مول	أجوف	-	N	فَالُهُ
92:14:2	نور	أجوف	-	N	فَارًا
92:15:2	صلي	ناقص	-	V	يَفْعَاهَا
92:15:4	شقو	ناقص	-	N	أَفْعَى
92:17:2	وقي	لفيف	-	N	أَتْقَى
92:18:2	اتي	ناقص	0	V	يُؤْتِي
92:18:3	مول	أجوف	-	N	فَالَهُ
92:18:4	زكو	ناقص	-	V	يَتَفَعَّى
92:1:3	غشو	ناقص	-	V	يَفْعَى
92:20:2	بغي	ناقص	-	N	افْتِعَاء
92:20:4	ربب	مضاعف	-	N	فَعِّهِ
92:20:5	علو	ناقص	-	ADJ	أَفْعَى
92:21:2	رضو	ناقص	-	V	يَفْعَى
92:2:3	جلو	ناقص	-	V	تَفَعَّى
92:4:3	شتت	مضاعف	-	N	فَعَّى
92:5:3	عطو	ناقص	-	V	أَفْعَى
92:5:4	وقي	لفيف	-	V	اتَّقَى
93:11:3	ربب	مضاعف	-	N	فَعِّكَ
93:1:1	ضحو	ناقص	-	N	فُعَى
93:2:3	سجو	ناقص	-	V	فَعَى
93:3:3	ربب	مضاعف	-	N	فَعُّكَ
93:5:2	عطو	ناقص	-	V	يُفْعِيكَ
93:5:3	ربب	مضاعف	-	N	فَعُّكَ
93:5:4	رضو	ناقص	-	V	تَفْعَى
93:6:2	وجد	مثال	-	V	يَجِدْكَ
93:7:2	ضلل	مضاعف	-	N	فَاعًّا
93:8:2	عيل	أجوف	-	N	فَائِلًا
94:8:2	ربب	مضاعف	-	N	فَعِّكَ
95:5:2	ردد	مضاعف	-	V	فَعَلْنَاهُ
95:6:9	منن	مضاعف	-	N	فَمْعُول
96:10:3	صلو	ناقص	-	V	فَعَّى
96:11:3	كون	أجوف	-	V	فَان
96:12:3	وقي	لفيف	-	N	تَقْفَى
96:14:5	راي	ناقص	1	V	يَفَى
96:15:4	نهي	ناقص	-	V	يَفْتَع
96:16:3	خطا	صحيح سالم	2	ADJ	فَاعِئَة
96:17:1	دعو	ناقص	-	V	يَفْع
96:17:2	ندو	ناقص	-	N	فَاعِيَهُ
96:18:1	دعو	ناقص	-	V	نَفْع
96:19:3	طوع	أجوف	-	V	تُفِعْهُ
96:1:2	سمو	ناقص	-	N	افْع
96:1:3	ربب	مضاعف	-	N	فَعِّكَ
96:3:2	ربب	مضاعف	-	N	فَعُّكَ
96:7:2	راي	ناقص	1	V	فَعهُ
96:8:3	ربب	مضاعف	-	N	فَعِّكَ
97:2:2	دري	ناقص	-	V	أَفْعَاكَ
97:4:6	ربب	مضاعف	-	N	فَعِّهِمْ
97:4:8	كلل	مضاعف	-	N	فُعّ
98:1:2	كون	أجوف	-	V	يَفُن
98:1:9	فكك	مضاعف	-	N	مُنْفَعِّين
98:3:3	قوم	أجوف	-	ADJ	فَيِّمَة
98:4:10	جيا	أجوف	2	V	فَاءَتْهُمُ
98:4:4	اتي	ناقص	0	V	فُوعُوا
98:5:10	قوم	أجوف	-	V	يُفِيمُعا
98:5:11	صلو	ناقص	-	N	فَعَاة
98:5:12	اتي	ناقص	0	V	يُؤْتُوف
98:5:13	زكو	ناقص	-	N	فَعَاة
98:5:16	قوم	أجوف	-	N	فَيِّمَة
98:6:15	شرر	مضاعف	-	N	فَعّ
98:6:16	برا	صحيح سالم	2	N	فَعِيَّة
98:6:9	نور	أجوف	-	N	فَار
98:7:9	برا	صحيح سالم	2	N	فَعِيَّة
98:8:1	جزي	ناقص	-	N	فَعَاؤُهُمْ
98:8:13	رضو	ناقص	-	V	فَعِي
98:8:21	ربب	مضاعف	-	N	فَعَّهُ
98:8:3	ربب	مضاعف	-	N	فَعِّهِمْ
98:8:4	جنن	مضاعف	-	N	فَعَّات
99:3:1	قول	أجوف	-	V	فَال
99:5:2	ربب	مضاعف	-	N	فَعَّكَ
99:6:3	نوس	أجوف	-	N	فَاس
99:6:4	شتت	مضاعف	-	N	أَفْعَالًا
99:6:5	راي	ناقص	1	V	يُفَوْع
99:7:4	ذرر	مضاعف	-	N	فَعَّة
99:7:6	راي	ناقص	1	V	يَفَهُ
99:8:4	ذرر	مضاعف	-	N	فَعَّة
99:8:5	شرر	مضاعف	-	N	فَعًّا
99:8:6	راي	ناقص	1	V	يَفَهُ
9:100:14	عدد	مضاعف	-	V	أَفَعّ
9:100:16	جنن	مضاعف	-	N	فَعَّات
9:100:9	رضو	ناقص	-	V	فَعِي
9:101:17	مرر	مضاعف	-	N	فَعَّتَيْن
9:101:19	ردد	مضاعف	-	V	يُفَعُّونَ
9:102:8	سوا	أجوف	2	ADJ	فَيِّئًا
9:103:1	اخذ	صحيح سالم	0	V	خُذ
9:103:11	صلو	ناقص	-	N	فَعَاتَكَ
9:103:6	زكو	ناقص	-	V	تُفَعِّيهِمْ
9:103:8	صلو	ناقص	-	V	فَعّ
9:105:1	قول	أجوف	-	V	فُل
9:105:13	نبا	صحيح سالم	2	V	يُفَعِّئُكُمْ
9:105:15	كون	أجوف	-	V	فُنْتُمْ
9:105:3	راي	ناقص	1	V	يَفَى
9:105:7	امن	صحيح سالم	0	N	مُؤْمِنُون
9:105:8	ردد	مضاعف	-	V	تُفَعُّونَ
9:107:18	رود	أجوف	-	V	أَفَدْنَا
9:107:4	ضرر	مضاعف	-	N	فِعَالًا
9:107:8	امن	صحيح سالم	0	N	مُؤْمِنِين
9:108:12	حقق	مضاعف	-	ADJ	أَفَعّ
9:108:18	حبب	مضاعف	-	V	يُفِعُّونَ
9:108:2	قوم	أجوف	-	V	تَفُم
9:108:22	حبب	مضاعف	-	V	يُفِعّ
9:108:6	اسس	مضاعف	0	V	فُعِّل
9:108:8	وقي	لفيف	-	N	تَقْفَى
9:109:12	اسس	مضاعف	0	V	فَعَّل
9:109:15	شفو	ناقص	-	N	فَعَا
9:109:17	هور	أجوف	-	N	فَار
9:109:18	هور	أجوف	-	V	انْفَار
9:109:2	اسس	مضاعف	0	V	فَعَّل
9:109:21	نور	أجوف	-	N	فَار
9:109:5	وقي	لفيف	-	N	تَقْفَى
9:10:4	امن	صحيح سالم	0	N	مُؤْمِن
9:10:5	الل	مضاعف	0	N	فِعًّا
9:10:7	ذمم	مضاعف	-	N	فِعَّة
9:110:2	زيل	أجوف	-	V	يَفَال
9:110:5	بني	ناقص	-	V	فَعَوْا
9:111:10	جنن	مضاعف	-	PN	فَعَّة
9:111:19	حقق	مضاعف	-	N	فَعًّا
9:111:5	امن	صحيح سالم	0	N	مُؤْمِنِين
9:112:1	توب	أجوف	-	N	فَائِبُعن
9:112:13	حدد	مضاعف	-	N	فُعُول
9:112:16	امن	صحيح سالم	0	N	مُؤْمِنِين
9:112:4	سيح	أجوف	-	N	فَائِحُون
9:112:9	نهي	ناقص	-	N	فَاعُون
9:113:10	كون	أجوف	-	V	فَانُعا
9:113:2	كون	أجوف	-	V	فَان
9:113:3	نبا	صحيح سالم	2	N	فَّعِيّ
9:114:16	اله	صحيح سالم	0	PN	لَّه
9:114:2	كون	أجوف	-	V	فَان
9:114:5	ابو	ناقص	0	N	فَعِيهِ
9:115:13	وقي	لفيف	-	V	يَتَّقُفنَ
9:115:16	كلل	مضاعف	-	N	فُعّ
9:115:17	شيا	أجوف	2	N	فَعْء
9:115:2	كون	أجوف	-	V	فَان
9:115:4	ضلل	مضاعف	-	V	يُفِعّ
9:115:8	هدي	ناقص	-	V	فَعَاهُمْ
9:116:7	حيي	لفيف	-	V	يُفْعِل
9:116:8	موت	أجوف	-	V	يُفِيت
9:117:11	سوع	أجوف	-	N	فَاعَة
9:117:16	كود	أجوف	-	V	فَاد
9:117:2	توب	أجوف	-	V	فَاب
9:117:22	توب	أجوف	-	V	فَاب
9:117:26	راف	صحيح سالم	1	N	فَءُوف
9:117:5	نبا	صحيح سالم	2	N	فَعِيّ
9:118:12	ضيق	أجوف	-	V	فَاقَت
9:118:15	ظنن	مضاعف	-	V	فَعُّوا
9:118:24	توب	أجوف	-	V	فَاب
9:118:7	ضيق	أجوف	-	V	فَاقَت
9:119:4	وقي	لفيف	-	V	اتَّقُفا
9:11:11	ايي	لفيف	0	N	فعَات
9:11:2	توب	أجوف	-	V	فَابُعا
9:11:3	قوم	أجوف	-	V	أَفَامُعا
9:11:4	صلو	ناقص	-	N	فَعَاة
9:11:5	اتي	ناقص	0	V	فعَوُا
9:11:6	زكو	ناقص	-	N	فَعَاة
9:120:2	كون	أجوف	-	V	فَان
9:120:22	صوب	أجوف	-	V	يُفِيبُهُمْ
9:120:32	وطا	مثال	2	V	يَطَئُفنَ
9:120:37	نيل	أجوف	-	V	يَفَالُونَ
9:121:17	كون	أجوف	-	V	فَانُعا
9:122:12	طوف	أجوف	-	N	فَائِفَة
9:122:2	كون	أجوف	-	V	فَان
9:122:3	امن	صحيح سالم	0	N	مُؤْمِنُون
9:122:5	كفف	مضاعف	-	N	فَاعَّة
9:122:9	كلل	مضاعف	-	N	فُعّ
9:123:16	وقي	لفيف	-	N	مُتَّقِين
9:123:6	ولي	لفيف	-	V	يَلُفنَكُمْ
9:123:9	وجد	مثال	-	V	يَجِدُفا
9:124:15	زيد	أجوف	-	V	فَادَتْهُمْ
9:124:9	زيد	أجوف	-	V	فَادَتْهُ
9:125:10	موت	أجوف	-	V	فَاتُعا
9:125:6	زيد	أجوف	-	V	فَادَتْهُمْ
9:126:10	مرر	مضاعف	-	N	فَعَّتَيْن
9:126:2	راي	ناقص	1	V	يَفَوْنَ
9:126:6	كلل	مضاعف	-	N	فُعّ
9:126:7	عوم	أجوف	-	N	فَام
9:126:8	مرر	مضاعف	-	N	فَعَّة
9:127:10	راي	ناقص	1	V	يَفَعكُمْ
9:128:12	امن	صحيح سالم	0	N	مُؤْمِنِين
9:128:13	راف	صحيح سالم	1	ADJ	فَءُوف
9:128:2	جيا	أجوف	2	V	فَاءَكُمْ
9:128:6	عزز	مضاعف	-	ADJ	فَعِيل
9:129:13	ربب	مضاعف	-	N	فَعّ
9:129:2	ولي	لفيف	-	V	تَفَعَّوْا
9:129:3	قول	أجوف	-	V	فُل
9:12:11	امم	مضاعف	0	N	فَئِعَّة
9:12:18	نهي	ناقص	-	V	يَفْتَعُونَ
9:13:10	بدا	صحيح سالم	2	V	فَعَءُوكُمْ
9:13:12	مرر	مضاعف	-	N	فَعَّة
9:13:13	خشي	ناقص	-	V	أَتَفْعَوْنَهُمْ
9:13:15	حقق	مضاعف	-	N	أَفَعّ
9:13:17	خشي	ناقص	-	V	تَفْعَوْهُ
9:13:19	كون	أجوف	-	V	فُنْتُمْ
9:13:20	امن	صحيح سالم	0	N	مُؤْمِنِين
9:13:6	همم	مضاعف	-	V	فَعُّوا
9:14:11	امن	صحيح سالم	0	ADJ	مُؤْمِنِين
9:14:5	خزي	ناقص	-	V	يُفْعِهِمْ
9:14:8	شفي	ناقص	-	V	يَفْع
9:15:8	شيا	أجوف	2	V	يَفَاء
9:16:12	اخذ	صحيح سالم	0	V	يَتَّخِذُوف
9:16:19	امن	صحيح سالم	0	N	مُؤْمِنِين
9:17:16	نور	أجوف	-	N	فَار
9:17:2	كون	أجوف	-	V	فَان
9:18:10	قوم	أجوف	-	V	أَفَام
9:18:11	صلو	ناقص	-	N	فَعَاة
9:18:13	زكو	ناقص	-	N	فَعَاة
9:18:15	خشي	ناقص	-	V	يَفْع
9:19:17	سوي	لفيف	-	V	يَفْتَعُونَ
9:19:3	حجج	مضاعف	-	N	فَاعّ
9:20:16	فوز	أجوف	-	N	فَائِزُعن
9:21:10	قوم	أجوف	-	ADJ	مُفِيم
9:21:2	ربب	مضاعف	-	N	فَعُّهُمْ
9:21:6	جنن	مضاعف	-	N	فَعَّات
9:23:10	حبب	مضاعف	-	V	اسْتَفَعُّوا
9:23:15	ولي	لفيف	-	V	يَتَفَعَّهُمْ
9:23:5	اخذ	صحيح سالم	0	V	تَتَّخِذُوف
9:23:6	ابو	ناقص	0	N	فعَاءَكُمْ
9:24:1	قول	أجوف	-	V	فُل
9:24:12	خشي	ناقص	-	V	تَفْعَوْنَ
9:24:16	حبب	مضاعف	-	N	أَفَعّ
9:24:3	كون	أجوف	-	V	فَان
9:24:4	ابو	ناقص	0	N	فعَاؤُكُمْ
9:24:5	بني	ناقص	-	N	أَفْعَاؤُكُمْ
9:25:13	غني	ناقص	-	V	تُفْع
9:25:16	ضيق	أجوف	-	V	فَاقَت
9:26:12	راي	ناقص	1	V	تَفَوْهَع
9:26:17	جزي	ناقص	-	N	فَعَاء
9:26:8	امن	صحيح سالم	0	N	مُؤْمِنِين
9:27:9	شيا	أجوف	2	V	يَفَاء
9:28:12	عوم	أجوف	-	N	فَامِهِمْ
9:28:15	خوف	أجوف	-	V	فِفْتُمْ
9:28:23	شيا	أجوف	2	V	فَاء
9:29:18	حقق	مضاعف	-	N	فَعّ
9:29:21	اتي	ناقص	0	V	فُوعُوا
9:29:27	يدي	لفيف	-	N	فَع
9:29:4	امن	صحيح سالم	0	V	يُؤْمِنُونَ
9:30:1	قول	أجوف	-	V	فَالَت
9:30:14	ضها	صحيح سالم	2	V	يُفَاعِئُونَ
9:30:23	افك	صحيح سالم	0	V	يُؤْفَكُونَ
9:30:4	بني	ناقص	-	N	افْع
9:30:6	قول	أجوف	-	V	فَالَت
9:30:9	بني	ناقص	-	N	افْع
9:31:4	ربب	مضاعف	-	N	أَفْعَالًا
9:31:9	بني	ناقص	-	N	افْع
9:32:1	رود	أجوف	-	V	يُفِيدُعنَ
9:32:11	تمم	مضاعف	-	V	يُفِعّ
9:33:11	كلل	مضاعف	-	N	فُعِّهِ
9:33:7	حقق	مضاعف	-	N	فَعّ
9:34:11	نوس	أجوف	-	N	فَاس
9:34:13	صدد	مضاعف	-	V	يَفُعُّونَ
9:34:20	فضض	مضاعف	-	N	فِعَّة
9:35:18	كون	أجوف	-	V	فُنْتُمْ
9:35:5	نور	أجوف	-	N	فَار
9:36:2	عدد	مضاعف	-	N	فِعَّة
9:36:21	قوم	أجوف	-	ADJ	فَيِّم
9:36:28	كفف	مضاعف	-	N	فَاعَّة
9:36:31	كفف	مضاعف	-	N	فَاعَّة
9:36:36	وقي	لفيف	-	N	مُتَّقِين
9:36:6	ثني	ناقص	-	N	افْعَا
9:37:10	حلل	مضاعف	-	V	يُفِعُّونَهُ
9:37:11	عوم	أجوف	-	N	فَامًا
9:37:13	عوم	أجوف	-	N	فَامًا
9:37:15	عدد	مضاعف	-	N	فِعَّة
9:37:19	حلل	مضاعف	-	V	يُفِعُّوا
9:37:2	نسا	صحيح سالم	2	N	فَعِيء
9:37:25	سوا	أجوف	2	N	فُعء
9:37:6	ضلل	مضاعف	-	V	يُفَعّ
9:38:16	رضو	ناقص	-	V	أَفَعِيتُمْ
9:38:17	حيي	لفيف	-	N	فَعَاة
9:38:18	دنو	ناقص	-	ADJ	فُعْيَا
9:38:23	حيي	لفيف	-	N	فَعَاة
9:38:24	دنو	ناقص	-	ADJ	فُعْيَا
9:38:28	قلل	مضاعف	-	N	فَعِيل
9:38:7	قول	أجوف	-	V	فِيل
9:39:10	ضرر	مضاعف	-	V	تَفُعُّوهُ
9:39:14	كلل	مضاعف	-	N	فُعّ
9:39:15	شيا	أجوف	2	N	فَعْء
9:3:12	برا	صحيح سالم	2	N	فَعِيء
9:3:17	توب	أجوف	-	V	فُبْتُمْ
9:3:6	نوس	أجوف	-	N	فَاس
9:3:8	حجج	مضاعف	-	N	فَعّ
9:40:15	غور	أجوف	-	N	فَار
9:40:31	راي	ناقص	1	V	تَفَوْهَع
9:40:40	علو	ناقص	-	N	فُعْيَا
9:40:42	عزز	مضاعف	-	ADJ	فَعِيل
9:41:14	كون	أجوف	-	V	فُنْتُمْ
9:41:2	خفف	مضاعف	-	N	فِعَالًا
9:42:11	شقق	مضاعف	-	N	فُعَّة
9:42:15	طوع	أجوف	-	V	اسْتَفَعْنَا
9:42:2	كون	أجوف	-	V	فَان
9:43:1	عفو	ناقص	-	V	فَعَا
9:44:14	وقي	لفيف	-	N	مُتَّقِين
9:44:4	امن	صحيح سالم	0	V	يُؤْمِنُونَ
9:45:14	ردد	مضاعف	-	V	يَتَفَعَّلُونَ
9:45:5	امن	صحيح سالم	0	V	يُؤْمِنُونَ
9:45:9	ريب	أجوف	-	V	افْتَابَت
9:46:12	قول	أجوف	-	V	فِيل
9:46:2	رود	أجوف	-	V	أَفَادُعا
9:46:4	عدد	مضاعف	-	V	أَفَعُّوا
9:46:6	عدد	مضاعف	-	N	فُعَّة
9:47:10	بغي	ناقص	-	V	يَفْعُونَكُمُ
9:47:5	زيد	أجوف	-	V	فَادُوكُمْ
9:47:9	خلل	مضاعف	-	LOC	فِعَالَكُمْ
9:48:10	جيا	أجوف	2	V	فَاء
9:48:11	حقق	مضاعف	-	N	فَعّ
9:48:2	بغي	ناقص	-	V	افْتَعَوُا
9:49:14	حوط	أجوف	-	N	مُفِيطَة
9:4:14	تمم	مضاعف	-	V	أَفِعُّوا
9:4:18	مدد	مضاعف	-	N	فُعَّتِهِمْ
9:4:21	حبب	مضاعف	-	V	يُفِعّ
9:4:22	وقي	لفيف	-	N	مُتَّقِين
9:50:14	ولي	لفيف	-	V	يَتَفَعَّوْا
9:50:2	صوب	أجوف	-	V	تُفِبْكَ
9:50:4	سوا	أجوف	2	V	تَفُؤْهُمْ
9:50:6	صوب	أجوف	-	V	تُفِبْكَ
9:50:7	صوب	أجوف	-	N	مُفِيبَة
9:51:1	قول	أجوف	-	V	فُل
9:51:10	ولي	لفيف	-	N	مَفْعَانَا
9:51:14	امن	صحيح سالم	0	N	مُؤْمِنُون
9:51:3	صوب	أجوف	-	V	يُفِيبَنَا
9:52:1	قول	أجوف	-	V	فُل
9:52:12	صوب	أجوف	-	V	يُفِيبَكُمُ
9:53:1	قول	أجوف	-	V	فُل
9:53:10	كون	أجوف	-	V	فُنْتُمْ
9:54:13	اتي	ناقص	0	V	يَفْعُونَ
9:54:14	صلو	ناقص	-	N	فَعَاة
9:55:12	حيي	لفيف	-	N	فَعَاة
9:55:13	دنو	ناقص	-	ADJ	فُعْيَا
9:55:7	رود	أجوف	-	V	يُفِيد
9:57:2	وجد	مثال	-	V	يَجِدُفنَ
9:57:5	غور	أجوف	-	N	مَفَارَات
9:57:8	ولي	لفيف	-	V	فَعَّوْا
9:59:11	اتي	ناقص	0	V	يُؤْتِينَف
9:59:5	اتي	ناقص	0	V	فعَاهُمُ
9:59:8	قول	أجوف	-	V	فَالُعا
9:5:13	كلل	مضاعف	-	LOC	فُعّ
9:5:16	توب	أجوف	-	V	فَابُعا
9:5:17	قوم	أجوف	-	V	أَفَامُعا
9:5:18	صلو	ناقص	-	N	فَعَاة
9:5:19	اتي	ناقص	0	V	فعَوُا
9:5:20	زكو	ناقص	-	N	فَعَاة
9:5:9	اخذ	صحيح سالم	0	V	خُذُوهُمْ
9:60:15	بني	ناقص	-	N	افْع
9:60:7	الف	صحيح سالم	0	N	مُؤَلَّفَة
9:61:12	امن	صحيح سالم	0	V	يُؤْمِن
9:61:14	امن	صحيح سالم	0	V	يُؤْمِن
9:61:15	امن	صحيح سالم	0	N	مُؤْمِنِين
9:61:21	اذي	ناقص	0	V	يُؤْذُونَ
9:61:3	اذي	ناقص	0	V	يُؤْذُونَ
9:61:4	نبا	صحيح سالم	2	N	فَعِيّ
9:61:8	قول	أجوف	-	V	فُل
9:62:11	كون	أجوف	-	V	فَانُعا
9:62:12	امن	صحيح سالم	0	N	مُؤْمِنِين
9:62:7	حقق	مضاعف	-	N	أَفَعّ
9:63:10	نور	أجوف	-	N	فَار
9:63:5	حدد	مضاعف	-	V	يُفَاعِل
9:64:11	قول	أجوف	-	V	فُل
9:64:7	نبا	صحيح سالم	2	V	تُفَعِّئُهُمْ
9:65:10	ايي	لفيف	0	N	فعَاتِهِ
9:65:12	كون	أجوف	-	V	فُنْتُمْ
9:65:13	هزا	صحيح سالم	2	V	تَسْتَفْعِئُونَ
9:65:5	كون	أجوف	-	V	فُنَّا
9:65:8	قول	أجوف	-	V	فُل
9:66:10	طوف	أجوف	-	N	فَائِفَة
9:66:13	طوف	أجوف	-	N	فَائِفَة
9:66:15	كون	أجوف	-	V	فَانُعا
9:66:8	عفو	ناقص	-	V	نَفْع
9:67:13	نسي	ناقص	-	V	فَعُوا
9:67:8	نهي	ناقص	-	V	يَفْعَوْنَ
9:68:16	قوم	أجوف	-	ADJ	مُفِيم
9:68:6	نور	أجوف	-	N	فَار
9:69:21	خوض	أجوف	-	V	فُضْتُمْ
9:69:23	خوض	أجوف	-	V	فَاضُعا
9:69:28	دنو	ناقص	-	N	فُعْيَا
9:69:4	كون	أجوف	-	V	فَانُعا
9:69:5	شدد	مضاعف	-	N	أَفَعّ
9:69:7	قوي	لفيف	-	N	فُعَّة
9:6:5	جور	أجوف	-	V	اسْتَفَارَكَ
9:6:6	جور	أجوف	-	V	أَفِرْهُ
9:70:15	افك	صحيح سالم	0	N	مُؤْتَفِكَفت
9:70:16	اتي	ناقص	0	V	فَعَتْهُمْ
9:70:2	اتي	ناقص	0	V	يَفْعِهِمْ
9:70:20	كون	أجوف	-	V	فَان
9:70:24	كون	أجوف	-	V	فَانُعا
9:70:9	عود	أجوف	-	PN	فَاد
9:71:1	امن	صحيح سالم	0	N	مُؤْمِنُون
9:71:11	قوم	أجوف	-	V	يُفِيمُعنَ
9:71:12	صلو	ناقص	-	N	فَعَاة
9:71:13	اتي	ناقص	0	V	يُؤْتُونَ
9:71:14	زكو	ناقص	-	N	فَعَاة
9:71:15	طوع	أجوف	-	V	يُفِيعُعنَ
9:71:2	امن	صحيح سالم	0	N	مُؤْمِنَفت
9:71:23	عزز	مضاعف	-	N	فَعِيل
9:71:8	نهي	ناقص	-	V	يَفْعَوْنَ
9:72:15	جنن	مضاعف	-	N	فَعَّات
9:72:3	امن	صحيح سالم	0	N	مُؤْمِنِين
9:72:4	امن	صحيح سالم	0	N	مُؤْمِنَفت
9:72:5	جنن	مضاعف	-	N	فَعَّات
9:73:10	باس	صحيح سالم	1	V	فِئْس
9:73:2	نبا	صحيح سالم	2	N	فَعِيّ
9:73:8	اوي	لفيف	0	N	مَفْعَاهُمْ
9:74:12	همم	مضاعف	-	V	فَعُّوا
9:74:15	نيل	أجوف	-	V	يَفَالُوا
9:74:20	غني	ناقص	-	V	أَفْعَاهُمُ
9:74:27	كون	أجوف	-	V	يَف
9:74:31	ولي	لفيف	-	V	يَتَفَعَّوْا
9:74:37	دنو	ناقص	-	N	فُعْيَا
9:74:4	قول	أجوف	-	V	فَالُعا
9:74:6	قول	أجوف	-	V	فَالُعا
9:75:6	اتي	ناقص	0	V	فعَانَا
9:76:2	اتي	ناقص	0	V	فعَاهُمْ
9:76:7	ولي	لفيف	-	V	تَفَعَّوْا
9:77:14	كون	أجوف	-	V	فَانُعا
9:77:7	لقي	ناقص	-	V	يَفْعَوْنَهُ
9:78:6	سرر	مضاعف	-	N	فِعَّهُمْ
9:79:10	وجد	مثال	-	V	يَجِدُفنَ
9:79:5	امن	صحيح سالم	0	N	مُؤْمِنِين
9:7:16	قوم	أجوف	-	V	اسْتَفَامُعا
9:7:18	قوم	أجوف	-	V	اسْتَفِيمُعا
9:7:22	حبب	مضاعف	-	V	يُفِعّ
9:7:23	وقي	لفيف	-	N	مُتَّقِين
9:80:11	مرر	مضاعف	-	N	فَعَّة
9:81:15	قول	أجوف	-	V	فَالُعا
9:81:19	حرر	مضاعف	-	N	فَعّ
9:81:20	قول	أجوف	-	V	فُل
9:81:21	نور	أجوف	-	N	فَار
9:81:23	شدد	مضاعف	-	N	أَفَعّ
9:81:24	حرر	مضاعف	-	N	فَعًّا
9:81:26	كون	أجوف	-	V	فَانُعا
9:82:2	قلل	مضاعف	-	N	فَعِيلًا
9:82:3	بكي	ناقص	-	V	يَفْعُوا
9:82:5	جزي	ناقص	-	N	فَعَاء
9:82:7	كون	أجوف	-	V	فَانُعا
9:83:19	رضو	ناقص	-	V	فَعِيتُمْ
9:83:22	مرر	مضاعف	-	N	فَعَّة
9:83:5	طوف	أجوف	-	N	فَائِفَة
9:83:9	قول	أجوف	-	V	فُل
9:84:16	موت	أجوف	-	V	فَاتُعا
9:84:2	صلو	ناقص	-	V	تُفَعّ
9:84:6	موت	أجوف	-	V	فَات
9:84:9	قوم	أجوف	-	V	تَفُم
9:85:12	دنو	ناقص	-	N	فُعْيَا
9:85:6	رود	أجوف	-	V	يُفِيد
9:86:14	قول	أجوف	-	V	فَالُعا
9:86:15	وذر	مثال	-	V	ذَرْنَا
9:86:16	كون	أجوف	-	V	نَفُن
9:89:1	عدد	مضاعف	-	V	أَفَعّ
9:89:4	جنن	مضاعف	-	N	فَعَّات
9:8:10	ذمم	مضاعف	-	N	فِعَّة
9:8:8	الل	مضاعف	0	N	فِعًّا
9:90:1	جيا	أجوف	2	V	فَاء
9:90:12	صوب	أجوف	-	V	يُفِيب
9:90:5	اذن	صحيح سالم	0	V	يُؤْذَن
9:91:11	وجد	مثال	-	V	يَجِدُفنَ
9:91:17	اله	صحيح سالم	0	PN	لَّه
9:92:10	وجد	مثال	-	V	أَجِد
9:92:14	ولي	لفيف	-	V	تَفَعَّوْا
9:92:21	وجد	مثال	-	V	يَجِدُفا
9:92:6	اتي	ناقص	0	V	فَعَوْكَ
9:92:8	قول	أجوف	-	V	فُلْتَ
9:94:10	امن	صحيح سالم	0	V	نُؤْمِن
9:94:17	راي	ناقص	1	V	يَفَى
9:94:22	ردد	مضاعف	-	V	تُفَعُّونَ
9:94:27	نبا	صحيح سالم	2	V	يُفَعِّئُكُمْ
9:94:29	كون	أجوف	-	V	فُنْتُمْ
9:94:6	قول	أجوف	-	V	فُل
9:95:13	اوي	لفيف	0	N	مَفْعَاهُمْ
9:95:15	جزي	ناقص	-	N	فَعَاء
9:95:17	كون	أجوف	-	V	فَانُعا
9:96:11	رضو	ناقص	-	V	يَفْعَى
9:97:2	شدد	مضاعف	-	ADJ	أَفَعّ
9:97:8	حدد	مضاعف	-	N	فُعُول
9:98:12	دور	أجوف	-	N	فَائِرَة
9:98:13	سوا	أجوف	2	N	فَعْء
9:98:4	اخذ	صحيح سالم	0	V	يَتَّخِذ
9:99:4	امن	صحيح سالم	0	V	يُؤْمِن
9:99:8	اخذ	صحيح سالم	0	V	يَتَّخِذ
9:9:1	شري	ناقص	-	V	افْتَعَوْا
9:9:10	سوا	أجوف	2	V	فَاء
9:9:12	كون	أجوف	-	V	فَانُعا
9:9:2	ايي	لفيف	0	N	فعَات
9:9:5	قلل	مضاعف	-	ADJ	فَعِيلًا
9:9:6	صدد	مضاعف	-	V	فَعُّوا
