ref	word	relation	relation_ar	reason
1:7:7	عَلَيْهِمْ	Pass	نائب فاعل	prep-in-nominal-slot:نائب فاعل
1:7:8	وَلَا	emph	توكيد	tabi-non-nominal:NEG:توكيد
2:1:1	الٓمٓ	-	-	absent-from-treebank:INL
2:2:3	لَا	circ	حال	non-nominal-pos:NEG:حال
2:6:8	لَمْ	conj	معطوف	tabi-non-nominal:NEG:معطوف
2:6:10	لَا	pred<<in>>	خبر إن	non-nominal-pos:NEG:خبر إن
2:7:5	وَعَلَىٰ	conj	معطوف	tabi-non-nominal:P:معطوف
2:7:7	وَعَلَىٰٓ	Pred	خبر	prep-in-nominal-slot:خبر
2:8:9	وَمَا	root	root	non-nominal-pos:NEG:root
2:9:5	وَمَا	root	root	non-nominal-pos:NEG:root
2:9:7	إِلَّآ	res	حصر	non-nominal-pos:RES:حصر
2:9:9	وَمَا	root	root	non-nominal-pos:NEG:root
2:11:4	لَا	Pass	نائب فاعل	non-nominal-pos:PRO:نائب فاعل
2:12:1	أَلَآ	root	root	non-nominal-pos:INC:root
2:12:5	وَلَٰكِن	root	root	non-nominal-pos:AMD:root
2:12:6	لَّا	amd	استدراك	non-nominal-pos:NEG:استدراك
2:13:5	كَمَآ	gen	مجرور	non-nominal-pos:SUB:مجرور
2:13:10	كَمَآ	gen	مجرور	non-nominal-pos:SUB:مجرور
2:13:13	أَلَآ	root	root	non-nominal-pos:INC:root
2:13:17	وَلَٰكِن	root	root	non-nominal-pos:AMD:root
2:13:18	لَّا	amd	استدراك	non-nominal-pos:NEG:استدراك
2:16:6	فَمَا	root	root	non-nominal-pos:NEG:root
2:16:9	وَمَا	conj	معطوف	tabi-non-nominal:NEG:معطوف
2:17:16	لَّا	circ	حال	non-nominal-pos:NEG:حال
2:18:5	لَا	Pred	خبر	non-nominal-pos:NEG:خبر
2:20:14	وَلَوْ	root	root	non-nominal-pos:COND:root
2:22:18	فَلَا	root	root	non-nominal-pos:PRO:root
2:23:1	وَإِن	root	root	non-nominal-pos:COND:root
2:23:18	إِن	root	root	non-nominal-pos:COND:root
2:24:1	فَإِن	root	root	non-nominal-pos:COND:root
2:24:2	لَّمْ	cond	شرط	non-nominal-pos:NEG:شرط
2:24:4	وَلَن	root	root	non-nominal-pos:NEG:root
2:26:3	لَا	pred<<in>>	خبر إن	non-nominal-pos:NEG:خبر إن
2:26:5	أَن	Obj	مفعول به	non-nominal-pos:SUB:مفعول به
2:26:8	مَّا	sup	زائد	non-nominal-pos:SUP:زائد
2:26:12	فَأَمَّا	root	root	non-nominal-pos:EXL:root
2:26:13	ٱلَّذِينَ	exl	تفصيل	non-nominal-pos:COND:تفصيل
2:26:20	وَأَمَّا	root	root	non-nominal-pos:EXL:root
2:26:21	ٱلَّذِينَ	exl	تفصيل	non-nominal-pos:COND:تفصيل
2:26:24	مَاذَآ	Obj	مفعول به	non-nominal-pos:INTG:مفعول به
2:26:35	وَمَا	root	root	non-nominal-pos:NEG:root
2:26:38	إِلَّا	res	حصر	non-nominal-pos:RES:حصر
2:27:13	أَن	App	بدل	tabi-non-nominal:SUB:بدل
2:28:1	كَيْفَ	circ	حال	non-nominal-pos:INTG:حال
2:30:27	لَا	sub	صلة	non-nominal-pos:NEG:صلة
2:31:13	إِن	root	root	non-nominal-pos:COND:root
2:32:3	لَا	root	root	non-nominal-pos:NEG:root
2:32:6	إِلَّا	exp	مستثني	non-nominal-pos:EXP:مستثني
2:33:9	أَلَمْ	intg	استفهام	non-nominal-pos:NEG:استفهام
2:34:7	إِلَّآ	root	root	non-nominal-pos:EXP:root
2:35:10	حَيْثُ	link	متعلق	no-case:متعلق:LOC
2:35:12	وَلَا	root	root	non-nominal-pos:PRO:root
2:36:10	بَعْضُكُمْ	circ	حال	case-conflict:حال
2:38:5	فَإِمَّا	root	root	non-nominal-pos:COND:root
2:38:9	فَمَن	rslt	جواب الشرط	non-nominal-pos:COND:جواب الشرط
2:38:12	فَلَا	rslt	جواب الشرط	non-nominal-pos:NEG:جواب الشرط
2:38:13	خَوْفٌ	subj <<la>>	اسم لا	case-conflict:اسم لا
2:38:15	وَلَا	conj	معطوف	tabi-non-nominal:NEG:معطوف
2:41:7	وَلَا	root	root	non-nominal-pos:PRO:root
2:41:12	وَلَا	root	root	non-nominal-pos:PRO:root
2:42:1	وَلَا	root	root	non-nominal-pos:PRO:root
2:44:9	أَفَلَا	intg	استفهام	non-nominal-pos:NEG:استفهام
2:45:6	إِلَّا	res	حصر	non-nominal-pos:RES:حصر
2:46:6	وَأَنَّهُمْ	conj	معطوف	tabi-non-nominal:ACC:معطوف
2:48:3	لَّا	Adj	صفة	tabi-non-nominal:NEG:صفة
2:48:9	وَلَا	conj	معطوف	tabi-non-nominal:NEG:معطوف
2:48:13	وَلَا	conj	معطوف	tabi-non-nominal:NEG:معطوف
2:48:17	وَلَا	root	root	non-nominal-pos:NEG:root
2:48:18	هُمْ	neg	نفي	no-case:نفي:PRON
2:49:1	وَإِذْ	link	متعلق	no-case:متعلق:T
2:50:1	وَإِذْ	link	متعلق	no-case:متعلق:T
2:51:1	وَإِذْ	link	متعلق	no-case:متعلق:T
2:53:1	وَإِذْ	link	متعلق	no-case:متعلق:T
2:54:1	وَإِذْ	link	متعلق	no-case:متعلق:T
2:55:1	وَإِذْ	link	متعلق	no-case:متعلق:T
2:55:4	لَن	root	root	non-nominal-pos:NEG:root
2:57:13	وَمَا	root	root	non-nominal-pos:NEG:root
2:57:15	وَلَٰكِن	root	root	non-nominal-pos:AMD:root
2:58:1	وَإِذْ	link	متعلق	no-case:متعلق:T
2:58:8	حَيْثُ	link	متعلق	no-case:متعلق:LOC
2:60:1	وَإِذِ	link	متعلق	no-case:متعلق:T
2:60:14	قَدْ	root	root	non-nominal-pos:CERT:root
2:60:24	وَلَا	root	root	non-nominal-pos:PRO:root
2:61:1	وَإِذْ	link	متعلق	no-case:متعلق:T
2:61:4	لَن	root	root	non-nominal-pos:NEG:root
2:61:26	هُوَ	sub	صلة	no-case:صلة:PRON
2:61:29	هُوَ	sub	صلة	no-case:صلة:PRON
2:62:8	مَنْ	pred<<in>>	خبر إن	non-nominal-pos:COND:خبر إن
2:62:19	وَلَا	root	root	non-nominal-pos:NEG:root
2:62:22	وَلَا	conj	معطوف	tabi-non-nominal:NEG:معطوف
2:62:23	هُمْ	neg	نفي	no-case:نفي:PRON
2:63:1	وَإِذْ	link	متعلق	no-case:متعلق:T
2:64:6	فَلَوْلَا	root	root	non-nominal-pos:COND:root
2:65:1	وَلَقَدْ	root	root	non-nominal-pos:CERT:root
2:67:1	وَإِذْ	link	متعلق	no-case:متعلق:T
2:67:8	أَن	Obj	مفعول به	non-nominal-pos:SUB:مفعول به
2:67:17	أَنْ	root	root	non-nominal-pos:SUB:root
2:68:7	مَا	Pred	خبر	non-nominal-pos:INTG:خبر
2:68:14	لَّا	neg	نفي	non-nominal-pos:NEG:نفي
2:68:16	وَلَا	neg	نفي	non-nominal-pos:NEG:نفي
2:69:7	مَا	Pred	خبر	non-nominal-pos:INTG:خبر
2:69:8	لَوْنُهَا	Obj	مفعول به	case-conflict:مفعول به
2:70:7	مَا	Pred	خبر	non-nominal-pos:INTG:خبر
2:70:14	إِن	root	root	non-nominal-pos:COND:root
2:71:6	لَّا	neg	نفي	non-nominal-pos:NEG:نفي
2:71:10	وَلَا	conj	معطوف	tabi-non-nominal:NEG:معطوف
2:71:14	لَّا	root	root	non-nominal-pos:NEG:root
2:71:22	وَمَا	conj	معطوف	tabi-non-nominal:NEG:معطوف
2:74:19	وَإِنَّ	conj	معطوف	tabi-non-nominal:ACC:معطوف
2:74:26	وَإِنَّ	conj	معطوف	tabi-non-nominal:ACC:معطوف
2:74:33	وَمَا	root	root	non-nominal-pos:NEG:root
2:75:2	أَن	Obj	مفعول به	non-nominal-pos:SUB:مفعول به
2:75:5	وَقَدْ	root	root	non-nominal-pos:CERT:root
2:76:14	بِمَا	gen	مجرور	non-nominal-pos:SUB:مجرور
2:76:22	أَفَلَا	intg	استفهام	non-nominal-pos:NEG:استفهام
2:77:1	أَوَلَا	intg	استفهام	non-nominal-pos:NEG:استفهام
2:78:3	لَا	Adj	صفة	tabi-non-nominal:NEG:صفة
2:78:6	إِلَّآ	root	root	non-nominal-pos:EXP:root
2:78:8	وَإِنْ	root	root	non-nominal-pos:NEG:root
2:78:9	هُمْ	neg	نفي	no-case:نفي:PRON
2:78:10	إِلَّا	exp	مستثني	non-nominal-pos:EXP:مستثني
2:80:2	لَن	Obj	مفعول به	non-nominal-pos:NEG:مفعول به
2:80:4	ٱلنَّارُ	Subj	مفعول به	case-conflict:مفعول به
2:80:5	إِلَّآ	root	root	non-nominal-pos:EXP:root
2:80:13	فَلَن	root	root	non-nominal-pos:NEG:root
2:80:22	لَا	sub	صلة	non-nominal-pos:NEG:صلة
2:81:1	بَلَىٰ	root	root	non-nominal-pos:ANS:root
2:81:2	مَن	ans	جواب	non-nominal-pos:COND:جواب
2:81:8	فَأُو۟لَٰٓئِكَ	rslt	جواب الشرط	no-case:جواب الشرط:DEM
2:83:1	وَإِذْ	link	متعلق	no-case:متعلق:T
2:83:6	لَا	root	root	non-nominal-pos:NEG:root
2:83:8	إِلَّا	res	حصر	non-nominal-pos:RES:حصر
2:83:25	إِلَّا	root	root	non-nominal-pos:EXP:root
2:84:1	وَإِذْ	link	متعلق	no-case:متعلق:T
2:84:4	لَا	root	root	non-nominal-pos:NEG:root
2:84:7	وَلَا	conj	معطوف	tabi-non-nominal:NEG:معطوف
2:85:15	وَإِن	root	root	non-nominal-pos:COND:root
2:85:28	فَمَا	root	root	non-nominal-pos:NEG:root
2:85:34	إِلَّا	res	حصر	non-nominal-pos:RES:حصر
2:85:45	وَمَا	root	root	non-nominal-pos:NEG:root
2:86:7	فَلَا	root	root	non-nominal-pos:NEG:root
2:86:11	وَلَا	conj	معطوف	tabi-non-nominal:NEG:معطوف
2:86:12	هُمْ	neg	نفي	no-case:نفي:PRON
2:87:1	وَلَقَدْ	root	root	non-nominal-pos:CERT:root
2:87:17	أَفَكُلَّمَا	intg	استفهام	no-case:استفهام:T
2:87:19	رَسُولٌۢ	Subj	مفعول به	case-conflict:مفعول به
2:87:21	لَا	sub	صلة	non-nominal-pos:NEG:صلة
2:88:2	قُلُوبُنَا	Obj	مفعول به	case-conflict:مفعول به
2:88:4	بَل	root	root	non-nominal-pos:RET:root
2:90:5	أَن	root	root	non-nominal-pos:SUB:root
2:90:11	أَن	root	root	non-nominal-pos:SUB:root
2:91:22	فَلِمَ	gen	مجرور	non-nominal-pos:INTG:مجرور
2:91:28	إِن	root	root	non-nominal-pos:COND:root
2:92:1	وَلَقَدْ	root	root	non-nominal-pos:CERT:root
2:93:1	وَإِذْ	link	متعلق	no-case:متعلق:T
2:93:25	إِن	root	root	non-nominal-pos:COND:root
2:94:2	إِن	Obj	مفعول به	non-nominal-pos:COND:مفعول به
2:94:15	إِن	root	root	non-nominal-pos:COND:root
2:95:1	وَلَن	root	root	non-nominal-pos:NEG:root
2:96:11	لَوْ	Obj	مفعول به	non-nominal-pos:SUB:مفعول به
2:96:15	وَمَا	root	root	non-nominal-pos:NEG:root
2:96:20	أَن	Subj	فاعل	non-nominal-pos:SUB:فاعل
2:97:2	مَن	Obj	مفعول به	non-nominal-pos:COND:مفعول به
2:98:1	مَن	root	root	non-nominal-pos:COND:root
2:99:1	وَلَقَدْ	root	root	non-nominal-pos:CERT:root
2:99:6	وَمَا	root	root	non-nominal-pos:NEG:root
2:99:9	إِلَّا	res	حصر	non-nominal-pos:RES:حصر
2:100:1	أَوَكُلَّمَا	intg	استفهام	no-case:استفهام:T
2:100:7	بَلْ	root	root	non-nominal-pos:RET:root
2:100:9	لَا	Pred	خبر	non-nominal-pos:NEG:خبر
2:101:21	لَا	pred <<ka'ana>>	خبر كأن	non-nominal-pos:NEG:خبر كأن
2:102:8	وَمَا	root	root	non-nominal-pos:NEG:root
2:102:24	وَمَا	root	root	non-nominal-pos:NEG:root
2:102:33	فَلَا	root	root	non-nominal-pos:NEG:root
2:102:43	وَمَا	root	root	non-nominal-pos:NEG:root
2:102:47	مِنْ	Obj	مفعول به	prep-in-nominal-slot:مفعول به
2:102:49	إِلَّا	exp	مستثني	non-nominal-pos:EXP:مستثني
2:102:55	وَلَا	conj	معطوف	tabi-non-nominal:NEG:معطوف
2:102:57	وَلَقَدْ	root	root	non-nominal-pos:CERT:root
2:102:59	لَمَنِ	Obj	مفعول به	non-nominal-pos:COND:مفعول به
2:102:61	مَا	rslt	جواب الشرط	non-nominal-pos:NEG:جواب الشرط
2:102:72	لَوْ	root	root	non-nominal-pos:COND:root
2:103:1	وَلَوْ	root	root	non-nominal-pos:COND:root
2:103:10	لَّوْ	root	root	non-nominal-pos:COND:root
2:104:4	لَا	root	root	non-nominal-pos:PRO:root
2:105:1	مَّا	root	root	non-nominal-pos:NEG:root
2:105:8	وَلَا	emph	توكيد	tabi-non-nominal:NEG:توكيد
2:105:10	أَن	Obj	مفعول به	non-nominal-pos:SUB:مفعول به
2:106:1	مَا	root	root	non-nominal-pos:COND:root
2:106:12	أَلَمْ	intg	استفهام	non-nominal-pos:NEG:استفهام
2:107:1	أَلَمْ	intg	استفهام	non-nominal-pos:NEG:استفهام
2:107:9	وَمَا	root	root	non-nominal-pos:NEG:root
2:107:16	وَلَا	emph	توكيد	tabi-non-nominal:NEG:توكيد
2:108:3	أَن	Obj	مفعول به	non-nominal-pos:SUB:مفعول به
2:108:6	كَمَا	gen	مجرور	non-nominal-pos:SUB:مجرور
2:108:11	وَمَن	root	root	non-nominal-pos:COND:root
2:108:15	فَقَدْ	rslt	جواب الشرط	non-nominal-pos:CERT:جواب الشرط
2:109:6	لَوْ	Obj	مفعول به	non-nominal-pos:SUB:مفعول به
2:110:5	وَمَا	root	root	non-nominal-pos:COND:root
2:111:2	لَن	Obj	مفعول به	non-nominal-pos:NEG:مفعول به
2:111:5	إِلَّا	res	حصر	non-nominal-pos:RES:حصر
2:111:16	إِن	root	root	non-nominal-pos:COND:root
2:112:1	بَلَىٰ	root	root	non-nominal-pos:ANS:root
2:112:2	مَنْ	ans	جواب	non-nominal-pos:COND:جواب
2:112:12	وَلَا	root	root	non-nominal-pos:NEG:root
2:112:15	وَلَا	conj	معطوف	tabi-non-nominal:NEG:معطوف
2:112:16	هُمْ	neg	نفي	no-case:نفي:PRON
2:113:19	لَا	sub	صلة	non-nominal-pos:NEG:صلة
2:114:1	وَمَنْ	root	root	non-nominal-pos:INTG:root
2:114:7	أَن	Obj	مفعول به	non-nominal-pos:SUB:مفعول به
2:114:15	مَا	Pred	خبر	non-nominal-pos:NEG:خبر
2:114:18	أَن	subj <<kan>>	اسم كان	non-nominal-pos:SUB:اسم كان
2:114:20	إِلَّا	res	حصر	non-nominal-pos:RES:حصر
2:115:4	فَأَيْنَمَا	root	root	non-nominal-pos:COND:root
2:115:6	فَثَمَّ	link	متعلق	no-case:متعلق:LOC
2:116:6	بَل	root	root	non-nominal-pos:RET:root
2:116:8	مَا	ret	اضراب	no-case:اضراب:REL
2:118:3	لَا	sub	صلة	non-nominal-pos:NEG:صلة
2:118:5	لَوْلَا	Obj	مفعول به	non-nominal-pos:EXH:مفعول به
2:118:20	قَدْ	root	root	non-nominal-pos:CERT:root
2:119:6	وَلَا	root	root	non-nominal-pos:NEG:root
2:120:1	وَلَن	root	root	non-nominal-pos:NEG:root
2:120:5	وَلَا	neg	نفي	non-nominal-pos:NEG:نفي
2:120:16	وَلَئِنِ	root	root	non-nominal-pos:COND:root
2:120:24	مَا	rslt	جواب الشرط	non-nominal-pos:NEG:جواب الشرط
2:120:30	وَلَا	neg	نفي	non-nominal-pos:NEG:نفي
2:121:10	وَمَن	root	root	non-nominal-pos:COND:root
2:121:13	فَأُو۟لَٰٓئِكَ	rslt	جواب الشرط	no-case:جواب الشرط:DEM
2:123:3	لَّا	Adj	صفة	tabi-non-nominal:NEG:صفة
2:123:9	وَلَا	root	root	non-nominal-pos:NEG:root
2:123:13	وَلَا	conj	معطوف	tabi-non-nominal:NEG:معطوف
2:123:16	وَلَا	conj	معطوف	tabi-non-nominal:NEG:معطوف
2:123:17	هُمْ	neg	نفي	no-case:نفي:PRON
2:124:1	وَإِذِ	link	متعلق	no-case:متعلق:T
2:124:3	إِبْرَٰهِۦمَ	Obj	فاعل	case-conflict:فاعل
2:124:16	لَا	Obj	مفعول به	non-nominal-pos:NEG:مفعول به
2:125:1	وَإِذْ	link	متعلق	no-case:متعلق:T
2:125:16	أَن	root	root	non-nominal-pos:INT:root
2:126:1	وَإِذْ	link	متعلق	no-case:متعلق:T
2:126:20	وَمَن	Obj	مفعول به	non-nominal-pos:COND:مفعول به
2:127:1	وَإِذْ	link	متعلق	no-case:متعلق:T
2:130:1	وَمَن	root	root	non-nominal-pos:INTG:root
2:130:6	إِلَّا	res	حصر	non-nominal-pos:RES:حصر
2:130:10	وَلَقَدِ	root	root	non-nominal-pos:CERT:root
2:131:1	إِذْ	link	متعلق	no-case:متعلق:T
2:132:12	فَلَا	root	root	non-nominal-pos:NEG:root
2:132:14	إِلَّا	res	حصر	non-nominal-pos:RES:حصر
2:133:4	إِذْ	link	متعلق	no-case:متعلق:T
2:133:8	إِذْ	link	متعلق	no-case:متعلق:T
2:133:11	مَا	Obj	مفعول به	non-nominal-pos:INTG:مفعول به
2:134:3	قَدْ	Adj	صفة	tabi-non-nominal:CERT:صفة
2:134:11	وَلَا	root	root	non-nominal-pos:NEG:root
2:135:8	بَلْ	Obj	مفعول به	non-nominal-pos:RET:مفعول به
2:135:12	وَمَا	root	root	non-nominal-pos:NEG:root
2:136:24	لَا	root	root	non-nominal-pos:NEG:root
2:137:1	فَإِنْ	root	root	non-nominal-pos:COND:root
2:137:7	فَقَدِ	rslt	جواب الشرط	non-nominal-pos:CERT:جواب الشرط
2:137:9	وَّإِن	conj	معطوف	tabi-non-nominal:COND:معطوف
2:138:3	وَمَنْ	root	root	non-nominal-pos:INTG:root
2:140:14	ءَأَنتُمْ	intg	استفهام	no-case:استفهام:PRON
2:140:18	وَمَنْ	root	root	non-nominal-pos:INTG:root
2:140:26	وَمَا	root	root	non-nominal-pos:NEG:root
2:141:3	قَدْ	Adj	صفة	tabi-non-nominal:CERT:صفة
2:141:11	وَلَا	root	root	non-nominal-pos:NEG:root
2:142:5	مَا	root	root	non-nominal-pos:INTG:root
2:142:14	ٱلْمَشْرِقُ	Obj	مفعول به	case-conflict:مفعول به
2:143:13	وَمَا	root	root	non-nominal-pos:NEG:root
2:143:19	إِلَّا	res	حصر	non-nominal-pos:RES:حصر
2:143:28	وَإِن	root	root	non-nominal-pos:CERT:root
2:143:31	إِلَّا	res	حصر	non-nominal-pos:RES:حصر
2:143:36	وَمَا	root	root	non-nominal-pos:NEG:root
2:144:1	قَدْ	root	root	non-nominal-pos:CERT:root
2:144:15	وَحَيْثُ	root	root	non-nominal-pos:COND:root
2:144:16	مَا	sup	زائد	non-nominal-pos:SUP:زائد
2:144:30	وَمَا	root	root	non-nominal-pos:NEG:root
2:145:1	وَلَئِنْ	root	root	non-nominal-pos:COND:root
2:145:8	مَّا	rslt	جواب الشرط	non-nominal-pos:NEG:جواب الشرط
2:145:11	وَمَآ	conj	معطوف	tabi-non-nominal:NEG:معطوف
2:145:12	أَنتَ	neg	نفي	no-case:نفي:PRON
2:145:15	وَمَا	conj	معطوف	tabi-non-nominal:NEG:معطوف
2:145:20	وَلَئِنِ	conj	معطوف	tabi-non-nominal:COND:معطوف
2:145:30	إِذًا	rslt	جواب الشرط	non-nominal-pos:ANS:جواب الشرط
2:146:5	كَمَا	gen	مجرور	non-nominal-pos:SUB:مجرور
2:147:2	مِن	Pred	خبر	prep-in-nominal-slot:خبر
2:147:4	فَلَا	root	root	non-nominal-pos:NEG:root
2:148:7	أَيْنَ	root	root	non-nominal-pos:COND:root
2:148:8	مَا	sup	زائد	non-nominal-pos:SUP:زائد
2:149:13	وَمَا	root	root	non-nominal-pos:NEG:root
2:150:9	وَحَيْثُ	root	root	non-nominal-pos:COND:root
2:150:10	مَا	sup	زائد	non-nominal-pos:SUP:زائد
2:150:15	لِئَلَّا	sub	صلة	non-nominal-pos:SUB:صلة
2:150:20	إِلَّا	root	root	non-nominal-pos:EXP:root
2:150:24	فَلَا	root	root	non-nominal-pos:PRO:root
2:151:1	كَمَآ	gen	مجرور	non-nominal-pos:SUB:مجرور
2:151:15	لَمْ	sub	صلة	non-nominal-pos:NEG:صلة
2:152:5	وَلَا	root	root	non-nominal-pos:PRO:root
2:154:1	وَلَا	root	root	non-nominal-pos:PRO:root
2:154:9	بَلْ	root	root	non-nominal-pos:RET:root
2:154:11	وَلَٰكِن	root	root	non-nominal-pos:AMD:root
2:154:12	لَّا	Pred	خبر	non-nominal-pos:NEG:خبر
2:156:2	إِذَآ	sub	صلة	no-case:صلة:T
2:156:8	وَإِنَّآ	conj	معطوف	tabi-non-nominal:ACC:معطوف
2:158:7	فَمَنْ	root	root	non-nominal-pos:COND:root
2:158:12	فَلَا	rslt	جواب الشرط	non-nominal-pos:NEG:جواب الشرط
2:158:15	أَن	link	متعلق	non-nominal-pos:SUB:متعلق
2:158:18	وَمَن	conj	معطوف	tabi-non-nominal:COND:معطوف
2:160:1	إِلَّا	root	root	non-nominal-pos:EXP:root
2:162:3	لَا	root	root	non-nominal-pos:NEG:root
2:162:7	وَلَا	conj	معطوف	tabi-non-nominal:NEG:معطوف
2:162:8	هُمْ	neg	نفي	no-case:نفي:PRON
2:163:4	لَّآ	root	root	non-nominal-pos:NEG:root
2:163:6	إِلَّا	exp	مستثني	non-nominal-pos:EXP:مستثني
2:165:17	وَلَوْ	root	root	non-nominal-pos:COND:root
2:165:21	إِذْ	link	متعلق	no-case:متعلق:T
2:165:28	وَأَنَّ	conj	معطوف	tabi-non-nominal:ACC:معطوف
2:166:1	إِذْ	link	متعلق	no-case:متعلق:T
2:167:4	لَوْ	Obj	مفعول به	non-nominal-pos:COND:مفعول به
2:167:10	كَمَا	gen	مجرور	non-nominal-pos:SUB:مجرور
2:167:19	وَمَا	root	root	non-nominal-pos:NEG:root
2:168:9	وَلَا	root	root	non-nominal-pos:PRO:root
2:169:5	وَأَن	root	root	non-nominal-pos:SUB:root
2:169:10	لَا	sub	صلة	non-nominal-pos:NEG:صلة
2:170:9	بَلْ	Obj	مفعول به	non-nominal-pos:RET:مفعول به
2:170:15	أَوَلَوْ	intg	استفهام	non-nominal-pos:SUB:استفهام
2:170:18	لَا	pred <<kan>>	خبر كان	non-nominal-pos:NEG:خبر كان
2:170:21	وَلَا	conj	معطوف	tabi-non-nominal:NEG:معطوف
2:171:8	لَا	sub	صلة	non-nominal-pos:NEG:صلة
2:171:10	إِلَّا	res	حصر	non-nominal-pos:RES:حصر
2:171:17	لَا	Pred	خبر	non-nominal-pos:NEG:خبر
2:172:11	إِن	root	root	non-nominal-pos:COND:root
2:173:13	فَمَنِ	root	root	non-nominal-pos:COND:root
2:173:17	وَلَا	emph	توكيد	tabi-non-nominal:NEG:توكيد
2:173:19	فَلَآ	rslt	جواب الشرط	non-nominal-pos:NEG:جواب الشرط
2:174:14	مَا	Pred	خبر	non-nominal-pos:NEG:خبر
2:174:18	إِلَّا	exp	مستثني	non-nominal-pos:EXP:مستثني
2:174:20	وَلَا	conj	معطوف	tabi-non-nominal:NEG:معطوف
2:174:25	وَلَا	conj	معطوف	tabi-non-nominal:NEG:معطوف
2:177:3	أَن	subj <<lays>>	اسم ليس	non-nominal-pos:SUB:اسم ليس
2:177:23	ذَوِى	Obj	مضاف إليه	case-conflict:مضاف إليه
2:177:38	إِذَا	link	متعلق	no-case:متعلق:T
2:177:40	وَٱلصَّٰبِرِينَ	root	root	case-conflict:root
2:178:15	فَمَنْ	root	root	non-nominal-pos:COND:root
2:178:26	ذَٰلِكَ	rslt	جواب الشرط	no-case:جواب الشرط:DEM
2:178:31	فَمَنِ	root	root	non-nominal-pos:COND:root
2:180:5	أَحَدَكُمُ	Obj	فاعل	case-conflict:فاعل
2:180:7	إِن	root	root	non-nominal-pos:COND:root
2:180:10	ٱلْوَصِيَّةُ	Pass	مضاف إليه	case-conflict:مضاف إليه
2:181:1	فَمَنۢ	root	root	non-nominal-pos:COND:root
2:181:3	بَعْدَمَا	link	متعلق	no-case:متعلق:T
2:182:1	فَمَنْ	root	root	non-nominal-pos:COND:root
2:182:10	فَلَآ	rslt	جواب الشرط	non-nominal-pos:NEG:جواب الشرط
2:183:7	كَمَا	gen	مجرور	non-nominal-pos:SUB:مجرور
2:184:3	فَمَن	root	root	non-nominal-pos:COND:root
2:184:20	فَمَن	root	root	non-nominal-pos:COND:root
2:184:23	فَهُوَ	rslt	جواب الشرط	no-case:جواب الشرط:PRON
2:184:26	وَأَن	root	root	non-nominal-pos:SUB:root
2:184:30	إِن	root	root	non-nominal-pos:COND:root
2:185:13	فَمَن	root	root	non-nominal-pos:COND:root
2:185:18	وَمَن	conj	معطوف	tabi-non-nominal:COND:معطوف
2:185:32	وَلَا	root	root	non-nominal-pos:NEG:root
2:186:3	عِبَادِى	Subj	مفعول به	case-conflict:مفعول به
2:187:48	وَلَا	root	root	non-nominal-pos:PRO:root
2:187:57	فَلَا	root	root	non-nominal-pos:PRO:root
2:188:1	وَلَا	root	root	non-nominal-pos:PRO:root
2:189:11	بِأَن	gen	مجرور	non-nominal-pos:SUB:مجرور
2:190:7	وَلَا	root	root	non-nominal-pos:PRO:root
2:190:11	لَا	pred<<in>>	خبر إن	non-nominal-pos:NEG:خبر إن
2:191:2	حَيْثُ	link	متعلق	no-case:متعلق:LOC
2:191:12	وَلَا	root	root	non-nominal-pos:PRO:root
2:191:20	فَإِن	root	root	non-nominal-pos:COND:root
2:192:1	فَإِنِ	root	root	non-nominal-pos:COND:root
2:193:3	لَا	gen	مجرور	non-nominal-pos:NEG:مجرور
2:193:9	فَإِنِ	root	root	non-nominal-pos:COND:root
2:193:11	فَلَا	rslt	جواب الشرط	non-nominal-pos:NEG:جواب الشرط
2:193:13	إِلَّا	res	حصر	non-nominal-pos:RES:حصر
2:194:7	فَمَنِ	root	root	non-nominal-pos:COND:root
2:195:5	وَلَا	root	root	non-nominal-pos:PRO:root
2:196:5	فَإِنْ	root	root	non-nominal-pos:COND:root
2:196:7	فَمَا	rslt	جواب الشرط	no-case:جواب الشرط:REL
2:196:11	وَلَا	root	root	non-nominal-pos:PRO:root
2:196:18	فَمَن	root	root	non-nominal-pos:COND:root
2:196:34	فَإِذَآ	link	متعلق	no-case:متعلق:T
2:196:36	فَمَن	root	root	non-nominal-pos:COND:root
2:196:41	فَمَا	rslt	جواب الشرط	no-case:جواب الشرط:REL
2:196:45	فَمَن	root	root	non-nominal-pos:COND:root
2:196:46	لَّمْ	cond	شرط	non-nominal-pos:NEG:شرط
2:196:54	إِذَا	link	متعلق	no-case:متعلق:T
2:196:61	لَّمْ	sub	صلة	non-nominal-pos:NEG:صلة
2:197:4	فَمَن	root	root	non-nominal-pos:COND:root
2:197:8	فَلَا	rslt	جواب الشرط	non-nominal-pos:NEG:جواب الشرط
2:197:10	وَلَا	conj	معطوف	tabi-non-nominal:NEG:معطوف
2:197:12	وَلَا	conj	معطوف	tabi-non-nominal:NEG:معطوف
2:197:16	وَمَا	root	root	non-nominal-pos:COND:root
2:198:4	أَن	link	متعلق	non-nominal-pos:SUB:متعلق
2:198:19	كَمَا	gen	مجرور	non-nominal-pos:SUB:مجرور
2:198:21	وَإِن	-	-	absent-from-treebank:COND
2:200:19	وَمَا	root	root	non-nominal-pos:NEG:root
2:203:6	فَمَن	root	root	non-nominal-pos:COND:root
2:203:10	فَلَآ	rslt	جواب الشرط	non-nominal-pos:NEG:جواب الشرط
2:203:13	وَمَن	conj	معطوف	tabi-non-nominal:COND:معطوف
2:203:15	فَلَآ	rslt	جواب الشرط	non-nominal-pos:NEG:جواب الشرط
2:205:12	لَا	Pred	خبر	non-nominal-pos:NEG:خبر
2:206:7	ٱلْعِزَّةُ	Subj	مفعول به	case-conflict:مفعول به
2:208:8	وَلَا	root	root	non-nominal-pos:PRO:root
2:209:1	فَإِن	root	root	non-nominal-pos:COND:root
2:209:7	ٱلْبَيِّنَٰتُ	Subj	مفعول به	case-conflict:مفعول به
2:210:1	هَلْ	root	root	non-nominal-pos:INTG:root
2:210:3	إِلَّآ	res	حصر	non-nominal-pos:RES:حصر
2:210:4	أَن	Obj	مفعول به	non-nominal-pos:SUB:مفعول به
2:211:4	كَمْ	Obj	مفعول به	non-nominal-pos:INTG:مفعول به
2:211:9	وَمَن	root	root	non-nominal-pos:COND:root
2:213:20	وَمَا	root	root	non-nominal-pos:NEG:root
2:213:23	إِلَّا	res	حصر	non-nominal-pos:RES:حصر
2:214:3	أَن	Obj	مفعول به	non-nominal-pos:SUB:مفعول به
2:214:6	وَلَمَّا	root	root	non-nominal-pos:NEG:root
2:214:14	ٱلْبَأْسَآءُ	Subj	مفعول به	case-conflict:مفعول به
2:214:23	مَتَىٰ	link	متعلق	non-nominal-pos:INTG:متعلق
2:214:24	نَصْرُ	Obj	مفعول به	case-conflict:مفعول به
2:214:26	أَلَآ	root	root	non-nominal-pos:INC:root
2:215:2	مَاذَا	Obj	مفعول به	non-nominal-pos:INTG:مفعول به
2:215:5	مَآ	Obj	مفعول به	non-nominal-pos:COND:مفعول به
2:215:15	وَمَا	root	root	non-nominal-pos:COND:root
2:216:8	أَن	Subj	فاعل	non-nominal-pos:SUB:فاعل
2:216:15	أَن	Subj	فاعل	non-nominal-pos:SUB:فاعل
2:216:24	لَا	Pred	خبر	non-nominal-pos:NEG:خبر
2:217:8	قِتَالٌ	Obj	مفعول به	case-conflict:مفعول به
2:217:29	وَلَا	root	root	non-nominal-pos:NEG:root
2:217:36	إِنِ	root	root	non-nominal-pos:COND:root
2:217:38	وَمَن	root	root	non-nominal-pos:COND:root
2:217:46	فَأُو۟لَٰٓئِكَ	rslt	جواب الشرط	no-case:جواب الشرط:DEM
2:219:7	إِثْمٌ	Obj	مفعول به	case-conflict:مفعول به
2:219:16	مَاذَا	Obj	مفعول به	non-nominal-pos:INTG:مفعول به
2:220:8	إِصْلَاحٌ	Obj	مفعول به	case-conflict:مفعول به
2:220:11	وَإِن	root	root	non-nominal-pos:COND:root
2:220:19	وَلَوْ	root	root	non-nominal-pos:COND:root
2:221:1	وَلَا	root	root	non-nominal-pos:PRO:root
2:221:11	وَلَوْ	circ	حال	non-nominal-pos:SUB:حال
2:221:13	وَلَا	conj	معطوف	tabi-non-nominal:PRO:معطوف
2:221:23	وَلَوْ	circ	حال	non-nominal-pos:SUB:حال
2:222:11	وَلَا	root	root	non-nominal-pos:PRO:root
2:223:6	أَنَّىٰ	link	متعلق	non-nominal-pos:INTG:متعلق
2:224:1	وَلَا	root	root	non-nominal-pos:PRO:root
2:224:6	أَن	App	بدل	tabi-non-nominal:SUB:بدل
2:225:1	لَّا	root	root	non-nominal-pos:NEG:root
2:225:7	وَلَٰكِن	root	root	non-nominal-pos:AMD:root
2:226:8	فَإِن	root	root	non-nominal-pos:COND:root
2:227:1	وَإِنْ	conj	معطوف	tabi-non-nominal:COND:معطوف
2:228:6	وَلَا	root	root	non-nominal-pos:NEG:root
2:228:9	أَن	Subj	فاعل	non-nominal-pos:SUB:فاعل
2:228:16	إِن	root	root	non-nominal-pos:COND:root
2:228:27	إِنْ	root	root	non-nominal-pos:COND:root
2:229:8	وَلَا	root	root	non-nominal-pos:NEG:root
2:229:11	أَن	Subj	فاعل	non-nominal-pos:SUB:فاعل
2:229:16	إِلَّآ	exp	مستثني	non-nominal-pos:EXP:مستثني
2:229:17	أَن	root	root	non-nominal-pos:SUB:root
2:229:19	أَلَّا	Obj	مفعول به	non-nominal-pos:SUB:مفعول به
2:229:23	فَإِنْ	root	root	non-nominal-pos:COND:root
2:229:25	أَلَّا	Obj	مفعول به	non-nominal-pos:SUB:مفعول به
2:229:29	فَلَا	rslt	جواب الشرط	non-nominal-pos:NEG:جواب الشرط
2:229:38	فَلَا	root	root	non-nominal-pos:PRO:root
2:229:40	وَمَن	root	root	non-nominal-pos:COND:root
2:229:44	فَأُو۟لَٰٓئِكَ	rslt	جواب الشرط	no-case:جواب الشرط:DEM
2:230:1	فَإِن	root	root	non-nominal-pos:COND:root
2:230:3	فَلَا	rslt	جواب الشرط	non-nominal-pos:NEG:جواب الشرط
2:230:12	فَإِن	root	root	non-nominal-pos:COND:root
2:230:14	فَلَا	rslt	جواب الشرط	non-nominal-pos:NEG:جواب الشرط
2:230:17	أَن	link	متعلق	non-nominal-pos:SUB:متعلق
2:230:19	إِن	root	root	non-nominal-pos:COND:root
2:230:21	أَن	Obj	مفعول به	non-nominal-pos:SUB:مفعول به
2:231:11	وَلَا	root	root	non-nominal-pos:PRO:root
2:231:15	وَمَن	root	root	non-nominal-pos:COND:root
2:231:18	فَقَدْ	rslt	جواب الشرط	non-nominal-pos:CERT:جواب الشرط
2:231:21	وَلَا	root	root	non-nominal-pos:PRO:root
2:232:6	فَلَا	rslt	جواب الشرط	non-nominal-pos:PRO:جواب الشرط
2:232:8	أَن	link	متعلق	non-nominal-pos:SUB:متعلق
2:232:32	لَا	Pred	خبر	non-nominal-pos:NEG:خبر
2:233:8	أَن	Obj	مفعول به	non-nominal-pos:SUB:مفعول به
2:233:11	وَعَلَى	Pred	خبر	prep-in-nominal-slot:خبر
2:233:17	لَا	root	root	non-nominal-pos:NEG:root
2:233:20	إِلَّا	res	حصر	non-nominal-pos:RES:حصر
2:233:22	لَا	root	root	non-nominal-pos:NEG:root
2:233:26	وَلَا	conj	معطوف	tabi-non-nominal:NEG:معطوف
2:233:34	فَإِنْ	root	root	non-nominal-pos:COND:root
2:233:41	فَلَا	rslt	جواب الشرط	non-nominal-pos:NEG:جواب الشرط
2:233:44	وَإِنْ	root	root	non-nominal-pos:COND:root
2:233:46	أَن	Obj	مفعول به	non-nominal-pos:SUB:مفعول به
2:233:49	فَلَا	rslt	جواب الشرط	non-nominal-pos:NEG:جواب الشرط
2:234:14	فَلَا	rslt	جواب الشرط	non-nominal-pos:NEG:جواب الشرط
2:235:1	وَلَا	root	root	non-nominal-pos:NEG:root
2:235:18	وَلَٰكِن	root	root	non-nominal-pos:AMD:root
2:235:19	لَّا	amd	استدراك	non-nominal-pos:PRO:استدراك
2:235:22	إِلَّآ	exp	مستثني	non-nominal-pos:EXP:مستثني
2:235:23	أَن	root	root	non-nominal-pos:SUB:root
2:235:27	وَلَا	root	root	non-nominal-pos:PRO:root
2:236:1	لَّا	root	root	non-nominal-pos:NEG:root
2:236:4	إِن	root	root	non-nominal-pos:COND:root
2:236:7	مَا	root	root	non-nominal-pos:SUB:root
2:236:8	لَمْ	sub	صلة	non-nominal-pos:NEG:صلة
2:237:1	وَإِن	root	root	non-nominal-pos:COND:root
2:237:5	أَن	Poss	مضاف إليه	non-nominal-pos:SUB:مضاف إليه
2:237:7	وَقَدْ	circ	حال	non-nominal-pos:CERT:حال
2:237:14	إِلَّآ	exp	مستثني	non-nominal-pos:EXP:مستثني
2:237:15	أَن	link	متعلق	non-nominal-pos:SUB:متعلق
2:237:23	وَأَن	root	root	non-nominal-pos:SUB:root
2:237:27	وَلَا	root	root	non-nominal-pos:PRO:root
2:239:1	فَإِنْ	root	root	non-nominal-pos:COND:root
2:239:10	كَمَا	gen	مجرور	non-nominal-pos:SUB:مجرور
2:239:13	لَمْ	sub	صلة	non-nominal-pos:NEG:صلة
2:240:13	فَإِنْ	root	root	non-nominal-pos:COND:root
2:240:15	فَلَا	rslt	جواب الشرط	non-nominal-pos:NEG:جواب الشرط
2:243:1	أَلَمْ	intg	استفهام	non-nominal-pos:NEG:استفهام
2:243:27	لَا	pred <<lakun>>	خبر لاكن	non-nominal-pos:NEG:خبر لاكن
2:245:1	مَّن	root	root	non-nominal-pos:INTG:root
2:246:1	أَلَمْ	intg	استفهام	non-nominal-pos:NEG:استفهام
2:246:8	مِنۢ	App	بدل	tabi-non-nominal:P:بدل
2:246:23	هَلْ	Obj	مفعول به	non-nominal-pos:INTG:مفعول به
2:246:25	إِن	root	root	non-nominal-pos:COND:root
2:246:29	أَلَّا	pred <<easaa>>	خبر عسى	non-nominal-pos:SUB:خبر عسى
2:246:32	وَمَا	Obj	مفعول به	non-nominal-pos:INTG:مفعول به
2:246:34	أَلَّا	root	root	non-nominal-pos:SUB:root
2:246:39	وَقَدْ	circ	حال	non-nominal-pos:CERT:حال
2:246:49	إِلَّا	root	root	non-nominal-pos:EXP:root
2:247:6	قَدْ	pred<<in>>	خبر إن	non-nominal-pos:CERT:خبر إن
2:247:12	أَنَّىٰ	Obj	مفعول به	non-nominal-pos:INTG:مفعول به
2:247:21	وَلَمْ	root	root	non-nominal-pos:NEG:root
2:248:7	أَن	pred<<in>>	خبر إن	non-nominal-pos:SUB:خبر إن
2:248:9	ٱلتَّابُوتُ	Subj	مفعول به	case-conflict:مفعول به
2:248:22	ٱلْمَلَٰٓئِكَةُ	Subj	مفعول به	case-conflict:مفعول به
2:248:28	إِن	root	root	non-nominal-pos:COND:root
2:249:10	فَمَن	root	root	non-nominal-pos:COND:root
2:249:15	وَمَن	root	root	non-nominal-pos:COND:root
2:249:16	لَّمْ	cond	شرط	non-nominal-pos:NEG:شرط
2:249:20	إِلَّا	root	root	non-nominal-pos:EXP:root
2:249:27	إِلَّا	root	root	non-nominal-pos:EXP:root
2:249:37	لَا	Obj	مفعول به	non-nominal-pos:NEG:مفعول به
2:249:49	كَم	Obj	مفعول به	non-nominal-pos:INTG:مفعول به
2:251:14	وَلَوْلَا	root	root	non-nominal-pos:COND:root
2:253:22	وَلَوْ	root	root	non-nominal-pos:COND:root
2:253:25	مَا	rslt	جواب الشرط	non-nominal-pos:NEG:جواب الشرط
2:253:34	ٱلْبَيِّنَٰتُ	Subj	مفعول به	case-conflict:مفعول به
2:253:35	وَلَٰكِنِ	root	root	non-nominal-pos:AMD:root
2:253:43	وَلَوْ	root	root	non-nominal-pos:COND:root
2:253:46	مَا	rslt	جواب الشرط	non-nominal-pos:NEG:جواب الشرط
2:254:9	أَن	Poss	مضاف إليه	non-nominal-pos:SUB:مضاف إليه
2:254:12	لَّا	Adj	صفة	tabi-non-nominal:NEG:صفة
2:254:13	بَيْعٌ	subj <<la>>	اسم لا	case-conflict:اسم لا
2:254:15	وَلَا	conj	معطوف	tabi-non-nominal:NEG:معطوف
2:254:16	خُلَّةٌ	subj <<la>>	اسم لا	case-conflict:اسم لا
2:254:17	وَلَا	conj	معطوف	tabi-non-nominal:NEG:معطوف
2:254:18	شَفَٰعَةٌ	subj <<la>>	اسم لا	case-conflict:اسم لا
2:255:2	لَآ	Pred	خبر	non-nominal-pos:NEG:خبر
2:255:4	إِلَّا	exp	مستثني	non-nominal-pos:EXP:مستثني
2:255:8	لَا	root	root	non-nominal-pos:NEG:root
2:255:11	وَلَا	neg	نفي	non-nominal-pos:NEG:نفي
2:255:20	مَن	root	root	non-nominal-pos:INTG:root
2:255:25	إِلَّا	exp	مستثني	non-nominal-pos:EXP:مستثني
2:255:33	وَلَا	root	root	non-nominal-pos:NEG:root
2:255:38	إِلَّا	res	حصر	non-nominal-pos:RES:حصر
2:255:45	وَلَا	root	root	non-nominal-pos:NEG:root
2:255:47	حِفْظُهُمَا	Subj	مفعول به	case-conflict:مفعول به
2:256:1	لَآ	root	root	non-nominal-pos:NEG:root
2:256:5	قَد	root	root	non-nominal-pos:CERT:root
2:256:10	فَمَن	root	root	non-nominal-pos:COND:root
2:256:15	فَقَدِ	rslt	جواب الشرط	non-nominal-pos:CERT:جواب الشرط
2:256:19	لَا	root	root	non-nominal-pos:NEG:root
2:258:1	أَلَمْ	intg	استفهام	non-nominal-pos:NEG:استفهام
2:258:9	أَنْ	link	متعلق	non-nominal-pos:SUB:متعلق
2:258:13	إِذْ	link	متعلق	no-case:متعلق:T
2:258:16	رَبِّىَ	Obj	مفعول به	case-conflict:مفعول به
2:258:40	لَا	Pred	خبر	non-nominal-pos:NEG:خبر
2:259:11	أَنَّىٰ	Obj	مفعول به	non-nominal-pos:INTG:مفعول به
2:259:24	كَمْ	Obj	مفعول به	non-nominal-pos:INTG:مفعول به
2:259:33	بَل	Obj	مفعول به	non-nominal-pos:RET:مفعول به
2:259:41	لَمْ	root	root	non-nominal-pos:NEG:root
2:259:52	كَيْفَ	circ	حال	non-nominal-pos:INTG:حال
2:260:1	وَإِذْ	link	متعلق	no-case:متعلق:T
2:260:6	كَيْفَ	circ	حال	non-nominal-pos:INTG:حال
2:260:10	أَوَلَمْ	intg	استفهام	non-nominal-pos:NEG:استفهام
2:260:13	بَلَىٰ	Obj	مفعول به	non-nominal-pos:ANS:مفعول به
2:260:14	وَلَٰكِن	ans	جواب	non-nominal-pos:AMD:جواب
2:262:8	لَا	root	root	non-nominal-pos:NEG:root
2:262:13	وَلَآ	neg	نفي	non-nominal-pos:NEG:نفي
2:262:19	وَلَا	root	root	non-nominal-pos:NEG:root
2:262:22	وَلَا	root	root	non-nominal-pos:NEG:root
2:262:23	هُمْ	neg	نفي	no-case:نفي:PRON
2:264:4	لَا	root	root	non-nominal-pos:PRO:root
2:264:14	وَلَا	root	root	non-nominal-pos:NEG:root
2:264:28	لَّا	root	root	non-nominal-pos:NEG:root
2:264:35	لَا	Pred	خبر	non-nominal-pos:NEG:خبر
2:265:19	فَإِن	root	root	non-nominal-pos:COND:root
2:265:20	لَّمْ	cond	شرط	non-nominal-pos:NEG:شرط
2:266:3	أَن	Obj	مفعول به	non-nominal-pos:SUB:مفعول به
2:267:9	وَمِمَّآ	conj	معطوف	tabi-non-nominal:P:معطوف
2:267:14	وَلَا	root	root	non-nominal-pos:PRO:root
2:267:21	إِلَّآ	root	root	non-nominal-pos:CERT:root
2:267:22	أَن	cert	تحقيق	non-nominal-pos:SUB:تحقيق
2:269:5	وَمَن	root	root	non-nominal-pos:COND:root
2:269:8	فَقَدْ	rslt	جواب الشرط	non-nominal-pos:CERT:جواب الشرط
2:269:12	وَمَا	root	root	non-nominal-pos:NEG:root
2:269:14	إِلَّآ	res	حصر	non-nominal-pos:RES:حصر
2:270:1	وَمَآ	root	root	non-nominal-pos:COND:root
2:270:12	وَمَا	neg	نفي	non-nominal-pos:NEG:نفي
2:271:1	إِن	root	root	non-nominal-pos:COND:root
2:271:5	هِىَ	rslt	جواب الشرط	no-case:جواب الشرط:PRON
2:271:6	وَإِن	conj	معطوف	tabi-non-nominal:COND:معطوف
2:271:10	فَهُوَ	rslt	جواب الشرط	no-case:جواب الشرط:PRON
2:272:9	وَمَا	root	root	non-nominal-pos:COND:root
2:272:14	وَمَا	root	root	non-nominal-pos:NEG:root
2:272:16	إِلَّا	res	حصر	non-nominal-pos:RES:حصر
2:272:20	وَمَا	root	root	non-nominal-pos:COND:root
2:272:27	لَا	Pred	خبر	non-nominal-pos:PRO:خبر
2:273:7	لَا	root	root	non-nominal-pos:NEG:root
2:273:13	ٱلْجَاهِلُ	Subj	مفعول به	case-conflict:مفعول به
2:273:19	لَا	root	root	non-nominal-pos:NEG:root
2:273:23	وَمَا	root	root	non-nominal-pos:COND:root
2:274:12	وَلَا	root	root	non-nominal-pos:NEG:root
2:274:15	وَلَا	root	root	non-nominal-pos:NEG:root
2:274:16	هُمْ	neg	نفي	no-case:نفي:PRON
2:275:4	لَا	Pred	خبر	non-nominal-pos:NEG:خبر
2:275:6	إِلَّا	res	حصر	non-nominal-pos:RES:حصر
2:275:7	كَمَا	gen	مجرور	non-nominal-pos:SUB:مجرور
2:275:26	فَمَن	root	root	non-nominal-pos:COND:root
2:275:33	مَا	rslt	جواب الشرط	no-case:جواب الشرط:REL
2:275:38	وَمَنْ	conj	معطوف	tabi-non-nominal:COND:معطوف
2:275:40	فَأُو۟لَٰٓئِكَ	rslt	جواب الشرط	no-case:جواب الشرط:DEM
2:276:7	لَا	Pred	خبر	non-nominal-pos:NEG:خبر
2:277:14	وَلَا	root	root	non-nominal-pos:NEG:root
2:277:17	وَلَا	root	root	non-nominal-pos:NEG:root
2:277:18	هُمْ	neg	نفي	no-case:نفي:PRON
2:278:11	إِن	root	root	non-nominal-pos:COND:root
2:279:1	فَإِن	root	root	non-nominal-pos:COND:root
2:279:2	لَّمْ	cond	شرط	non-nominal-pos:NEG:شرط
2:279:9	وَإِن	root	root	non-nominal-pos:COND:root
2:279:14	لَا	root	root	non-nominal-pos:NEG:root
2:279:16	وَلَا	conj	معطوف	tabi-non-nominal:PRO:معطوف
2:280:1	وَإِن	root	root	non-nominal-pos:COND:root
2:280:8	وَأَن	root	root	non-nominal-pos:SUB:root
2:280:12	إِن	root	root	non-nominal-pos:COND:root
2:281:14	لَا	Pred	خبر	non-nominal-pos:NEG:خبر
2:282:15	وَلَا	root	root	non-nominal-pos:NEG:root
2:282:18	أَن	Obj	مفعول به	non-nominal-pos:SUB:مفعول به
2:282:20	كَمَا	gen	مجرور	non-nominal-pos:SUB:مجرور
2:282:31	وَلَا	root	root	non-nominal-pos:PRO:root
2:282:35	فَإِن	root	root	non-nominal-pos:COND:root
2:282:44	لَا	root	root	non-nominal-pos:NEG:root
2:282:46	أَن	Obj	مفعول به	non-nominal-pos:SUB:مفعول به
2:282:56	فَإِن	root	root	non-nominal-pos:COND:root
2:282:57	لَّمْ	cond	شرط	non-nominal-pos:NEG:شرط
2:282:66	أَن	root	root	non-nominal-pos:SUB:root
2:282:72	وَلَا	root	root	non-nominal-pos:NEG:root
2:282:76	مَا	cond	شرط	non-nominal-pos:SUB:شرط
2:282:78	وَلَا	root	root	non-nominal-pos:PRO:root
2:282:80	أَن	Obj	مفعول به	non-nominal-pos:SUB:مفعول به
2:282:94	أَلَّا	root	root	non-nominal-pos:SUB:root
2:282:96	إِلَّآ	exp	مستثني	non-nominal-pos:EXP:مستثني
2:282:97	أَن	root	root	non-nominal-pos:SUB:root
2:282:106	أَلَّا	root	root	non-nominal-pos:SUB:root
2:282:111	وَلَا	root	root	non-nominal-pos:NEG:root
2:282:114	وَلَا	neg	نفي	non-nominal-pos:NEG:نفي
2:282:116	وَإِن	root	root	non-nominal-pos:COND:root
2:283:1	وَإِن	root	root	non-nominal-pos:COND:root
2:283:5	وَلَمْ	circ	حال	non-nominal-pos:NEG:حال
2:283:10	فَإِنْ	root	root	non-nominal-pos:COND:root
2:283:21	وَلَا	root	root	non-nominal-pos:PRO:root
2:283:24	وَمَن	root	root	non-nominal-pos:COND:root
2:284:8	وَإِن	root	root	non-nominal-pos:COND:root
2:285:15	لَا	root	root	non-nominal-pos:NEG:root
2:285:24	غُفْرَانَكَ	Obj	فاعل	case-conflict:فاعل
2:286:1	لَا	root	root	non-nominal-pos:NEG:root
2:286:5	إِلَّا	root	root	non-nominal-pos:EXP:root
2:286:14	لَا	root	root	non-nominal-pos:PRO:root
2:286:16	إِن	root	root	non-nominal-pos:COND:root
2:286:21	وَلَا	root	root	non-nominal-pos:PRO:root
2:286:25	كَمَا	gen	مجرور	non-nominal-pos:SUB:مجرور
2:286:32	وَلَا	root	root	non-nominal-pos:PRO:root
2:286:35	لَا	sub	صلة	non-nominal-pos:NEG:صلة
3:1:1	الٓمٓ	root	root	non-nominal-pos:INL:root
3:2:2	لَآ	Pred	خبر	non-nominal-pos:NEG:خبر
3:2:4	إِلَّا	exp	مستثني	non-nominal-pos:EXP:مستثني
3:5:3	لَا	pred<<in>>	خبر إن	non-nominal-pos:NEG:خبر إن
3:5:9	وَلَا	emph	توكيد	tabi-non-nominal:NEG:توكيد
3:5:10	فِى	conj	معطوف	tabi-non-nominal:P:معطوف
3:6:6	كَيْفَ	circ	حال	non-nominal-pos:INTG:حال
3:6:8	لَآ	root	root	non-nominal-pos:NEG:root
3:6:10	إِلَّا	exp	مستثني	non-nominal-pos:EXP:مستثني
3:7:14	فَأَمَّا	root	root	non-nominal-pos:EXL:root
3:7:15	ٱلَّذِينَ	exl	تفصيل	non-nominal-pos:COND:تفصيل
3:7:27	وَمَا	root	root	non-nominal-pos:NEG:root
3:7:29	تَأْوِيلَهُۥٓ	Obj	فاعل	case-conflict:فاعل
3:7:30	إِلَّا	res	حصر	non-nominal-pos:RES:حصر
3:7:42	وَمَا	root	root	non-nominal-pos:NEG:root
3:7:44	إِلَّآ	res	حصر	non-nominal-pos:RES:حصر
3:8:2	لَا	root	root	non-nominal-pos:PRO:root
3:9:6	لَّا	Adj	صفة	tabi-non-nominal:NEG:صفة
3:9:11	لَا	pred<<in>>	خبر إن	non-nominal-pos:NEG:خبر إن
3:10:4	لَن	pred<<in>>	خبر إن	non-nominal-pos:NEG:خبر إن
3:10:8	وَلَآ	emph	توكيد	tabi-non-nominal:NEG:توكيد
3:13:1	قَدْ	root	root	non-nominal-pos:CERT:root
3:13:25	فِى	pred<<in>>	خبر إن	prep-in-nominal-slot:خبر إن
3:18:4	لَآ	pred<<an>>	خبر أن	non-nominal-pos:NEG:خبر أن
3:18:6	إِلَّا	exp	مستثني	non-nominal-pos:EXP:مستثني
3:18:13	لَآ	root	root	non-nominal-pos:NEG:root
3:18:15	إِلَّا	exp	مستثني	non-nominal-pos:EXP:مستثني
3:19:6	وَمَا	root	root	non-nominal-pos:NEG:root
3:19:11	إِلَّا	res	حصر	non-nominal-pos:RES:حصر
3:19:16	ٱلْعِلْمُ	Subj	مفعول به	case-conflict:مفعول به
3:19:19	وَمَن	root	root	non-nominal-pos:COND:root
3:20:1	فَإِنْ	root	root	non-nominal-pos:COND:root
3:20:15	فَإِنْ	root	root	non-nominal-pos:COND:root
3:20:17	فَقَدِ	rslt	جواب الشرط	non-nominal-pos:CERT:جواب الشرط
3:20:19	وَّإِن	conj	معطوف	tabi-non-nominal:COND:معطوف
3:22:8	وَمَا	neg	نفي	non-nominal-pos:NEG:نفي
3:23:1	أَلَمْ	intg	استفهام	non-nominal-pos:NEG:استفهام
3:24:4	لَن	Obj	مفعول به	non-nominal-pos:NEG:مفعول به
3:24:6	ٱلنَّارُ	Subj	مفعول به	case-conflict:مفعول به
3:24:7	إِلَّآ	res	حصر	non-nominal-pos:RES:حصر
3:25:1	فَكَيْفَ	circ	حال	non-nominal-pos:INTG:حال
3:25:2	إِذَا	link	متعلق	no-case:متعلق:T
3:25:5	لَّا	Adj	صفة	tabi-non-nominal:NEG:صفة
3:25:14	لَا	Pred	خبر	non-nominal-pos:NEG:خبر
3:28:1	لَّا	root	root	non-nominal-pos:PRO:root
3:28:9	وَمَن	root	root	non-nominal-pos:COND:root
3:28:17	إِلَّآ	res	حصر	non-nominal-pos:RES:حصر
3:28:18	أَن	prp	المفعول لأجله	non-nominal-pos:SUB:المفعول لأجله
3:29:2	إِن	Obj	مفعول به	non-nominal-pos:COND:مفعول به
3:30:15	لَوْ	Obj	مفعول به	non-nominal-pos:SUB:مفعول به
3:31:2	إِن	Obj	مفعول به	non-nominal-pos:COND:مفعول به
3:32:5	فَإِن	root	root	non-nominal-pos:COND:root
3:32:9	لَا	pred<<in>>	خبر إن	non-nominal-pos:NEG:خبر إن
3:35:1	إِذْ	link	متعلق	no-case:متعلق:T
3:37:20	أَنَّىٰ	link	متعلق	non-nominal-pos:INTG:متعلق
3:38:1	هُنَالِكَ	link	متعلق	no-case:متعلق:T
3:40:3	أَنَّىٰ	link	متعلق	non-nominal-pos:INTG:متعلق
3:40:7	وَقَدْ	root	root	non-nominal-pos:CERT:root
3:40:9	ٱلْكِبَرُ	Subj	مفعول به	case-conflict:مفعول به
3:40:14	ٱللَّهُ	Obj	مفعول به	case-conflict:مفعول به
3:41:7	ءَايَتُكَ	Obj	مفعول به	case-conflict:مفعول به
3:41:8	أَلَّا	Pred	خبر	non-nominal-pos:SUB:خبر
3:41:13	إِلَّا	root	root	non-nominal-pos:EXP:root
3:42:1	وَإِذْ	link	متعلق	no-case:متعلق:T
3:44:7	وَمَا	root	root	non-nominal-pos:NEG:root
3:44:9	لَدَيْهِمْ	link	متعلق	no-case:متعلق:LOC
3:44:10	إِذْ	link	متعلق	no-case:متعلق:T
3:44:16	وَمَا	conj	معطوف	tabi-non-nominal:NEG:معطوف
3:44:18	لَدَيْهِمْ	link	متعلق	no-case:متعلق:LOC
3:44:19	إِذْ	link	متعلق	no-case:متعلق:T
3:45:1	إِذْ	link	متعلق	no-case:متعلق:T
3:47:3	أَنَّىٰ	link	متعلق	non-nominal-pos:INTG:متعلق
3:47:7	وَلَمْ	root	root	non-nominal-pos:NEG:root
3:47:12	ٱللَّهُ	Obj	مفعول به	case-conflict:مفعول به
3:49:6	قَدْ	pred<<an>>	خبر أن	non-nominal-pos:CERT:خبر أن
3:49:43	إِن	root	root	non-nominal-pos:COND:root
3:52:7	مَنْ	Pred	خبر	non-nominal-pos:INTG:خبر
3:52:8	أَنصَارِىٓ	Obj	مفعول به	case-conflict:مفعول به
3:55:1	إِذْ	link	متعلق	no-case:متعلق:T
3:56:1	فَأَمَّا	root	root	non-nominal-pos:EXL:root
3:56:2	ٱلَّذِينَ	exl	تفصيل	non-nominal-pos:COND:تفصيل
3:56:10	وَمَا	neg	نفي	non-nominal-pos:NEG:نفي
3:57:1	وَأَمَّا	conj	معطوف	tabi-non-nominal:EXL:معطوف
3:57:2	ٱلَّذِينَ	exl	تفصيل	non-nominal-pos:COND:تفصيل
3:57:9	لَا	Pred	خبر	non-nominal-pos:NEG:خبر
3:60:4	فَلَا	root	root	non-nominal-pos:PRO:root
3:61:1	فَمَنْ	root	root	non-nominal-pos:COND:root
3:62:6	وَمَا	root	root	non-nominal-pos:NEG:root
3:62:9	إِلَّا	res	حصر	non-nominal-pos:RES:حصر
3:63:1	فَإِن	root	root	non-nominal-pos:COND:root
3:64:10	أَلَّا	root	root	non-nominal-pos:SUB:root
3:64:12	إِلَّا	res	حصر	non-nominal-pos:RES:حصر
3:64:14	وَلَا	conj	معطوف	tabi-non-nominal:NEG:معطوف
3:64:18	وَلَا	conj	معطوف	tabi-non-nominal:NEG:معطوف
3:64:26	فَإِن	root	root	non-nominal-pos:COND:root
3:65:3	لِمَ	gen	مجرور	non-nominal-pos:INTG:مجرور
3:65:7	وَمَآ	circ	حال	non-nominal-pos:NEG:حال
3:65:11	إِلَّا	res	حصر	non-nominal-pos:RES:حصر
3:65:14	أَفَلَا	intg	استفهام	non-nominal-pos:NEG:استفهام
3:66:1	هَٰٓأَنتُمْ	voc	منادى	no-case:منادى:PRON
3:66:8	فَلِمَ	gen	مجرور	non-nominal-pos:INTG:مجرور
3:66:18	لَا	Pred	خبر	non-nominal-pos:NEG:خبر
3:67:1	مَا	root	root	non-nominal-pos:NEG:root
3:67:5	وَلَا	emph	توكيد	tabi-non-nominal:NEG:توكيد
3:67:7	وَلَٰكِن	root	root	non-nominal-pos:AMD:root
3:67:11	وَمَا	root	root	non-nominal-pos:NEG:root
3:69:6	لَوْ	Obj	مفعول به	non-nominal-pos:SUB:مفعول به
3:69:8	وَمَا	root	root	non-nominal-pos:NEG:root
3:69:10	إِلَّآ	res	حصر	non-nominal-pos:RES:حصر
3:69:12	وَمَا	root	root	non-nominal-pos:NEG:root
3:70:3	لِمَ	gen	مجرور	non-nominal-pos:INTG:مجرور
3:71:3	لِمَ	gen	مجرور	non-nominal-pos:INTG:مجرور
3:73:1	وَلَا	root	root	non-nominal-pos:PRO:root
3:73:3	إِلَّا	root	root	non-nominal-pos:EXP:root
3:73:12	أَن	root	root	non-nominal-pos:SUB:root
3:75:5	إِن	sub	صلة	non-nominal-pos:COND:صلة
3:75:12	إِن	sub	صلة	non-nominal-pos:COND:صلة
3:75:15	لَّا	rslt	جواب الشرط	non-nominal-pos:NEG:جواب الشرط
3:75:18	إِلَّا	res	حصر	non-nominal-pos:RES:حصر
3:75:19	مَا	root	root	non-nominal-pos:SUB:root
3:76:1	بَلَىٰ	root	root	non-nominal-pos:ANS:root
3:76:2	مَنْ	ans	جواب	non-nominal-pos:COND:جواب
3:77:10	لَا	Pred	خبر	non-nominal-pos:NEG:خبر
3:77:15	وَلَا	root	root	non-nominal-pos:NEG:root
3:77:18	وَلَا	conj	معطوف	tabi-non-nominal:NEG:معطوف
3:77:23	وَلَا	root	root	non-nominal-pos:NEG:root
3:78:10	وَمَا	root	root	non-nominal-pos:NEG:root
3:78:11	هُوَ	neg	نفي	no-case:نفي:PRON
3:78:19	وَمَا	root	root	non-nominal-pos:NEG:root
3:78:20	هُوَ	neg	نفي	no-case:نفي:PRON
3:79:1	مَا	root	root	non-nominal-pos:NEG:root
3:79:4	أَن	subj <<kan>>	اسم كان	non-nominal-pos:SUB:اسم كان
3:79:19	وَلَٰكِن	root	root	non-nominal-pos:AMD:root
3:79:22	بِمَا	gen	مجرور	non-nominal-pos:SUB:مجرور
3:79:26	وَبِمَا	gen	مجرور	non-nominal-pos:SUB:مجرور
3:80:1	وَلَا	root	root	non-nominal-pos:NEG:root
3:80:3	أَن	Obj	مفعول به	non-nominal-pos:SUB:مفعول به
3:82:1	فَمَن	root	root	non-nominal-pos:COND:root
3:82:5	فَأُو۟لَٰٓئِكَ	rslt	جواب الشرط	no-case:جواب الشرط:DEM
3:84:22	لَا	root	root	non-nominal-pos:NEG:root
3:85:1	وَمَن	root	root	non-nominal-pos:COND:root
3:85:6	فَلَن	rslt	جواب الشرط	non-nominal-pos:NEG:جواب الشرط
3:86:1	كَيْفَ	circ	حال	non-nominal-pos:INTG:حال
3:86:15	لَا	Pred	خبر	non-nominal-pos:NEG:خبر
3:88:3	لَا	root	root	non-nominal-pos:NEG:root
3:88:7	وَلَا	conj	معطوف	tabi-non-nominal:NEG:معطوف
3:88:8	هُمْ	neg	نفي	no-case:نفي:PRON
3:89:1	إِلَّا	root	root	non-nominal-pos:EXP:root
3:90:9	لَّن	pred<<in>>	خبر إن	non-nominal-pos:NEG:خبر إن
3:91:7	فَلَن	pred<<in>>	خبر إن	non-nominal-pos:NEG:خبر إن
3:91:14	وَلَوِ	root	root	non-nominal-pos:COND:root
3:91:21	وَمَا	neg	نفي	non-nominal-pos:NEG:نفي
3:92:1	لَن	root	root	non-nominal-pos:NEG:root
3:92:8	وَمَا	root	root	non-nominal-pos:COND:root
3:93:7	إِلَّا	root	root	non-nominal-pos:EXP:root
3:93:15	أَن	Poss	مضاف إليه	non-nominal-pos:SUB:مضاف إليه
3:93:22	إِن	root	root	non-nominal-pos:COND:root
3:94:1	فَمَنِ	root	root	non-nominal-pos:COND:root
3:94:9	فَأُو۟لَٰٓئِكَ	rslt	جواب الشرط	no-case:جواب الشرط:DEM
3:95:8	وَمَا	root	root	non-nominal-pos:NEG:root
3:97:6	وَمَن	root	root	non-nominal-pos:COND:root
3:97:19	وَمَن	conj	معطوف	tabi-non-nominal:COND:معطوف
3:98:4	لِمَ	gen	مجرور	non-nominal-pos:INTG:مجرور
3:98:8	وَٱللَّهُ	circ	حال	case-conflict:حال
3:99:4	لِمَ	gen	مجرور	non-nominal-pos:INTG:مجرور
3:99:15	وَمَا	root	root	non-nominal-pos:NEG:root
3:100:4	إِن	root	root	non-nominal-pos:COND:root
3:101:1	وَكَيْفَ	circ	حال	non-nominal-pos:INTG:حال
3:101:10	وَمَن	root	root	non-nominal-pos:COND:root
3:101:13	فَقَدْ	rslt	جواب الشرط	non-nominal-pos:CERT:جواب الشرط
3:102:8	وَلَا	root	root	non-nominal-pos:NEG:root
3:102:10	إِلَّا	res	حصر	non-nominal-pos:RES:حصر
3:103:5	وَلَا	root	root	non-nominal-pos:PRO:root
3:103:11	إِذْ	link	متعلق	no-case:متعلق:T
3:105:1	وَلَا	root	root	non-nominal-pos:PRO:root
3:105:10	ٱلْبَيِّنَٰتُ	Subj	مفعول به	case-conflict:مفعول به
3:106:6	فَأَمَّا	root	root	non-nominal-pos:EXL:root
3:106:7	ٱلَّذِينَ	exl	تفصيل	non-nominal-pos:COND:تفصيل
3:107:1	وَأَمَّا	conj	معطوف	tabi-non-nominal:EXL:معطوف
3:107:2	ٱلَّذِينَ	exl	تفصيل	non-nominal-pos:COND:تفصيل
3:108:7	وَمَا	root	root	non-nominal-pos:NEG:root
3:110:13	وَلَوْ	root	root	non-nominal-pos:COND:root
3:111:1	لَن	root	root	non-nominal-pos:NEG:root
3:111:3	إِلَّآ	root	root	non-nominal-pos:EXP:root
3:111:5	وَإِن	root	root	non-nominal-pos:COND:root
3:111:10	لَا	root	root	non-nominal-pos:NEG:root
3:112:4	أَيْنَ	link	متعلق	no-case:متعلق:LOC
3:112:7	إِلَّا	root	root	non-nominal-pos:EXP:root
3:112:32	بِمَا	gen	مجرور	non-nominal-pos:SUB:مجرور
3:115:1	وَمَا	root	root	non-nominal-pos:COND:root
3:115:5	فَلَن	rslt	جواب الشرط	non-nominal-pos:NEG:جواب الشرط
3:116:4	لَن	pred<<in>>	خبر إن	non-nominal-pos:NEG:خبر إن
3:116:8	وَلَآ	emph	معطوف	tabi-non-nominal:NEG:معطوف
3:117:18	وَمَا	root	root	non-nominal-pos:NEG:root
3:117:21	وَلَٰكِنْ	root	root	non-nominal-pos:AMD:root
3:118:4	لَا	root	root	non-nominal-pos:PRO:root
3:118:9	لَا	root	root	non-nominal-pos:NEG:root
3:118:13	مَا	Obj	مفعول به	non-nominal-pos:SUB:مفعول به
3:118:15	قَدْ	root	root	non-nominal-pos:CERT:root
3:118:24	قَدْ	root	root	non-nominal-pos:CERT:root
3:118:28	إِن	root	root	non-nominal-pos:COND:root
3:119:1	هَٰٓأَنتُمْ	voc	منادى	no-case:منادى:PRON
3:119:4	وَلَا	conj	معطوف	tabi-non-nominal:NEG:معطوف
3:120:1	إِن	root	root	non-nominal-pos:COND:root
3:120:5	وَإِن	conj	معطوف	tabi-non-nominal:COND:معطوف
3:120:10	وَإِن	conj	معطوف	tabi-non-nominal:COND:معطوف
3:120:13	لَا	rslt	جواب الشرط	non-nominal-pos:NEG:جواب الشرط
3:120:15	كَيْدُهُمْ	Subj	مفعول به	case-conflict:مفعول به
3:121:1	وَإِذْ	link	متعلق	no-case:متعلق:T
3:122:1	إِذْ	link	متعلق	no-case:متعلق:T
3:122:5	أَن	Obj	مفعول به	non-nominal-pos:SUB:مفعول به
3:123:1	وَلَقَدْ	root	root	non-nominal-pos:CERT:root
3:124:1	إِذْ	link	متعلق	no-case:متعلق:T
3:124:4	أَلَن	intg	استفهام	non-nominal-pos:NEG:استفهام
3:124:6	أَن	Subj	فاعل	non-nominal-pos:SUB:فاعل
3:124:8	رَبُّكُم	Subj	مفعول به	case-conflict:مفعول به
3:125:1	بَلَىٰٓ	root	root	non-nominal-pos:ANS:root
3:125:2	إِن	ans	جواب	non-nominal-pos:COND:جواب
3:125:10	رَبُّكُم	Subj	مفعول به	case-conflict:مفعول به
3:126:1	وَمَا	root	root	non-nominal-pos:NEG:root
3:126:4	إِلَّا	res	حصر	non-nominal-pos:RES:حصر
3:126:10	وَمَا	root	root	non-nominal-pos:NEG:root
3:126:12	إِلَّا	res	حصر	non-nominal-pos:RES:حصر
3:130:4	لَا	root	root	non-nominal-pos:PRO:root
3:135:2	إِذَا	sub	صلة	no-case:صلة:T
3:135:12	وَمَن	root	root	non-nominal-pos:INTG:root
3:135:15	إِلَّا	res	حصر	non-nominal-pos:RES:حصر
3:135:17	وَلَمْ	root	root	non-nominal-pos:NEG:root
3:137:1	قَدْ	root	root	non-nominal-pos:CERT:root
3:137:10	كَيْفَ	pred <<kan>>	خبر كان	non-nominal-pos:INTG:خبر كان
3:139:1	وَلَا	root	root	non-nominal-pos:PRO:root
3:139:3	وَلَا	conj	معطوف	tabi-non-nominal:PRO:معطوف
3:139:7	إِن	root	root	non-nominal-pos:COND:root
3:140:1	إِن	root	root	non-nominal-pos:COND:root
3:140:4	فَقَدْ	rslt	جواب الشرط	non-nominal-pos:CERT:جواب الشرط
3:140:22	لَا	Pred	خبر	non-nominal-pos:NEG:خبر
3:142:3	أَن	Obj	مفعول به	non-nominal-pos:SUB:مفعول به
3:143:1	وَلَقَدْ	root	root	non-nominal-pos:CERT:root
3:143:7	أَن	Poss	مضاف إليه	non-nominal-pos:SUB:مضاف إليه
3:143:9	فَقَدْ	root	root	non-nominal-pos:CERT:root
3:144:1	وَمَا	root	root	non-nominal-pos:NEG:root
3:144:3	إِلَّا	res	حصر	non-nominal-pos:RES:حصر
3:144:5	قَدْ	Adj	صفة	tabi-non-nominal:CERT:صفة
3:144:10	أَفَإِي۟ن	intg	استفهام	non-nominal-pos:COND:استفهام
3:144:17	وَمَن	root	root	non-nominal-pos:COND:root
3:144:21	فَلَن	rslt	جواب الشرط	non-nominal-pos:NEG:جواب الشرط
3:145:1	وَمَا	root	root	non-nominal-pos:NEG:root
3:145:4	أَن	subj <<kan>>	اسم كان	non-nominal-pos:SUB:اسم كان
3:145:6	إِلَّا	res	حصر	non-nominal-pos:RES:حصر
3:145:11	وَمَن	root	root	non-nominal-pos:COND:root
3:145:17	وَمَن	conj	معطوف	tabi-non-nominal:COND:معطوف
3:146:8	فَمَا	root	root	non-nominal-pos:NEG:root
3:146:15	وَمَا	conj	معطوف	tabi-non-nominal:NEG:معطوف
3:146:17	وَمَا	conj	معطوف	tabi-non-nominal:NEG:معطوف
3:147:1	وَمَا	root	root	non-nominal-pos:NEG:root
3:147:3	قَوْلَهُمْ	pred <<kan>>	فاعل	case-conflict:فاعل
3:147:4	إِلَّآ	res	حصر	non-nominal-pos:RES:حصر
3:147:5	أَن	subj <<kan>>	اسم كان	non-nominal-pos:SUB:اسم كان
3:149:4	إِن	root	root	non-nominal-pos:COND:root
3:150:1	بَلِ	root	root	non-nominal-pos:RET:root
3:151:7	بِمَآ	gen	مجرور	non-nominal-pos:SUB:مجرور
3:151:11	لَمْ	sub	صلة	non-nominal-pos:NEG:صلة
3:152:1	وَلَقَدْ	root	root	non-nominal-pos:CERT:root
3:152:8	حَتَّىٰٓ	root	root	non-nominal-pos:INC:root
3:152:9	إِذَا	inc	ابتداء	no-case:ابتداء:T
3:152:17	مَآ	Poss	مضاف إليه	non-nominal-pos:SUB:مضاف إليه
3:152:33	وَلَقَدْ	root	root	non-nominal-pos:CERT:root
3:153:1	إِذْ	link	متعلق	no-case:متعلق:T
3:153:3	وَلَا	circ	حال	non-nominal-pos:NEG:حال
3:153:7	وَٱلرَّسُولُ	circ	حال	case-conflict:حال
3:153:14	لِّكَيْلَا	gen	مجرور	non-nominal-pos:SUB:مجرور
3:153:19	وَلَا	emph	توكيد	tabi-non-nominal:NEG:توكيد
3:154:12	وَطَآئِفَةٌ	circ	حال	case-conflict:حال
3:154:13	قَدْ	Pred	خبر	non-nominal-pos:CERT:خبر
3:154:23	هَل	Obj	مفعول به	non-nominal-pos:INTG:مفعول به
3:154:38	لَا	sub	صلة	non-nominal-pos:NEG:صلة
3:154:42	لَوْ	Obj	مفعول به	non-nominal-pos:COND:مفعول به
3:154:48	مَّا	rslt	جواب الشرط	non-nominal-pos:NEG:جواب الشرط
3:154:50	هَٰهُنَا	voc	منادى	no-case:منادى:DEM
3:154:52	لَّوْ	Obj	مفعول به	non-nominal-pos:COND:مفعول به
3:155:14	وَلَقَدْ	root	root	non-nominal-pos:CERT:root
3:156:4	لَا	root	root	non-nominal-pos:PRO:root
3:156:10	إِذَا	link	متعلق	no-case:متعلق:T
3:156:17	لَّوْ	root	root	non-nominal-pos:COND:root
3:156:20	مَا	rslt	جواب الشرط	non-nominal-pos:NEG:جواب الشرط
3:156:22	وَمَا	conj	معطوف	tabi-non-nominal:NEG:معطوف
3:157:1	وَلَئِن	root	root	non-nominal-pos:COND:root
3:158:1	وَلَئِن	conj	معطوف	tabi-non-nominal:COND:معطوف
3:159:1	فَبِمَا	sup	زائد	non-nominal-pos:SUP:زائد
3:159:7	وَلَوْ	root	root	non-nominal-pos:COND:root
3:160:1	إِن	root	root	non-nominal-pos:COND:root
3:160:4	فَلَا	rslt	جواب الشرط	non-nominal-pos:NEG:جواب الشرط
3:160:7	وَإِن	conj	معطوف	tabi-non-nominal:COND:معطوف
3:160:9	فَمَن	rslt	جواب الشرط	non-nominal-pos:INTG:جواب الشرط
3:161:1	وَمَا	root	root	non-nominal-pos:NEG:root
3:161:4	أَن	subj <<kan>>	اسم كان	non-nominal-pos:SUB:اسم كان
3:161:6	وَمَن	root	root	non-nominal-pos:COND:root
3:161:20	لَا	Pred	خبر	non-nominal-pos:NEG:خبر
3:162:1	أَفَمَنِ	intg	استفهام	no-case:استفهام:REL
3:164:1	لَقَدْ	root	root	non-nominal-pos:CERT:root
3:164:6	إِذْ	link	متعلق	no-case:متعلق:T
3:164:19	وَإِن	-	-	absent-from-treebank:COND
3:165:1	أَوَلَمَّآ	intg	استفهام	no-case:استفهام:T
3:165:4	قَدْ	root	root	non-nominal-pos:CERT:root
3:165:8	أَنَّىٰ	Obj	مفعول به	non-nominal-pos:INTG:مفعول به
3:167:14	لَوْ	Obj	مفعول به	non-nominal-pos:COND:مفعول به
3:167:20	يَوْمَئِذٍ	link	متعلق	no-case:متعلق:T
3:168:5	لَوْ	Obj	مفعول به	non-nominal-pos:COND:مفعول به
3:168:7	مَا	rslt	جواب الشرط	non-nominal-pos:NEG:جواب الشرط
3:168:14	إِن	root	root	non-nominal-pos:COND:root
3:169:1	وَلَا	root	root	non-nominal-pos:PRO:root
3:169:9	بَلْ	root	root	non-nominal-pos:INC:root
3:170:9	لَمْ	sub	صلة	non-nominal-pos:NEG:صلة
3:170:14	أَلَّا	root	root	non-nominal-pos:SUB:root
3:170:17	وَلَا	root	root	non-nominal-pos:NEG:root
3:170:18	هُمْ	neg	نفي	no-case:نفي:PRON
3:171:8	لَا	pred<<in>>	خبر إن	non-nominal-pos:NEG:خبر إن
3:172:7	مَآ	Poss	مضاف إليه	non-nominal-pos:SUB:مضاف إليه
3:172:9	ٱلْقَرْحُ	Subj	مفعول به	case-conflict:مفعول به
3:173:7	قَدْ	pred<<in>>	خبر إن	non-nominal-pos:CERT:خبر إن
3:173:14	حَسْبُنَا	Obj	مفعول به	case-conflict:مفعول به
3:174:6	لَّمْ	root	root	non-nominal-pos:NEG:root
3:175:6	فَلَا	root	root	non-nominal-pos:PRO:root
3:175:9	إِن	root	root	non-nominal-pos:COND:root
3:176:1	وَلَا	root	root	non-nominal-pos:NEG:root
3:176:8	لَن	pred<<in>>	خبر إن	non-nominal-pos:NEG:خبر إن
3:176:14	أَلَّا	Obj	مفعول به	non-nominal-pos:SUB:مفعول به
3:177:6	لَن	pred<<in>>	خبر إن	non-nominal-pos:NEG:خبر إن
3:178:1	وَلَا	root	root	non-nominal-pos:PRO:root
3:179:1	مَّا	root	root	non-nominal-pos:NEG:root
3:179:8	أَنتُمْ	sub	صلة	no-case:صلة:PRON
3:179:15	وَمَا	conj	معطوف	tabi-non-nominal:NEG:معطوف
3:179:31	وَإِن	root	root	non-nominal-pos:COND:root
3:180:1	وَلَا	root	root	non-nominal-pos:NEG:root
3:180:13	بَلْ	root	root	non-nominal-pos:INC:root
3:180:14	هُوَ	inc	ابتداء	no-case:ابتداء:PRON
3:181:1	لَّقَدْ	root	root	non-nominal-pos:CERT:root
3:183:7	أَلَّا	Obj	مفعول به	non-nominal-pos:SUB:مفعول به
3:183:14	ٱلنَّارُ	Subj	مفعول به	case-conflict:مفعول به
3:183:16	قَدْ	Obj	مفعول به	non-nominal-pos:CERT:مفعول به
3:183:24	فَلِمَ	gen	مجرور	non-nominal-pos:INTG:مجرور
3:183:26	إِن	root	root	non-nominal-pos:COND:root
3:184:1	فَإِن	root	root	non-nominal-pos:COND:root
3:184:3	فَقَدْ	rslt	جواب الشرط	non-nominal-pos:CERT:جواب الشرط
3:185:10	فَمَن	root	root	non-nominal-pos:COND:root
3:185:16	فَقَدْ	rslt	جواب الشرط	non-nominal-pos:CERT:جواب الشرط
3:185:18	وَمَا	root	root	non-nominal-pos:NEG:root
3:185:21	إِلَّا	res	حصر	non-nominal-pos:RES:حصر
3:186:12	وَمِنَ	conj	معطوف	tabi-non-nominal:P:معطوف
3:186:17	وَإِن	root	root	non-nominal-pos:COND:root
3:187:10	وَلَا	root	root	non-nominal-pos:NEG:root
3:188:1	لَا	root	root	non-nominal-pos:NEG:root
3:188:8	أَن	Obj	مفعول به	non-nominal-pos:SUB:مفعول به
3:188:11	لَمْ	sub	صلة	non-nominal-pos:NEG:صلة
3:188:13	فَلَا	root	root	non-nominal-pos:NEG:root
3:191:14	مَا	root	root	non-nominal-pos:NEG:root
3:191:18	سُبْحَٰنَكَ	cog	فاعل	case-conflict:فاعل
3:192:3	مَن	pred<<in>>	خبر إن	non-nominal-pos:COND:خبر إن
3:192:6	فَقَدْ	rslt	جواب الشرط	non-nominal-pos:CERT:جواب الشرط
3:192:8	وَمَا	root	root	non-nominal-pos:NEG:root
3:193:7	أَنْ	root	root	non-nominal-pos:INT:root
3:194:7	وَلَا	root	root	non-nominal-pos:PRO:root
3:194:12	لَا	pred<<in>>	خبر إن	non-nominal-pos:NEG:خبر إن
3:195:5	لَآ	pred<<an>>	خبر أن	non-nominal-pos:NEG:خبر أن
3:195:10	مِّن	App	بدل	tabi-non-nominal:P:بدل
3:196:1	لَا	root	root	non-nominal-pos:PRO:root
3:198:1	لَٰكِنِ	root	root	non-nominal-pos:AMD:root
3:198:2	ٱلَّذِينَ	amd	استدراك	no-case:استدراك:REL
3:199:16	لَا	root	root	non-nominal-pos:NEG:root
4:2:4	وَلَا	root	root	non-nominal-pos:PRO:root
4:2:8	وَلَا	conj	معطوف	tabi-non-nominal:PRO:معطوف
4:3:1	وَإِنْ	root	root	non-nominal-pos:COND:root
4:3:3	أَلَّا	Obj	مفعول به	non-nominal-pos:SUB:مفعول به
4:3:16	فَإِنْ	conj	معطوف	tabi-non-nominal:COND:معطوف
4:3:18	أَلَّا	Obj	مفعول به	non-nominal-pos:SUB:مفعول به
4:3:27	أَلَّا	Adj	صفة	tabi-non-nominal:SUB:صفة
4:4:5	فَإِن	root	root	non-nominal-pos:COND:root
4:5:1	وَلَا	root	root	non-nominal-pos:PRO:root
4:6:3	حَتَّىٰٓ	root	root	non-nominal-pos:INC:root
4:6:4	إِذَا	inc	ابتداء	no-case:ابتداء:T
4:6:7	فَإِنْ	root	root	non-nominal-pos:COND:root
4:6:14	وَلَا	root	root	non-nominal-pos:PRO:root
4:6:18	أَن	root	root	non-nominal-pos:SUB:root
4:6:20	وَمَن	root	root	non-nominal-pos:COND:root
4:6:24	وَمَن	conj	معطوف	tabi-non-nominal:COND:معطوف
4:7:13	مِمَّا	App	بدل	tabi-non-nominal:P:بدل
4:9:3	لَوْ	sub	صلة	non-nominal-pos:COND:صلة
4:11:9	فَإِن	root	root	non-nominal-pos:COND:root
4:11:18	وَإِن	conj	معطوف	tabi-non-nominal:COND:معطوف
4:11:30	إِن	root	root	non-nominal-pos:COND:root
4:11:34	فَإِن	root	root	non-nominal-pos:COND:root
4:11:35	لَّمْ	cond	شرط	non-nominal-pos:NEG:شرط
4:11:43	فَإِن	root	root	non-nominal-pos:COND:root
4:11:58	لَا	Pred	خبر	non-nominal-pos:NEG:خبر
4:11:60	أَيُّهُمْ	Obj	مفعول به	case-conflict:مفعول به
4:12:6	إِن	root	root	non-nominal-pos:COND:root
4:12:7	لَّمْ	cond	شرط	non-nominal-pos:NEG:شرط
4:12:11	فَإِن	root	root	non-nominal-pos:COND:root
4:12:30	إِن	root	root	non-nominal-pos:COND:root
4:12:31	لَّمْ	cond	شرط	non-nominal-pos:NEG:شرط
4:12:35	فَإِن	root	root	non-nominal-pos:COND:root
4:12:50	وَإِن	root	root	non-nominal-pos:COND:root
4:12:65	فَإِن	root	root	non-nominal-pos:COND:root
4:12:70	فَهُمْ	rslt	جواب الشرط	no-case:جواب الشرط:PRON
4:13:4	وَمَن	root	root	non-nominal-pos:COND:root
4:14:1	وَمَن	conj	معطوف	tabi-non-nominal:COND:معطوف
4:15:10	فَإِن	root	root	non-nominal-pos:COND:root
4:15:17	ٱلْمَوْتُ	Subj	مفعول به	case-conflict:مفعول به
4:16:5	فَإِن	root	root	non-nominal-pos:COND:root
4:18:6	حَتَّىٰٓ	root	root	non-nominal-pos:INC:root
4:18:7	إِذَا	inc	ابتداء	no-case:ابتداء:T
4:18:9	أَحَدَهُمُ	Obj	فاعل	case-conflict:فاعل
4:18:15	وَلَا	root	root	non-nominal-pos:NEG:root
4:18:16	ٱلَّذِينَ	neg	نفي	no-case:نفي:REL
4:19:4	لَا	root	root	non-nominal-pos:NEG:root
4:19:7	أَن	Subj	فاعل	non-nominal-pos:SUB:فاعل
4:19:11	وَلَا	root	root	non-nominal-pos:PRO:root
4:19:17	إِلَّآ	root	root	non-nominal-pos:EXP:root
4:19:18	أَن	exp	مستثني	non-nominal-pos:SUB:مستثني
4:19:24	فَإِن	root	root	non-nominal-pos:COND:root
4:19:27	أَن	Subj	فاعل	non-nominal-pos:SUB:فاعل
4:20:1	وَإِنْ	root	root	non-nominal-pos:COND:root
4:20:10	فَلَا	rslt	جواب الشرط	non-nominal-pos:PRO:جواب الشرط
4:21:1	وَكَيْفَ	circ	حال	non-nominal-pos:INTG:حال
4:21:3	وَقَدْ	root	root	non-nominal-pos:CERT:root
4:22:1	وَلَا	root	root	non-nominal-pos:PRO:root
4:22:8	إِلَّا	root	root	non-nominal-pos:EXP:root
4:22:10	قَدْ	sub	صلة	non-nominal-pos:CERT:صلة
4:23:29	فَإِن	root	root	non-nominal-pos:COND:root
4:23:30	لَّمْ	cond	شرط	non-nominal-pos:NEG:شرط
4:23:34	فَلَا	rslt	جواب الشرط	non-nominal-pos:NEG:جواب الشرط
4:23:42	وَأَن	conj	معطوف	tabi-non-nominal:SUB:معطوف
4:23:46	إِلَّا	root	root	non-nominal-pos:EXP:root
4:23:48	قَدْ	sub	صلة	non-nominal-pos:CERT:صلة
4:24:4	إِلَّا	root	root	non-nominal-pos:EXP:root
4:24:16	أَن	prp	المفعول لأجله	non-nominal-pos:SUB:المفعول لأجله
4:24:22	فَمَا	root	root	non-nominal-pos:COND:root
4:24:29	وَلَا	root	root	non-nominal-pos:NEG:root
4:25:1	وَمَن	root	root	non-nominal-pos:COND:root
4:25:2	لَّمْ	cond	شرط	non-nominal-pos:NEG:شرط
4:25:6	أَن	Obj	مفعول به	non-nominal-pos:SUB:مفعول به
4:25:32	وَلَا	neg	نفي	non-nominal-pos:NEG:نفي
4:25:37	فَإِنْ	conj	معطوف	tabi-non-nominal:COND:معطوف
4:25:52	وَأَن	root	root	non-nominal-pos:SUB:root
4:27:3	أَن	Obj	مفعول به	non-nominal-pos:SUB:مفعول به
4:27:10	أَن	Obj	مفعول به	non-nominal-pos:SUB:مفعول به
4:28:3	أَن	Obj	مفعول به	non-nominal-pos:SUB:مفعول به
4:29:4	لَا	root	root	non-nominal-pos:PRO:root
4:29:9	إِلَّآ	exp	مستثني	non-nominal-pos:EXP:مستثني
4:29:10	أَن	root	root	non-nominal-pos:SUB:root
4:29:16	وَلَا	conj	معطوف	tabi-non-nominal:PRO:معطوف
4:30:1	وَمَن	root	root	non-nominal-pos:COND:root
4:30:6	فَسَوْفَ	fut	استقبال	non-nominal-pos:FUT:استقبال
4:31:1	إِن	root	root	non-nominal-pos:COND:root
4:32:1	وَلَا	root	root	non-nominal-pos:PRO:root
4:33:8	وَٱلَّذِينَ	conj	معطوف	tabi-non-nominal:COND:معطوف
4:34:5	بِمَا	gen	مجرور	non-nominal-pos:SUB:مجرور
4:34:11	وَبِمَآ	gen	مجرور	non-nominal-pos:SUB:مجرور
4:34:22	وَٱلَّٰتِى	root	root	non-nominal-pos:COND:root
4:34:30	فَإِنْ	root	root	non-nominal-pos:COND:root
4:34:32	فَلَا	rslt	جواب الشرط	non-nominal-pos:PRO:جواب الشرط
4:35:1	وَإِنْ	root	root	non-nominal-pos:COND:root
4:35:12	إِن	root	root	non-nominal-pos:COND:root
4:36:3	وَلَا	root	root	non-nominal-pos:PRO:root
4:36:27	لَا	pred<<in>>	خبر إن	non-nominal-pos:NEG:خبر إن
4:38:6	وَلَا	root	root	non-nominal-pos:NEG:root
4:38:9	وَلَا	emph	توكيد	tabi-non-nominal:NEG:توكيد
4:38:12	وَمَن	root	root	non-nominal-pos:COND:root
4:39:1	وَمَاذَا	root	root	non-nominal-pos:INTG:root
4:39:3	لَوْ	root	root	non-nominal-pos:COND:root
4:40:3	لَا	pred<<in>>	خبر إن	non-nominal-pos:NEG:خبر إن
4:40:7	وَإِن	root	root	non-nominal-pos:COND:root
4:41:1	فَكَيْفَ	root	root	non-nominal-pos:INTG:root
4:41:2	إِذَا	intg	استفهام	no-case:استفهام:T
4:42:1	يَوْمَئِذٍ	link	متعلق	no-case:متعلق:T
4:42:7	لَوْ	Obj	مفعول به	non-nominal-pos:SUB:مفعول به
4:42:11	وَلَا	root	root	non-nominal-pos:NEG:root
4:42:14	حَدِيثًا	Obj	فاعل	case-conflict:فاعل
4:43:4	لَا	root	root	non-nominal-pos:PRO:root
4:43:13	وَلَا	root	root	non-nominal-pos:NEG:root
4:43:15	إِلَّا	root	root	non-nominal-pos:EXP:root
4:43:20	وَإِن	root	root	non-nominal-pos:COND:root
4:43:35	فَلَمْ	root	root	non-nominal-pos:NEG:root
4:44:1	أَلَمْ	intg	استفهام	non-nominal-pos:NEG:استفهام
4:44:12	أَن	Obj	مفعول به	non-nominal-pos:SUB:مفعول به
4:46:1	مِّنَ	Pred	خبر	prep-in-nominal-slot:خبر
4:46:20	وَلَوْ	root	root	non-nominal-pos:COND:root
4:46:31	وَلَٰكِن	root	root	non-nominal-pos:AMD:root
4:46:35	فَلَا	root	root	non-nominal-pos:NEG:root
4:46:37	إِلَّا	root	root	non-nominal-pos:EXP:root
4:47:13	أَن	Poss	مضاف إليه	non-nominal-pos:SUB:مضاف إليه
4:47:21	كَمَا	gen	مجرور	non-nominal-pos:SUB:مجرور
4:48:3	لَا	pred<<in>>	خبر إن	non-nominal-pos:NEG:خبر إن
4:48:5	أَن	Obj	مفعول به	non-nominal-pos:SUB:مفعول به
4:48:14	وَمَن	root	root	non-nominal-pos:COND:root
4:48:17	فَقَدِ	rslt	جواب الشرط	non-nominal-pos:CERT:جواب الشرط
4:49:1	أَلَمْ	intg	استفهام	non-nominal-pos:NEG:استفهام
4:49:7	بَلِ	root	root	non-nominal-pos:INC:root
4:49:12	وَلَا	root	root	non-nominal-pos:NEG:root
4:50:2	كَيْفَ	circ	حال	non-nominal-pos:INTG:حال
4:51:1	أَلَمْ	intg	استفهام	non-nominal-pos:NEG:استفهام
4:52:5	وَمَن	root	root	non-nominal-pos:COND:root
4:52:8	فَلَن	rslt	جواب الشرط	non-nominal-pos:NEG:جواب الشرط
4:53:6	فَإِذًا	root	root	non-nominal-pos:ANS:root
4:53:7	لَّا	ans	جواب	non-nominal-pos:NEG:جواب
4:54:10	فَقَدْ	root	root	non-nominal-pos:CERT:root
4:56:5	سَوْفَ	fut	استقبال	non-nominal-pos:FUT:استقبال
4:58:4	أَن	Obj	مفعول به	non-nominal-pos:SUB:مفعول به
4:58:13	أَن	Obj	مفعول به	non-nominal-pos:SUB:مفعول به
4:59:11	فَإِن	root	root	non-nominal-pos:COND:root
4:59:19	إِن	root	root	non-nominal-pos:COND:root
4:60:1	أَلَمْ	intg	استفهام	non-nominal-pos:NEG:استفهام
4:60:16	أَن	Obj	مفعول به	non-nominal-pos:SUB:مفعول به
4:60:20	وَقَدْ	root	root	non-nominal-pos:CERT:root
4:60:22	أَن	link	متعلق	non-nominal-pos:SUB:متعلق
4:60:27	أَن	Obj	مفعول به	non-nominal-pos:SUB:مفعول به
4:62:1	فَكَيْفَ	root	root	non-nominal-pos:INTG:root
4:62:2	إِذَآ	intg	استفهام	no-case:استفهام:T
4:62:12	إِنْ	root	root	non-nominal-pos:NEG:root
4:62:14	إِلَّآ	res	حصر	non-nominal-pos:RES:حصر
4:64:1	وَمَآ	root	root	non-nominal-pos:NEG:root
4:64:5	إِلَّا	exp	مستثني	non-nominal-pos:EXP:مستثني
4:64:9	وَلَوْ	root	root	non-nominal-pos:COND:root
4:65:1	فَلَا	root	root	non-nominal-pos:NEG:root
4:65:3	لَا	root	root	non-nominal-pos:NEG:root
4:65:11	لَا	root	root	non-nominal-pos:NEG:root
4:66:1	وَلَوْ	root	root	non-nominal-pos:COND:root
4:66:5	أَنِ	Obj	مفعول به	non-nominal-pos:INT:مفعول به
4:66:12	مَّا	rslt	جواب الشرط	non-nominal-pos:NEG:جواب الشرط
4:66:14	إِلَّا	res	حصر	non-nominal-pos:RES:حصر
4:66:17	وَلَوْ	root	root	non-nominal-pos:COND:root
4:67:1	وَإِذًا	root	root	non-nominal-pos:ANS:root
4:69:1	وَمَن	root	root	non-nominal-pos:COND:root
4:69:5	فَأُو۟لَٰٓئِكَ	rslt	جواب الشرط	no-case:جواب الشرط:DEM
4:72:5	فَإِنْ	root	root	non-nominal-pos:COND:root
4:72:9	قَدْ	Obj	مفعول به	non-nominal-pos:CERT:مفعول به
4:72:13	إِذْ	link	متعلق	no-case:متعلق:T
4:72:14	لَمْ	root	root	non-nominal-pos:NEG:root
4:73:1	وَلَئِنْ	root	root	non-nominal-pos:COND:root
4:73:7	كَأَن	gen	مجرور	non-nominal-pos:SUB:مجرور
4:73:8	لَّمْ	sub	صلة	non-nominal-pos:NEG:صلة
4:74:10	وَمَن	root	root	non-nominal-pos:COND:root
4:74:18	فَسَوْفَ	fut	استقبال	non-nominal-pos:FUT:استقبال
4:75:1	وَمَا	root	root	non-nominal-pos:INTG:root
4:75:3	لَا	root	root	non-nominal-pos:NEG:root
4:77:1	أَلَمْ	intg	استفهام	non-nominal-pos:NEG:استفهام
4:77:17	إِذَا	rslt	جواب الشرط	non-nominal-pos:SUR:جواب الشرط
4:77:29	لِمَ	gen	مجرور	non-nominal-pos:INTG:مجرور
4:77:33	لَوْلَآ	root	root	non-nominal-pos:EXH:root
4:77:39	مَتَٰعُ	Obj	مفعول به	case-conflict:مفعول به
4:77:46	وَلَا	root	root	non-nominal-pos:PRO:root
4:78:1	أَيْنَمَا	root	root	non-nominal-pos:COND:root
4:78:4	ٱلْمَوْتُ	Subj	مفعول به	case-conflict:مفعول به
4:78:5	وَلَوْ	root	root	non-nominal-pos:COND:root
4:78:10	وَإِن	root	root	non-nominal-pos:COND:root
4:78:18	وَإِن	conj	معطوف	tabi-non-nominal:COND:معطوف
4:78:26	كُلٌّ	Obj	مفعول به	case-conflict:مفعول به
4:78:30	فَمَالِ	root	root	non-nominal-pos:INTG:root
4:78:33	لَا	root	root	non-nominal-pos:NEG:root
4:78:36	حَدِيثًا	Obj	فاعل	case-conflict:فاعل
4:79:1	مَّآ	root	root	non-nominal-pos:COND:root
4:79:7	وَمَآ	conj	معطوف	tabi-non-nominal:COND:معطوف
4:80:1	مَّن	root	root	non-nominal-pos:COND:root
4:80:4	فَقَدْ	rslt	جواب الشرط	non-nominal-pos:CERT:جواب الشرط
4:80:7	وَمَن	root	root	non-nominal-pos:COND:root
4:80:9	فَمَآ	rslt	جواب الشرط	non-nominal-pos:NEG:جواب الشرط
4:82:1	أَفَلَا	intg	استفهام	non-nominal-pos:NEG:استفهام
4:82:4	وَلَوْ	root	root	non-nominal-pos:COND:root
4:83:10	وَلَوْ	root	root	non-nominal-pos:COND:root
4:83:14	وَإِلَىٰٓ	conj	معطوف	tabi-non-nominal:P:معطوف
4:83:22	وَلَوْلَا	root	root	non-nominal-pos:COND:root
4:83:29	إِلَّا	root	root	non-nominal-pos:EXP:root
4:84:5	لَا	root	root	non-nominal-pos:NEG:root
4:84:7	إِلَّا	root	root	non-nominal-pos:EXP:root
4:84:13	أَن	pred <<easaa>>	خبر عسى	non-nominal-pos:SUB:خبر عسى
4:85:1	مَّن	root	root	non-nominal-pos:COND:root
4:85:9	وَمَن	conj	معطوف	tabi-non-nominal:COND:معطوف
4:87:2	لَآ	Pred	خبر	non-nominal-pos:NEG:خبر
4:87:4	إِلَّا	exp	مستثني	non-nominal-pos:EXP:مستثني
4:87:10	لَا	circ	حال	non-nominal-pos:NEG:حال
4:88:1	فَمَا	root	root	non-nominal-pos:INTG:root
4:88:6	وَٱللَّهُ	circ	حال	case-conflict:حال
4:88:11	أَن	Obj	مفعول به	non-nominal-pos:SUB:مفعول به
4:88:16	وَمَن	root	root	non-nominal-pos:COND:root
4:88:19	فَلَن	rslt	جواب الشرط	non-nominal-pos:NEG:جواب الشرط
4:89:2	لَوْ	Obj	مفعول به	non-nominal-pos:SUB:مفعول به
4:89:4	كَمَا	gen	مجرور	non-nominal-pos:SUB:مجرور
4:89:8	فَلَا	root	root	non-nominal-pos:PRO:root
4:89:17	فَإِن	root	root	non-nominal-pos:COND:root
4:89:21	حَيْثُ	link	متعلق	no-case:متعلق:LOC
4:89:23	وَلَا	root	root	non-nominal-pos:PRO:root
4:89:27	وَلَا	emph	توكيد	tabi-non-nominal:NEG:توكيد
4:90:1	إِلَّا	root	root	non-nominal-pos:EXP:root
4:90:13	أَن	link	متعلق	non-nominal-pos:SUB:متعلق
4:90:18	وَلَوْ	root	root	non-nominal-pos:COND:root
4:90:24	فَإِنِ	root	root	non-nominal-pos:COND:root
4:90:26	فَلَمْ	conj	معطوف	tabi-non-nominal:NEG:معطوف
4:90:31	فَمَا	rslt	جواب الشرط	non-nominal-pos:NEG:جواب الشرط
4:91:4	أَن	Obj	مفعول به	non-nominal-pos:SUB:مفعول به
4:91:8	كُلَّ	root	root	case-conflict:root
4:91:9	مَا	Poss	مضاف إليه	non-nominal-pos:SUB:مضاف إليه
4:91:15	فَإِن	root	root	non-nominal-pos:COND:root
4:91:16	لَّمْ	cond	شرط	non-nominal-pos:NEG:شرط
4:91:25	حَيْثُ	link	متعلق	no-case:متعلق:LOC
4:92:1	وَمَا	root	root	non-nominal-pos:NEG:root
4:92:4	أَن	subj <<kan>>	اسم كان	non-nominal-pos:SUB:اسم كان
4:92:7	إِلَّا	root	root	non-nominal-pos:EXP:root
4:92:9	وَمَن	root	root	non-nominal-pos:COND:root
4:92:20	إِلَّآ	exp	مستثني	non-nominal-pos:EXP:مستثني
4:92:21	أَن	root	root	non-nominal-pos:SUB:root
4:92:23	فَإِن	root	root	non-nominal-pos:COND:root
4:92:34	وَإِن	root	root	non-nominal-pos:COND:root
4:92:48	فَمَن	root	root	non-nominal-pos:COND:root
4:92:49	لَّمْ	cond	شرط	non-nominal-pos:NEG:شرط
4:93:1	وَمَن	root	root	non-nominal-pos:COND:root
4:94:10	وَلَا	root	root	non-nominal-pos:PRO:root
4:95:1	لَّا	root	root	non-nominal-pos:NEG:root
4:97:4	ٱلْمَلَٰٓئِكَةُ	Subj	مفعول به	case-conflict:مفعول به
4:97:16	أَلَمْ	intg	استفهام	non-nominal-pos:NEG:استفهام
4:98:1	إِلَّا	root	root	non-nominal-pos:EXP:root
4:98:7	لَا	Adj	صفة	tabi-non-nominal:NEG:صفة
4:98:10	وَلَا	conj	معطوف	tabi-non-nominal:NEG:معطوف
4:99:4	أَن	pred <<easaa>>	خبر عسى	non-nominal-pos:SUB:خبر عسى
4:100:1	وَمَن	root	root	non-nominal-pos:COND:root
4:100:12	وَمَن	conj	معطوف	tabi-non-nominal:COND:معطوف
4:100:22	ٱلْمَوْتُ	Subj	مفعول به	case-conflict:مفعول به
4:100:23	فَقَدْ	rslt	جواب الشرط	non-nominal-pos:CERT:جواب الشرط
4:101:8	أَن	link	متعلق	non-nominal-pos:SUB:متعلق
4:101:12	إِنْ	root	root	non-nominal-pos:COND:root
4:101:14	أَن	Obj	مفعول به	non-nominal-pos:SUB:مفعول به
4:102:21	لَمْ	Adj	صفة	tabi-non-nominal:NEG:صفة
4:102:31	لَوْ	Obj	مفعول به	non-nominal-pos:SUB:مفعول به
4:102:40	وَلَا	root	root	non-nominal-pos:NEG:root
4:102:43	إِن	root	root	non-nominal-pos:COND:root
4:102:52	أَن	link	متعلق	non-nominal-pos:SUB:متعلق
4:104:1	وَلَا	root	root	non-nominal-pos:PRO:root
4:104:6	إِن	root	root	non-nominal-pos:COND:root
4:104:11	كَمَا	gen	مجرور	non-nominal-pos:SUB:مجرور
4:104:17	لَا	sub	صلة	non-nominal-pos:NEG:صلة
4:105:12	وَلَا	root	root	non-nominal-pos:NEG:root
4:107:1	وَلَا	root	root	non-nominal-pos:NEG:root
4:107:9	لَا	pred<<in>>	خبر إن	non-nominal-pos:NEG:خبر إن
4:108:4	وَلَا	root	root	non-nominal-pos:NEG:root
4:108:13	لَا	sub	صلة	non-nominal-pos:NEG:صلة
4:109:1	هَٰٓأَنتُمْ	voc	منادى	no-case:منادى:PRON
4:109:8	فَمَن	root	root	non-nominal-pos:INTG:root
4:109:15	مَّن	root	root	non-nominal-pos:INTG:root
4:110:1	وَمَن	root	root	non-nominal-pos:COND:root
4:111:1	وَمَن	root	root	non-nominal-pos:COND:root
4:112:1	وَمَن	root	root	non-nominal-pos:COND:root
4:112:10	فَقَدِ	rslt	جواب الشرط	non-nominal-pos:CERT:جواب الشرط
4:113:1	وَلَوْلَا	root	root	non-nominal-pos:COND:root
4:113:9	أَن	link	متعلق	non-nominal-pos:SUB:متعلق
4:113:11	وَمَا	root	root	non-nominal-pos:NEG:root
4:113:13	إِلَّآ	res	حصر	non-nominal-pos:RES:حصر
4:113:15	وَمَا	root	root	non-nominal-pos:NEG:root
4:113:26	لَمْ	sub	صلة	non-nominal-pos:NEG:صلة
4:114:1	لَّا	root	root	non-nominal-pos:NEG:root
4:114:7	إِلَّا	exp	مستثني	non-nominal-pos:EXP:مستثني
4:114:17	وَمَن	root	root	non-nominal-pos:COND:root
4:114:23	فَسَوْفَ	fut	استقبال	non-nominal-pos:FUT:استقبال
4:115:1	وَمَن	root	root	non-nominal-pos:COND:root
4:116:3	لَا	pred<<in>>	خبر إن	non-nominal-pos:NEG:خبر إن
4:116:5	أَن	Obj	مفعول به	non-nominal-pos:SUB:مفعول به
4:116:14	وَمَن	root	root	non-nominal-pos:COND:root
4:116:17	فَقَدْ	rslt	جواب الشرط	non-nominal-pos:CERT:جواب الشرط
4:117:1	إِن	root	root	non-nominal-pos:NEG:root
4:117:5	إِلَّآ	res	حصر	non-nominal-pos:RES:حصر
4:117:7	وَإِن	conj	معطوف	tabi-non-nominal:NEG:معطوف
4:117:9	إِلَّا	res	حصر	non-nominal-pos:RES:حصر
4:119:11	وَمَن	root	root	non-nominal-pos:COND:root
4:119:18	فَقَدْ	rslt	جواب الشرط	non-nominal-pos:CERT:جواب الشرط
4:120:3	وَمَا	root	root	non-nominal-pos:NEG:root
4:120:6	إِلَّا	res	حصر	non-nominal-pos:RES:حصر
4:121:4	وَلَا	root	root	non-nominal-pos:NEG:root
4:122:17	وَمَنْ	root	root	non-nominal-pos:INTG:root
4:123:3	وَلَآ	emph	توكيد	tabi-non-nominal:NEG:توكيد
4:123:7	مَن	root	root	non-nominal-pos:COND:root
4:123:12	وَلَا	root	root	non-nominal-pos:NEG:root
4:123:19	وَلَا	emph	توكيد	tabi-non-nominal:NEG:توكيد
4:124:1	وَمَن	root	root	non-nominal-pos:COND:root
4:124:11	فَأُو۟لَٰٓئِكَ	rslt	جواب الشرط	no-case:جواب الشرط:DEM
4:124:14	وَلَا	root	root	non-nominal-pos:NEG:root
4:125:1	وَمَنْ	root	root	non-nominal-pos:INTG:root
4:127:5	ٱللَّهُ	Obj	مفعول به	case-conflict:مفعول به
4:127:17	لَا	sub	صلة	non-nominal-pos:NEG:صلة
4:127:23	أَن	Obj	مفعول به	non-nominal-pos:SUB:مفعول به
4:127:28	وَأَن	root	root	non-nominal-pos:SUB:root
4:127:32	وَمَا	root	root	non-nominal-pos:COND:root
4:128:1	وَإِنِ	root	root	non-nominal-pos:COND:root
4:128:9	فَلَا	rslt	جواب الشرط	non-nominal-pos:NEG:جواب الشرط
4:128:12	أَن	link	متعلق	non-nominal-pos:SUB:متعلق
4:128:21	وَإِن	root	root	non-nominal-pos:COND:root
4:129:1	وَلَن	root	root	non-nominal-pos:NEG:root
4:129:3	أَن	Obj	مفعول به	non-nominal-pos:SUB:مفعول به
4:129:7	وَلَوْ	root	root	non-nominal-pos:COND:root
4:129:9	فَلَا	rslt	جواب الشرط	non-nominal-pos:PRO:جواب الشرط
4:129:15	وَإِن	root	root	non-nominal-pos:COND:root
4:130:1	وَإِن	root	root	non-nominal-pos:COND:root
4:131:8	وَلَقَدْ	root	root	non-nominal-pos:CERT:root
4:131:16	أَنِ	Obj	مفعول به	non-nominal-pos:INT:مفعول به
4:131:19	وَإِن	root	root	non-nominal-pos:COND:root
4:133:1	إِن	root	root	non-nominal-pos:COND:root
4:134:1	مَّن	root	root	non-nominal-pos:COND:root
4:135:9	وَلَوْ	root	root	non-nominal-pos:COND:root
4:135:15	إِن	root	root	non-nominal-pos:COND:root
4:135:23	فَلَا	root	root	non-nominal-pos:PRO:root
4:135:26	أَن	link	متعلق	non-nominal-pos:SUB:متعلق
4:135:28	وَإِن	root	root	non-nominal-pos:COND:root
4:136:17	وَمَن	root	root	non-nominal-pos:COND:root
4:136:25	فَقَدْ	rslt	جواب الشرط	non-nominal-pos:CERT:جواب الشرط
4:137:13	لَّمْ	pred<<in>>	خبر إن	non-nominal-pos:NEG:خبر إن
4:137:18	وَلَا	emph	توكيد	tabi-non-nominal:NEG:توكيد
4:140:1	وَقَدْ	root	root	non-nominal-pos:CERT:root
4:140:6	أَنْ	Subj	فاعل	non-nominal-pos:SUB:فاعل
4:140:7	إِذَا	sub	صلة	no-case:صلة:T
4:140:15	فَلَا	rslt	جواب الشرط	non-nominal-pos:PRO:جواب الشرط
4:140:24	إِذًا	-	-	absent-from-treebank:ANS
4:141:4	فَإِن	root	root	non-nominal-pos:COND:root
4:141:11	أَلَمْ	intg	استفهام	non-nominal-pos:NEG:استفهام
4:141:14	وَإِن	conj	معطوف	tabi-non-nominal:COND:معطوف
4:141:19	أَلَمْ	intg	استفهام	non-nominal-pos:NEG:استفهام
4:141:30	وَلَن	root	root	non-nominal-pos:NEG:root
4:142:15	وَلَا	root	root	non-nominal-pos:NEG:root
4:142:18	إِلَّا	root	root	non-nominal-pos:EXP:root
4:143:4	لَآ	root	root	non-nominal-pos:NEG:root
4:143:7	وَلَآ	root	root	non-nominal-pos:NEG:root
4:143:10	وَمَن	root	root	non-nominal-pos:COND:root
4:143:13	فَلَن	rslt	جواب الشرط	non-nominal-pos:NEG:جواب الشرط
4:144:4	لَا	root	root	non-nominal-pos:PRO:root
4:144:12	أَن	Obj	مفعول به	non-nominal-pos:SUB:مفعول به
4:145:8	وَلَن	root	root	non-nominal-pos:NEG:root
4:146:1	إِلَّا	root	root	non-nominal-pos:EXP:root
4:146:13	وَسَوْفَ	fut	استقبال	non-nominal-pos:FUT:استقبال
4:147:1	مَّا	Obj	مفعول به	non-nominal-pos:INTG:مفعول به
4:147:5	إِن	root	root	non-nominal-pos:COND:root
4:148:1	لَّا	root	root	non-nominal-pos:NEG:root
4:148:8	إِلَّا	root	root	non-nominal-pos:EXP:root
4:149:1	إِن	root	root	non-nominal-pos:COND:root
4:150:7	أَن	Obj	مفعول به	non-nominal-pos:SUB:مفعول به
4:150:18	أَن	Obj	مفعول به	non-nominal-pos:SUB:مفعول به
4:152:5	وَلَمْ	root	root	non-nominal-pos:NEG:root
4:152:11	سَوْفَ	fut	استقبال	non-nominal-pos:FUT:استقبال
4:153:4	أَن	Obj	مفعول به	non-nominal-pos:SUB:مفعول به
4:153:10	فَقَدْ	root	root	non-nominal-pos:CERT:root
4:153:30	ٱلْبَيِّنَٰتُ	Subj	مفعول به	case-conflict:مفعول به
4:154:12	لَا	Obj	مفعول به	non-nominal-pos:PRO:مفعول به
4:155:1	فَبِمَا	sup	زائد	non-nominal-pos:SUP:زائد
4:155:12	قُلُوبُنَا	Obj	مفعول به	case-conflict:مفعول به
4:155:14	بَلْ	root	root	non-nominal-pos:RET:root
4:155:19	فَلَا	root	root	non-nominal-pos:NEG:root
4:155:21	إِلَّا	res	حصر	non-nominal-pos:RES:حصر
4:157:10	وَمَا	root	root	non-nominal-pos:NEG:root
4:157:12	وَمَا	conj	معطوف	tabi-non-nominal:NEG:معطوف
4:157:14	وَلَٰكِن	root	root	non-nominal-pos:AMD:root
4:157:24	مَا	root	root	non-nominal-pos:NEG:root
4:157:29	إِلَّا	root	root	non-nominal-pos:EXP:root
4:157:32	وَمَا	root	root	non-nominal-pos:NEG:root
4:158:1	بَل	root	root	non-nominal-pos:RET:root
4:159:1	وَإِن	root	root	non-nominal-pos:NEG:root
4:159:5	إِلَّا	res	حصر	non-nominal-pos:RES:حصر
4:161:3	وَقَدْ	root	root	non-nominal-pos:CERT:root
4:162:1	لَّٰكِنِ	root	root	non-nominal-pos:AMD:root
4:163:4	كَمَآ	gen	مجرور	non-nominal-pos:SUB:مجرور
4:164:2	قَدْ	Adj	صفة	tabi-non-nominal:CERT:صفة
4:164:8	لَّمْ	Adj	صفة	tabi-non-nominal:NEG:صفة
4:165:4	لِئَلَّا	sub	صلة	non-nominal-pos:NEG:صلة
4:166:1	لَّٰكِنِ	root	root	non-nominal-pos:AMD:root
4:167:8	قَدْ	pred<<in>>	خبر إن	non-nominal-pos:CERT:خبر إن
4:168:5	لَمْ	pred<<in>>	خبر إن	non-nominal-pos:NEG:خبر إن
4:168:10	وَلَا	emph	توكيد	tabi-non-nominal:NEG:توكيد
4:169:1	إِلَّا	root	root	non-nominal-pos:EXP:root
4:170:3	قَدْ	root	root	non-nominal-pos:CERT:root
4:170:5	ٱلرَّسُولُ	Subj	مفعول به	case-conflict:مفعول به
4:170:12	وَإِن	root	root	non-nominal-pos:COND:root
4:171:3	لَا	root	root	non-nominal-pos:PRO:root
4:171:7	وَلَا	conj	معطوف	tabi-non-nominal:PRO:معطوف
4:171:11	إِلَّا	res	حصر	non-nominal-pos:RES:حصر
4:171:29	وَلَا	root	root	non-nominal-pos:PRO:root
4:171:39	سُبْحَٰنَهُۥٓ	cog	فاعل	case-conflict:فاعل
4:171:40	أَن	link	متعلق	non-nominal-pos:SUB:متعلق
4:172:1	لَّن	root	root	non-nominal-pos:NEG:root
4:172:4	أَن	Obj	مفعول به	non-nominal-pos:SUB:مفعول به
4:172:8	وَلَا	emph	توكيد	tabi-non-nominal:NEG:توكيد
4:172:11	وَمَن	root	root	non-nominal-pos:COND:root
4:173:1	فَأَمَّا	root	root	non-nominal-pos:EXL:root
4:173:2	ٱلَّذِينَ	exl	تفصيل	non-nominal-pos:COND:تفصيل
4:173:11	وَأَمَّا	conj	معطوف	tabi-non-nominal:EXL:معطوف
4:173:12	ٱلَّذِينَ	exl	تفصيل	non-nominal-pos:COND:تفصيل
4:173:18	وَلَا	root	root	non-nominal-pos:NEG:root
4:173:25	وَلَا	emph	توكيد	tabi-non-nominal:NEG:توكيد
4:174:3	قَدْ	root	root	non-nominal-pos:CERT:root
4:175:1	فَأَمَّا	root	root	non-nominal-pos:EXL:root
4:175:2	ٱلَّذِينَ	exl	تفصيل	non-nominal-pos:COND:تفصيل
4:176:3	ٱللَّهُ	Obj	مفعول به	case-conflict:مفعول به
4:176:7	إِنِ	root	root	non-nominal-pos:COND:root
4:176:21	إِن	root	root	non-nominal-pos:COND:root
4:176:22	لَّمْ	cond	شرط	non-nominal-pos:NEG:شرط
4:176:26	فَإِن	root	root	non-nominal-pos:COND:root
4:176:33	وَإِن	root	root	non-nominal-pos:COND:root
4:176:45	أَن	prp	المفعول لأجله	non-nominal-pos:SUB:المفعول لأجله
5:1:10	إِلَّا	exp	مستثني	non-nominal-pos:EXP:مستثني
5:2:4	لَا	root	root	non-nominal-pos:PRO:root
5:2:8	وَلَا	emph	توكيد	tabi-non-nominal:NEG:توكيد
5:2:11	وَلَا	emph	توكيد	tabi-non-nominal:NEG:توكيد
5:2:13	وَلَا	emph	توكيد	tabi-non-nominal:NEG:توكيد
5:2:15	وَلَآ	emph	توكيد	tabi-non-nominal:NEG:توكيد
5:2:17	ٱلْبَيْتَ	Obj	مضاف إليه	case-conflict:مضاف إليه
5:2:27	وَلَا	conj	معطوف	tabi-non-nominal:PRO:معطوف
5:2:31	أَن	App	بدل	tabi-non-nominal:SUB:بدل
5:2:36	أَن	Obj	مفعول به	non-nominal-pos:SUB:مفعول به
5:2:42	وَلَا	root	root	non-nominal-pos:PRO:root
5:3:19	إِلَّا	exp	مستثني	non-nominal-pos:EXP:مستثني
5:3:26	وَأَن	conj	معطوف	tabi-non-nominal:SUB:معطوف
5:3:37	فَلَا	root	root	non-nominal-pos:PRO:root
5:3:51	فَمَنِ	root	root	non-nominal-pos:COND:root
5:4:2	مَاذَآ	Obj	مفعول به	non-nominal-pos:INTG:مفعول به
5:5:30	وَلَا	emph	توكيد	tabi-non-nominal:NEG:توكيد
5:5:33	وَمَن	root	root	non-nominal-pos:COND:root
5:5:36	فَقَدْ	rslt	جواب الشرط	non-nominal-pos:CERT:جواب الشرط
5:6:18	وَإِن	root	root	non-nominal-pos:COND:root
5:6:22	وَإِن	conj	معطوف	tabi-non-nominal:COND:معطوف
5:6:37	فَلَمْ	root	root	non-nominal-pos:NEG:root
5:6:47	مَا	root	root	non-nominal-pos:NEG:root
5:6:54	وَلَٰكِن	root	root	non-nominal-pos:AMD:root
5:7:9	إِذْ	link	متعلق	no-case:متعلق:T
5:8:9	وَلَا	root	root	non-nominal-pos:PRO:root
5:8:14	أَلَّا	gen	مجرور	non-nominal-pos:SUB:مجرور
5:11:8	إِذْ	link	متعلق	no-case:متعلق:T
5:11:11	أَن	Obj	مفعول به	non-nominal-pos:SUB:مفعول به
5:12:1	وَلَقَدْ	root	root	non-nominal-pos:CERT:root
5:12:16	لَئِنْ	root	root	non-nominal-pos:COND:root
5:12:37	فَمَن	root	root	non-nominal-pos:COND:root
5:12:42	فَقَدْ	rslt	جواب الشرط	non-nominal-pos:CERT:جواب الشرط
5:13:1	فَبِمَا	sup	زائد	non-nominal-pos:SUP:زائد
5:13:17	وَلَا	root	root	non-nominal-pos:NEG:root
5:13:23	إِلَّا	root	root	non-nominal-pos:EXP:root
5:14:20	وَسَوْفَ	fut	استقبال	non-nominal-pos:FUT:استقبال
5:15:3	قَدْ	root	root	non-nominal-pos:CERT:root
5:15:5	رَسُولُنَا	Subj	مفعول به	case-conflict:مفعول به
5:15:17	قَدْ	root	root	non-nominal-pos:CERT:root
5:17:1	لَّقَدْ	root	root	non-nominal-pos:CERT:root
5:17:12	فَمَن	Obj	مفعول به	non-nominal-pos:INTG:مفعول به
5:17:17	إِنْ	root	root	non-nominal-pos:COND:root
5:17:19	أَن	Obj	مفعول به	non-nominal-pos:SUB:مفعول به
5:18:9	فَلِمَ	gen	مجرور	non-nominal-pos:INTG:مجرور
5:18:12	بَلْ	root	root	non-nominal-pos:INC:root
5:18:13	أَنتُم	inc	ابتداء	no-case:ابتداء:PRON
5:19:3	قَدْ	root	root	non-nominal-pos:CERT:root
5:19:5	رَسُولُنَا	Subj	مفعول به	case-conflict:مفعول به
5:19:12	أَن	root	root	non-nominal-pos:SUB:root
5:19:14	مَا	Obj	مفعول به	non-nominal-pos:NEG:مفعول به
5:19:18	وَلَا	emph	توكيد	tabi-non-nominal:NEG:توكيد
5:19:20	فَقَدْ	root	root	non-nominal-pos:CERT:root
5:20:1	وَإِذْ	link	متعلق	no-case:متعلق:T
5:20:10	إِذْ	link	متعلق	no-case:متعلق:T
5:20:18	لَمْ	sub	صلة	non-nominal-pos:NEG:صلة
5:21:9	وَلَا	root	root	non-nominal-pos:PRO:root
5:22:7	وَإِنَّا	conj	معطوف	tabi-non-nominal:ACC:معطوف
5:22:8	لَن	pred<<in>>	خبر إن	non-nominal-pos:NEG:خبر إن
5:22:13	فَإِن	root	root	non-nominal-pos:COND:root
5:23:19	إِن	root	root	non-nominal-pos:COND:root
5:24:4	لَن	pred<<in>>	خبر إن	non-nominal-pos:NEG:خبر إن
5:24:7	مَّا	link	متعلق	non-nominal-pos:SUB:متعلق
5:24:15	هَٰهُنَا	voc	منادى	no-case:منادى:DEM
5:25:4	لَآ	pred<<in>>	خبر إن	non-nominal-pos:NEG:خبر إن
5:25:6	إِلَّا	root	root	non-nominal-pos:EXP:root
5:26:10	فَلَا	root	root	non-nominal-pos:NEG:root
5:27:7	إِذْ	link	متعلق	no-case:متعلق:T
5:27:13	وَلَمْ	conj	معطوف	tabi-non-nominal:NEG:معطوف
5:28:1	لَئِنۢ	root	root	non-nominal-pos:COND:root
5:28:6	مَآ	rslt	جواب الشرط	non-nominal-pos:NEG:جواب الشرط
5:28:7	أَنَا۠	neg	نفي	no-case:نفي:PRON
5:29:3	أَن	Obj	مفعول به	non-nominal-pos:SUB:مفعول به
5:31:15	أَنْ	link	متعلق	non-nominal-pos:SUB:متعلق
5:32:9	مَن	pred<<an>>	خبر أن	non-nominal-pos:COND:خبر أن
5:32:22	وَمَنْ	conj	معطوف	tabi-non-nominal:COND:معطوف
5:32:28	وَلَقَدْ	root	root	non-nominal-pos:CERT:root
5:32:30	رُسُلُنَا	Subj	مفعول به	case-conflict:مفعول به
5:33:11	أَن	Pred	خبر	non-nominal-pos:SUB:خبر
5:33:19	مِّنْ	circ	حال	prep-in-nominal-slot:حال
5:34:1	إِلَّا	root	root	non-nominal-pos:EXP:root
5:34:6	أَن	Poss	مضاف إليه	non-nominal-pos:SUB:مضاف إليه
5:36:4	لَوْ	pred<<in>>	خبر إن	non-nominal-pos:COND:خبر إن
5:36:19	مَا	rslt	جواب الشرط	non-nominal-pos:NEG:جواب الشرط
5:37:2	أَن	Obj	مفعول به	non-nominal-pos:SUB:مفعول به
5:37:6	وَمَا	root	root	non-nominal-pos:NEG:root
5:39:1	فَمَن	root	root	non-nominal-pos:COND:root
5:40:1	أَلَمْ	intg	استفهام	non-nominal-pos:NEG:استفهام
5:41:3	لَا	root	root	non-nominal-pos:PRO:root
5:41:14	وَلَمْ	root	root	non-nominal-pos:NEG:root
5:41:17	وَمِنَ	conj	معطوف	tabi-non-nominal:P:معطوف
5:41:25	لَمْ	Adj	صفة	tabi-non-nominal:NEG:صفة
5:41:33	إِنْ	Obj	مفعول به	non-nominal-pos:COND:مفعول به
5:41:37	وَإِن	conj	معطوف	tabi-non-nominal:COND:معطوف
5:41:38	لَّمْ	cond	شرط	non-nominal-pos:NEG:شرط
5:41:41	وَمَن	root	root	non-nominal-pos:COND:root
5:41:45	فَلَن	rslt	جواب الشرط	non-nominal-pos:NEG:جواب الشرط
5:41:53	لَمْ	sub	صلة	non-nominal-pos:NEG:صلة
5:41:56	أَن	Obj	مفعول به	non-nominal-pos:SUB:مفعول به
5:42:5	فَإِن	root	root	non-nominal-pos:COND:root
5:42:12	وَإِن	conj	معطوف	tabi-non-nominal:COND:معطوف
5:42:15	فَلَن	rslt	جواب الشرط	non-nominal-pos:NEG:جواب الشرط
5:42:18	وَإِنْ	conj	معطوف	tabi-non-nominal:COND:معطوف
5:43:1	وَكَيْفَ	circ	حال	non-nominal-pos:INTG:حال
5:43:4	ٱلتَّوْرَىٰةُ	Poss	مضاف إليه	case-conflict:مضاف إليه
5:43:6	حُكْمُ	circ	حال	case-conflict:حال
5:43:13	وَمَآ	root	root	non-nominal-pos:NEG:root
5:44:5	هُدًى	circ	حال	case-conflict:حال
5:44:24	فَلَا	root	root	non-nominal-pos:PRO:root
5:44:28	وَلَا	conj	معطوف	tabi-non-nominal:PRO:معطوف
5:44:33	وَمَن	root	root	non-nominal-pos:COND:root
5:44:34	لَّمْ	cond	شرط	non-nominal-pos:NEG:شرط
5:44:39	فَأُو۟لَٰٓئِكَ	rslt	جواب الشرط	no-case:جواب الشرط:DEM
5:45:17	فَمَن	root	root	non-nominal-pos:COND:root
5:45:20	فَهُوَ	rslt	جواب الشرط	no-case:جواب الشرط:PRON
5:45:23	وَمَن	conj	معطوف	tabi-non-nominal:COND:معطوف
5:45:24	لَّمْ	cond	شرط	non-nominal-pos:NEG:شرط
5:45:29	فَأُو۟لَٰٓئِكَ	rslt	جواب الشرط	no-case:جواب الشرط:DEM
5:46:16	هُدًى	circ	حال	case-conflict:حال
5:47:8	وَمَن	root	root	non-nominal-pos:COND:root
5:47:9	لَّمْ	cond	شرط	non-nominal-pos:NEG:شرط
5:47:14	فَأُو۟لَٰٓئِكَ	rslt	جواب الشرط	no-case:جواب الشرط:DEM
5:48:18	وَلَا	root	root	non-nominal-pos:PRO:root
5:48:30	وَلَوْ	root	root	non-nominal-pos:COND:root
5:48:36	وَلَٰكِن	root	root	non-nominal-pos:AMD:root
5:49:1	وَأَنِ	root	root	non-nominal-pos:SUB:root
5:49:7	وَلَا	root	root	non-nominal-pos:PRO:root
5:49:11	أَن	link	متعلق	non-nominal-pos:SUB:متعلق
5:49:19	فَإِن	root	root	non-nominal-pos:COND:root
5:49:25	أَن	Obj	مفعول به	non-nominal-pos:SUB:مفعول به
5:50:4	وَمَنْ	root	root	non-nominal-pos:INTG:root
5:51:4	لَا	root	root	non-nominal-pos:PRO:root
5:51:12	وَمَن	root	root	non-nominal-pos:COND:root
5:51:19	لَا	pred<<in>>	خبر إن	non-nominal-pos:NEG:خبر إن
5:52:10	أَن	Obj	مفعول به	non-nominal-pos:SUB:مفعول به
5:52:15	أَن	pred <<easaa>>	خبر عسى	non-nominal-pos:SUB:خبر عسى
5:53:4	أَهَٰٓؤُلَآءِ	intg	استفهام	no-case:استفهام:DEM
5:54:4	مَن	root	root	non-nominal-pos:COND:root
5:54:9	فَسَوْفَ	fut	استقبال	non-nominal-pos:FUT:استقبال
5:54:25	وَلَا	circ	حال	non-nominal-pos:NEG:حال
5:56:1	وَمَن	root	root	non-nominal-pos:COND:root
5:57:4	لَا	root	root	non-nominal-pos:PRO:root
5:57:21	إِن	root	root	non-nominal-pos:COND:root
5:58:11	لَّا	Adj	صفة	tabi-non-nominal:NEG:صفة
5:59:4	هَلْ	circ	حال	non-nominal-pos:INTG:حال
5:59:7	إِلَّآ	res	حصر	non-nominal-pos:RES:حصر
5:59:8	أَنْ	Obj	مفعول به	non-nominal-pos:SUB:مفعول به
5:60:2	هَلْ	Obj	مفعول به	non-nominal-pos:INTG:مفعول به
5:61:5	وَقَد	root	root	non-nominal-pos:CERT:root
5:61:9	قَدْ	Pred	خبر	non-nominal-pos:CERT:خبر
5:63:1	لَوْلَا	root	root	non-nominal-pos:EXH:root
5:63:3	ٱلرَّبَّٰنِيُّونَ	Subj	مفعول به	case-conflict:مفعول به
5:64:3	يَدُ	Obj	مفعول به	case-conflict:مفعول به
5:64:11	بَلْ	root	root	non-nominal-pos:RET:root
5:64:45	لَا	Pred	خبر	non-nominal-pos:NEG:خبر
5:65:1	وَلَوْ	root	root	non-nominal-pos:COND:root
5:66:1	وَلَوْ	root	root	non-nominal-pos:COND:root
5:66:14	وَمِن	conj	معطوف	tabi-non-nominal:P:معطوف
5:67:9	وَإِن	root	root	non-nominal-pos:COND:root
5:67:10	لَّمْ	cond	شرط	non-nominal-pos:NEG:شرط
5:67:12	فَمَا	rslt	جواب الشرط	non-nominal-pos:NEG:جواب الشرط
5:67:21	لَا	pred<<in>>	خبر إن	non-nominal-pos:NEG:خبر إن
5:68:26	فَلَا	root	root	non-nominal-pos:PRO:root
5:69:8	مَنْ	pred<<in>>	خبر إن	non-nominal-pos:COND:خبر إن
5:69:15	فَلَا	rslt	جواب الشرط	non-nominal-pos:NEG:جواب الشرط
5:69:18	وَلَا	conj	معطوف	tabi-non-nominal:NEG:معطوف
5:69:19	هُمْ	subj <<la>>	نفي	no-case:نفي:PRON
5:70:1	لَقَدْ	root	root	non-nominal-pos:CERT:root
5:70:13	لَا	sub	صلة	non-nominal-pos:NEG:صلة
5:71:2	أَلَّا	Obj	مفعول به	non-nominal-pos:SUB:مفعول به
5:72:1	لَقَدْ	root	root	non-nominal-pos:CERT:root
5:72:20	مَن	pred<<in>>	خبر إن	non-nominal-pos:COND:خبر إن
5:72:23	فَقَدْ	rslt	جواب الشرط	non-nominal-pos:CERT:جواب الشرط
5:72:30	وَمَا	neg	نفي	non-nominal-pos:NEG:نفي
5:73:1	لَّقَدْ	root	root	non-nominal-pos:CERT:root
5:73:8	ثَلَٰثَةٍ	Poss	خبر إن	case-conflict:خبر إن
5:73:9	وَمَا	root	root	non-nominal-pos:NEG:root
5:73:12	إِلَّآ	res	حصر	non-nominal-pos:RES:حصر
5:73:13	إِلَٰهٌ	subj <<ma>>	خبر ما	case-conflict:خبر ما
5:73:15	وَإِن	root	root	non-nominal-pos:COND:root
5:73:16	لَّمْ	cond	شرط	non-nominal-pos:NEG:شرط
5:74:1	أَفَلَا	intg	استفهام	non-nominal-pos:NEG:استفهام
5:75:1	مَّا	root	root	non-nominal-pos:NEG:root
5:75:5	إِلَّا	res	حصر	non-nominal-pos:RES:حصر
5:75:7	قَدْ	root	root	non-nominal-pos:CERT:root
5:76:7	لَا	sub	صلة	non-nominal-pos:NEG:صلة
5:76:11	وَلَا	emph	توكيد	tabi-non-nominal:NEG:توكيد
5:77:4	لَا	root	root	non-nominal-pos:PRO:root
5:77:10	وَلَا	conj	معطوف	tabi-non-nominal:PRO:معطوف
5:77:14	قَدْ	Adj	صفة	tabi-non-nominal:CERT:صفة
5:78:14	بِمَا	gen	مجرور	non-nominal-pos:SUB:مجرور
5:79:2	لَا	pred <<kan>>	خبر كان	non-nominal-pos:NEG:خبر كان
5:80:12	أَن	root	root	non-nominal-pos:SUB:root
5:81:1	وَلَوْ	root	root	non-nominal-pos:COND:root
5:81:9	مَا	rslt	جواب الشرط	non-nominal-pos:NEG:جواب الشرط
5:82:24	وَأَنَّهُمْ	conj	معطوف	tabi-non-nominal:ACC:معطوف
5:82:25	لَا	pred<<an>>	خبر أن	non-nominal-pos:NEG:خبر أن
5:84:1	وَمَا	root	root	non-nominal-pos:INTG:root
5:84:3	لَا	circ	حال	non-nominal-pos:NEG:حال
5:84:11	أَن	Obj	مفعول به	non-nominal-pos:SUB:مفعول به
5:84:13	رَبُّنَا	Subj	مفعول به	case-conflict:مفعول به
5:87:4	لَا	root	root	non-nominal-pos:PRO:root
5:87:11	وَلَا	conj	معطوف	tabi-non-nominal:PRO:معطوف
5:87:15	لَا	pred<<in>>	خبر إن	non-nominal-pos:NEG:خبر إن
5:88:10	أَنتُم	sub	صلة	no-case:صلة:PRON
5:89:1	لَا	root	root	non-nominal-pos:NEG:root
5:89:7	وَلَٰكِن	root	root	non-nominal-pos:AMD:root
5:89:26	فَمَن	root	root	non-nominal-pos:COND:root
5:89:27	لَّمْ	cond	شرط	non-nominal-pos:NEG:شرط
5:91:4	أَن	Obj	مفعول به	non-nominal-pos:SUB:مفعول به
5:91:16	وَعَنِ	conj	معطوف	tabi-non-nominal:P:معطوف
5:91:18	فَهَلْ	root	root	non-nominal-pos:INTG:root
5:91:19	أَنتُم	intg	استفهام	no-case:استفهام:PRON
5:92:6	فَإِن	root	root	non-nominal-pos:COND:root
5:93:11	مَا	sup	زائد	non-nominal-pos:SUP:زائد
5:94:10	أَيْدِيكُمْ	Subj	مفعول به	case-conflict:مفعول به
5:94:17	فَمَنِ	root	root	non-nominal-pos:COND:root
5:95:4	لَا	root	root	non-nominal-pos:PRO:root
5:95:9	وَمَن	root	root	non-nominal-pos:COND:root
5:95:42	وَمَنْ	conj	معطوف	tabi-non-nominal:COND:معطوف
5:96:13	مَا	link	متعلق	non-nominal-pos:SUB:متعلق
5:98:6	وَأَنَّ	conj	معطوف	tabi-non-nominal:ACC:معطوف
5:99:1	مَّا	root	root	non-nominal-pos:NEG:root
5:99:4	إِلَّا	res	حصر	non-nominal-pos:RES:حصر
5:100:2	لَّا	Obj	مفعول به	non-nominal-pos:NEG:مفعول به
5:100:6	وَلَوْ	circ	حال	non-nominal-pos:SUB:حال
5:101:4	لَا	root	root	non-nominal-pos:PRO:root
5:101:8	إِن	Adj	صفة	tabi-non-nominal:COND:صفة
5:101:12	وَإِن	conj	معطوف	tabi-non-nominal:COND:معطوف
5:102:1	قَدْ	root	root	non-nominal-pos:CERT:root
5:103:1	مَا	root	root	non-nominal-pos:NEG:root
5:103:6	وَلَا	emph	توكيد	tabi-non-nominal:NEG:توكيد
5:103:8	وَلَا	emph	توكيد	tabi-non-nominal:NEG:توكيد
5:103:10	وَلَا	emph	توكيد	tabi-non-nominal:NEG:توكيد
5:103:19	وَأَكْثَرُهُمْ	circ	حال	case-conflict:حال
5:103:20	لَا	Pred	خبر	non-nominal-pos:NEG:خبر
5:104:12	حَسْبُنَا	Obj	مفعول به	case-conflict:مفعول به
5:104:17	أَوَلَوْ	intg	استفهام	non-nominal-pos:COND:استفهام
5:104:20	لَا	pred <<kan>>	خبر كان	non-nominal-pos:NEG:خبر كان
5:104:23	وَلَا	conj	معطوف	tabi-non-nominal:NEG:معطوف
5:105:5	أَنفُسَكُمْ	Obj	فاعل	case-conflict:فاعل
5:105:6	لَا	root	root	non-nominal-pos:NEG:root
5:106:6	إِذَا	link	متعلق	no-case:متعلق:T
5:106:8	أَحَدَكُمُ	Obj	فاعل	case-conflict:فاعل
5:106:20	إِنْ	root	root	non-nominal-pos:COND:root
5:106:21	أَنتُمْ	cond	شرط	no-case:شرط:PRON
5:106:34	إِنِ	root	root	non-nominal-pos:COND:root
5:106:36	لَا	root	root	non-nominal-pos:NEG:root
5:106:40	وَلَوْ	root	root	non-nominal-pos:COND:root
5:106:44	وَلَا	conj	معطوف	tabi-non-nominal:NEG:معطوف
5:106:49	إِذًا	-	-	absent-from-treebank:ANS
5:107:1	فَإِنْ	root	root	non-nominal-pos:COND:root
5:107:3	عَلَىٰٓ	Pass	نائب فاعل	prep-in-nominal-slot:نائب فاعل
5:107:17	لَشَهَٰدَتُنَآ	Obj	مفعول به	case-conflict:مفعول به
5:107:21	وَمَا	root	root	non-nominal-pos:NEG:root
5:107:24	إِذًا	-	-	absent-from-treebank:ANS
5:108:3	أَن	link	متعلق	non-nominal-pos:SUB:متعلق
5:108:10	أَن	Obj	مفعول به	non-nominal-pos:SUB:مفعول به
5:108:19	لَا	Pred	خبر	non-nominal-pos:NEG:خبر
5:109:6	مَاذَآ	Obj	مفعول به	non-nominal-pos:INTG:مفعول به
5:109:9	لَا	Obj	مفعول به	non-nominal-pos:NEG:مفعول به
5:109:10	عِلْمَ	pred <<la>>	خبر لا	case-conflict:خبر لا
5:110:1	إِذْ	link	متعلق	no-case:متعلق:T
5:110:10	وَعَلَىٰ	conj	معطوف	tabi-non-nominal:P:معطوف
5:110:59	إِنْ	Obj	مفعول به	non-nominal-pos:NEG:مفعول به
5:110:60	هَٰذَآ	neg	نفي	no-case:نفي:DEM
5:110:61	إِلَّا	res	حصر	non-nominal-pos:RES:حصر
5:111:1	وَإِذْ	link	متعلق	no-case:متعلق:T
5:111:5	أَنْ	link	متعلق	non-nominal-pos:INT:متعلق
5:112:7	هَلْ	root	root	non-nominal-pos:INTG:root
5:112:10	أَن	Obj	مفعول به	non-nominal-pos:SUB:مفعول به
5:112:19	إِن	root	root	non-nominal-pos:COND:root
5:113:3	أَن	Obj	مفعول به	non-nominal-pos:SUB:مفعول به
5:113:9	أَن	Obj	مفعول به	non-nominal-pos:SUB:مفعول به
5:113:10	قَدْ	sub	صلة	non-nominal-pos:CERT:صلة
5:115:6	فَمَن	root	root	non-nominal-pos:COND:root
5:115:8	بَعْدُ	link	متعلق	no-case:متعلق:T
5:115:13	لَّآ	Adj	صفة	tabi-non-nominal:NEG:صفة
5:116:1	وَإِذْ	link	متعلق	no-case:متعلق:T
5:116:7	ءَأَنتَ	intg	استفهام	no-case:استفهام:PRON
5:116:17	سُبْحَٰنَكَ	cog	فاعل	case-conflict:فاعل
5:116:18	مَا	root	root	non-nominal-pos:NEG:root
5:116:21	أَنْ	Subj	فاعل	non-nominal-pos:SUB:فاعل
5:116:27	إِن	root	root	non-nominal-pos:COND:root
5:116:30	فَقَدْ	rslt	جواب الشرط	non-nominal-pos:CERT:جواب الشرط
5:116:36	وَلَآ	root	root	non-nominal-pos:NEG:root
5:117:1	مَا	root	root	non-nominal-pos:NEG:root
5:117:4	إِلَّا	exp	مستثني	non-nominal-pos:EXP:مستثني
5:117:8	أَنِ	root	root	non-nominal-pos:INT:root
5:117:16	مَّا	root	root	non-nominal-pos:SUB:root
5:118:1	إِن	root	root	non-nominal-pos:COND:root
5:118:5	وَإِن	conj	معطوف	tabi-non-nominal:COND:معطوف
6:3:5	وَفِى	conj	معطوف	tabi-non-nominal:P:معطوف
6:4:1	وَمَا	root	root	non-nominal-pos:NEG:root
6:4:8	إِلَّا	res	حصر	non-nominal-pos:RES:حصر
6:5:1	فَقَدْ	root	root	non-nominal-pos:CERT:root
6:5:4	لَمَّا	link	متعلق	no-case:متعلق:T
6:5:6	فَسَوْفَ	fut	استقبال	non-nominal-pos:FUT:استقبال
6:6:1	أَلَمْ	intg	استفهام	non-nominal-pos:NEG:استفهام
6:6:3	كَمْ	Obj	مفعول به	non-nominal-pos:INTG:مفعول به
6:6:13	لَمْ	sub	صلة	non-nominal-pos:NEG:صلة
6:7:1	وَلَوْ	root	root	non-nominal-pos:COND:root
6:7:12	إِنْ	Obj	مفعول به	non-nominal-pos:NEG:مفعول به
6:7:13	هَٰذَآ	neg	نفي	no-case:نفي:DEM
6:7:14	إِلَّا	res	حصر	non-nominal-pos:RES:حصر
6:8:2	لَوْلَآ	Obj	مفعول به	non-nominal-pos:EXH:مفعول به
6:8:6	وَلَوْ	root	root	non-nominal-pos:COND:root
6:8:12	لَا	conj	معطوف	tabi-non-nominal:NEG:معطوف
6:9:1	وَلَوْ	conj	معطوف	tabi-non-nominal:COND:معطوف
6:10:1	وَلَقَدِ	root	root	non-nominal-pos:CERT:root
6:11:7	كَيْفَ	pred <<kan>>	خبر كان	non-nominal-pos:INTG:خبر كان
6:12:2	لِّمَن	gen	مجرور	non-nominal-pos:INTG:مجرور
6:12:17	لَا	root	root	non-nominal-pos:NEG:root
6:12:24	لَا	Pred	خبر	non-nominal-pos:NEG:خبر
6:14:11	وَلَا	conj	معطوف	tabi-non-nominal:NEG:معطوف
6:14:16	أَنْ	link	متعلق	non-nominal-pos:SUB:متعلق
6:14:21	وَلَا	root	root	non-nominal-pos:NEG:root
6:15:4	إِنْ	Obj	مفعول به	non-nominal-pos:COND:مفعول به
6:16:1	مَّن	root	root	non-nominal-pos:COND:root
6:16:4	يَوْمَئِذٍ	link	متعلق	no-case:متعلق:T
6:16:5	فَقَدْ	rslt	جواب الشرط	non-nominal-pos:CERT:جواب الشرط
6:17:1	وَإِن	root	root	non-nominal-pos:COND:root
6:17:5	فَلَا	rslt	جواب الشرط	non-nominal-pos:NEG:جواب الشرط
6:17:8	إِلَّا	exp	مستثني	non-nominal-pos:EXP:مستثني
6:17:10	وَإِن	conj	معطوف	tabi-non-nominal:COND:معطوف
6:17:13	فَهُوَ	rslt	جواب الشرط	no-case:جواب الشرط:PRON
6:19:2	أَىُّ	Obj	مفعول به	case-conflict:مفعول به
6:19:7	ٱللَّهُ	Obj	مفعول به	case-conflict:مفعول به
6:19:27	لَّآ	Obj	مفعول به	non-nominal-pos:NEG:مفعول به
6:20:5	كَمَا	gen	مجرور	non-nominal-pos:SUB:مجرور
6:20:12	لَا	Pred	خبر	non-nominal-pos:NEG:خبر
6:21:1	وَمَنْ	root	root	non-nominal-pos:INTG:root
6:21:12	لَا	pred<<in>>	خبر إن	non-nominal-pos:NEG:خبر إن
6:22:1	وَيَوْمَ	root	root	case-conflict:root
6:22:8	أَيْنَ	Pred	خبر	non-nominal-pos:INTG:خبر
6:22:9	شُرَكَآؤُكُمُ	Obj	مفعول به	case-conflict:مفعول به
6:23:2	لَمْ	root	root	non-nominal-pos:NEG:root
6:23:5	إِلَّآ	res	حصر	non-nominal-pos:RES:حصر
6:23:6	أَن	pred <<tkn>>	خبر تكن	non-nominal-pos:SUB:خبر تكن
6:23:10	مَا	root	root	non-nominal-pos:NEG:root
6:24:2	كَيْفَ	circ	حال	non-nominal-pos:INTG:حال
6:25:9	أَن	prp	المفعول لأجله	non-nominal-pos:SUB:المفعول لأجله
6:25:14	وَإِن	root	root	non-nominal-pos:COND:root
6:25:18	لَّا	rslt	جواب الشرط	non-nominal-pos:NEG:جواب الشرط
6:25:21	حَتَّىٰٓ	root	root	non-nominal-pos:INC:root
6:25:22	إِذَا	inc	ابتداء	no-case:ابتداء:T
6:25:28	إِنْ	Obj	مفعول به	non-nominal-pos:NEG:مفعول به
6:25:29	هَٰذَآ	neg	نفي	no-case:نفي:DEM
6:25:30	إِلَّآ	res	حصر	non-nominal-pos:RES:حصر
6:26:6	وَإِن	root	root	non-nominal-pos:NEG:root
6:26:8	إِلَّآ	res	حصر	non-nominal-pos:RES:حصر
6:26:10	وَمَا	conj	معطوف	tabi-non-nominal:NEG:معطوف
6:27:1	وَلَوْ	root	root	non-nominal-pos:COND:root
6:27:3	إِذْ	link	متعلق	no-case:متعلق:T
6:27:10	وَلَا	root	root	non-nominal-pos:NEG:root
6:28:1	بَلْ	root	root	non-nominal-pos:RET:root
6:28:9	وَلَوْ	root	root	non-nominal-pos:COND:root
6:29:2	إِنْ	Obj	مفعول به	non-nominal-pos:NEG:مفعول به
6:29:3	هِىَ	neg	نفي	no-case:نفي:PRON
6:29:4	إِلَّا	res	حصر	non-nominal-pos:RES:حصر
6:29:7	وَمَا	conj	معطوف	tabi-non-nominal:NEG:معطوف
6:29:8	نَحْنُ	neg	نفي	no-case:نفي:PRON
6:30:1	وَلَوْ	root	root	non-nominal-pos:COND:root
6:30:3	إِذْ	link	متعلق	no-case:متعلق:T
6:30:12	بَلَىٰ	Obj	مفعول به	non-nominal-pos:ANS:مفعول به
6:31:1	قَدْ	root	root	non-nominal-pos:CERT:root
6:31:7	حَتَّىٰٓ	root	root	non-nominal-pos:INC:root
6:31:8	إِذَا	inc	ابتداء	no-case:ابتداء:T
6:31:10	ٱلسَّاعَةُ	Subj	مفعول به	case-conflict:مفعول به
6:31:23	أَلَا	root	root	non-nominal-pos:INC:root
6:32:1	وَمَا	root	root	non-nominal-pos:NEG:root
6:32:4	إِلَّا	res	حصر	non-nominal-pos:RES:حصر
6:32:12	أَفَلَا	intg	استفهام	non-nominal-pos:NEG:استفهام
6:33:1	قَدْ	root	root	non-nominal-pos:CERT:root
6:33:8	لَا	pred<<in>>	خبر إن	non-nominal-pos:NEG:خبر إن
6:34:1	وَلَقَدْ	root	root	non-nominal-pos:CERT:root
6:34:11	حَتَّىٰٓ	root	root	non-nominal-pos:INC:root
6:34:13	نَصْرُنَا	Subj	مفعول به	case-conflict:مفعول به
6:34:14	وَلَا	root	root	non-nominal-pos:NEG:root
6:34:18	وَلَقَدْ	root	root	non-nominal-pos:CERT:root
6:35:1	وَإِن	root	root	non-nominal-pos:COND:root
6:35:6	فَإِنِ	root	root	non-nominal-pos:COND:root
6:35:8	أَن	Obj	مفعول به	non-nominal-pos:SUB:مفعول به
6:35:19	وَلَوْ	root	root	non-nominal-pos:COND:root
6:35:25	فَلَا	root	root	non-nominal-pos:NEG:root
6:37:2	لَوْلَا	Obj	مفعول به	non-nominal-pos:EXH:مفعول به
6:37:13	أَن	gen	مجرور	non-nominal-pos:SUB:مجرور
6:37:18	لَا	pred <<lakun>>	خبر لاكن	non-nominal-pos:NEG:خبر لاكن
6:38:1	وَمَا	emph	توكيد	tabi-non-nominal:NEG:توكيد
6:38:6	وَلَا	emph	توكيد	tabi-non-nominal:NEG:توكيد
6:38:10	إِلَّآ	res	حصر	non-nominal-pos:RES:حصر
6:38:13	مَّا	root	root	non-nominal-pos:NEG:root
6:39:8	مَن	root	root	non-nominal-pos:COND:root
6:39:12	وَمَن	conj	معطوف	tabi-non-nominal:COND:معطوف
6:40:3	إِنْ	Obj	مفعول به	non-nominal-pos:COND:مفعول به
6:40:9	ٱلسَّاعَةُ	Subj	مفعول به	case-conflict:مفعول به
6:40:13	إِن	root	root	non-nominal-pos:COND:root
6:41:1	بَلْ	root	root	non-nominal-pos:RET:root
6:41:8	إِن	root	root	non-nominal-pos:COND:root
6:42:1	وَلَقَدْ	root	root	non-nominal-pos:CERT:root
6:43:1	فَلَوْلَآ	root	root	non-nominal-pos:EXH:root
6:43:2	إِذْ	exh	تحضيض	no-case:تحضيض:T
6:43:4	بَأْسُنَا	Subj	مفعول به	case-conflict:مفعول به
6:43:6	وَلَٰكِن	root	root	non-nominal-pos:AMD:root
6:44:11	حَتَّىٰٓ	root	root	non-nominal-pos:INC:root
6:44:12	إِذَا	inc	ابتداء	no-case:ابتداء:T
6:44:18	فَإِذَا	root	root	non-nominal-pos:SUR:root
6:44:19	هُم	sur	فجاءة	no-case:فجاءة:PRON
6:46:3	إِنْ	Obj	مفعول به	non-nominal-pos:COND:مفعول به
6:46:11	مَّنْ	rslt	جواب الشرط	non-nominal-pos:INTG:جواب الشرط
6:46:18	كَيْفَ	circ	حال	non-nominal-pos:INTG:حال
6:47:3	إِنْ	Obj	مفعول به	non-nominal-pos:COND:مفعول به
6:47:10	هَلْ	rslt	جواب الشرط	non-nominal-pos:INTG:جواب الشرط
6:47:12	إِلَّا	res	حصر	non-nominal-pos:RES:حصر
6:48:1	وَمَا	root	root	non-nominal-pos:NEG:root
6:48:4	إِلَّا	res	حصر	non-nominal-pos:RES:حصر
6:48:7	فَمَنْ	root	root	non-nominal-pos:COND:root
6:48:10	فَلَا	rslt	جواب الشرط	non-nominal-pos:NEG:جواب الشرط
6:48:13	وَلَا	conj	معطوف	tabi-non-nominal:NEG:معطوف
6:48:14	هُمْ	neg	نفي	no-case:نفي:PRON
6:49:5	ٱلْعَذَابُ	Subj	مفعول به	case-conflict:مفعول به
6:50:2	لَّآ	Obj	مفعول به	non-nominal-pos:NEG:مفعول به
6:50:5	عِندِى	link	متعلق	no-case:متعلق:LOC
6:50:6	خَزَآئِنُ	Obj	مفعول به	case-conflict:مفعول به
6:50:8	وَلَآ	conj	معطوف	tabi-non-nominal:NEG:معطوف
6:50:11	وَلَآ	conj	معطوف	tabi-non-nominal:NEG:معطوف
6:50:16	إِنْ	root	root	non-nominal-pos:NEG:root
6:50:18	إِلَّا	res	حصر	non-nominal-pos:RES:حصر
6:50:23	هَلْ	Obj	مفعول به	non-nominal-pos:INTG:مفعول به
6:50:27	أَفَلَا	intg	استفهام	non-nominal-pos:NEG:استفهام
6:51:5	أَن	Obj	مفعول به	non-nominal-pos:SUB:مفعول به
6:51:14	وَلَا	emph	توكيد	tabi-non-nominal:NEG:توكيد
6:52:1	وَلَا	root	root	non-nominal-pos:PRO:root
6:52:10	مَا	root	root	non-nominal-pos:NEG:root
6:52:16	وَمَا	root	root	non-nominal-pos:NEG:root
6:53:6	أَهَٰٓؤُلَآءِ	intg	استفهام	no-case:استفهام:DEM
6:54:7	سَلَٰمٌ	Obj	مفعول به	case-conflict:مفعول به
6:54:14	أَنَّهُۥ	App	بدل	tabi-non-nominal:ACC:بدل
6:54:15	مَنْ	pred<<an>>	خبر أن	non-nominal-pos:COND:خبر أن
6:56:4	أَنْ	link	متعلق	non-nominal-pos:SUB:متعلق
6:56:12	لَّآ	Obj	مفعول به	non-nominal-pos:NEG:مفعول به
6:56:15	قَدْ	ans	جواب	non-nominal-pos:CERT:جواب
6:56:17	إِذًا	root	root	non-nominal-pos:ANS:root
6:56:18	وَمَآ	root	root	non-nominal-pos:NEG:root
6:56:19	أَنَا۠	neg	نفي	no-case:نفي:PRON
6:57:9	مَا	neg	نفي	non-nominal-pos:NEG:نفي
6:57:10	عِندِى	link	متعلق	no-case:متعلق:LOC
6:57:14	إِنِ	root	root	non-nominal-pos:NEG:root
6:57:16	إِلَّا	res	حصر	non-nominal-pos:RES:حصر
6:58:2	لَّوْ	Obj	مفعول به	non-nominal-pos:COND:مفعول به
6:58:4	عِندِى	link	متعلق	no-case:متعلق:LOC
6:58:10	بَيْنِى	link	متعلق	no-case:متعلق:LOC
6:59:4	لَا	circ	حال	non-nominal-pos:NEG:حال
6:59:6	إِلَّا	res	حصر	non-nominal-pos:RES:حصر
6:59:13	وَمَا	root	root	non-nominal-pos:NEG:root
6:59:17	إِلَّا	res	حصر	non-nominal-pos:RES:حصر
6:59:19	وَلَا	emph	توكيد	tabi-non-nominal:NEG:توكيد
6:59:24	وَلَا	emph	توكيد	tabi-non-nominal:NEG:توكيد
6:59:26	وَلَا	emph	توكيد	tabi-non-nominal:NEG:توكيد
6:59:28	إِلَّا	res	حصر	non-nominal-pos:RES:حصر
6:61:8	حَتَّىٰٓ	root	root	non-nominal-pos:INC:root
6:61:9	إِذَا	inc	ابتداء	no-case:ابتداء:T
6:61:11	أَحَدَكُمُ	Obj	فاعل	case-conflict:فاعل
6:61:14	رُسُلُنَا	Subj	مفعول به	case-conflict:مفعول به
6:61:16	لَا	Pred	خبر	non-nominal-pos:NEG:خبر
6:62:7	أَلَا	root	root	non-nominal-pos:INC:root
6:63:2	مَن	Obj	مفعول به	non-nominal-pos:INTG:مفعول به
6:63:11	لَّئِنْ	Obj	مفعول به	non-nominal-pos:COND:مفعول به
6:64:2	ٱللَّهُ	Obj	مفعول به	case-conflict:مفعول به
6:64:5	وَمِن	conj	معطوف	tabi-non-nominal:P:معطوف
6:65:3	ٱلْقَادِرُ	Pred	مفعول به	case-conflict:مفعول به
6:65:5	أَن	gen	مجرور	non-nominal-pos:SUB:مجرور
6:65:12	مِن	conj	متعلق	tabi-non-nominal:P:متعلق
6:65:23	كَيْفَ	circ	مفعول به	non-nominal-pos:INTG:مفعول به
6:67:4	وَسَوْفَ	fut	استقبال	non-nominal-pos:FUT:استقبال
6:68:14	وَإِمَّا	root	root	non-nominal-pos:COND:root
6:68:17	فَلَا	rslt	جواب الشرط	non-nominal-pos:PRO:جواب الشرط
6:69:1	وَمَا	root	root	non-nominal-pos:NEG:root
6:69:9	وَلَٰكِن	root	root	non-nominal-pos:AMD:root
6:70:12	أَن	prp	المفعول لأجله	non-nominal-pos:SUB:المفعول لأجله
6:70:23	وَلَا	neg	نفي	non-nominal-pos:NEG:نفي
6:70:25	وَإِن	root	root	non-nominal-pos:COND:root
6:70:29	لَّا	rslt	جواب الشرط	non-nominal-pos:NEG:جواب الشرط
6:71:7	لَا	sub	صلة	non-nominal-pos:NEG:صلة
6:71:9	وَلَا	conj	معطوف	tabi-non-nominal:NEG:معطوف
6:72:1	وَأَنْ	root	root	non-nominal-pos:SUB:root
6:73:7	وَيَوْمَ	root	root	case-conflict:root
6:74:1	وَإِذْ	link	متعلق	no-case:متعلق:T
6:76:13	لَآ	Obj	مفعول به	non-nominal-pos:NEG:مفعول به
6:77:11	لَئِن	Obj	مفعول به	non-nominal-pos:COND:مفعول به
6:77:12	لَّمْ	cond	شرط	non-nominal-pos:NEG:شرط
6:77:14	رَبِّى	Subj	مفعول به	case-conflict:مفعول به
6:79:9	وَمَآ	root	root	non-nominal-pos:NEG:root
6:80:7	وَقَدْ	root	root	non-nominal-pos:CERT:root
6:80:9	وَلَآ	root	root	non-nominal-pos:NEG:root
6:80:14	إِلَّآ	exp	مستثني	non-nominal-pos:EXP:مستثني
6:80:15	أَن	root	root	non-nominal-pos:SUB:root
6:80:24	أَفَلَا	intg	استفهام	non-nominal-pos:NEG:استفهام
6:81:1	وَكَيْفَ	circ	حال	non-nominal-pos:INTG:حال
6:81:5	وَلَا	root	root	non-nominal-pos:NEG:root
6:81:11	لَمْ	sub	صلة	non-nominal-pos:NEG:صلة
6:81:20	إِن	root	root	non-nominal-pos:COND:root
6:82:3	وَلَمْ	conj	معطوف	tabi-non-nominal:NEG:معطوف
6:88:10	وَلَوْ	root	root	non-nominal-pos:COND:root
6:89:7	فَإِن	root	root	non-nominal-pos:COND:root
6:89:11	فَقَدْ	rslt	جواب الشرط	non-nominal-pos:CERT:جواب الشرط
6:90:8	لَّآ	Obj	مفعول به	non-nominal-pos:NEG:مفعول به
6:90:12	إِنْ	root	root	non-nominal-pos:NEG:root
6:90:13	هُوَ	neg	نفي	no-case:نفي:PRON
6:90:14	إِلَّا	res	حصر	non-nominal-pos:RES:حصر
6:91:1	وَمَا	root	root	non-nominal-pos:NEG:root
6:91:6	إِذْ	link	متعلق	no-case:متعلق:T
6:91:8	مَآ	Obj	مفعول به	non-nominal-pos:NEG:مفعول به
6:91:13	مِّن	Obj	مفعول به	prep-in-nominal-slot:مفعول به
6:91:16	مَنْ	Obj	مفعول به	non-nominal-pos:INTG:مفعول به
6:91:33	لَمْ	sub	صلة	non-nominal-pos:NEG:صلة
6:91:36	وَلَآ	emph	توكيد	tabi-non-nominal:NEG:توكيد
6:93:1	وَمَنْ	root	root	non-nominal-pos:INTG:root
6:93:12	وَلَمْ	root	root	non-nominal-pos:NEG:root
6:93:16	وَمَن	conj	معطوف	tabi-non-nominal:INTG:معطوف
6:93:23	وَلَوْ	root	root	non-nominal-pos:COND:root
6:93:25	إِذِ	link	متعلق	no-case:متعلق:T
6:93:26	ٱلظَّٰلِمُونَ	Poss	مضاف إليه	case-conflict:مضاف إليه
6:94:1	وَلَقَدْ	root	root	non-nominal-pos:CERT:root
6:94:4	كَمَا	gen	مجرور	non-nominal-pos:SUB:مجرور
6:94:13	وَمَا	root	root	non-nominal-pos:NEG:root
6:94:22	لَقَد	root	root	non-nominal-pos:CERT:root
6:95:16	فَأَنَّىٰ	root	root	non-nominal-pos:INTG:root
6:97:12	قَدْ	root	root	non-nominal-pos:CERT:root
6:98:9	قَدْ	root	root	non-nominal-pos:CERT:root
6:99:21	مِن	App	بدل	tabi-non-nominal:P:بدل
6:99:36	إِذَآ	link	متعلق	no-case:متعلق:T
6:99:40	فِى	pred<<in>>	خبر إن	prep-in-nominal-slot:خبر إن
6:100:4	ٱلْجِنَّ	Obj	مضاف إليه	case-conflict:مضاف إليه
6:100:12	سُبْحَٰنَهُۥ	cog	فاعل	case-conflict:فاعل
6:101:4	أَنَّىٰ	root	root	non-nominal-pos:INTG:root
6:101:8	وَلَمْ	root	root	non-nominal-pos:NEG:root
6:102:4	لَآ	root	root	non-nominal-pos:NEG:root
6:102:6	إِلَّا	exp	مستثني	non-nominal-pos:EXP:مستثني
6:103:1	لَّا	root	root	non-nominal-pos:NEG:root
6:103:3	ٱلْأَبْصَٰرُ	Subj	مفعول به	case-conflict:مفعول به
6:104:1	قَدْ	root	root	non-nominal-pos:CERT:root
6:104:6	فَمَنْ	root	root	non-nominal-pos:COND:root
6:104:9	وَمَنْ	conj	معطوف	tabi-non-nominal:COND:معطوف
6:104:12	وَمَآ	root	root	non-nominal-pos:NEG:root
6:106:7	لَآ	root	root	non-nominal-pos:NEG:root
6:106:9	إِلَّا	exp	مستثني	non-nominal-pos:EXP:مستثني
6:107:1	وَلَوْ	root	root	non-nominal-pos:COND:root
6:107:4	مَآ	rslt	جواب الشرط	non-nominal-pos:NEG:جواب الشرط
6:107:6	وَمَا	root	root	non-nominal-pos:NEG:root
6:107:10	وَمَآ	root	root	non-nominal-pos:NEG:root
6:108:1	وَلَا	root	root	non-nominal-pos:PRO:root
6:109:5	لَئِن	Obj	مفعول به	non-nominal-pos:COND:مفعول به
6:109:15	وَمَا	root	root	non-nominal-pos:INTG:root
6:109:20	لَا	rslt	جواب الشرط	non-nominal-pos:NEG:جواب الشرط
6:110:4	كَمَا	gen	مجرور	non-nominal-pos:SUB:مجرور
6:110:5	لَمْ	sub	صلة	non-nominal-pos:NEG:صلة
6:111:1	وَلَوْ	root	root	non-nominal-pos:COND:root
6:111:13	مَّا	rslt	جواب الشرط	non-nominal-pos:NEG:جواب الشرط
6:111:16	إِلَّآ	exp	مستثني	non-nominal-pos:EXP:مستثني
6:111:17	أَن	root	root	non-nominal-pos:SUB:root
6:112:16	وَلَوْ	root	root	non-nominal-pos:COND:root
6:112:19	مَا	rslt	جواب الشرط	non-nominal-pos:NEG:جواب الشرط
6:113:5	لَا	sub	صلة	non-nominal-pos:NEG:صلة
6:113:11	هُم	sub	صلة	no-case:صلة:PRON
6:114:20	فَلَا	root	root	non-nominal-pos:NEG:root
6:115:6	لَّا	root	root	non-nominal-pos:NEG:root
6:116:1	وَإِن	root	root	non-nominal-pos:COND:root
6:116:11	إِن	root	root	non-nominal-pos:NEG:root
6:116:13	إِلَّا	root	root	non-nominal-pos:EXP:root
6:116:15	وَإِنْ	conj	معطوف	tabi-non-nominal:NEG:معطوف
6:116:16	هُمْ	neg	نفي	no-case:نفي:PRON
6:116:17	إِلَّا	res	حصر	non-nominal-pos:RES:حصر
6:118:7	إِن	root	root	non-nominal-pos:COND:root
6:119:1	وَمَا	root	root	non-nominal-pos:INTG:root
6:119:3	أَلَّا	link	متعلق	non-nominal-pos:SUB:متعلق
6:119:10	وَقَدْ	root	root	non-nominal-pos:CERT:root
6:119:16	إِلَّا	exp	مستثني	non-nominal-pos:EXP:مستثني
6:121:1	وَلَا	root	root	non-nominal-pos:PRO:root
6:121:4	لَمْ	sub	صلة	non-nominal-pos:NEG:صلة
6:121:17	وَإِنْ	root	root	non-nominal-pos:COND:root
6:122:1	أَوَمَن	intg	استفهام	no-case:استفهام:REL
6:123:10	وَمَا	root	root	non-nominal-pos:NEG:root
6:123:12	إِلَّا	res	حصر	non-nominal-pos:RES:حصر
6:123:14	وَمَا	conj	معطوف	tabi-non-nominal:NEG:معطوف
6:124:5	لَن	Obj	مفعول به	non-nominal-pos:NEG:مفعول به
6:125:1	فَمَن	root	root	non-nominal-pos:COND:root
6:125:4	أَن	Obj	مفعول به	non-nominal-pos:SUB:مفعول به
6:125:9	وَمَن	root	root	non-nominal-pos:COND:root
6:125:11	أَن	Obj	مفعول به	non-nominal-pos:SUB:مفعول به
6:125:27	لَا	sub	صلة	non-nominal-pos:NEG:صلة
6:126:5	قَدْ	root	root	non-nominal-pos:CERT:root
6:128:6	قَدِ	root	root	non-nominal-pos:CERT:root
6:128:24	ٱلنَّارُ	Obj	مفعول به	case-conflict:مفعول به
6:128:28	إِلَّا	root	root	non-nominal-pos:EXP:root
6:130:4	أَلَمْ	intg	استفهام	non-nominal-pos:NEG:استفهام
6:131:2	أَن	link	متعلق	non-nominal-pos:SUB:متعلق
6:131:3	لَّمْ	sub	صلة	non-nominal-pos:NEG:صلة
6:131:9	وَأَهْلُهَا	circ	حال	case-conflict:حال
6:132:5	وَمَا	root	root	non-nominal-pos:NEG:root
6:133:5	إِن	root	root	non-nominal-pos:COND:root
6:133:13	كَمَآ	gen	مجرور	non-nominal-pos:SUB:مجرور
6:134:5	وَمَآ	root	root	non-nominal-pos:NEG:root
6:135:8	فَسَوْفَ	fut	استقبال	non-nominal-pos:FUT:استقبال
6:135:16	لَا	pred<<in>>	خبر إن	non-nominal-pos:NEG:خبر إن
6:136:18	فَلَا	Pred	خبر	non-nominal-pos:NEG:خبر
6:137:13	وَلَوْ	root	root	non-nominal-pos:COND:root
6:137:16	مَا	rslt	جواب الشرط	non-nominal-pos:NEG:جواب الشرط
6:138:6	لَّا	Adj	صفة	tabi-non-nominal:NEG:صفة
6:138:8	إِلَّا	res	حصر	non-nominal-pos:RES:حصر
6:138:16	لَّا	Adj	صفة	tabi-non-nominal:NEG:صفة
6:139:12	وَإِن	root	root	non-nominal-pos:COND:root
6:139:15	فَهُمْ	rslt	جواب الشرط	no-case:جواب الشرط:PRON
6:140:1	قَدْ	root	root	non-nominal-pos:CERT:root
6:140:16	قَدْ	root	root	non-nominal-pos:CERT:root
6:140:18	وَمَا	root	root	non-nominal-pos:NEG:root
6:141:20	إِذَآ	link	متعلق	no-case:متعلق:T
6:141:26	وَلَا	root	root	non-nominal-pos:PRO:root
6:141:29	لَا	pred<<in>>	خبر إن	non-nominal-pos:NEG:خبر إن
6:142:9	وَلَا	root	root	non-nominal-pos:PRO:root
6:143:21	إِن	root	root	non-nominal-pos:COND:root
6:144:20	إِذْ	link	متعلق	no-case:متعلق:T
6:144:24	فَمَنْ	root	root	non-nominal-pos:INTG:root
6:144:37	لَا	pred<<in>>	خبر إن	non-nominal-pos:NEG:خبر إن
6:145:2	لَّآ	Obj	مفعول به	non-nominal-pos:NEG:مفعول به
6:145:12	إِلَّآ	exp	مستثني	non-nominal-pos:EXP:مستثني
6:145:13	أَن	root	root	non-nominal-pos:SUB:root
6:145:30	فَمَنِ	root	root	non-nominal-pos:COND:root
6:145:34	وَلَا	emph	توكيد	tabi-non-nominal:NEG:توكيد
6:146:14	إِلَّا	exp	مستثني	non-nominal-pos:EXP:مستثني
6:147:1	فَإِن	root	root	non-nominal-pos:COND:root
6:147:4	رَّبُّكُمْ	Obj	مفعول به	case-conflict:مفعول به
6:147:8	وَلَا	root	root	non-nominal-pos:NEG:root
6:148:4	لَوْ	Obj	مفعول به	non-nominal-pos:COND:مفعول به
6:148:7	مَآ	rslt	جواب الشرط	non-nominal-pos:NEG:جواب الشرط
6:148:9	وَلَآ	emph	توكيد	tabi-non-nominal:NEG:توكيد
6:148:11	وَلَا	emph	معطوف	tabi-non-nominal:NEG:معطوف
6:148:20	حَتَّىٰ	root	root	non-nominal-pos:INC:root
6:148:24	هَلْ	Obj	مفعول به	non-nominal-pos:INTG:مفعول به
6:148:30	إِن	root	root	non-nominal-pos:NEG:root
6:148:32	إِلَّا	root	root	non-nominal-pos:EXP:root
6:148:34	وَإِنْ	conj	معطوف	tabi-non-nominal:NEG:معطوف
6:148:35	أَنتُمْ	neg	نفي	no-case:نفي:PRON
6:148:36	إِلَّا	res	حصر	non-nominal-pos:RES:حصر
6:149:3	ٱلْحُجَّةُ	Obj	مفعول به	case-conflict:مفعول به
6:149:5	فَلَوْ	root	root	non-nominal-pos:COND:root
6:150:10	فَإِن	root	root	non-nominal-pos:COND:root
6:150:12	فَلَا	rslt	جواب الشرط	non-nominal-pos:PRO:جواب الشرط
6:150:15	وَلَا	conj	معطوف	tabi-non-nominal:PRO:معطوف
6:150:22	لَا	sub	صلة	non-nominal-pos:NEG:صلة
6:151:8	أَلَّا	root	root	non-nominal-pos:INT:root
6:151:14	وَلَا	conj	معطوف	tabi-non-nominal:PRO:معطوف
6:151:22	وَلَا	conj	معطوف	tabi-non-nominal:PRO:معطوف
6:151:30	وَلَا	conj	معطوف	tabi-non-nominal:PRO:معطوف
6:151:36	إِلَّا	root	root	non-nominal-pos:EXP:root
6:152:1	وَلَا	conj	معطوف	tabi-non-nominal:PRO:معطوف
6:152:5	إِلَّا	res	حصر	non-nominal-pos:RES:حصر
6:152:7	هِىَ	sub	صلة	no-case:صلة:PRON
6:152:16	لَا	root	root	non-nominal-pos:NEG:root
6:152:19	إِلَّا	exp	مستثني	non-nominal-pos:EXP:مستثني
6:152:24	وَلَوْ	root	root	non-nominal-pos:COND:root
6:153:6	وَلَا	root	root	non-nominal-pos:PRO:root
6:156:1	أَن	root	root	non-nominal-pos:SUB:root
6:156:10	وَإِن	-	-	absent-from-treebank:COND
6:157:3	لَوْ	Obj	مفعول به	non-nominal-pos:COND:مفعول به
6:157:11	فَقَدْ	root	root	non-nominal-pos:CERT:root
6:157:18	فَمَنْ	root	root	non-nominal-pos:INTG:root
6:158:1	هَلْ	root	root	non-nominal-pos:INTG:root
6:158:3	إِلَّآ	res	حصر	non-nominal-pos:RES:حصر
6:158:4	أَن	Obj	مفعول به	non-nominal-pos:SUB:مفعول به
6:158:6	ٱلْمَلَٰٓئِكَةُ	Subj	مفعول به	case-conflict:مفعول به
6:158:20	لَا	root	root	non-nominal-pos:NEG:root
6:158:24	لَمْ	root	root	non-nominal-pos:NEG:root
6:160:1	مَن	root	root	non-nominal-pos:COND:root
6:160:7	وَمَن	conj	معطوف	tabi-non-nominal:COND:معطوف
6:160:10	فَلَا	rslt	جواب الشرط	non-nominal-pos:NEG:جواب الشرط
6:160:12	إِلَّا	res	حصر	non-nominal-pos:RES:حصر
6:160:15	لَا	Pred	خبر	non-nominal-pos:NEG:خبر
6:161:4	رَبِّىٓ	Subj	مفعول به	case-conflict:مفعول به
6:161:13	وَمَا	root	root	non-nominal-pos:NEG:root
6:163:1	لَا	Adj	صفة	tabi-non-nominal:NEG:صفة
6:164:10	وَلَا	root	root	non-nominal-pos:NEG:root
6:164:14	إِلَّا	root	root	non-nominal-pos:EXP:root
6:164:16	وَلَا	conj	معطوف	tabi-non-nominal:NEG:معطوف
6:165:19	وَإِنَّهُۥ	conj	معطوف	tabi-non-nominal:ACC:معطوف
7:1:1	الٓمٓصٓ	root	root	non-nominal-pos:INL:root
7:2:4	فَلَا	root	root	non-nominal-pos:PRO:root
7:3:7	وَلَا	root	root	non-nominal-pos:PRO:root
7:3:13	مَّا	sup	زائد	non-nominal-pos:SUP:زائد
7:4:6	بَأْسُنَا	Subj	مفعول به	case-conflict:مفعول به
7:5:1	فَمَا	root	root	non-nominal-pos:NEG:root
7:5:4	إِذْ	link	متعلق	no-case:متعلق:T
7:5:6	بَأْسُنَآ	Subj	مفعول به	case-conflict:مفعول به
7:5:7	إِلَّآ	res	حصر	non-nominal-pos:RES:حصر
7:5:8	أَن	pred <<kan>>	خبر كان	non-nominal-pos:SUB:خبر كان
7:7:4	وَمَا	root	root	non-nominal-pos:NEG:root
7:8:2	يَوْمَئِذٍ	link	متعلق	no-case:متعلق:T
7:8:4	فَمَن	root	root	non-nominal-pos:COND:root
7:8:7	فَأُو۟لَٰٓئِكَ	rslt	جواب الشرط	no-case:جواب الشرط:DEM
7:9:1	وَمَنْ	root	root	non-nominal-pos:COND:root
7:9:4	فَأُو۟لَٰٓئِكَ	rslt	جواب الشرط	no-case:جواب الشرط:DEM
7:10:1	وَلَقَدْ	root	root	non-nominal-pos:CERT:root
7:10:10	مَّا	sup	زائد	non-nominal-pos:SUP:زائد
7:11:1	وَلَقَدْ	root	root	non-nominal-pos:CERT:root
7:11:11	إِلَّآ	root	root	non-nominal-pos:EXP:root
7:11:13	لَمْ	root	root	non-nominal-pos:NEG:root
7:12:2	مَا	Subj	فاعل	non-nominal-pos:INTG:فاعل
7:12:4	أَلَّا	link	متعلق	non-nominal-pos:SUB:متعلق
7:12:6	إِذْ	link	متعلق	no-case:متعلق:T
7:13:4	فَمَا	root	root	non-nominal-pos:NEG:root
7:13:7	أَن	Subj	فاعل	non-nominal-pos:SUB:فاعل
7:17:6	وَمِنْ	conj	معطوف	tabi-non-nominal:P:معطوف
7:17:8	وَعَنْ	conj	معطوف	tabi-non-nominal:P:معطوف
7:17:10	وَعَن	conj	معطوف	tabi-non-nominal:P:معطوف
7:17:12	وَلَا	root	root	non-nominal-pos:NEG:root
7:18:6	لَّمَن	root	root	non-nominal-pos:COND:root
7:19:10	وَلَا	root	root	non-nominal-pos:PRO:root
7:20:12	مَا	Obj	مفعول به	non-nominal-pos:NEG:مفعول به
7:20:14	رَبُّكُمَا	Subj	مفعول به	case-conflict:مفعول به
7:20:18	إِلَّآ	res	حصر	non-nominal-pos:RES:حصر
7:20:19	أَن	root	root	non-nominal-pos:SUB:root
7:22:17	أَلَمْ	intg	استفهام	non-nominal-pos:NEG:استفهام
7:23:5	وَإِن	root	root	non-nominal-pos:COND:root
7:23:6	لَّمْ	cond	شرط	non-nominal-pos:NEG:شرط
7:24:3	بَعْضُكُمْ	Obj	مفعول به	case-conflict:مفعول به
7:24:7	فِى	circ	حال	prep-in-nominal-slot:حال
7:26:3	قَدْ	root	root	non-nominal-pos:CERT:root
7:27:3	لَا	root	root	non-nominal-pos:NEG:root
7:27:6	كَمَآ	gen	مجرور	non-nominal-pos:SUB:مجرور
7:27:22	لَا	Adj	صفة	tabi-non-nominal:NEG:صفة
7:27:29	لَا	sub	صلة	non-nominal-pos:NEG:صلة
7:28:14	لَا	pred<<in>>	خبر إن	non-nominal-pos:NEG:خبر إن
7:28:21	لَا	sub	صلة	non-nominal-pos:NEG:صلة
7:29:14	كَمَا	gen	مجرور	non-nominal-pos:SUB:مجرور
7:31:10	وَلَا	root	root	non-nominal-pos:PRO:root
7:31:13	لَا	pred<<in>>	خبر إن	non-nominal-pos:NEG:خبر إن
7:32:2	مَنْ	Obj	مفعول به	non-nominal-pos:INTG:مفعول به
7:33:15	وَأَن	root	root	non-nominal-pos:SUB:root
7:33:19	لَمْ	sub	صلة	non-nominal-pos:NEG:صلة
7:33:23	وَأَن	conj	معطوف	tabi-non-nominal:SUB:معطوف
7:33:28	لَا	sub	صلة	non-nominal-pos:NEG:صلة
7:34:7	لَا	rslt	جواب الشرط	non-nominal-pos:NEG:جواب الشرط
7:34:10	وَلَا	root	root	non-nominal-pos:NEG:root
7:35:3	إِمَّا	root	root	non-nominal-pos:COND:root
7:35:10	فَمَنِ	rslt	جواب الشرط	non-nominal-pos:COND:جواب الشرط
7:35:13	فَلَا	rslt	جواب الشرط	non-nominal-pos:NEG:جواب الشرط
7:35:16	وَلَا	root	root	non-nominal-pos:NEG:root
7:35:17	هُمْ	neg	نفي	no-case:نفي:PRON
7:37:1	فَمَنْ	root	root	non-nominal-pos:INTG:root
7:37:13	نَصِيبُهُم	Subj	مفعول به	case-conflict:مفعول به
7:37:16	حَتَّىٰٓ	root	root	non-nominal-pos:INC:root
7:37:17	إِذَا	inc	ابتداء	no-case:ابتداء:T
7:37:19	رُسُلُنَا	Subj	مفعول به	case-conflict:مفعول به
7:37:22	أَيْنَ	link	متعلق	non-nominal-pos:INTG:متعلق
7:38:5	قَدْ	Adj	صفة	tabi-non-nominal:CERT:صفة
7:38:19	حَتَّىٰٓ	root	root	non-nominal-pos:INC:root
7:38:20	إِذَا	inc	ابتداء	no-case:ابتداء:T
7:38:37	ضِعْفٌ	Obj	مفعول به	case-conflict:مفعول به
7:38:38	وَلَٰكِن	root	root	non-nominal-pos:AMD:root
7:38:39	لَّا	amd	استدراك	non-nominal-pos:NEG:استدراك
7:39:4	فَمَا	root	root	non-nominal-pos:NEG:root
7:40:7	لَا	pred<<in>>	خبر إن	non-nominal-pos:NEG:خبر إن
7:40:12	وَلَا	root	root	non-nominal-pos:NEG:root
7:42:5	لَا	Pred	خبر	non-nominal-pos:NEG:خبر
7:42:8	إِلَّا	root	root	non-nominal-pos:EXP:root
7:43:12	ٱلْحَمْدُ	Obj	مفعول به	case-conflict:مفعول به
7:43:17	وَمَا	root	root	non-nominal-pos:NEG:root
7:43:20	لَوْلَآ	root	root	non-nominal-pos:COND:root
7:43:21	أَنْ	cond	شرط	non-nominal-pos:SUB:شرط
7:43:24	لَقَدْ	root	root	non-nominal-pos:CERT:root
7:43:30	أَن	Obj	مفعول به	non-nominal-pos:INT:مفعول به
7:43:31	تِلْكُمُ	int	تفسير	no-case:تفسير:DEM
7:44:6	أَن	root	root	non-nominal-pos:INT:root
7:44:7	قَدْ	int	تفسير	non-nominal-pos:CERT:تفسير
7:44:11	رَبُّنَا	Subj	مفعول به	case-conflict:مفعول به
7:44:13	فَهَلْ	root	root	non-nominal-pos:INTG:root
7:44:20	نَعَمْ	Obj	مفعول به	non-nominal-pos:ANS:مفعول به
7:44:24	أَن	Obj	مفعول به	non-nominal-pos:INT:مفعول به
7:46:12	أَن	Obj	مفعول به	non-nominal-pos:INT:مفعول به
7:46:15	لَمْ	root	root	non-nominal-pos:NEG:root
7:47:9	لَا	root	root	non-nominal-pos:PRO:root
7:48:8	مَآ	Obj	مفعول به	non-nominal-pos:NEG:مفعول به
7:49:1	أَهَٰٓؤُلَآءِ	intg	استفهام	no-case:استفهام:DEM
7:49:4	لَا	Obj	مفعول به	non-nominal-pos:NEG:مفعول به
7:49:10	لَا	root	root	non-nominal-pos:NEG:root
7:49:13	وَلَآ	conj	معطوف	tabi-non-nominal:NEG:معطوف
7:49:14	أَنتُمْ	neg	نفي	no-case:نفي:PRON
7:50:6	أَنْ	Obj	مفعول به	non-nominal-pos:INT:مفعول به
7:50:12	مِمَّا	conj	معطوف	tabi-non-nominal:P:معطوف
7:51:11	كَمَا	gen	مجرور	non-nominal-pos:SUB:مجرور
7:52:1	وَلَقَدْ	root	root	non-nominal-pos:CERT:root
7:53:1	هَلْ	root	root	non-nominal-pos:INTG:root
7:53:3	إِلَّا	res	حصر	non-nominal-pos:RES:حصر
7:53:13	قَدْ	Obj	مفعول به	non-nominal-pos:CERT:مفعول به
7:53:18	فَهَل	root	root	non-nominal-pos:INTG:root
7:53:31	قَدْ	root	root	non-nominal-pos:CERT:root
7:54:25	أَلَا	root	root	non-nominal-pos:INC:root
7:55:6	لَا	pred<<in>>	خبر إن	non-nominal-pos:NEG:خبر إن
7:56:1	وَلَا	root	root	non-nominal-pos:PRO:root
7:57:9	حَتَّىٰٓ	root	root	non-nominal-pos:INC:root
7:57:10	إِذَآ	inc	ابتداء	no-case:ابتداء:T
7:58:9	لَا	Pred	خبر	non-nominal-pos:NEG:خبر
7:58:11	إِلَّا	res	حصر	non-nominal-pos:RES:حصر
7:59:1	لَقَدْ	root	root	non-nominal-pos:CERT:root
7:59:10	مَا	root	root	non-nominal-pos:NEG:root
7:62:10	لَا	sub	صلة	non-nominal-pos:NEG:صلة
7:63:2	أَن	Obj	مفعول به	non-nominal-pos:SUB:مفعول به
7:65:3	أَخَاهُمْ	Obj	فاعل	case-conflict:فاعل
7:65:9	مَا	root	root	non-nominal-pos:NEG:root
7:65:14	أَفَلَا	intg	استفهام	non-nominal-pos:NEG:استفهام
7:66:11	وَإِنَّا	conj	معطوف	tabi-non-nominal:ACC:معطوف
7:69:2	أَن	Obj	مفعول به	non-nominal-pos:SUB:مفعول به
7:69:12	إِذْ	link	متعلق	no-case:متعلق:T
7:70:14	إِن	root	root	non-nominal-pos:COND:root
7:71:2	قَدْ	Obj	مفعول به	non-nominal-pos:CERT:مفعول به
7:71:15	مَّا	root	root	non-nominal-pos:NEG:root
7:72:11	وَمَا	root	root	non-nominal-pos:NEG:root
7:73:3	أَخَاهُمْ	Obj	فاعل	case-conflict:فاعل
7:73:9	مَا	root	root	non-nominal-pos:NEG:root
7:73:14	قَدْ	root	root	non-nominal-pos:CERT:root
7:73:29	وَلَا	root	root	non-nominal-pos:PRO:root
7:74:2	إِذْ	link	متعلق	no-case:متعلق:T
7:74:21	وَلَا	root	root	non-nominal-pos:PRO:root
7:77:12	إِن	root	root	non-nominal-pos:COND:root
7:79:5	لَقَدْ	root	root	non-nominal-pos:CERT:root
7:79:11	وَلَٰكِن	root	root	non-nominal-pos:AMD:root
7:79:12	لَّا	amd	استدراك	non-nominal-pos:NEG:استدراك
7:80:2	إِذْ	link	متعلق	no-case:متعلق:T
7:80:7	مَا	root	root	non-nominal-pos:NEG:root
7:80:10	مِنْ	Subj	فاعل	prep-in-nominal-slot:فاعل
7:81:8	بَلْ	root	root	non-nominal-pos:RET:root
7:81:9	أَنتُمْ	ret	اضراب	no-case:اضراب:PRON
7:82:1	وَمَا	root	root	non-nominal-pos:NEG:root
7:82:5	إِلَّآ	res	حصر	non-nominal-pos:RES:حصر
7:82:6	أَن	pred <<kan>>	خبر كان	non-nominal-pos:SUB:خبر كان
7:83:3	إِلَّا	root	root	non-nominal-pos:EXP:root
7:84:5	كَيْفَ	pred <<kan>>	خبر كان	non-nominal-pos:INTG:خبر كان
7:85:3	أَخَاهُمْ	Obj	فاعل	case-conflict:فاعل
7:85:9	مَا	root	root	non-nominal-pos:NEG:root
7:85:14	قَدْ	root	root	non-nominal-pos:CERT:root
7:85:22	وَلَا	root	root	non-nominal-pos:PRO:root
7:85:26	وَلَا	conj	معطوف	tabi-non-nominal:PRO:معطوف
7:85:35	إِن	root	root	non-nominal-pos:COND:root
7:86:1	وَلَا	conj	معطوف	tabi-non-nominal:PRO:معطوف
7:86:16	إِذْ	link	متعلق	no-case:متعلق:T
7:86:21	كَيْفَ	pred <<kan>>	خبر كان	non-nominal-pos:INTG:خبر كان
7:87:1	وَإِن	root	root	non-nominal-pos:COND:root
7:87:10	لَّمْ	root	root	non-nominal-pos:NEG:root
7:88:19	أَوَلَوْ	intg	استفهام	non-nominal-pos:COND:استفهام
7:89:1	قَدِ	root	root	non-nominal-pos:CERT:root
7:89:6	إِنْ	root	root	non-nominal-pos:COND:root
7:89:11	إِذْ	link	متعلق	no-case:متعلق:T
7:89:15	وَمَا	root	root	non-nominal-pos:NEG:root
7:89:18	أَن	Subj	فاعل	non-nominal-pos:SUB:فاعل
7:89:21	إِلَّآ	exp	مستثني	non-nominal-pos:EXP:مستثني
7:89:22	أَن	root	root	non-nominal-pos:SUB:root
7:90:7	لَئِنِ	Obj	مفعول به	non-nominal-pos:COND:مفعول به
7:90:11	إِذًا	rslt	جواب الشرط	non-nominal-pos:ANS:جواب الشرط
7:92:4	كَأَن	gen	مجرور	non-nominal-pos:SUB:مجرور
7:92:5	لَّمْ	sub	صلة	non-nominal-pos:NEG:صلة
7:93:5	لَقَدْ	root	root	non-nominal-pos:CERT:root
7:93:11	فَكَيْفَ	root	root	non-nominal-pos:INTG:root
7:94:1	وَمَآ	root	root	non-nominal-pos:NEG:root
7:94:7	إِلَّآ	res	حصر	non-nominal-pos:RES:حصر
7:95:6	حَتَّىٰ	root	root	non-nominal-pos:INC:root
7:95:9	قَدْ	Obj	مفعول به	non-nominal-pos:CERT:مفعول به
7:95:11	ءَابَآءَنَا	Obj	فاعل	case-conflict:فاعل
7:95:17	لَا	Pred	خبر	non-nominal-pos:NEG:خبر
7:96:1	وَلَوْ	root	root	non-nominal-pos:COND:root
7:96:13	وَلَٰكِن	root	root	non-nominal-pos:AMD:root
7:97:4	أَن	Obj	مفعول به	non-nominal-pos:SUB:مفعول به
7:97:6	بَأْسُنَا	Subj	مفعول به	case-conflict:مفعول به
7:98:4	أَن	Obj	مفعول به	non-nominal-pos:SUB:مفعول به
7:98:6	بَأْسُنَا	Subj	مفعول به	case-conflict:مفعول به
7:99:4	فَلَا	root	root	non-nominal-pos:NEG:root
7:99:8	إِلَّا	res	حصر	non-nominal-pos:RES:حصر
7:100:1	أَوَلَمْ	intg	استفهام	non-nominal-pos:NEG:استفهام
7:100:9	أَن	root	root	non-nominal-pos:SUB:root
7:100:10	لَّوْ	sub	صلة	non-nominal-pos:COND:صلة
7:100:18	لَا	Pred	خبر	non-nominal-pos:NEG:خبر
7:101:7	وَلَقَدْ	root	root	non-nominal-pos:CERT:root
7:101:9	رُسُلُهُم	Subj	مفعول به	case-conflict:مفعول به
7:101:11	فَمَا	root	root	non-nominal-pos:NEG:root
7:102:1	وَمَا	root	root	non-nominal-pos:NEG:root
7:102:4	مِّنْ	Obj	مفعول به	prep-in-nominal-slot:مفعول به
7:102:6	وَإِن	root	root	non-nominal-pos:COND:root
7:103:13	كَيْفَ	pred <<kan>>	خبر كان	non-nominal-pos:INTG:خبر كان
7:105:3	أَن	gen	مجرور	non-nominal-pos:SUB:مجرور
7:105:4	لَّآ	sub	صلة	non-nominal-pos:NEG:صلة
7:105:8	إِلَّا	res	حصر	non-nominal-pos:RES:حصر
7:105:10	قَدْ	root	root	non-nominal-pos:CERT:root
7:106:2	إِن	Obj	مفعول به	non-nominal-pos:COND:مفعول به
7:106:8	إِن	root	root	non-nominal-pos:COND:root
7:107:3	فَإِذَا	root	root	non-nominal-pos:SUR:root
7:107:4	هِىَ	sur	فجاءة	no-case:فجاءة:PRON
7:108:3	فَإِذَا	root	root	non-nominal-pos:SUR:root
7:108:4	هِىَ	sur	فجاءة	no-case:فجاءة:PRON
7:110:2	أَن	Obj	مفعول به	non-nominal-pos:SUB:مفعول به
7:110:6	فَمَاذَا	Obj	مفعول به	non-nominal-pos:INTG:مفعول به
7:113:7	لَأَجْرًا	subj<<in>>	خبر إن	case-conflict:خبر إن
7:113:8	إِن	root	root	non-nominal-pos:COND:root
7:114:2	نَعَمْ	Obj	مفعول به	non-nominal-pos:ANS:مفعول به
7:115:3	إِمَّآ	root	root	non-nominal-pos:EXL:root
7:115:4	أَن	exl	تفصيل	non-nominal-pos:SUB:تفصيل
7:115:6	وَإِمَّآ	conj	معطوف	tabi-non-nominal:EXL:معطوف
7:115:7	أَن	exl	تفصيل	non-nominal-pos:SUB:تفصيل
7:117:4	أَنْ	Obj	مفعول به	non-nominal-pos:INT:مفعول به
7:117:7	فَإِذَا	root	root	non-nominal-pos:SUR:root
7:117:8	هِىَ	sur	فجاءة	no-case:فجاءة:PRON
7:119:2	هُنَالِكَ	link	متعلق	no-case:متعلق:T
7:123:6	أَنْ	Poss	مضاف إليه	non-nominal-pos:SUB:مضاف إليه
7:123:18	فَسَوْفَ	fut	استقبال	non-nominal-pos:FUT:استقبال
7:126:1	وَمَا	root	root	non-nominal-pos:NEG:root
7:126:4	إِلَّآ	exp	مستثني	non-nominal-pos:EXP:مستثني
7:126:5	أَنْ	root	root	non-nominal-pos:SUB:root
7:126:9	لَمَّا	link	متعلق	no-case:متعلق:T
7:129:5	أَن	Poss	مضاف إليه	non-nominal-pos:SUB:مضاف إليه
7:129:9	مَا	Poss	مضاف إليه	non-nominal-pos:SUB:مضاف إليه
7:129:14	أَن	Obj	مفعول به	non-nominal-pos:SUB:مفعول به
7:129:21	كَيْفَ	circ	حال	non-nominal-pos:INTG:حال
7:130:1	وَلَقَدْ	root	root	non-nominal-pos:CERT:root
7:131:3	ٱلْحَسَنَةُ	Subj	مفعول به	case-conflict:مفعول به
7:131:7	وَإِن	root	root	non-nominal-pos:COND:root
7:131:14	أَلَآ	root	root	non-nominal-pos:INC:root
7:131:21	لَا	pred <<lakun>>	خبر لاكن	non-nominal-pos:NEG:خبر لاكن
7:132:2	مَهْمَا	Obj	مفعول به	non-nominal-pos:COND:مفعول به
7:132:9	فَمَا	rslt	جواب الشرط	non-nominal-pos:NEG:جواب الشرط
7:134:10	بِمَا	gen	مجرور	non-nominal-pos:SUB:مجرور
7:134:13	لَئِن	root	root	non-nominal-pos:COND:root
7:135:9	إِذَا	rslt	جواب الشرط	non-nominal-pos:SUR:جواب الشرط
7:135:10	هُمْ	sur	فجاءة	no-case:فجاءة:PRON
7:137:19	بِمَا	gen	مجرور	non-nominal-pos:SUB:مجرور
7:138:17	كَمَا	gen	مجرور	non-nominal-pos:SUB:مجرور
7:139:5	هُمْ	sub	صلة	no-case:صلة:PRON
7:142:20	وَلَا	root	root	non-nominal-pos:PRO:root
7:143:6	رَبُّهُۥ	Subj	مفعول به	case-conflict:مفعول به
7:143:13	لَن	Obj	مفعول به	non-nominal-pos:NEG:مفعول به
7:143:15	وَلَٰكِنِ	root	root	non-nominal-pos:AMD:root
7:143:19	فَإِنِ	root	root	non-nominal-pos:COND:root
7:143:22	فَسَوْفَ	fut	استقبال	non-nominal-pos:FUT:استقبال
7:143:36	سُبْحَٰنَكَ	cog	فاعل	case-conflict:فاعل
7:145:5	مِن	Obj	مفعول به	prep-in-nominal-slot:مفعول به
7:146:10	وَإِن	root	root	non-nominal-pos:COND:root
7:146:14	لَّا	rslt	جواب الشرط	non-nominal-pos:NEG:جواب الشرط
7:146:17	وَإِن	conj	معطوف	tabi-non-nominal:COND:معطوف
7:146:21	لَا	rslt	جواب الشرط	non-nominal-pos:NEG:جواب الشرط
7:146:24	وَإِن	conj	معطوف	tabi-non-nominal:COND:معطوف
7:147:8	هَلْ	root	root	non-nominal-pos:INTG:root
7:147:10	إِلَّا	res	حصر	non-nominal-pos:RES:حصر
7:148:12	أَلَمْ	intg	استفهام	non-nominal-pos:NEG:استفهام
7:148:15	لَا	pred<<an>>	خبر أن	non-nominal-pos:NEG:خبر أن
7:148:17	وَلَا	conj	معطوف	tabi-non-nominal:NEG:معطوف
7:149:7	قَدْ	pred<<an>>	خبر أن	non-nominal-pos:CERT:خبر أن
7:149:10	لَئِن	Obj	مفعول به	non-nominal-pos:COND:مفعول به
7:149:11	لَّمْ	cond	شرط	non-nominal-pos:NEG:شرط
7:149:13	رَبُّنَا	Subj	مفعول به	case-conflict:مفعول به
7:150:1	وَلَمَّا	link	متعلق	no-case:متعلق:T
7:150:31	فَلَا	root	root	non-nominal-pos:PRO:root
7:150:35	وَلَا	conj	معطوف	tabi-non-nominal:NEG:معطوف
7:154:5	ٱلْغَضَبُ	Subj	مفعول به	case-conflict:مفعول به
7:154:13	هُمْ	sub	صلة	no-case:صلة:PRON
7:155:3	قَوْمَهُۥ	gen	مجرور	case-conflict:مجرور
7:155:9	ٱلرَّجْفَةُ	Subj	مفعول به	case-conflict:مفعول به
7:155:12	لَوْ	root	root	non-nominal-pos:COND:root
7:155:23	إِنْ	root	root	non-nominal-pos:NEG:root
7:155:24	هِىَ	neg	نفي	no-case:نفي:PRON
7:155:25	إِلَّا	res	حصر	non-nominal-pos:RES:حصر
7:156:7	وَفِى	conj	متعلق	tabi-non-nominal:P:متعلق
7:156:13	عَذَابِىٓ	Obj	مفعول به	case-conflict:مفعول به
7:156:28	هُم	sub	صلة	no-case:صلة:PRON
7:158:14	لَآ	root	root	non-nominal-pos:NEG:root
7:158:16	إِلَّا	exp	مستثني	non-nominal-pos:EXP:مستثني
7:160:9	إِذِ	link	متعلق	no-case:متعلق:T
7:160:11	قَوْمُهُۥٓ	Subj	مفعول به	case-conflict:مفعول به
7:160:12	أَنِ	link	متعلق	non-nominal-pos:SUB:متعلق
7:160:18	ٱثْنَتَا	Subj	فاعل	case-conflict:فاعل
7:160:21	قَدْ	root	root	non-nominal-pos:CERT:root
7:160:25	مَّشْرَبَهُمْ	Obj	مضاف إليه	case-conflict:مضاف إليه
7:160:38	وَمَا	root	root	non-nominal-pos:NEG:root
7:160:40	وَلَٰكِن	root	root	non-nominal-pos:AMD:root
7:161:1	وَإِذْ	link	متعلق	no-case:متعلق:T
7:161:9	حَيْثُ	link	متعلق	no-case:متعلق:LOC
7:163:14	حِيتَانُهُمْ	Subj	مفعول به	case-conflict:مفعول به
7:163:18	وَيَوْمَ	root	root	case-conflict:root
7:163:19	لَا	Poss	مضاف إليه	non-nominal-pos:NEG:مضاف إليه
7:163:21	لَا	root	root	non-nominal-pos:NEG:root
7:164:5	لِمَ	gen	مجرور	non-nominal-pos:INTG:مجرور
7:164:8	ٱللَّهُ	Poss	مضاف إليه	case-conflict:مضاف إليه
7:167:17	وَإِنَّهُۥ	conj	معطوف	tabi-non-nominal:ACC:معطوف
7:169:14	وَإِن	root	root	non-nominal-pos:COND:root
7:169:19	أَلَمْ	intg	استفهام	non-nominal-pos:NEG:استفهام
7:169:24	أَن	App	بدل	tabi-non-nominal:SUB:بدل
7:169:25	لَّا	sub	صلة	non-nominal-pos:NEG:صلة
7:169:29	إِلَّا	res	حصر	non-nominal-pos:RES:حصر
7:169:39	أَفَلَا	intg	استفهام	non-nominal-pos:NEG:استفهام
7:170:7	لَا	pred<<in>>	خبر إن	non-nominal-pos:NEG:خبر إن
7:172:7	مِن	App	متعلق	tabi-non-nominal:P:متعلق
7:172:16	بَلَىٰ	Obj	مفعول به	non-nominal-pos:ANS:مفعول به
7:172:18	أَن	prp	المفعول لأجله	non-nominal-pos:SUB:المفعول لأجله
7:176:1	وَلَوْ	root	root	non-nominal-pos:COND:root
7:176:14	إِن	root	root	non-nominal-pos:COND:root
7:177:3	ٱلْقَوْمُ	Pred	مضاف إليه	case-conflict:مضاف إليه
7:178:1	مَن	root	root	non-nominal-pos:COND:root
7:178:4	فَهُوَ	rslt	جواب الشرط	no-case:جواب الشرط:PRON
7:178:6	وَمَن	conj	معطوف	tabi-non-nominal:COND:معطوف
7:178:8	فَأُو۟لَٰٓئِكَ	rslt	جواب الشرط	no-case:جواب الشرط:DEM
7:179:1	وَلَقَدْ	root	root	non-nominal-pos:CERT:root
7:179:10	لَّا	Adj	صفة	tabi-non-nominal:NEG:صفة
7:179:15	لَّا	Adj	صفة	tabi-non-nominal:NEG:صفة
7:179:20	لَّا	Adj	صفة	tabi-non-nominal:NEG:صفة
7:179:25	بَلْ	root	root	non-nominal-pos:RET:root
7:179:26	هُمْ	ret	اضراب	no-case:اضراب:PRON
7:182:7	لَا	Poss	مضاف إليه	non-nominal-pos:NEG:مضاف إليه
7:184:1	أَوَلَمْ	intg	استفهام	non-nominal-pos:NEG:استفهام
7:184:3	مَا	root	root	non-nominal-pos:NEG:root
7:184:7	إِنْ	root	root	non-nominal-pos:NEG:root
7:184:8	هُوَ	neg	نفي	no-case:نفي:PRON
7:184:9	إِلَّا	res	حصر	non-nominal-pos:RES:حصر
7:185:1	أَوَلَمْ	intg	استفهام	non-nominal-pos:NEG:استفهام
7:185:12	وَأَنْ	root	root	non-nominal-pos:SUB:root
7:185:14	أَن	Obj	مفعول به	non-nominal-pos:SUB:مفعول به
7:185:16	قَدِ	pred <<ykon>>	خبر يكون	non-nominal-pos:CERT:خبر يكون
7:186:1	مَن	root	root	non-nominal-pos:COND:root
7:186:4	فَلَا	rslt	جواب الشرط	non-nominal-pos:NEG:جواب الشرط
7:187:4	أَيَّانَ	link	متعلق	non-nominal-pos:INTG:متعلق
7:187:11	لَا	root	root	non-nominal-pos:NEG:root
7:187:14	إِلَّا	res	حصر	non-nominal-pos:RES:حصر
7:187:20	لَا	root	root	non-nominal-pos:NEG:root
7:187:22	إِلَّا	res	حصر	non-nominal-pos:RES:حصر
7:187:36	لَا	pred <<lakun>>	خبر لاكن	non-nominal-pos:NEG:خبر لاكن
7:188:2	لَّآ	Obj	مفعول به	non-nominal-pos:NEG:مفعول به
7:188:6	وَلَا	emph	توكيد	tabi-non-nominal:NEG:توكيد
7:188:8	إِلَّا	root	root	non-nominal-pos:EXP:root
7:188:12	وَلَوْ	root	root	non-nominal-pos:COND:root
7:188:19	وَمَا	root	root	non-nominal-pos:NEG:root
7:188:21	ٱلسُّوٓءُ	Subj	مفعول به	case-conflict:مفعول به
7:188:22	إِنْ	root	root	non-nominal-pos:NEG:root
7:188:23	أَنَا۠	neg	نفي	no-case:نفي:PRON
7:188:24	إِلَّا	res	حصر	non-nominal-pos:RES:حصر
7:189:24	لَئِنْ	root	root	non-nominal-pos:COND:root
7:190:1	فَلَمَّآ	link	متعلق	no-case:متعلق:T
7:191:3	لَا	sub	صلة	non-nominal-pos:NEG:صلة
7:192:1	وَلَا	root	root	non-nominal-pos:NEG:root
7:192:5	وَلَآ	conj	معطوف	tabi-non-nominal:NEG:معطوف
7:193:1	وَإِن	root	root	non-nominal-pos:COND:root
7:193:5	لَا	rslt	جواب الشرط	non-nominal-pos:NEG:جواب الشرط
7:194:12	إِن	root	root	non-nominal-pos:COND:root
7:195:25	فَلَا	root	root	non-nominal-pos:PRO:root
7:197:5	لَا	Pred	خبر	non-nominal-pos:NEG:خبر
7:197:8	وَلَآ	conj	معطوف	tabi-non-nominal:NEG:معطوف
7:198:1	وَإِن	root	root	non-nominal-pos:COND:root
7:198:5	لَا	rslt	جواب الشرط	non-nominal-pos:NEG:جواب الشرط
7:198:11	لَا	Pred	خبر	non-nominal-pos:NEG:خبر
7:200:1	وَإِمَّا	root	root	non-nominal-pos:COND:root
7:200:9	سَمِيعٌ	pred<<in>>	اسم إن	case-conflict:اسم إن
7:201:10	فَإِذَا	root	root	non-nominal-pos:SUR:root
7:201:11	هُم	sur	فجاءة	no-case:فجاءة:PRON
7:202:6	لَا	root	root	non-nominal-pos:NEG:root
7:203:2	لَمْ	cond	شرط	non-nominal-pos:NEG:شرط
7:203:6	لَوْلَا	Obj	مفعول به	non-nominal-pos:EXH:مفعول به
7:204:1	وَإِذَا	root	root	non-nominal-pos:COND:root
7:205:13	وَلَا	root	root	non-nominal-pos:PRO:root
7:206:5	لَا	pred<<in>>	خبر إن	non-nominal-pos:NEG:خبر إن
8:1:5	ٱلْأَنفَالُ	Obj	مفعول به	case-conflict:مفعول به
8:1:16	إِن	root	root	non-nominal-pos:COND:root
8:2:4	إِذَا	sub	صلة	no-case:صلة:T
8:5:1	كَمَآ	gen	مجرور	non-nominal-pos:SUB:مجرور
8:5:3	رَبُّكَ	Subj	مفعول به	case-conflict:مفعول به
8:6:4	بَعْدَمَا	link	متعلق	no-case:متعلق:T
8:7:6	أَنَّهَا	App	بدل	tabi-non-nominal:ACC:بدل
8:7:17	أَن	Obj	مفعول به	non-nominal-pos:SUB:مفعول به
8:8:5	وَلَوْ	root	root	non-nominal-pos:COND:root
8:10:1	وَمَا	root	root	non-nominal-pos:NEG:root
8:10:4	إِلَّا	res	حصر	non-nominal-pos:RES:حصر
8:10:9	وَمَا	root	root	non-nominal-pos:NEG:root
8:10:11	إِلَّا	res	حصر	non-nominal-pos:RES:حصر
8:13:6	وَمَن	root	root	non-nominal-pos:COND:root
8:15:9	فَلَا	rslt	جواب الشرط	non-nominal-pos:PRO:جواب الشرط
8:16:1	وَمَن	root	root	non-nominal-pos:COND:root
8:16:3	يَوْمَئِذٍ	link	متعلق	no-case:متعلق:T
8:16:5	إِلَّا	res	حصر	non-nominal-pos:RES:حصر
8:16:12	فَقَدْ	rslt	جواب الشرط	non-nominal-pos:CERT:جواب الشرط
8:17:1	فَلَمْ	root	root	non-nominal-pos:NEG:root
8:17:6	وَمَا	root	root	non-nominal-pos:NEG:root
8:17:8	إِذْ	link	متعلق	no-case:متعلق:T
8:19:1	إِن	root	root	non-nominal-pos:COND:root
8:19:3	فَقَدْ	rslt	جواب الشرط	non-nominal-pos:CERT:جواب الشرط
8:19:5	ٱلْفَتْحُ	Subj	مفعول به	case-conflict:مفعول به
8:19:6	وَإِن	conj	معطوف	tabi-non-nominal:COND:معطوف
8:19:8	فَهُوَ	rslt	جواب الشرط	no-case:جواب الشرط:PRON
8:19:11	وَإِن	conj	معطوف	tabi-non-nominal:COND:معطوف
8:19:14	وَلَن	root	root	non-nominal-pos:NEG:root
8:19:19	وَلَوْ	root	root	non-nominal-pos:COND:root
8:20:7	وَلَا	root	root	non-nominal-pos:PRO:root
8:21:1	وَلَا	conj	معطوف	tabi-non-nominal:PRO:معطوف
8:21:7	لَا	Pred	خبر	non-nominal-pos:NEG:خبر
8:22:9	لَا	sub	صلة	non-nominal-pos:NEG:صلة
8:23:1	وَلَوْ	root	root	non-nominal-pos:COND:root
8:23:7	وَلَوْ	conj	معطوف	tabi-non-nominal:COND:معطوف
8:24:7	إِذَا	link	متعلق	no-case:متعلق:T
8:25:3	لَّا	Adj	صفة	tabi-non-nominal:NEG:صفة
8:26:2	إِذْ	link	متعلق	no-case:متعلق:T
8:26:9	أَن	Obj	مفعول به	non-nominal-pos:SUB:مفعول به
8:26:11	ٱلنَّاسُ	Subj	مفعول به	case-conflict:مفعول به
8:27:4	لَا	root	root	non-nominal-pos:PRO:root
8:29:4	إِن	root	root	non-nominal-pos:COND:root
8:31:6	قَدْ	Obj	مفعول به	non-nominal-pos:CERT:مفعول به
8:31:8	لَوْ	root	root	non-nominal-pos:COND:root
8:31:13	إِنْ	root	root	non-nominal-pos:NEG:root
8:31:14	هَٰذَآ	neg	نفي	no-case:نفي:DEM
8:31:15	إِلَّآ	res	حصر	non-nominal-pos:RES:حصر
8:32:4	إِن	root	root	non-nominal-pos:COND:root
8:32:7	هُوَ	-	-	absent-from-treebank:PRON
8:33:1	وَمَا	root	root	non-nominal-pos:NEG:root
8:33:7	وَمَا	conj	معطوف	tabi-non-nominal:NEG:معطوف
8:34:1	وَمَا	root	root	non-nominal-pos:INTG:root
8:34:3	أَلَّا	Pred	خبر	non-nominal-pos:SUB:خبر
8:34:11	وَمَا	root	root	non-nominal-pos:NEG:root
8:34:14	إِنْ	root	root	non-nominal-pos:NEG:root
8:34:16	إِلَّا	res	حصر	non-nominal-pos:RES:حصر
8:34:20	لَا	pred <<lakun>>	خبر لاكن	non-nominal-pos:NEG:خبر لاكن
8:35:1	وَمَا	root	root	non-nominal-pos:NEG:root
8:35:6	إِلَّا	res	حصر	non-nominal-pos:RES:حصر
8:38:4	إِن	Obj	مفعول به	non-nominal-pos:COND:مفعول به
8:38:9	قَدْ	sub	صلة	non-nominal-pos:CERT:صلة
8:38:11	وَإِن	conj	معطوف	tabi-non-nominal:COND:معطوف
8:38:13	فَقَدْ	rslt	جواب الشرط	non-nominal-pos:CERT:جواب الشرط
8:39:3	لَا	gen	مجرور	non-nominal-pos:NEG:مجرور
8:39:10	فَإِنِ	root	root	non-nominal-pos:COND:root
8:40:1	وَإِن	conj	معطوف	tabi-non-nominal:COND:معطوف
8:41:16	إِن	root	root	non-nominal-pos:COND:root
8:41:20	وَمَآ	conj	معطوف	tabi-non-nominal:SUB:معطوف
8:42:11	وَلَوْ	root	root	non-nominal-pos:COND:root
8:42:16	وَلَٰكِن	root	root	non-nominal-pos:AMD:root
8:43:7	وَلَوْ	root	root	non-nominal-pos:COND:root
8:44:3	إِذِ	link	متعلق	no-case:متعلق:T
8:46:4	وَلَا	root	root	non-nominal-pos:PRO:root
8:47:1	وَلَا	root	root	non-nominal-pos:PRO:root
8:48:7	لَا	Obj	مفعول به	non-nominal-pos:NEG:مفعول به
8:48:29	لَا	sub	صلة	non-nominal-pos:NEG:صلة
8:49:11	وَمَن	root	root	non-nominal-pos:COND:root
8:50:1	وَلَوْ	root	root	non-nominal-pos:COND:root
8:50:3	إِذْ	link	متعلق	no-case:متعلق:T
8:50:7	ٱلْمَلَٰٓئِكَةُ	Subj	مفعول به	case-conflict:مفعول به
8:52:16	شَدِيدُ	pred<<in>>	اسم إن	case-conflict:اسم إن
8:53:4	لَمْ	pred<<an>>	خبر أن	non-nominal-pos:NEG:خبر أن
8:55:9	لَا	Pred	خبر	non-nominal-pos:NEG:خبر
8:56:11	لَا	Pred	خبر	non-nominal-pos:NEG:خبر
8:57:1	فَإِمَّا	root	root	non-nominal-pos:COND:root
8:58:1	وَإِمَّا	root	root	non-nominal-pos:COND:root
8:58:12	لَا	pred<<in>>	خبر إن	non-nominal-pos:NEG:خبر إن
8:59:1	وَلَا	root	root	non-nominal-pos:NEG:root
8:59:7	لَا	pred<<in>>	خبر إن	non-nominal-pos:NEG:خبر إن
8:60:7	وَمِن	conj	معطوف	tabi-non-nominal:P:معطوف
8:60:18	لَا	Adj	صفة	tabi-non-nominal:NEG:صفة
8:60:22	وَمَا	root	root	non-nominal-pos:COND:root
8:60:32	لَا	Pred	خبر	non-nominal-pos:PRO:خبر
8:61:1	وَإِن	root	root	non-nominal-pos:COND:root
8:62:1	وَإِن	root	root	non-nominal-pos:COND:root
8:62:3	أَن	Obj	مفعول به	non-nominal-pos:SUB:مفعول به
8:63:4	لَوْ	root	root	non-nominal-pos:COND:root
8:63:10	مَّآ	rslt	جواب الشرط	non-nominal-pos:NEG:جواب الشرط
8:65:7	إِن	root	root	non-nominal-pos:COND:root
8:65:14	وَإِن	conj	معطوف	tabi-non-nominal:COND:معطوف
8:65:25	لَّا	Adj	صفة	tabi-non-nominal:NEG:صفة
8:66:9	فَإِن	root	root	non-nominal-pos:COND:root
8:66:16	وَإِن	conj	معطوف	tabi-non-nominal:COND:معطوف
8:67:1	مَا	root	root	non-nominal-pos:NEG:root
8:67:4	أَن	subj <<kan>>	اسم كان	non-nominal-pos:SUB:اسم كان
8:68:1	لَّوْلَا	root	root	non-nominal-pos:COND:root
8:70:9	إِن	root	root	non-nominal-pos:COND:root
8:71:1	وَإِن	root	root	non-nominal-pos:COND:root
8:71:4	فَقَدْ	rslt	جواب الشرط	non-nominal-pos:CERT:جواب الشرط
8:72:20	وَلَمْ	conj	معطوف	tabi-non-nominal:NEG:معطوف
8:72:22	مَا	root	root	non-nominal-pos:NEG:root
8:72:30	وَإِنِ	root	root	non-nominal-pos:COND:root
8:72:36	إِلَّا	root	root	non-nominal-pos:EXP:root
8:73:3	بَعْضُهُمْ	Obj	مفعول به	case-conflict:مفعول به
8:73:6	إِلَّا	root	root	non-nominal-pos:COND:root
9:2:9	مُعْجزى	Poss	مضاف إليه	case-conflict:مضاف إليه
9:2:13	مُخْزى	pred<<an>>	خبر أن	case-conflict:خبر أن
9:3:16	فإن	root	root	non-nominal-pos:COND:root
9:3:18	فهُو	rslt	جواب الشرط	no-case:جواب الشرط:PRON
9:3:21	وإن	conj	معطوف	tabi-non-nominal:COND:معطوف
9:3:26	مُعْجزى	Poss	مضاف إليه	case-conflict:مضاف إليه
9:4:1	إلا	root	root	non-nominal-pos:EXP:root
9:4:7	لمْ	root	root	non-nominal-pos:NEG:root
9:4:10	ولمْ	conj	معطوف	tabi-non-nominal:NEG:معطوف
9:5:7	حيْثُ	link	متعلق	no-case:متعلق:LOC
9:5:15	فإن	root	root	non-nominal-pos:COND:root
9:6:1	وإنْ	conj	root	tabi-non-nominal:COND:root
9:6:17	لا	Adj	صفة	tabi-non-nominal:NEG:صفة
9:7:1	كيْف	circ	حال	non-nominal-pos:INTG:حال
9:7:9	إلا	amd	استدراك	non-nominal-pos:EXP:استدراك
9:8:1	كيْف	circ	حال	non-nominal-pos:INTG:حال
9:8:2	وإن	intg	استفهام	non-nominal-pos:COND:استفهام
9:8:5	لا	rslt	جواب الشرط	non-nominal-pos:NEG:جواب الشرط
9:8:9	ولا	emph	توكيد	tabi-non-nominal:NEG:توكيد
9:10:1	لا	root	root	non-nominal-pos:NEG:root
9:10:6	ولا	emph	معطوف	tabi-non-nominal:NEG:معطوف
9:10:10	الْمُعْتدُون	Pred	خبر	case-conflict:خبر
9:11:1	فإن	root	root	non-nominal-pos:COND:root
9:11:11	الْءايت	Obj	مفعول به	case-conflict:مفعول به
9:12:1	وإن	conj	معطوف	tabi-non-nominal:COND:معطوف
9:12:14	لا	pred<<in>>	خبر إن	non-nominal-pos:NEG:خبر إن
9:13:1	ألا	intg	استفهام	non-nominal-pos:NEG:استفهام
9:13:16	أن	link	متعلق	non-nominal-pos:SUB:متعلق
9:13:18	إن	root	root	non-nominal-pos:COND:root
9:16:3	أن	Obj	مفعول به	non-nominal-pos:SUB:مفعول به
9:16:5	ولما	root	root	non-nominal-pos:NEG:root
9:16:11	ولمْ	conj	معطوف	tabi-non-nominal:NEG:معطوف
9:16:16	ولا	emph	توكيد	tabi-non-nominal:NEG:توكيد
9:16:18	ولا	emph	توكيد	tabi-non-nominal:NEG:توكيد
9:17:1	ما	root	root	non-nominal-pos:NEG:root
9:17:4	أن	root	root	non-nominal-pos:SUB:root
9:18:14	ولمْ	conj	معطوف	tabi-non-nominal:NEG:معطوف
9:18:16	إلا	res	حصر	non-nominal-pos:RES:حصر
9:18:20	أن	pred <<easaa>>	خبر عسى	non-nominal-pos:SUB:خبر عسى
9:19:16	لا	ans	جواب	non-nominal-pos:NEG:جواب
9:19:21	لا	Pred	خبر	non-nominal-pos:NEG:خبر
9:23:4	لا	root	root	non-nominal-pos:PRO:root
9:23:9	إن	root	root	non-nominal-pos:COND:root
9:23:14	ومن	root	root	non-nominal-pos:COND:root
9:23:17	فأُولئك	rslt	جواب الشرط	no-case:جواب الشرط:DEM
9:24:2	إن	Obj	مفعول به	non-nominal-pos:COND:مفعول به
9:24:30	لا	Pred	خبر	non-nominal-pos:NEG:خبر
9:25:1	لقدْ	root	root	non-nominal-pos:CERT:root
9:25:12	فلمْ	root	root	non-nominal-pos:NEG:root
9:26:11	لمْ	Adj	صفة	tabi-non-nominal:NEG:صفة
9:28:7	فلا	imrs	جواب أمر	non-nominal-pos:PRO:جواب أمر
9:28:14	وإنْ	root	root	non-nominal-pos:COND:root
9:28:17	فسوْف	fut	استقبال	non-nominal-pos:FUT:استقبال
9:28:22	إن	root	root	non-nominal-pos:COND:root
9:29:3	لا	sub	صلة	non-nominal-pos:NEG:صلة
9:29:6	ولا	emph	توكيد	tabi-non-nominal:NEG:توكيد
9:29:9	ولا	conj	معطوف	tabi-non-nominal:NEG:معطوف
9:29:15	ولا	conj	معطوف	tabi-non-nominal:NEG:معطوف
9:30:3	عُزيْر	Obj	مفعول به	case-conflict:مفعول به
9:30:8	الْمسيحُ	Obj	مفعول به	case-conflict:مفعول به
9:30:22	أنى	link	متعلق	non-nominal-pos:INTG:متعلق
9:31:10	مرْيم	Poss	مضاف إليه	case-conflict:مضاف إليه
9:31:11	وما	root	root	non-nominal-pos:NEG:root
9:31:13	إلا	cert	تحقيق	non-nominal-pos:RES:تحقيق
9:31:17	لا	Adj	صفة	tabi-non-nominal:NEG:صفة
9:31:19	إلا	exp	مستثني	non-nominal-pos:EXP:مستثني
9:32:2	أن	Obj	مفعول به	non-nominal-pos:SUB:مفعول به
9:32:9	إلا	Obj	مفعول به	non-nominal-pos:RES:مفعول به
9:32:10	أن	Poss	مضاف إليه	non-nominal-pos:SUB:مضاف إليه
9:32:13	ولوْ	circ	حال	non-nominal-pos:SUB:حال
9:33:12	ولوْ	circ	حال	non-nominal-pos:SUB:حال
9:34:17	والذين	root	root	non-nominal-pos:COND:root
9:34:21	ولا	root	root	non-nominal-pos:NEG:root
9:35:3	عليْها	Pass	نائب فاعل	prep-in-nominal-slot:نائب فاعل
9:36:14	السموت	Obj	مفعول به	case-conflict:مفعول به
9:36:22	فلا	root	root	non-nominal-pos:PRO:root
9:36:29	كما	gen	مجرور	non-nominal-pos:SUB:مجرور
9:37:28	لا	Pred	خبر	non-nominal-pos:NEG:خبر
9:38:4	ما	root	root	non-nominal-pos:INTG:root
9:38:21	فما	root	root	non-nominal-pos:NEG:root
9:38:27	إلا	res	حصر	non-nominal-pos:RES:حصر
9:39:1	إلا	root	root	non-nominal-pos:RES:root
9:39:9	ولا	root	root	non-nominal-pos:PRO:root
9:40:1	إلا	root	root	non-nominal-pos:RES:root
9:40:3	فقدْ	rslt	جواب الشرط	non-nominal-pos:CERT:جواب الشرط
9:40:6	إذْ	link	متعلق	no-case:متعلق:T
9:40:19	لا	Obj	مفعول به	non-nominal-pos:NEG:مفعول به
9:40:30	لمْ	Adj	صفة	tabi-non-nominal:NEG:صفة
9:40:36	السُفْلى	Obj	مفعول به	case-conflict:مفعول به
9:41:13	إن	root	root	non-nominal-pos:COND:root
9:42:1	لوْ	root	root	non-nominal-pos:COND:root
9:42:8	ولكن	root	root	non-nominal-pos:AMD:root
9:42:14	لو	Obj	مفعول به	non-nominal-pos:COND:مفعول به
9:43:4	لم	gen	مجرور	non-nominal-pos:INTG:مجرور
9:44:1	لا	root	root	non-nominal-pos:NEG:root
9:44:8	أن	link	متعلق	non-nominal-pos:SUB:متعلق
9:45:4	لا	sub	صلة	non-nominal-pos:NEG:صلة
9:46:1	ولوْ	root	root	non-nominal-pos:COND:root
9:46:7	ولكن	root	root	non-nominal-pos:AMD:root
9:47:1	لوْ	root	root	non-nominal-pos:COND:root
9:47:4	ما	rslt	جواب الشرط	non-nominal-pos:NEG:جواب الشرط
9:47:6	إلا	root	root	non-nominal-pos:EXP:root
9:47:13	سمعُون	circ	حال	case-conflict:حال
9:48:1	لقد	root	root	non-nominal-pos:CERT:root
9:48:8	الْأُمُور	Obj	root	case-conflict:root
9:48:9	حتى	link	متعلق	non-nominal-pos:INC:متعلق
9:49:6	ولا	root	root	non-nominal-pos:NEG:root
9:49:8	ألا	root	root	non-nominal-pos:INC:root
9:49:13	جهنم	subj<<in>>	اسم إن	case-conflict:اسم إن
9:50:1	إن	root	root	non-nominal-pos:COND:root
9:50:5	وإن	conj	معطوف	tabi-non-nominal:COND:معطوف
9:50:9	قدْ	Obj	مفعول به	non-nominal-pos:CERT:مفعول به
9:51:2	لن	Obj	مفعول به	non-nominal-pos:NEG:مفعول به
9:51:4	إلا	res	حصر	non-nominal-pos:RES:حصر
9:51:10	موْلىنا	Pred	خبر	case-conflict:خبر
9:52:2	هلْ	Obj	مفعول به	non-nominal-pos:INTG:مفعول به
9:52:5	إلا	res	حصر	non-nominal-pos:RES:حصر
9:52:6	إحْدى	Obj	مفعول به	case-conflict:مفعول به
9:52:7	الْحُسْنييْن	Poss	مضاف إليه	case-conflict:مضاف إليه
9:52:11	أن	root	root	non-nominal-pos:SUB:root
9:53:6	لن	imrs	جواب أمر	non-nominal-pos:NEG:جواب أمر
9:53:8	منكُمْ	Pass	نائب فاعل	prep-in-nominal-slot:نائب فاعل
9:54:1	وما	root	root	non-nominal-pos:NEG:root
9:54:3	أن	Obj	مفعول به	non-nominal-pos:SUB:مفعول به
9:54:7	إلا	res	حصر	non-nominal-pos:RES:حصر
9:54:12	ولا	root	root	non-nominal-pos:NEG:root
9:54:15	إلا	res	حصر	non-nominal-pos:RES:حصر
9:54:18	ولا	conj	معطوف	tabi-non-nominal:NEG:معطوف
9:54:20	إلا	res	حصر	non-nominal-pos:RES:حصر
9:55:1	فلا	root	root	non-nominal-pos:PRO:root
9:55:4	ولا	emph	معطوف	tabi-non-nominal:NEG:معطوف
9:56:5	وما	root	root	non-nominal-pos:NEG:root
9:56:6	هُم	neg	نفي	no-case:نفي:PRON
9:57:1	لوْ	root	root	non-nominal-pos:COND:root
9:58:6	فإنْ	root	root	non-nominal-pos:COND:root
9:58:10	وإن	conj	root	tabi-non-nominal:COND:root
9:58:11	لمْ	cond	شرط	non-nominal-pos:NEG:شرط
9:58:14	إذا	rslt	جواب الشرط	non-nominal-pos:SUR:جواب الشرط
9:58:15	هُمْ	sur	فجاءة	no-case:فجاءة:PRON
9:59:1	ولوْ	conj	root	tabi-non-nominal:COND:root
9:59:9	حسْبُنا	Obj	مفعول به	case-conflict:مفعول به
9:60:9	وفى	conj	معطوف	tabi-non-nominal:P:معطوف
9:60:12	وفى	conj	معطوف	tabi-non-nominal:P:معطوف
9:62:8	أن	link	متعلق	non-nominal-pos:SUB:متعلق
9:62:10	إن	root	root	non-nominal-pos:COND:root
9:63:1	ألمْ	intg	استفهام	non-nominal-pos:NEG:استفهام
9:64:3	أن	Obj	مفعول به	non-nominal-pos:SUB:مفعول به
9:65:1	ولئن	root	root	non-nominal-pos:COND:root
9:66:1	لا	root	root	non-nominal-pos:PRO:root
9:66:3	قدْ	root	root	non-nominal-pos:CERT:root
9:66:7	إن	root	root	non-nominal-pos:COND:root
9:69:15	كما	gen	مجرور	non-nominal-pos:SUB:مجرور
9:70:1	ألمْ	intg	استفهام	non-nominal-pos:NEG:استفهام
9:70:19	فما	root	root	non-nominal-pos:NEG:root
9:70:23	ولكن	root	root	non-nominal-pos:AMD:root
9:72:5	جنتٍ	Spec	مفعول به	case-conflict:مفعول به
9:73:8	ومأْوىهُمْ	root	root	case-conflict:root
9:74:3	ما	Obj	مفعول به	non-nominal-pos:NEG:مفعول به
9:74:5	ولقدْ	root	root	non-nominal-pos:CERT:root
9:74:14	لمْ	sub	صلة	non-nominal-pos:NEG:صلة
9:74:16	وما	root	root	non-nominal-pos:NEG:root
9:74:18	إلا	exp	مفعول به	non-nominal-pos:EXP:مفعول به
9:74:19	أنْ	exp	مستثني	non-nominal-pos:SUB:مستثني
9:74:25	فإن	root	root	non-nominal-pos:COND:root
9:74:30	وإن	conj	معطوف	tabi-non-nominal:COND:معطوف
9:74:39	وما	root	root	non-nominal-pos:NEG:root
9:74:43	من	Pred	زائد	prep-in-nominal-slot:زائد
9:74:45	ولا	emph	توكيد	tabi-non-nominal:NEG:توكيد
9:75:5	لئنْ	root	root	non-nominal-pos:COND:root
9:77:8	بما	gen	مجرور	non-nominal-pos:SUB:مجرور
9:77:13	وبما	gen	مجرور	non-nominal-pos:SUB:مجرور
9:78:1	ألمْ	intg	استفهام	non-nominal-pos:NEG:استفهام
9:79:9	لا	sub	صلة	non-nominal-pos:NEG:صلة
9:79:11	إلا	res	حصر	non-nominal-pos:RES:حصر
9:80:4	لا	conj	root	tabi-non-nominal:NEG:root
9:80:7	إن	root	root	non-nominal-pos:COND:root
9:80:12	فلن	rslt	جواب الشرط	non-nominal-pos:NEG:جواب الشرط
9:80:22	لا	Pred	خبر	non-nominal-pos:NEG:خبر
9:81:8	أن	link	متعلق	non-nominal-pos:SUB:متعلق
9:81:16	لا	Obj	مفعول به	non-nominal-pos:PRO:مفعول به
9:81:21	نارُ	Obj	مفعول به	case-conflict:مفعول به
9:81:25	لوْ	root	root	non-nominal-pos:COND:root
9:83:1	فإن	root	root	non-nominal-pos:COND:root
9:83:10	لن	Obj	مفعول به	non-nominal-pos:NEG:مفعول به
9:83:14	ولن	conj	معطوف	tabi-non-nominal:NEG:معطوف
9:84:1	ولا	root	root	non-nominal-pos:NEG:root
9:84:8	ولا	conj	معطوف	tabi-non-nominal:PRO:معطوف
9:85:1	ولا	conj	root	tabi-non-nominal:PRO:root
9:85:8	أن	Obj	مفعول به	non-nominal-pos:SUB:مفعول به
9:86:4	أنْ	root	root	non-nominal-pos:INT:root
9:87:2	بأن	gen	مجرور	non-nominal-pos:SUB:مجرور
9:87:10	لا	Pred	خبر	non-nominal-pos:NEG:خبر
9:88:1	لكن	root	root	non-nominal-pos:AMD:root
9:89:4	جنتٍ	Obj	مفعول به	case-conflict:مفعول به
9:91:4	ولا	conj	معطوف	tabi-non-nominal:NEG:معطوف
9:91:7	ولا	conj	معطوف	tabi-non-nominal:NEG:معطوف
9:91:10	لا	sub	صلة	non-nominal-pos:NEG:صلة
9:91:15	إذا	link	متعلق	no-case:متعلق:T
9:91:19	ما	rslt	جواب الشرط	non-nominal-pos:NEG:جواب الشرط
9:92:1	ولا	root	root	non-nominal-pos:NEG:root
9:92:2	على	Poss	مضاف إليه	prep-in-nominal-slot:مضاف إليه
9:92:4	إذا	sub	صلة	no-case:صلة:T
9:92:5	ما	sup	زائد	no-case:زائد:REL
9:92:9	لا	Obj	مفعول به	non-nominal-pos:NEG:مفعول به
9:92:15	وأعْيُنُهُمْ	circ	حال	case-conflict:حال
9:92:20	ألا	prp	المفعول لأجله	non-nominal-pos:SUB:المفعول لأجله
9:93:9	بأن	gen	مجرور	non-nominal-pos:SUB:مجرور
9:93:18	لا	Pred	خبر	non-nominal-pos:NEG:خبر
9:94:3	إذا	link	متعلق	no-case:متعلق:T
9:94:7	لا	Obj	مفعول به	non-nominal-pos:PRO:مفعول به
9:94:9	لن	root	root	non-nominal-pos:NEG:root
9:94:12	قدْ	root	root	non-nominal-pos:CERT:root
9:95:4	إذا	link	متعلق	no-case:متعلق:T
9:95:13	ومأْوىهُمْ	root	root	case-conflict:root
9:96:5	فإن	root	root	non-nominal-pos:COND:root
9:96:10	لا	pred<<in>>	خبر إن	non-nominal-pos:NEG:خبر إن
9:97:6	ألا	link	متعلق	non-nominal-pos:SUB:متعلق
9:99:11	قُرُبتٍ	Obj	مفعول به	case-conflict:مفعول به
9:99:16	ألا	root	root	non-nominal-pos:INC:root
9:100:16	جنتٍ	Obj	مفعول به	case-conflict:مفعول به
9:101:1	وممنْ	Pred	خبر	prep-in-nominal-slot:خبر
9:101:6	ومنْ	conj	معطوف	tabi-non-nominal:P:معطوف
9:101:12	لا	Pred	خبر	non-nominal-pos:NEG:خبر
9:101:17	مرتيْن	cog	مفعول مطلق	case-conflict:مفعول مطلق
9:102:11	أن	pred <<easaa>>	خبر عسى	non-nominal-pos:SUB:خبر عسى
9:104:1	ألمْ	intg	استفهام	non-nominal-pos:NEG:استفهام
9:104:11	الصدقت	Obj	مفعول به	case-conflict:مفعول به
9:104:12	وأن	conj	معطوف	tabi-non-nominal:ACC:معطوف
9:106:5	إما	root	root	non-nominal-pos:EXL:root
9:106:7	وإما	conj	معطوف	tabi-non-nominal:EXL:معطوف
9:107:17	إنْ	Obj	مفعول به	non-nominal-pos:NEG:مفعول به
9:107:19	إلا	res	حصر	non-nominal-pos:RES:حصر
9:108:1	لا	root	root	non-nominal-pos:PRO:root
9:108:13	أن	link	متعلق	non-nominal-pos:SUB:متعلق
9:108:19	أن	Obj	مفعول به	non-nominal-pos:SUB:مفعول به
9:109:1	أفمنْ	intg	استفهام	no-case:استفهام:REL
9:109:24	لا	Pred	خبر	non-nominal-pos:NEG:خبر
9:110:1	لا	root	root	non-nominal-pos:NEG:root
9:110:9	إلا	root	root	non-nominal-pos:RES:root
9:110:10	أن	exp	مستثني	non-nominal-pos:SUB:مستثني
9:111:10	الْجنة	pred<<an>>	خبر أن	case-conflict:خبر أن
9:113:1	ما	root	root	non-nominal-pos:NEG:root
9:113:6	أن	pred <<kan>>	خبر كان	non-nominal-pos:SUB:خبر كان
9:113:9	ولوْ	root	root	non-nominal-pos:COND:root
9:113:12	قُرْبى	Poss	مضاف إليه	case-conflict:مضاف إليه
9:114:1	وما	root	root	non-nominal-pos:NEG:root
9:114:3	اسْتغْفارُ	Poss	مضاف إليه	case-conflict:مضاف إليه
9:114:6	إلا	res	حصر	non-nominal-pos:RES:حصر
9:115:1	وما	root	root	non-nominal-pos:NEG:root
9:116:9	وما	root	root	non-nominal-pos:NEG:root
9:116:15	ولىٍ	root	root	case-conflict:root
9:116:16	ولا	emph	توكيد	tabi-non-nominal:NEG:توكيد
9:117:1	لقد	root	root	non-nominal-pos:CERT:root
9:118:5	حتى	root	root	non-nominal-pos:INC:root
9:118:6	إذا	inc	ابتداء	no-case:ابتداء:T
9:118:16	أن	Obj	مفعول به	non-nominal-pos:SUB:مفعول به
9:118:17	لا	pred<<an>>	خبر أن	non-nominal-pos:NEG:خبر أن
9:118:21	إلا	res	حصر	non-nominal-pos:RES:حصر
9:120:1	ما	root	root	non-nominal-pos:NEG:root
9:120:9	أن	pred <<kan>>	خبر كان	non-nominal-pos:SUB:خبر كان
9:120:14	ولا	root	root	non-nominal-pos:NEG:root
9:120:21	لا	pred<<in>>	خبر إن	non-nominal-pos:NEG:خبر إن
9:120:24	ولا	emph	توكيد	tabi-non-nominal:NEG:توكيد
9:120:26	ولا	emph	توكيد	tabi-non-nominal:NEG:توكيد
9:120:31	ولا	root	root	non-nominal-pos:NEG:root
9:120:36	ولا	conj	معطوف	tabi-non-nominal:NEG:معطوف
9:120:41	إلا	res	حصر	non-nominal-pos:RES:حصر
9:120:49	لا	pred<<in>>	خبر إن	non-nominal-pos:NEG:خبر إن
9:121:1	ولا	root	root	non-nominal-pos:NEG:root
9:121:5	ولا	emph	توكيد	tabi-non-nominal:NEG:توكيد
9:121:7	ولا	conj	معطوف	tabi-non-nominal:NEG:معطوف
9:121:10	إلا	res	حصر	non-nominal-pos:RES:حصر
9:122:1	وما	root	root	non-nominal-pos:NEG:root
9:122:6	فلوْلا	root	root	non-nominal-pos:COND:root
9:122:18	إذا	link	متعلق	no-case:متعلق:T
9:124:2	ما	sup	زائد	no-case:زائد:REL
9:124:8	أيُكُمْ	Obj	مفعول به	case-conflict:مفعول به
9:124:12	فأما	root	root	non-nominal-pos:EXL:root
9:124:13	الذين	exl	تفصيل	non-nominal-pos:COND:تفصيل
9:125:1	وأما	conj	معطوف	tabi-non-nominal:EXL:معطوف
9:125:2	الذين	exl	تفصيل	non-nominal-pos:COND:تفصيل
9:126:1	أولا	intg	استفهام	non-nominal-pos:NEG:استفهام
9:126:12	لا	root	root	non-nominal-pos:NEG:root
9:126:14	ولا	emph	توكيد	tabi-non-nominal:NEG:توكيد
9:126:15	هُمْ	neg	نفي	no-case:نفي:PRON
9:127:2	ما	sup	زائد	no-case:زائد:REL
9:127:9	هلْ	Obj	مفعول به	non-nominal-pos:INTG:مفعول به
9:127:11	منْ	Subj	فاعل	prep-in-nominal-slot:فاعل
9:127:20	لا	Adj	صفة	tabi-non-nominal:NEG:صفة
9:128:1	لقدْ	root	root	non-nominal-pos:CERT:root
9:129:1	فإن	root	root	non-nominal-pos:COND:root
9:129:4	حسْبى	Obj	مفعول به	case-conflict:مفعول به
9:129:6	لا	App	بدل	tabi-non-nominal:NEG:بدل
9:129:8	إلا	exp	مستثني	non-nominal-pos:RES:مستثني
10:1:1	الر	-	-	absent-from-treebank:INL
10:2:3	عجبًا	pred <<kan>>	خبر كان	case-conflict:خبر كان
10:2:4	أنْ	subj <<kan>>	اسم كان	non-nominal-pos:SUB:اسم كان
10:2:9	أنْ	root	root	non-nominal-pos:INT:root
10:3:17	ما	root	root	non-nominal-pos:NEG:root
10:3:20	إلا	root	root	non-nominal-pos:RES:root
10:3:28	أفلا	intg	استفهام	non-nominal-pos:NEG:استفهام
10:5:14	ما	root	root	non-nominal-pos:NEG:root
10:5:18	إلا	res	حصر	non-nominal-pos:RES:حصر
10:7:3	لا	sub	صلة	non-nominal-pos:NEG:صلة
10:7:12	هُمْ	sub	صلة	no-case:صلة:PRON
10:10:9	دعْوىهُمْ	Poss	مضاف إليه	case-conflict:مضاف إليه
10:10:10	أن	Obj	مفعول به	non-nominal-pos:SUB:مفعول به
10:11:1	ولوْ	root	root	non-nominal-pos:COND:root
10:11:6	اسْتعْجالهُم	root	root	case-conflict:root
10:11:13	لا	sub	صلة	non-nominal-pos:NEG:صلة
10:12:16	كأن	gen	مجرور	non-nominal-pos:SUB:مجرور
10:12:17	لمْ	sub	صلة	non-nominal-pos:NEG:صلة
10:13:1	ولقدْ	root	root	non-nominal-pos:CERT:root
10:13:6	لما	link	متعلق	no-case:متعلق:T
10:13:11	وما	root	root	non-nominal-pos:NEG:root
10:14:9	كيْف	circ	حال	non-nominal-pos:INTG:حال
10:15:8	لا	sub	صلة	non-nominal-pos:NEG:صلة
10:15:18	ما	Obj	مفعول به	non-nominal-pos:NEG:مفعول به
10:15:21	أنْ	Subj	فاعل	non-nominal-pos:SUB:فاعل
10:15:25	نفْسى	Poss	مضاف إليه	case-conflict:مضاف إليه
10:15:26	إنْ	root	root	non-nominal-pos:NEG:root
10:15:28	إلا	res	حصر	non-nominal-pos:RES:حصر
10:15:34	إنْ	root	root	non-nominal-pos:COND:root
10:15:36	ربى	Obj	مفعول به	case-conflict:مفعول به
10:16:2	لوْ	Obj	مفعول به	non-nominal-pos:COND:مفعول به
10:16:5	ما	rslt	جواب الشرط	non-nominal-pos:NEG:جواب الشرط
10:16:8	ولا	root	root	non-nominal-pos:NEG:root
10:16:11	فقدْ	root	root	non-nominal-pos:CERT:root
10:16:17	أفلا	intg	استفهام	non-nominal-pos:NEG:استفهام
10:17:12	لا	pred<<in>>	خبر إن	non-nominal-pos:NEG:خبر إن
10:18:6	لا	sub	صلة	non-nominal-pos:NEG:صلة
10:18:8	ولا	emph	توكيد	tabi-non-nominal:NEG:توكيد
10:18:19	لا	sub	صلة	non-nominal-pos:NEG:صلة
10:18:23	ولا	emph	توكيد	tabi-non-nominal:NEG:توكيد
10:19:1	وما	root	root	non-nominal-pos:NEG:root
10:19:4	إلا	res	حصر	non-nominal-pos:RES:حصر
10:19:8	ولوْلا	root	root	non-nominal-pos:COND:root
10:19:14	بيْنهُمْ	Pass	نائب فاعل	case-conflict:نائب فاعل
10:20:2	لوْلا	Obj	مفعول به	non-nominal-pos:EXH:مفعول به
10:21:7	ضراء	Poss	مضاف إليه	case-conflict:مضاف إليه
10:21:9	إذا	root	root	non-nominal-pos:SUR:root
10:21:15	اللهُ	Obj	مفعول به	case-conflict:مفعول به
10:22:7	حتى	root	root	non-nominal-pos:INC:root
10:22:8	إذا	inc	ابتداء	no-case:ابتداء:T
10:22:35	لئنْ	root	root	non-nominal-pos:COND:root
10:23:3	إذا	rslt	جواب الشرط	non-nominal-pos:SUR:جواب الشرط
10:23:4	هُمْ	sur	فجاءة	no-case:فجاءة:PRON
10:24:17	حتى	root	root	non-nominal-pos:INC:root
10:24:18	إذا	inc	ابتداء	no-case:ابتداء:T
10:24:35	كأن	gen	مجرور	non-nominal-pos:SUB:مجرور
10:24:36	لمْ	sub	صلة	non-nominal-pos:NEG:صلة
10:26:5	ولا	root	root	non-nominal-pos:NEG:root
10:26:9	ولا	emph	توكيد	tabi-non-nominal:NEG:توكيد
10:27:9	ما	root	root	non-nominal-pos:NEG:root
10:27:14	عاصمٍ	root	root	case-conflict:root
10:28:1	ويوْم	root	root	case-conflict:root
10:28:15	ما	Obj	مفعول به	non-nominal-pos:NEG:مفعول به
10:29:6	إن	root	root	non-nominal-pos:COND:root
10:30:1	هُنالك	link	متعلق	no-case:متعلق:T
10:31:26	أفلا	intg	استفهام	non-nominal-pos:NEG:استفهام
10:32:5	فماذا	root	root	non-nominal-pos:INTG:root
10:32:8	إلا	res	حصر	non-nominal-pos:RES:حصر
10:32:10	فأنى	link	متعلق	non-nominal-pos:INTG:متعلق
10:33:9	لا	pred<<in>>	خبر إن	non-nominal-pos:NEG:خبر إن
10:34:2	هلْ	Obj	مفعول به	non-nominal-pos:INTG:مفعول به
10:34:11	اللهُ	Obj	مفعول به	case-conflict:مفعول به
10:34:16	فأنى	link	متعلق	non-nominal-pos:INTG:متعلق
10:35:2	هلْ	Obj	مفعول به	non-nominal-pos:INTG:مفعول به
10:35:10	اللهُ	Obj	مفعول به	case-conflict:مفعول به
10:35:13	أفمن	intg	استفهام	no-case:استفهام:REL
10:35:18	أن	link	متعلق	non-nominal-pos:SUB:متعلق
10:35:21	لا	sub	صلة	non-nominal-pos:NEG:صلة
10:35:23	إلا	root	root	non-nominal-pos:RES:root
10:35:24	أن	link	متعلق	non-nominal-pos:SUB:متعلق
10:35:28	كيْف	circ	حال	non-nominal-pos:INTG:حال
10:36:1	وما	root	root	non-nominal-pos:NEG:root
10:36:4	إلا	res	حصر	non-nominal-pos:RES:حصر
10:36:8	لا	pred<<an>>	خبر أن	non-nominal-pos:NEG:خبر أن
10:37:1	وما	root	root	non-nominal-pos:NEG:root
10:37:5	أن	pred <<kan>>	خبر كان	non-nominal-pos:SUB:خبر كان
10:37:10	ولكن	root	root	non-nominal-pos:AMD:root
10:37:11	تصْديق	pred <<lakin>>	خبر لكن	case-conflict:خبر لكن
10:37:14	يديْه	Poss	مضاف إليه	case-conflict:مضاف إليه
10:37:17	لا	root	root	non-nominal-pos:NEG:root
10:38:14	إن	root	root	non-nominal-pos:COND:root
10:39:1	بلْ	root	root	non-nominal-pos:RET:root
10:39:4	لمْ	sub	صلة	non-nominal-pos:NEG:صلة
10:39:7	ولما	root	root	non-nominal-pos:NEG:root
10:39:16	كيْف	pred <<kan>>	خبر كان	non-nominal-pos:INTG:خبر كان
10:40:7	لا	sub	صلة	non-nominal-pos:NEG:صلة
10:41:1	وإن	root	root	non-nominal-pos:COND:root
10:41:5	عملى	Obj	مفعول به	case-conflict:مفعول به
10:42:5	أفأنت	intg	استفهام	no-case:استفهام:PRON
10:42:8	ولوْ	circ	حال	non-nominal-pos:COND:حال
10:42:10	لا	pred <<kan>>	خبر كان	non-nominal-pos:NEG:خبر كان
10:43:5	أفأنت	intg	استفهام	no-case:استفهام:PRON
10:43:8	ولوْ	circ	حال	non-nominal-pos:COND:حال
10:43:10	لا	pred <<kan>>	خبر كان	non-nominal-pos:NEG:خبر كان
10:44:3	لا	pred<<in>>	خبر إن	non-nominal-pos:NEG:خبر إن
10:45:1	ويوْم	root	root	case-conflict:root
10:45:3	كأن	gen	مجرور	non-nominal-pos:SUB:مجرور
10:45:4	لمْ	sub	صلة	non-nominal-pos:NEG:صلة
10:45:6	إلا	res	حصر	non-nominal-pos:RES:حصر
10:45:12	قدْ	root	root	non-nominal-pos:CERT:root
10:45:18	وما	root	root	non-nominal-pos:NEG:root
10:46:1	وإما	sup	زائد	non-nominal-pos:EXL:زائد
10:47:8	بيْنهُم	Pass	نائب فاعل	case-conflict:نائب فاعل
10:47:11	لا	Pred	خبر	non-nominal-pos:NEG:خبر
10:48:2	متى	link	متعلق	non-nominal-pos:INTG:متعلق
10:48:5	إن	root	root	non-nominal-pos:COND:root
10:49:2	لا	Obj	مفعول به	non-nominal-pos:NEG:مفعول به
10:49:6	ولا	emph	توكيد	tabi-non-nominal:NEG:توكيد
10:49:8	إلا	root	root	non-nominal-pos:RES:root
10:49:15	إذا	link	متعلق	no-case:متعلق:T
10:49:18	فلا	rslt	جواب الشرط	non-nominal-pos:NEG:جواب الشرط
10:49:21	ولا	emph	توكيد	tabi-non-nominal:NEG:توكيد
10:50:3	إنْ	Obj	مفعول به	non-nominal-pos:COND:مفعول به
10:50:9	ماذا	Obj	مفعول به	non-nominal-pos:INTG:مفعول به
10:51:2	إذا	intg	استفهام	no-case:استفهام:T
10:51:3	ما	sup	زائد	no-case:زائد:REL
10:51:8	وقدْ	circ	حال	non-nominal-pos:CERT:حال
10:52:8	هلْ	root	root	non-nominal-pos:INTG:root
10:52:10	إلا	root	root	non-nominal-pos:RES:root
10:53:5	إى	Obj	مفعول به	non-nominal-pos:ANS:مفعول به
10:53:9	وما	root	root	non-nominal-pos:NEG:root
10:53:10	أنتُم	neg	نفي	no-case:نفي:PRON
10:54:1	ولوْ	root	root	non-nominal-pos:COND:root
10:54:20	لا	Pred	خبر	non-nominal-pos:NEG:خبر
10:55:1	ألا	root	root	non-nominal-pos:INC:root
10:55:8	ألا	root	root	non-nominal-pos:INC:root
10:55:15	لا	pred <<lakin>>	خبر لكن	non-nominal-pos:NEG:خبر لكن
10:57:3	قدْ	root	root	non-nominal-pos:CERT:root
10:60:1	وما	root	root	non-nominal-pos:INTG:root
10:60:18	لا	pred <<lakin>>	خبر لكن	non-nominal-pos:NEG:خبر لكن
10:61:1	وما	root	root	non-nominal-pos:NEG:root
10:61:5	وما	root	root	non-nominal-pos:NEG:root
10:61:10	ولا	root	root	non-nominal-pos:NEG:root
10:61:12	منْ	Obj	مفعول به	prep-in-nominal-slot:مفعول به
10:61:14	إلا	res	حصر	non-nominal-pos:RES:حصر
10:61:18	إذْ	link	متعلق	no-case:متعلق:T
10:61:21	وما	root	root	non-nominal-pos:NEG:root
10:61:25	من	Subj	فاعل	prep-in-nominal-slot:فاعل
10:61:30	ولا	emph	توكيد	tabi-non-nominal:NEG:توكيد
10:61:31	فى	conj	معطوف	tabi-non-nominal:P:معطوف
10:61:33	ولا	root	root	non-nominal-pos:NEG:root
10:61:37	ولا	conj	معطوف	tabi-non-nominal:NEG:معطوف
10:61:39	إلا	res	حصر	non-nominal-pos:RES:حصر
10:62:1	ألا	root	root	non-nominal-pos:INC:root
10:62:5	لا	pred<<an>>	خبر أن	non-nominal-pos:NEG:خبر أن
10:62:8	ولا	root	root	non-nominal-pos:NEG:root
10:62:9	هُمْ	neg	نفي	no-case:نفي:PRON
10:64:8	لا	root	root	non-nominal-pos:NEG:root
10:65:1	ولا	root	root	non-nominal-pos:NEG:root
10:66:1	ألا	root	root	non-nominal-pos:INC:root
10:66:10	وما	root	root	non-nominal-pos:NEG:root
10:66:18	إن	root	root	non-nominal-pos:NEG:root
10:66:20	إلا	res	حصر	non-nominal-pos:RES:حصر
10:66:22	وإنْ	root	root	non-nominal-pos:NEG:root
10:66:23	هُمْ	neg	نفي	no-case:نفي:PRON
10:66:24	إلا	res	حصر	non-nominal-pos:RES:حصر
10:67:13	لءايتٍ	subj<<in>>	اسم إن	case-conflict:اسم إن
10:68:15	إنْ	root	root	non-nominal-pos:NEG:root
10:68:16	عندكُم	Pred	خبر	case-conflict:خبر
10:68:18	سُلْطنٍ	root	root	case-conflict:root
10:68:24	لا	sub	صلة	non-nominal-pos:NEG:صلة
10:69:8	لا	pred<<in>>	خبر إن	non-nominal-pos:NEG:خبر إن
10:71:5	إذْ	link	متعلق	no-case:متعلق:T
10:71:9	إن	root	root	non-nominal-pos:COND:root
10:71:24	لا	root	root	non-nominal-pos:NEG:root
10:71:32	ولا	root	root	non-nominal-pos:PRO:root
10:72:1	فإن	root	root	non-nominal-pos:COND:root
10:72:3	فما	rslt	جواب الشرط	non-nominal-pos:NEG:جواب الشرط
10:72:7	إنْ	root	root	non-nominal-pos:NEG:root
10:72:9	إلا	res	حصر	non-nominal-pos:RES:حصر
10:72:13	أنْ	link	متعلق	non-nominal-pos:SUB:متعلق
10:73:14	كيْف	pred <<kan>>	خبر كان	non-nominal-pos:INTG:خبر كان
10:74:10	فما	root	root	non-nominal-pos:NEG:root
10:77:5	لما	link	متعلق	no-case:متعلق:T
10:77:9	ولا	root	root	non-nominal-pos:NEG:root
10:78:13	وما	root	root	non-nominal-pos:NEG:root
10:81:8	السحْرُ	pred <<ma>>	خبر ما	case-conflict:خبر ما
10:81:14	لا	pred<<in>>	خبر إن	non-nominal-pos:NEG:خبر إن
10:82:5	ولوْ	circ	حال	non-nominal-pos:COND:حال
10:83:4	إلا	res	حصر	non-nominal-pos:RES:حصر
10:83:13	أن	App	بدل	tabi-non-nominal:SUB:بدل
10:84:4	إن	root	root	non-nominal-pos:COND:root
10:84:10	إن	root	root	non-nominal-pos:COND:root
10:85:6	لا	root	root	non-nominal-pos:PRO:root
10:87:5	أن	link	متعلق	non-nominal-pos:SUB:متعلق
10:88:24	فلا	conj	معطوف	tabi-non-nominal:NEG:معطوف
10:89:2	قدْ	Obj	مفعول به	non-nominal-pos:CERT:مفعول به
10:89:6	ولا	root	root	non-nominal-pos:PRO:root
10:89:10	لا	sub	صلة	non-nominal-pos:NEG:صلة
10:90:10	حتى	root	root	non-nominal-pos:INC:root
10:90:11	إذا	inc	ابتداء	no-case:ابتداء:T
10:90:17	لا	pred<<in>>	خبر إن	non-nominal-pos:NEG:خبر إن
10:90:19	إلا	res	حصر	non-nominal-pos:RES:حصر
10:91:2	وقدْ	circ	حال	non-nominal-pos:CERT:حال
10:93:1	ولقدْ	root	root	non-nominal-pos:CERT:root
10:93:3	بنى	Obj	مفعول به	case-conflict:مفعول به
10:93:10	فما	root	root	non-nominal-pos:NEG:root
10:94:1	فإن	root	root	non-nominal-pos:COND:root
10:94:14	لقدْ	root	root	non-nominal-pos:CERT:root
10:94:19	فلا	root	root	non-nominal-pos:NEG:root
10:95:1	ولا	root	root	non-nominal-pos:NEG:root
10:96:7	لا	pred<<in>>	خبر إن	non-nominal-pos:NEG:خبر إن
10:97:1	ولوْ	circ	حال	non-nominal-pos:COND:حال
10:98:1	فلوْلا	root	root	non-nominal-pos:EXH:root
10:98:7	إلا	root	root	non-nominal-pos:RES:root
10:99:1	ولوْ	root	root	non-nominal-pos:COND:root
10:99:10	أفأنت	intg	استفهام	no-case:استفهام:PRON
10:100:1	وما	root	root	non-nominal-pos:NEG:root
10:100:4	أن	root	root	non-nominal-pos:SUB:root
10:100:6	إلا	res	حصر	non-nominal-pos:RES:حصر
10:100:13	لا	sub	صلة	non-nominal-pos:NEG:صلة
10:101:3	ماذا	root	root	non-nominal-pos:INTG:root
10:101:7	وما	conj	معطوف	tabi-non-nominal:NEG:معطوف
10:101:13	لا	root	root	non-nominal-pos:NEG:root
10:102:1	فهلْ	root	root	non-nominal-pos:INTG:root
10:102:3	إلا	res	حصر	non-nominal-pos:RES:حصر
10:104:4	إن	root	root	non-nominal-pos:COND:root
10:104:10	فلا	rslt	جواب الشرط	non-nominal-pos:NEG:جواب الشرط
10:104:17	ولكنْ	root	root	non-nominal-pos:AMD:root
10:104:23	أنْ	link	متعلق	non-nominal-pos:SUB:متعلق
10:105:1	وأنْ	conj	معطوف	tabi-non-nominal:INT:معطوف
10:105:6	ولا	root	root	non-nominal-pos:PRO:root
10:106:1	ولا	root	root	non-nominal-pos:PRO:root
10:106:7	لا	sub	صلة	non-nominal-pos:NEG:صلة
10:106:9	ولا	emph	توكيد	tabi-non-nominal:NEG:توكيد
10:106:11	فإن	root	root	non-nominal-pos:COND:root
10:106:14	إذًا	pred<<in>>	خبر إن	non-nominal-pos:ANS:خبر إن
10:107:1	وإن	root	root	non-nominal-pos:COND:root
10:107:5	فلا	rslt	جواب الشرط	non-nominal-pos:NEG:جواب الشرط
10:107:8	إلا	res	حصر	non-nominal-pos:RES:حصر
10:107:10	وإن	conj	معطوف	tabi-non-nominal:COND:معطوف
10:107:13	فلا	rslt	جواب الشرط	non-nominal-pos:NEG:جواب الشرط
10:108:4	قدْ	root	root	non-nominal-pos:CERT:root
10:108:6	الْحقُ	Obj	مفعول به	case-conflict:مفعول به
10:108:19	وما	root	root	non-nominal-pos:NEG:root
11:1:1	الر	-	-	absent-from-treebank:INL
11:1:8	لدُنْ	gen	مجرور	case-conflict:مجرور
11:2:1	ألا	prp	المفعول لأجله	non-nominal-pos:SUB:المفعول لأجله
11:2:3	إلا	res	حصر	non-nominal-pos:RES:حصر
11:2:7	منْهُ	circ	حال	prep-in-nominal-slot:حال
11:3:1	وأن	conj	معطوف	tabi-non-nominal:SUB:معطوف
11:3:18	وإن	root	root	non-nominal-pos:COND:root
11:5:1	ألا	root	root	non-nominal-pos:INC:root
11:5:7	ألا	root	root	non-nominal-pos:INC:root
11:6:1	وما	root	root	non-nominal-pos:NEG:root
11:6:6	إلا	res	حصر	non-nominal-pos:RES:حصر
11:7:4	السموت	Obj	مفعول به	case-conflict:مفعول به
11:7:17	ولئن	root	root	non-nominal-pos:COND:root
11:7:27	إنْ	Obj	مفعول به	non-nominal-pos:NEG:مفعول به
11:7:28	هذا	neg	نفي	no-case:نفي:DEM
11:7:29	إلا	res	حصر	non-nominal-pos:RES:حصر
11:8:1	ولئنْ	root	root	non-nominal-pos:COND:root
11:8:11	ألا	root	root	non-nominal-pos:INC:root
11:9:1	ولئنْ	conj	معطوف	tabi-non-nominal:COND:معطوف
11:10:1	ولئنْ	conj	معطوف	tabi-non-nominal:COND:معطوف
11:10:5	ضراء	Poss	مضاف إليه	case-conflict:مضاف إليه
11:11:1	إلا	root	root	non-nominal-pos:RES:root
11:11:5	الصلحت	Obj	مفعول به	case-conflict:مفعول به
11:12:10	أن	root	root	non-nominal-pos:SUB:root
11:12:12	لوْلا	Obj	مفعول به	non-nominal-pos:EXH:مفعول به
11:13:16	إن	root	root	non-nominal-pos:COND:root
11:14:1	فإلمْ	root	root	non-nominal-pos:COND:root
11:14:9	وأن	root	root	non-nominal-pos:SUB:root
11:14:10	لا	pred<<an>>	خبر أن	non-nominal-pos:NEG:خبر أن
11:14:12	إلا	res	حصر	non-nominal-pos:RES:حصر
11:14:14	فهلْ	root	root	non-nominal-pos:INTG:root
11:14:15	أنتُم	intg	استفهام	no-case:استفهام:PRON
11:15:13	لا	root	root	non-nominal-pos:NEG:root
11:16:7	إلا	res	حصر	non-nominal-pos:RES:حصر
11:17:1	أفمن	intg	استفهام	no-case:استفهام:REL
11:17:13	مُوسى	Poss	مضاف إليه	case-conflict:مضاف إليه
11:17:26	فلا	root	root	non-nominal-pos:NEG:root
11:17:38	لا	pred <<lakin>>	خبر لكن	non-nominal-pos:NEG:خبر لكن
11:18:19	ألا	root	root	non-nominal-pos:INC:root
11:20:2	لمْ	Pred	خبر	non-nominal-pos:NEG:خبر
11:20:7	وما	root	root	non-nominal-pos:NEG:root
11:20:18	ما	Pred	خبر	non-nominal-pos:NEG:خبر
11:20:22	وما	conj	معطوف	tabi-non-nominal:NEG:معطوف
11:22:1	لا	root	root	non-nominal-pos:NEG:root
11:23:5	الصلحت	Obj	مفعول به	case-conflict:مفعول به
11:24:2	الْفريقيْن	Poss	مضاف إليه	case-conflict:مضاف إليه
11:24:7	هلْ	root	root	non-nominal-pos:INTG:root
11:24:10	أفلا	intg	استفهام	non-nominal-pos:NEG:استفهام
11:25:1	ولقدْ	root	root	non-nominal-pos:CERT:root
11:26:1	أن	App	بدل	tabi-non-nominal:INT:بدل
11:26:2	لا	int	تفسير	non-nominal-pos:PRO:تفسير
11:26:4	إلا	res	حصر	non-nominal-pos:RES:حصر
11:27:7	ما	Obj	مفعول به	non-nominal-pos:NEG:مفعول به
11:27:9	إلا	res	حصر	non-nominal-pos:RES:حصر
11:27:12	وما	root	root	non-nominal-pos:NEG:root
11:27:15	إلا	res	حصر	non-nominal-pos:RES:حصر
11:27:17	هُمْ	sub	صلة	no-case:صلة:PRON
11:27:21	وما	root	root	non-nominal-pos:NEG:root
11:27:24	عليْنا	circ	حال	prep-in-nominal-slot:حال
11:27:25	من	Obj	مفعول به	prep-in-nominal-slot:مفعول به
11:27:27	بلْ	root	root	non-nominal-pos:RET:root
11:28:4	إن	Obj	مفعول به	non-nominal-pos:COND:مفعول به
11:29:2	لا	root	root	non-nominal-pos:NEG:root
11:29:6	إنْ	root	root	non-nominal-pos:NEG:root
11:29:8	إلا	res	حصر	non-nominal-pos:RES:حصر
11:29:11	وما	root	root	non-nominal-pos:NEG:root
11:30:6	إن	root	root	non-nominal-pos:COND:root
11:30:8	أفلا	intg	استفهام	non-nominal-pos:NEG:استفهام
11:31:1	ولا	root	root	non-nominal-pos:NEG:root
11:31:4	عندى	link	متعلق	no-case:متعلق:LOC
11:31:5	خزائنُ	Obj	مفعول به	case-conflict:مفعول به
11:31:7	ولا	root	root	non-nominal-pos:NEG:root
11:31:10	ولا	root	root	non-nominal-pos:NEG:root
11:31:14	ولا	root	root	non-nominal-pos:NEG:root
11:31:19	لن	Obj	مفعول به	non-nominal-pos:NEG:مفعول به
11:31:29	إذًا	pred<<in>>	خبر إن	non-nominal-pos:SUR:خبر إن
11:32:3	قدْ	Obj	مفعول به	non-nominal-pos:CERT:مفعول به
11:32:10	إن	root	root	non-nominal-pos:COND:root
11:33:6	إن	root	root	non-nominal-pos:COND:root
11:33:8	وما	root	root	non-nominal-pos:NEG:root
11:33:9	أنتُم	neg	نفي	no-case:نفي:PRON
11:34:1	ولا	root	root	non-nominal-pos:NEG:root
11:34:4	إنْ	root	root	non-nominal-pos:COND:root
11:34:6	أنْ	Obj	مفعول به	non-nominal-pos:SUB:مفعول به
11:34:9	إن	root	root	non-nominal-pos:COND:root
11:34:13	أن	Obj	مفعول به	non-nominal-pos:SUB:مفعول به
11:35:5	إن	Obj	مفعول به	non-nominal-pos:COND:مفعول به
11:36:5	لن	pred<<in>>	خبر إن	non-nominal-pos:NEG:خبر إن
11:36:9	إلا	res	حصر	non-nominal-pos:RES:حصر
11:36:11	قدْ	sub	صلة	non-nominal-pos:CERT:صلة
11:36:13	فلا	root	root	non-nominal-pos:NEG:root
11:37:5	ولا	root	root	non-nominal-pos:NEG:root
11:38:3	وكُلما	link	متعلق	no-case:متعلق:T
11:38:12	إن	Obj	مفعول به	non-nominal-pos:COND:مفعول به
11:38:18	كما	gen	مجرور	non-nominal-pos:SUB:مجرور
11:39:1	فسوْف	fut	استقبال	non-nominal-pos:FUT:استقبال
11:40:1	حتى	root	root	non-nominal-pos:INC:root
11:40:2	إذا	inc	ابتداء	no-case:ابتداء:T
11:40:12	زوْجيْن	Obj	مفعول به	case-conflict:مفعول به
11:40:15	إلا	root	root	non-nominal-pos:RES:root
11:40:22	وما	root	root	non-nominal-pos:NEG:root
11:40:25	إلا	res	حصر	non-nominal-pos:RES:حصر
11:41:9	ربى	subj<<in>>	اسم إن	case-conflict:اسم إن
11:42:16	ولا	root	root	non-nominal-pos:PRO:root
11:43:9	لا	Obj	مفعول به	non-nominal-pos:NEG:مفعول به
11:43:15	إلا	root	root	non-nominal-pos:RES:root
11:45:7	ابْنى	subj<<in>>	اسم إن	case-conflict:اسم إن
11:46:11	فلا	root	root	non-nominal-pos:NEG:root
11:46:20	أن	prp	المفعول لأجله	non-nominal-pos:SUB:المفعول لأجله
11:47:6	أنْ	link	متعلق	non-nominal-pos:SUB:متعلق
11:47:13	وإلا	root	root	non-nominal-pos:RES:root
11:49:7	ما	Pred	خبر	non-nominal-pos:NEG:خبر
11:49:11	ولا	emph	توكيد	tabi-non-nominal:NEG:توكيد
11:50:3	أخاهُمْ	Obj	مفعول به	case-conflict:مفعول به
11:50:9	ما	root	root	non-nominal-pos:NEG:root
11:50:11	منْ	emph	توكيد	tabi-non-nominal:P:توكيد
11:50:12	إلهٍ	root	root	case-conflict:root
11:50:14	إنْ	root	root	non-nominal-pos:NEG:root
11:50:16	إلا	res	حصر	non-nominal-pos:RES:حصر
11:51:2	لا	root	root	non-nominal-pos:NEG:root
11:51:6	إنْ	root	root	non-nominal-pos:NEG:root
11:51:8	إلا	res	حصر	non-nominal-pos:RES:حصر
11:51:12	أفلا	intg	استفهام	non-nominal-pos:NEG:استفهام
11:52:15	ولا	root	root	non-nominal-pos:PRO:root
11:53:3	ما	root	root	non-nominal-pos:NEG:root
11:53:6	وما	root	root	non-nominal-pos:NEG:root
11:53:12	وما	conj	معطوف	tabi-non-nominal:NEG:معطوف
11:54:1	إن	root	root	non-nominal-pos:NEG:root
11:54:3	إلا	res	حصر	non-nominal-pos:RES:حصر
11:55:6	لا	root	root	non-nominal-pos:PRO:root
11:56:7	ما	root	root	non-nominal-pos:NEG:root
11:56:10	إلا	res	حصر	non-nominal-pos:RES:حصر
11:56:15	ربى	subj<<in>>	اسم إن	case-conflict:اسم إن
11:57:1	فإن	root	root	non-nominal-pos:COND:root
11:57:3	فقدْ	rslt	جواب الشرط	non-nominal-pos:CERT:جواب الشرط
11:57:13	ولا	root	root	non-nominal-pos:NEG:root
11:57:17	ربى	subj<<in>>	اسم إن	case-conflict:اسم إن
11:60:8	ألا	root	root	non-nominal-pos:INC:root
11:60:13	ألا	root	root	non-nominal-pos:INC:root
11:61:3	أخاهُمْ	Obj	مفعول به	case-conflict:مفعول به
11:61:9	ما	root	root	non-nominal-pos:NEG:root
11:61:25	ربى	subj<<in>>	اسم إن	case-conflict:اسم إن
11:62:3	قدْ	Obj	مفعول به	non-nominal-pos:CERT:مفعول به
11:62:10	أن	link	متعلق	non-nominal-pos:SUB:متعلق
11:63:4	إن	root	root	non-nominal-pos:COND:root
11:63:13	فمن	rslt	جواب الشرط	no-case:جواب الشرط:REL
11:63:17	إنْ	root	root	non-nominal-pos:COND:root
11:63:19	فما	root	root	non-nominal-pos:NEG:root
11:64:12	ولا	root	root	non-nominal-pos:PRO:root
11:68:1	كأن	gen	مجرور	non-nominal-pos:SUB:مجرور
11:68:2	لمْ	sub	صلة	non-nominal-pos:NEG:صلة
11:68:5	ألا	root	root	non-nominal-pos:INC:root
11:68:7	ثمُودا	subj<<in>>	اسم إن	case-conflict:اسم إن
11:68:10	ألا	root	root	non-nominal-pos:INC:root
11:69:1	ولقدْ	root	root	non-nominal-pos:CERT:root
11:69:10	فما	root	root	non-nominal-pos:NEG:root
11:69:12	أن	link	متعلق	non-nominal-pos:SUB:متعلق
11:70:4	لا	circ	حال	non-nominal-pos:NEG:حال
11:70:12	لا	Obj	مفعول به	non-nominal-pos:PRO:مفعول به
11:71:1	وامْرأتُهُ	circ	حال	case-conflict:حال
11:71:9	يعْقُوب	Obj	مفعول به	case-conflict:مفعول به
11:76:6	قدْ	pred<<in>>	خبر إن	non-nominal-pos:CERT:خبر إن
11:78:9	السيـات	Obj	مفعول به	case-conflict:مفعول به
11:78:19	ولا	root	root	non-nominal-pos:PRO:root
11:79:2	لقدْ	Obj	مفعول به	non-nominal-pos:CERT:مفعول به
11:79:4	ما	Obj	مفعول به	non-nominal-pos:NEG:مفعول به
11:80:2	لوْ	Obj	مفعول به	non-nominal-pos:COND:مفعول به
11:81:6	لن	root	root	non-nominal-pos:NEG:root
11:81:14	ولا	root	root	non-nominal-pos:NEG:root
11:81:18	إلا	root	root	non-nominal-pos:RES:root
11:83:4	وما	root	root	non-nominal-pos:NEG:root
11:83:5	هى	neg	نفي	no-case:نفي:PRON
11:84:3	أخاهُمْ	Obj	مفعول به	case-conflict:مفعول به
11:84:9	ما	root	root	non-nominal-pos:NEG:root
11:84:14	ولا	root	root	non-nominal-pos:PRO:root
11:85:6	ولا	root	root	non-nominal-pos:PRO:root
11:85:10	ولا	conj	معطوف	tabi-non-nominal:PRO:معطوف
11:86:5	إن	root	root	non-nominal-pos:COND:root
11:86:8	وما	root	root	non-nominal-pos:NEG:root
11:87:5	أن	Obj	مفعول به	non-nominal-pos:SUB:مفعول به
11:87:11	أن	root	root	non-nominal-pos:SUB:root
11:88:4	إن	root	root	non-nominal-pos:COND:root
11:88:14	وما	root	root	non-nominal-pos:NEG:root
11:88:16	أنْ	Obj	مفعول به	non-nominal-pos:SUB:مفعول به
11:88:22	إنْ	root	root	non-nominal-pos:NEG:root
11:88:24	إلا	res	حصر	non-nominal-pos:RES:حصر
11:88:28	وما	root	root	non-nominal-pos:NEG:root
11:88:30	إلا	res	حصر	non-nominal-pos:RES:حصر
11:89:2	لا	root	root	non-nominal-pos:NEG:root
11:89:5	أن	Obj	مفعول به	non-nominal-pos:SUB:مفعول به
11:89:18	وما	root	root	non-nominal-pos:NEG:root
11:90:7	ربى	subj<<in>>	اسم إن	case-conflict:اسم إن
11:91:3	ما	root	root	non-nominal-pos:NEG:root
11:91:12	ولوْلا	root	root	non-nominal-pos:COND:root
11:91:15	وما	root	root	non-nominal-pos:NEG:root
11:92:12	ربى	subj<<in>>	اسم إن	case-conflict:اسم إن
11:93:7	سوْف	fut	استقبال	non-nominal-pos:FUT:استقبال
11:95:1	كأن	gen	مجرور	non-nominal-pos:SUB:مجرور
11:95:2	لمْ	sub	صلة	non-nominal-pos:NEG:صلة
11:95:5	ألا	root	root	non-nominal-pos:INC:root
11:95:8	كما	gen	مجرور	non-nominal-pos:SUB:مجرور
11:96:1	ولقدْ	root	root	non-nominal-pos:CERT:root
11:96:3	مُوسى	Obj	مفعول به	case-conflict:مفعول به
11:97:6	فرْعوْن	Poss	مضاف إليه	case-conflict:مضاف إليه
11:97:7	وما	root	root	non-nominal-pos:NEG:root
11:97:9	فرْعوْن	Poss	مضاف إليه	case-conflict:مضاف إليه
11:101:1	وما	root	root	non-nominal-pos:NEG:root
11:101:3	ولكن	root	root	non-nominal-pos:AMD:root
11:101:6	فما	imrs	جواب أمر	non-nominal-pos:NEG:جواب أمر
11:101:21	وما	root	root	non-nominal-pos:NEG:root
11:102:4	إذا	link	متعلق	no-case:متعلق:T
11:102:6	الْقُرى	Obj	مفعول به	case-conflict:مفعول به
11:104:1	وما	root	root	non-nominal-pos:NEG:root
11:104:3	إلا	res	حصر	non-nominal-pos:RES:حصر
11:105:3	لا	Obj	مفعول به	non-nominal-pos:NEG:مفعول به
11:105:6	إلا	res	حصر	non-nominal-pos:RES:حصر
11:106:1	فأما	root	root	non-nominal-pos:EXL:root
11:106:2	الذين	exl	تفصيل	non-nominal-pos:COND:تفصيل
11:107:3	ما	link	متعلق	no-case:متعلق:REL
11:107:7	إلا	root	root	non-nominal-pos:RES:root
11:108:1	وأما	conj	معطوف	tabi-non-nominal:EXL:معطوف
11:108:2	الذين	exl	تفصيل	non-nominal-pos:COND:تفصيل
11:108:8	ما	link	متعلق	no-case:متعلق:REL
11:108:12	إلا	root	root	non-nominal-pos:RES:root
11:109:1	فلا	root	root	non-nominal-pos:PRO:root
11:109:8	ما	Pred	خبر	non-nominal-pos:NEG:خبر
11:109:10	إلا	res	حصر	non-nominal-pos:RES:حصر
11:109:11	كما	gen	مجرور	non-nominal-pos:SUB:مجرور
11:110:1	ولقدْ	root	root	non-nominal-pos:CERT:root
11:110:3	مُوسى	Obj	مفعول به	case-conflict:مفعول به
11:110:7	ولوْلا	root	root	non-nominal-pos:COND:root
11:112:2	كما	gen	مجرور	non-nominal-pos:SUB:مجرور
11:112:7	ولا	root	root	non-nominal-pos:PRO:root
11:113:1	ولا	root	root	non-nominal-pos:PRO:root
11:113:8	وما	circ	حال	non-nominal-pos:NEG:حال
11:113:13	منْ	emph	توكيد	tabi-non-nominal:P:توكيد
11:113:14	أوْلياء	root	root	case-conflict:root
11:113:16	لا	root	root	non-nominal-pos:NEG:root
11:114:9	الْحسنت	subj<<in>>	اسم إن	case-conflict:اسم إن
11:114:11	السيـات	Obj	مفعول به	case-conflict:مفعول به
11:115:4	لا	pred<<in>>	خبر إن	non-nominal-pos:NEG:خبر إن
11:116:1	فلوْلا	root	root	non-nominal-pos:EXH:root
11:116:14	إلا	root	root	non-nominal-pos:RES:root
11:117:1	وما	root	root	non-nominal-pos:NEG:root
11:117:5	الْقُرى	Obj	مفعول به	case-conflict:مفعول به
11:117:7	وأهْلُها	circ	حال	case-conflict:حال
11:118:1	ولوْ	root	root	non-nominal-pos:COND:root
11:118:8	ولا	root	root	non-nominal-pos:NEG:root
11:119:1	إلا	root	root	non-nominal-pos:RES:root
11:119:11	جهنم	Obj	مفعول به	case-conflict:مفعول به
11:121:3	لا	sub	صلة	non-nominal-pos:NEG:صلة
11:123:12	وما	root	root	non-nominal-pos:NEG:root
12:1:1	الر	-	-	absent-from-treebank:INL
12:3:11	وإن	root	root	non-nominal-pos:COND:root
12:4:1	إذْ	link	متعلق	no-case:متعلق:T
12:5:3	لا	root	root	non-nominal-pos:PRO:root
12:5:5	رُءْياك	Obj	مفعول به	case-conflict:مفعول به
12:6:14	كما	gen	مجرور	non-nominal-pos:SUB:مجرور
12:7:1	لقدْ	root	root	non-nominal-pos:CERT:root
12:8:3	ليُوسُفُ	Obj	مفعول به	case-conflict:مفعول به
12:10:4	لا	Obj	مفعول به	non-nominal-pos:PRO:مفعول به
12:10:14	إن	root	root	non-nominal-pos:COND:root
12:11:5	لا	circ	حال	non-nominal-pos:NEG:حال
12:13:4	أن	Obj	مفعول به	non-nominal-pos:SUB:مفعول به
12:13:8	أن	Obj	مفعول به	non-nominal-pos:SUB:مفعول به
12:14:2	لئنْ	Obj	مفعول به	non-nominal-pos:COND:مفعول به
12:14:8	إذًا	pred<<in>>	خبر إن	non-nominal-pos:ANS:خبر إن
12:15:5	أن	Obj	مفعول به	non-nominal-pos:SUB:مفعول به
12:15:16	لا	Pred	خبر	non-nominal-pos:NEG:خبر
12:17:12	وما	root	root	non-nominal-pos:NEG:root
12:17:16	ولوْ	circ	حال	non-nominal-pos:COND:حال
12:18:7	بلْ	Obj	مفعول به	non-nominal-pos:RET:مفعول به
12:21:8	مثْوىهُ	Obj	مفعول به	case-conflict:مفعول به
12:21:10	أن	pred <<easaa>>	خبر عسى	non-nominal-pos:SUB:خبر عسى
12:21:31	لا	pred <<lakin>>	خبر لكن	non-nominal-pos:NEG:خبر لكن
12:23:19	مثْواى	Obj	مفعول به	case-conflict:مفعول به
12:23:21	لا	pred<<an>>	خبر أن	non-nominal-pos:NEG:خبر أن
12:24:1	ولقدْ	root	root	non-nominal-pos:CERT:root
12:24:6	لوْلا	root	root	non-nominal-pos:COND:root
12:24:7	أن	cond	شرط	non-nominal-pos:SUB:شرط
12:25:9	لدا	link	متعلق	no-case:متعلق:LOC
12:25:13	جزاءُ	pred <<ma>>	خبر ما	case-conflict:خبر ما
12:25:18	إلا	res	حصر	non-nominal-pos:RES:حصر
12:25:19	أن	link	متعلق	non-nominal-pos:SUB:متعلق
12:26:10	إن	root	root	non-nominal-pos:COND:root
12:27:1	وإن	conj	معطوف	tabi-non-nominal:COND:معطوف
12:30:5	امْرأتُ	Obj	مفعول به	case-conflict:مفعول به
12:30:8	فتىها	Obj	مفعول به	case-conflict:مفعول به
12:30:11	قدْ	root	root	non-nominal-pos:CERT:root
12:31:25	ما	root	root	non-nominal-pos:NEG:root
12:31:26	هذا	neg	نفي	no-case:نفي:DEM
12:31:27	بشرًا	Pred	خبر	case-conflict:خبر
12:31:28	إنْ	root	root	non-nominal-pos:NEG:root
12:31:29	هذا	neg	نفي	no-case:نفي:DEM
12:31:30	إلا	res	حصر	non-nominal-pos:RES:حصر
12:32:6	ولقدْ	root	root	non-nominal-pos:CERT:root
12:32:11	ولئن	root	root	non-nominal-pos:COND:root
12:32:12	لمْ	cond	شرط	non-nominal-pos:NEG:شرط
12:33:3	السجْنُ	Obj	مفعول به	case-conflict:مفعول به
12:33:9	وإلا	root	root	non-nominal-pos:RES:root
12:35:8	الْءايت	Obj	مفعول به	case-conflict:مفعول به
12:36:17	رأْسى	Poss	مضاف إليه	case-conflict:مضاف إليه
12:37:2	لا	Obj	مفعول به	non-nominal-pos:NEG:مفعول به
12:37:6	إلا	root	root	non-nominal-pos:RES:root
12:37:10	أن	Poss	مضاف إليه	non-nominal-pos:SUB:مضاف إليه
12:37:20	لا	Adj	صفة	tabi-non-nominal:NEG:صفة
12:38:3	ءاباءى	Poss	مضاف إليه	case-conflict:مضاف إليه
12:38:7	ما	root	root	non-nominal-pos:NEG:root
12:38:10	أن	Subj	فاعل	non-nominal-pos:SUB:فاعل
12:38:25	لا	pred <<lakin>>	خبر لكن	non-nominal-pos:NEG:خبر لكن
12:40:1	ما	root	root	non-nominal-pos:NEG:root
12:40:5	إلا	res	حصر	non-nominal-pos:RES:حصر
12:40:10	ما	Adj	صفة	tabi-non-nominal:NEG:صفة
12:40:16	إن	root	root	non-nominal-pos:NEG:root
12:40:18	إلا	res	حصر	non-nominal-pos:RES:حصر
12:40:21	ألا	root	root	non-nominal-pos:SUB:root
12:40:23	إلا	root	root	non-nominal-pos:RES:root
12:40:31	لا	pred <<lakin>>	خبر لكن	non-nominal-pos:NEG:خبر لكن
12:41:3	أما	root	root	non-nominal-pos:COND:root
12:41:8	وأما	conj	معطوف	tabi-non-nominal:COND:معطوف
12:42:5	ناجٍ	pred<<an>>	خبر أن	case-conflict:خبر أن
12:43:21	إن	root	root	non-nominal-pos:COND:root
12:44:4	وما	root	root	non-nominal-pos:NEG:root
12:46:15	وأُخر	root	root	case-conflict:root
12:47:11	إلا	root	root	non-nominal-pos:RES:root
12:48:12	إلا	root	root	non-nominal-pos:RES:root
12:50:14	بالُ	pred <<ma>>	خبر ما	case-conflict:خبر ما
12:50:20	ربى	subj<<in>>	اسم إن	case-conflict:اسم إن
12:51:3	خطْبُكُن	pred <<ma>>	خبر ما	case-conflict:خبر ما
12:51:4	إذْ	link	متعلق	no-case:متعلق:T
12:51:12	ما	root	root	non-nominal-pos:NEG:root
12:52:4	لمْ	pred<<an>>	خبر أن	non-nominal-pos:NEG:خبر أن
12:52:9	لا	pred<<an>>	خبر أن	non-nominal-pos:NEG:خبر أن
12:53:1	وما	root	root	non-nominal-pos:NEG:root
12:53:3	نفْسى	Obj	مفعول به	case-conflict:مفعول به
12:53:8	إلا	root	root	non-nominal-pos:RES:root
12:53:13	ربى	subj<<in>>	اسم إن	case-conflict:اسم إن
12:54:12	لديْنا	link	متعلق	no-case:متعلق:LOC
12:56:8	حيْثُ	link	متعلق	no-case:متعلق:LOC
12:56:14	ولا	root	root	non-nominal-pos:NEG:root
12:58:3	يُوسُف	Poss	مضاف إليه	case-conflict:مضاف إليه
12:59:10	ألا	intg	استفهام	non-nominal-pos:NEG:استفهام
12:60:1	فإن	root	root	non-nominal-pos:COND:root
12:60:2	لمْ	cond	شرط	non-nominal-pos:NEG:شرط
12:60:5	فلا	rslt	جواب الشرط	non-nominal-pos:NEG:جواب الشرط
12:60:8	عندى	link	متعلق	no-case:متعلق:LOC
12:60:9	ولا	root	root	non-nominal-pos:PRO:root
12:62:9	إذا	link	متعلق	no-case:متعلق:T
12:63:12	أخانا	Obj	مفعول به	case-conflict:مفعول به
12:64:2	هلْ	Obj	مفعول به	non-nominal-pos:INTG:مفعول به
12:64:5	إلا	res	حصر	non-nominal-pos:RES:حصر
12:64:6	كما	gen	مجرور	non-nominal-pos:SUB:مجرور
12:65:19	أخانا	Obj	مفعول به	case-conflict:مفعول به
12:66:2	لنْ	Obj	مفعول به	non-nominal-pos:NEG:مفعول به
12:66:12	إلا	prp	المفعول لأجله	non-nominal-pos:RES:المفعول لأجله
12:66:13	أن	exp	مستثني	non-nominal-pos:SUB:مستثني
12:66:20	اللهُ	Obj	مفعول به	case-conflict:مفعول به
12:67:3	لا	root	root	non-nominal-pos:PRO:root
12:67:12	وما	root	root	non-nominal-pos:NEG:root
12:67:19	إن	root	root	non-nominal-pos:NEG:root
12:67:21	إلا	res	حصر	non-nominal-pos:RES:حصر
12:68:7	ما	rslt	جواب الشرط	non-nominal-pos:NEG:جواب الشرط
12:68:15	إلا	root	root	non-nominal-pos:RES:root
12:68:29	لا	pred <<lakin>>	خبر لكن	non-nominal-pos:NEG:خبر لكن
12:69:7	أخاهُ	Obj	مفعول به	case-conflict:مفعول به
12:69:12	فلا	root	root	non-nominal-pos:PRO:root
12:71:4	ماذا	Obj	مفعول به	non-nominal-pos:INTG:مفعول به
12:73:3	لقدْ	root	root	non-nominal-pos:CERT:root
12:73:5	ما	root	root	non-nominal-pos:NEG:root
12:73:10	وما	root	root	non-nominal-pos:NEG:root
12:74:3	جزؤُهُ	pred <<ma>>	خبر ما	case-conflict:خبر ما
12:74:4	إن	root	root	non-nominal-pos:COND:root
12:75:2	جزؤُهُ	Obj	مفعول به	case-conflict:مفعول به
12:75:7	فهُو	rslt	جواب الشرط	no-case:جواب الشرط:PRON
12:76:14	ما	root	root	non-nominal-pos:NEG:root
12:76:17	أخاهُ	Obj	مفعول به	case-conflict:مفعول به
12:76:21	إلا	res	حصر	non-nominal-pos:RES:حصر
12:76:22	أن	link	متعلق	non-nominal-pos:SUB:متعلق
12:76:26	درجتٍ	Spec	تمييز	case-conflict:تمييز
12:76:29	وفوْق	root	root	case-conflict:root
12:77:2	إن	Obj	مفعول به	non-nominal-pos:COND:مفعول به
12:77:4	فقدْ	rslt	جواب الشرط	non-nominal-pos:CERT:جواب الشرط
12:77:14	ولمْ	root	root	non-nominal-pos:NEG:root
12:79:4	أن	link	متعلق	non-nominal-pos:SUB:متعلق
12:79:6	إلا	root	root	non-nominal-pos:RES:root
12:79:12	إذًا	pred<<in>>	خبر إن	non-nominal-pos:SUR:خبر إن
12:80:8	ألمْ	intg	استفهام	non-nominal-pos:NEG:استفهام
12:80:11	أباكُمْ	subj<<in>>	اسم إن	case-conflict:اسم إن
12:80:12	قدْ	pred<<an>>	خبر أن	non-nominal-pos:CERT:خبر أن
12:80:24	فلنْ	root	root	non-nominal-pos:NEG:root
12:81:9	وما	root	root	non-nominal-pos:NEG:root
12:81:11	إلا	res	حصر	non-nominal-pos:RES:حصر
12:81:14	وما	root	root	non-nominal-pos:NEG:root
12:83:2	بلْ	Obj	مفعول به	non-nominal-pos:RET:مفعول به
12:83:11	أن	pred <<easaa>>	خبر عسى	non-nominal-pos:SUB:خبر عسى
12:86:4	بثى	Obj	مفعول به	case-conflict:مفعول به
12:86:12	لا	sub	صلة	non-nominal-pos:NEG:صلة
12:87:7	ولا	root	root	non-nominal-pos:PRO:root
12:87:13	لا	pred<<in>>	خبر إن	non-nominal-pos:NEG:خبر إن
12:87:18	إلا	res	حصر	non-nominal-pos:RES:حصر
12:89:2	هلْ	Obj	مفعول به	non-nominal-pos:INTG:مفعول به
12:89:8	إذْ	link	متعلق	no-case:متعلق:T
12:90:10	قدْ	circ	حال	non-nominal-pos:CERT:حال
12:90:20	لا	pred<<in>>	خبر إن	non-nominal-pos:NEG:خبر إن
12:91:3	لقدْ	root	root	non-nominal-pos:CERT:root
12:91:7	وإن	root	root	non-nominal-pos:COND:root
12:92:2	لا	Obj	مفعول به	non-nominal-pos:NEG:مفعول به
12:93:7	أبى	Poss	مضاف إليه	case-conflict:مضاف إليه
12:94:9	يُوسُف	Poss	مضاف إليه	case-conflict:مضاف إليه
12:94:10	لوْلا	root	root	non-nominal-pos:COND:root
12:94:11	أن	cond	شرط	non-nominal-pos:SUB:شرط
12:96:1	فلما	link	متعلق	no-case:متعلق:T
12:96:2	أن	sup	زائد	non-nominal-pos:SUB:زائد
12:96:11	ألمْ	intg	استفهام	non-nominal-pos:NEG:استفهام
12:96:19	لا	sub	صلة	non-nominal-pos:NEG:صلة
12:98:2	سوْف	fut	استقبال	non-nominal-pos:FUT:استقبال
12:98:5	ربى	Obj	مفعول به	case-conflict:مفعول به
12:99:7	أبويْه	Obj	مفعول به	case-conflict:مفعول به
12:99:11	إن	root	root	non-nominal-pos:COND:root
12:100:2	أبويْه	Obj	مفعول به	case-conflict:مفعول به
12:100:12	رُءْيى	Poss	مضاف إليه	case-conflict:مضاف إليه
12:100:15	قدْ	root	root	non-nominal-pos:CERT:root
12:100:19	وقدْ	conj	معطوف	tabi-non-nominal:CERT:معطوف
12:100:22	إذْ	link	متعلق	no-case:متعلق:T
12:100:32	أن	Poss	مضاف إليه	non-nominal-pos:SUB:مضاف إليه
12:100:35	بيْنى	link	متعلق	no-case:متعلق:LOC
12:100:37	إخْوتى	Poss	مضاف إليه	case-conflict:مضاف إليه
12:100:39	ربى	subj<<in>>	اسم إن	case-conflict:اسم إن
12:101:2	قدْ	root	root	non-nominal-pos:CERT:root
12:102:7	وما	root	root	non-nominal-pos:NEG:root
12:102:9	لديْهمْ	link	متعلق	no-case:متعلق:LOC
12:102:10	إذْ	link	متعلق	no-case:متعلق:T
12:103:1	وما	root	root	non-nominal-pos:NEG:root
12:103:4	ولوْ	root	root	non-nominal-pos:COND:root
12:104:1	وما	root	root	non-nominal-pos:NEG:root
12:104:6	إنْ	root	root	non-nominal-pos:NEG:root
12:104:7	هُو	neg	نفي	no-case:نفي:PRON
12:104:8	إلا	res	حصر	non-nominal-pos:RES:حصر
12:106:1	وما	root	root	non-nominal-pos:NEG:root
12:106:5	إلا	res	حصر	non-nominal-pos:RES:حصر
12:107:2	أن	Obj	مفعول به	non-nominal-pos:SUB:مفعول به
12:107:13	لا	Pred	خبر	non-nominal-pos:NEG:خبر
12:108:14	وما	root	root	non-nominal-pos:NEG:root
12:109:1	وما	root	root	non-nominal-pos:NEG:root
12:109:5	إلا	res	حصر	non-nominal-pos:RES:حصر
12:109:12	أفلمْ	intg	استفهام	non-nominal-pos:NEG:استفهام
12:109:17	كيْف	pred <<kan>>	خبر كان	non-nominal-pos:INTG:خبر كان
12:109:28	أفلا	intg	استفهام	non-nominal-pos:NEG:استفهام
12:110:1	حتى	link	متعلق	non-nominal-pos:INC:متعلق
12:110:2	إذا	inc	ابتداء	no-case:ابتداء:T
12:110:7	قدْ	pred<<in>>	خبر إن	non-nominal-pos:CERT:خبر إن
12:110:10	نصْرُنا	Obj	مفعول به	case-conflict:مفعول به
12:110:14	ولا	root	root	non-nominal-pos:NEG:root
12:111:1	لقدْ	root	root	non-nominal-pos:CERT:root
12:111:8	ما	root	root	non-nominal-pos:NEG:root
12:111:12	ولكن	root	root	non-nominal-pos:AMD:root
12:111:16	يديْه	Poss	مضاف إليه	case-conflict:مضاف إليه
13:1:1	المر	-	-	absent-from-treebank:INL
13:1:14	لا	pred <<lakin>>	خبر لكن	non-nominal-pos:NEG:خبر لكن
13:2:4	السموت	Obj	مفعول به	case-conflict:مفعول به
13:2:22	الْءايت	Obj	مفعول به	case-conflict:مفعول به
13:3:14	زوْجيْن	Obj	مفعول به	case-conflict:مفعول به
13:3:22	لءايتٍ	subj<<in>>	اسم إن	case-conflict:اسم إن
13:4:25	لءايتٍ	subj<<in>>	اسم إن	case-conflict:اسم إن
13:5:1	وإن	root	root	non-nominal-pos:COND:root
13:5:5	أءذا	intg	استفهام	no-case:استفهام:T
13:6:5	وقدْ	circ	حال	non-nominal-pos:CERT:حال
13:6:17	وإن	conj	معطوف	tabi-non-nominal:ACC:معطوف
13:7:4	لوْلا	Obj	مفعول به	non-nominal-pos:EXH:مفعول به
13:7:15	هادٍ	root	root	case-conflict:root
13:8:6	أُنثى	Poss	مضاف إليه	case-conflict:مضاف إليه
13:9:4	الْكبيرُ	Poss	مضاف إليه	case-conflict:مضاف إليه
13:9:5	الْمُتعال	Poss	مضاف إليه	case-conflict:مضاف إليه
13:10:11	مُسْتخْفٍ	Pred	خبر	case-conflict:خبر
13:11:5	يديْه	Poss	مضاف إليه	case-conflict:مضاف إليه
13:11:6	ومنْ	conj	معطوف	tabi-non-nominal:P:معطوف
13:11:14	لا	pred<<in>>	خبر إن	non-nominal-pos:NEG:خبر إن
13:11:27	فلا	rslt	جواب الشرط	non-nominal-pos:NEG:جواب الشرط
13:11:30	وما	root	root	non-nominal-pos:NEG:root
13:11:35	والٍ	root	root	case-conflict:root
13:14:8	لا	Pred	خبر	non-nominal-pos:NEG:خبر
13:14:12	إلا	root	root	non-nominal-pos:RES:root
13:14:14	كفيْه	Obj	مفعول به	case-conflict:مفعول به
13:14:18	فاهُ	Obj	مفعول به	case-conflict:مفعول به
13:14:19	وما	root	root	non-nominal-pos:NEG:root
13:14:22	وما	root	root	non-nominal-pos:NEG:root
13:14:25	إلا	res	حصر	non-nominal-pos:RES:حصر
13:16:13	لا	Adj	صفة	tabi-non-nominal:NEG:صفة
13:16:17	ولا	emph	توكيد	tabi-non-nominal:NEG:توكيد
13:16:20	هلْ	Obj	مفعول به	non-nominal-pos:INTG:مفعول به
13:16:25	هلْ	conj	معطوف	tabi-non-nominal:INTG:معطوف
13:16:39	اللهُ	Obj	مفعول به	case-conflict:مفعول به
13:17:28	فأما	root	root	non-nominal-pos:COND:root
13:17:32	وأما	root	root	non-nominal-pos:EXL:root
13:17:33	ما	exl	تفصيل	non-nominal-pos:COND:تفصيل
13:18:6	لمْ	sub	صلة	non-nominal-pos:NEG:صلة
13:18:9	لوْ	Pred	خبر	non-nominal-pos:COND:خبر
13:18:24	ومأْوىهُمْ	circ	حال	case-conflict:حال
13:19:1	أفمن	intg	استفهام	no-case:استفهام:REL
13:20:5	ولا	root	root	non-nominal-pos:NEG:root
13:21:7	أن	App	بدل	tabi-non-nominal:SUB:بدل
13:25:13	أن	App	بدل	tabi-non-nominal:SUB:بدل
13:26:10	وما	root	root	non-nominal-pos:NEG:root
13:26:15	إلا	res	حصر	non-nominal-pos:RES:حصر
13:27:4	لوْلا	Obj	مفعول به	non-nominal-pos:EXH:مفعول به
13:28:7	ألا	root	root	non-nominal-pos:INC:root
13:29:4	الصلحت	Obj	مفعول به	case-conflict:مفعول به
13:29:5	طُوبى	Pred	خبر	case-conflict:خبر
13:30:5	قدْ	Adj	صفة	tabi-non-nominal:CERT:صفة
13:30:21	لا	App	بدل	tabi-non-nominal:NEG:بدل
13:30:23	إلا	res	حصر	non-nominal-pos:RES:حصر
13:30:28	متابـ	root	root	case-conflict:root
13:31:1	ولوْ	root	root	non-nominal-pos:COND:root
13:31:15	بل	root	root	non-nominal-pos:RET:root
13:31:19	أفلمْ	intg	استفهام	non-nominal-pos:NEG:استفهام
13:31:23	أن	Obj	مفعول به	non-nominal-pos:SUB:مفعول به
13:31:24	لوْ	sub	صلة	non-nominal-pos:COND:صلة
13:31:30	ولا	root	root	non-nominal-pos:NEG:root
13:31:49	لا	pred<<in>>	خبر إن	non-nominal-pos:NEG:خبر إن
13:32:1	ولقد	root	root	non-nominal-pos:CERT:root
13:32:11	فكيْف	pred <<kan>>	خبر كان	non-nominal-pos:INTG:خبر كان
13:32:13	عقابـ	subj <<kan>>	اسم كان	case-conflict:اسم كان
13:33:1	أفمنْ	intg	استفهام	no-case:استفهام:REL
13:33:17	لا	sub	صلة	non-nominal-pos:NEG:صلة
13:33:25	بلْ	root	root	non-nominal-pos:RET:root
13:33:36	فما	rslt	جواب الشرط	non-nominal-pos:NEG:جواب الشرط
13:33:38	منْ	emph	توكيد	tabi-non-nominal:P:توكيد
13:33:39	هادٍ	root	root	case-conflict:root
13:34:9	وما	root	root	non-nominal-pos:NEG:root
13:34:14	واقٍ	root	root	case-conflict:root
13:36:16	أنْ	link	متعلق	non-nominal-pos:SUB:متعلق
13:36:19	ولا	conj	معطوف	tabi-non-nominal:NEG:معطوف
13:36:25	مـاب	root	root	case-conflict:root
13:37:5	ولئن	root	root	non-nominal-pos:COND:root
13:37:8	بعْدما	link	متعلق	no-case:متعلق:T
13:37:12	ما	rslt	جواب الشرط	non-nominal-pos:NEG:جواب الشرط
13:37:18	ولا	emph	توكيد	tabi-non-nominal:NEG:توكيد
13:38:1	ولقدْ	root	root	non-nominal-pos:CERT:root
13:38:10	وما	root	root	non-nominal-pos:NEG:root
13:38:13	أن	subj <<kan>>	اسم كان	non-nominal-pos:SUB:اسم كان
13:38:16	إلا	root	root	non-nominal-pos:RES:root
13:40:1	وإن	root	root	non-nominal-pos:COND:root
13:40:2	ما	sup	زائد	non-nominal-pos:SUP:زائد
13:41:1	أولمْ	intg	استفهام	non-nominal-pos:NEG:استفهام
13:41:11	لا	Obj	مفعول به	non-nominal-pos:NEG:مفعول به
13:42:1	وقدْ	root	root	non-nominal-pos:CERT:root
13:43:10	بيْنى	link	متعلق	no-case:متعلق:LOC
14:1:1	الر	-	-	absent-from-treebank:INL
14:4:1	وما	root	root	non-nominal-pos:NEG:root
14:4:5	إلا	res	حصر	non-nominal-pos:RES:حصر
14:5:1	ولقدْ	root	root	non-nominal-pos:CERT:root
14:5:3	مُوسى	Obj	مفعول به	case-conflict:مفعول به
14:5:5	أنْ	root	root	non-nominal-pos:INT:root
14:5:18	لءايتٍ	subj<<in>>	اسم إن	case-conflict:اسم إن
14:6:9	إذْ	link	متعلق	no-case:متعلق:T
14:6:13	فرْعوْن	Poss	مضاف إليه	case-conflict:مضاف إليه
14:7:4	لئن	root	root	non-nominal-pos:COND:root
14:7:7	ولئن	conj	معطوف	tabi-non-nominal:COND:معطوف
14:7:10	عذابى	subj<<in>>	اسم إن	case-conflict:اسم إن
14:8:3	إن	Obj	مفعول به	non-nominal-pos:COND:مفعول به
14:9:1	ألمْ	intg	استفهام	non-nominal-pos:NEG:استفهام
14:9:14	لا	root	root	non-nominal-pos:NEG:root
14:9:16	إلا	res	حصر	non-nominal-pos:RES:حصر
14:9:31	وإنا	conj	معطوف	tabi-non-nominal:ACC:معطوف
14:10:19	إنْ	Obj	مفعول به	non-nominal-pos:NEG:مفعول به
14:10:20	أنتُمْ	neg	نفي	no-case:نفي:PRON
14:10:21	إلا	res	حصر	non-nominal-pos:RES:حصر
14:10:25	أن	Obj	مفعول به	non-nominal-pos:SUB:مفعول به
14:11:4	إن	Obj	مفعول به	non-nominal-pos:NEG:مفعول به
14:11:5	نحْنُ	neg	نفي	no-case:نفي:PRON
14:11:6	إلا	res	حصر	non-nominal-pos:RES:حصر
14:11:17	وما	root	root	non-nominal-pos:NEG:root
14:11:20	أن	pred <<kan>>	خبر كان	non-nominal-pos:SUB:خبر كان
14:11:23	إلا	root	root	non-nominal-pos:RES:root
14:12:1	وما	root	root	non-nominal-pos:INTG:root
14:12:3	ألا	circ	حال	non-nominal-pos:SUB:حال
14:12:7	وقدْ	circ	حال	non-nominal-pos:CERT:حال
14:17:2	ولا	root	root	non-nominal-pos:NEG:root
14:17:10	وما	circ	حال	non-nominal-pos:NEG:حال
14:18:13	لا	root	root	non-nominal-pos:NEG:root
14:19:1	ألمْ	intg	استفهام	non-nominal-pos:NEG:استفهام
14:19:6	السموت	Obj	مفعول به	case-conflict:مفعول به
14:19:9	إن	root	root	non-nominal-pos:COND:root
14:20:1	وما	root	root	non-nominal-pos:NEG:root
14:21:12	فهلْ	root	root	non-nominal-pos:INTG:root
14:21:22	لوْ	Obj	مفعول به	non-nominal-pos:COND:مفعول به
14:21:31	ما	root	root	non-nominal-pos:NEG:root
14:22:13	وما	root	root	non-nominal-pos:NEG:root
14:22:19	إلا	root	root	non-nominal-pos:RES:root
14:22:20	أن	exp	مستثني	non-nominal-pos:SUB:مستثني
14:22:24	فلا	root	root	non-nominal-pos:PRO:root
14:22:28	ما	root	root	non-nominal-pos:NEG:root
14:22:29	أنا	neg	نفي	no-case:نفي:PRON
14:22:31	وما	conj	معطوف	tabi-non-nominal:NEG:معطوف
14:22:32	أنتُم	neg	نفي	no-case:نفي:PRON
14:23:5	الصلحت	Obj	مفعول به	case-conflict:مفعول به
14:23:6	جنتٍ	Obj	مفعول به	case-conflict:مفعول به
14:24:1	ألمْ	intg	استفهام	non-nominal-pos:NEG:استفهام
14:24:3	كيْف	circ	حال	non-nominal-pos:INTG:حال
14:26:10	ما	root	root	non-nominal-pos:NEG:root
14:28:1	ألمْ	intg	استفهام	non-nominal-pos:NEG:استفهام
14:31:14	أن	Poss	مضاف إليه	non-nominal-pos:SUB:مضاف إليه
14:31:17	لا	Adj	صفة	tabi-non-nominal:NEG:صفة
14:31:18	بيْع	subj <<la>>	اسم لا	case-conflict:اسم لا
14:31:20	ولا	emph	توكيد	tabi-non-nominal:NEG:توكيد
14:32:4	السموت	Obj	مفعول به	case-conflict:مفعول به
14:33:5	دائبيْن	circ	حال	case-conflict:حال
14:34:6	وإن	root	root	non-nominal-pos:COND:root
14:34:10	لا	Obj	مفعول به	non-nominal-pos:PRO:مفعول به
14:35:11	أن	link	متعلق	non-nominal-pos:SUB:متعلق
14:37:8	ذى	Poss	مضاف إليه	case-conflict:مضاف إليه
14:38:8	وما	root	root	non-nominal-pos:NEG:root
14:38:12	من	Subj	فاعل	prep-in-nominal-slot:فاعل
14:38:16	ولا	emph	توكيد	tabi-non-nominal:NEG:توكيد
14:38:17	فى	conj	معطوف	tabi-non-nominal:P:معطوف
14:39:11	ربى	subj<<in>>	اسم إن	case-conflict:اسم إن
14:42:1	ولا	root	root	non-nominal-pos:NEG:root
14:43:4	لا	root	root	non-nominal-pos:NEG:root
14:44:18	أولمْ	intg	استفهام	non-nominal-pos:NEG:استفهام
14:44:23	ما	Obj	مفعول به	non-nominal-pos:NEG:مفعول به
14:44:25	من	emph	توكيد	tabi-non-nominal:P:توكيد
14:44:26	زوالٍ	root	root	case-conflict:root
14:45:9	كيْف	circ	حال	non-nominal-pos:INTG:حال
14:46:1	وقدْ	root	root	non-nominal-pos:CERT:root
14:46:4	وعند	root	root	case-conflict:root
14:46:7	وإن	root	root	non-nominal-pos:COND:root
14:47:1	فلا	root	root	non-nominal-pos:NEG:root
14:49:3	يوْمئذٍ	link	متعلق	no-case:متعلق:T
15:1:1	الر	-	-	absent-from-treebank:INL
15:2:5	لوْ	root	root	non-nominal-pos:COND:root
15:3:6	فسوْف	fut	استقبال	non-nominal-pos:FUT:استقبال
15:4:1	وما	root	root	non-nominal-pos:NEG:root
15:4:5	إلا	root	root	non-nominal-pos:RES:root
15:5:1	ما	root	root	non-nominal-pos:NEG:root
15:5:3	منْ	Subj	فاعل	prep-in-nominal-slot:فاعل
15:5:6	وما	conj	معطوف	tabi-non-nominal:NEG:معطوف
15:7:1	لوْ	root	root	non-nominal-pos:COND:root
15:7:2	ما	cond	شرط	non-nominal-pos:NEG:شرط
15:7:5	إن	root	root	non-nominal-pos:COND:root
15:8:1	ما	root	root	non-nominal-pos:NEG:root
15:8:4	إلا	root	root	non-nominal-pos:RES:root
15:8:6	وما	root	root	non-nominal-pos:NEG:root
15:8:8	إذًا	pred <<kan>>	خبر كان	non-nominal-pos:SUR:خبر كان
15:10:1	ولقدْ	root	root	non-nominal-pos:CERT:root
15:11:1	وما	root	root	non-nominal-pos:NEG:root
15:11:3	من	Subj	فاعل	prep-in-nominal-slot:فاعل
15:11:5	إلا	res	حصر	non-nominal-pos:RES:حصر
15:13:1	لا	circ	حال	non-nominal-pos:NEG:حال
15:13:4	وقدْ	root	root	non-nominal-pos:CERT:root
15:14:1	ولوْ	root	root	non-nominal-pos:COND:root
15:15:5	بلْ	root	root	non-nominal-pos:RET:root
15:16:1	ولقدْ	root	root	non-nominal-pos:CERT:root
15:18:1	إلا	root	root	non-nominal-pos:RES:root
15:21:1	وإن	root	root	non-nominal-pos:NEG:root
15:21:4	إلا	res	حصر	non-nominal-pos:RES:حصر
15:21:7	وما	root	root	non-nominal-pos:NEG:root
15:21:9	إلا	res	حصر	non-nominal-pos:RES:حصر
15:22:9	وما	root	root	non-nominal-pos:NEG:root
15:22:10	أنتُمْ	neg	نفي	no-case:نفي:PRON
15:24:1	ولقدْ	root	root	non-nominal-pos:CERT:root
15:24:5	ولقدْ	conj	معطوف	tabi-non-nominal:CERT:معطوف
15:26:1	ولقدْ	root	root	non-nominal-pos:CERT:root
15:31:1	إلا	root	root	non-nominal-pos:RES:root
15:31:4	أن	Obj	مفعول به	non-nominal-pos:SUB:مفعول به
15:32:5	ألا	root	root	non-nominal-pos:SUB:root
15:33:2	لمْ	Obj	مفعول به	non-nominal-pos:NEG:مفعول به
15:40:1	إلا	root	root	non-nominal-pos:RES:root
15:42:2	عبادى	subj<<in>>	اسم إن	case-conflict:اسم إن
15:42:5	عليْهمْ	circ	حال	prep-in-nominal-slot:حال
15:42:7	إلا	root	root	non-nominal-pos:RES:root
15:43:2	جهنم	subj<<in>>	اسم إن	case-conflict:اسم إن
15:48:1	لا	root	root	non-nominal-pos:NEG:root
15:48:5	وما	root	root	non-nominal-pos:NEG:root
15:48:6	هُم	neg	نفي	no-case:نفي:PRON
15:49:2	عبادى	Obj	مفعول به	case-conflict:مفعول به
15:50:2	عذابى	subj<<in>>	اسم إن	case-conflict:اسم إن
15:52:1	إذْ	link	متعلق	no-case:متعلق:T
15:53:2	لا	Obj	مفعول به	non-nominal-pos:PRO:مفعول به
15:54:4	أن	gen	مجرور	non-nominal-pos:SUB:مجرور
15:54:6	الْكبرُ	Obj	مفعول به	case-conflict:مفعول به
15:54:7	فبم	gen	مجرور	non-nominal-pos:INTG:مجرور
15:55:4	فلا	root	root	non-nominal-pos:PRO:root
15:56:7	إلا	res	حصر	non-nominal-pos:RES:حصر
15:59:1	إلا	root	root	non-nominal-pos:RES:root
15:60:1	إلا	root	root	non-nominal-pos:RES:root
15:63:2	بلْ	Obj	مفعول به	non-nominal-pos:RET:مفعول به
15:65:8	ولا	root	root	non-nominal-pos:NEG:root
15:65:10	منكُمْ	circ	حال	prep-in-nominal-slot:حال
15:65:13	حيْثُ	link	متعلق	no-case:متعلق:LOC
15:68:5	فلا	root	root	non-nominal-pos:PRO:root
15:69:3	ولا	root	root	non-nominal-pos:PRO:root
15:70:2	أولمْ	intg	استفهام	non-nominal-pos:NEG:استفهام
15:71:4	إن	root	root	non-nominal-pos:COND:root
15:75:4	لءايتٍ	subj<<in>>	اسم إن	case-conflict:اسم إن
15:78:1	وإن	circ	حال	non-nominal-pos:CERT:حال
15:80:1	ولقدْ	root	root	non-nominal-pos:CERT:root
15:81:2	ءايتنا	Obj	مفعول به	case-conflict:مفعول به
15:84:1	فما	root	root	non-nominal-pos:NEG:root
15:85:1	وما	root	root	non-nominal-pos:NEG:root
15:85:3	السموت	Obj	مفعول به	case-conflict:مفعول به
15:85:7	إلا	res	حصر	non-nominal-pos:RES:حصر
15:87:1	ولقدْ	root	root	non-nominal-pos:CERT:root
15:88:1	لا	root	root	non-nominal-pos:NEG:root
15:88:3	عيْنيْك	Obj	مفعول به	case-conflict:مفعول به
15:88:10	ولا	root	root	non-nominal-pos:PRO:root
15:96:7	فسوْف	fut	استقبال	non-nominal-pos:FUT:استقبال
15:97:1	ولقدْ	root	root	non-nominal-pos:CERT:root
16:1:4	فلا	root	root	non-nominal-pos:PRO:root
16:2:11	أنْ	root	root	non-nominal-pos:SUB:root
16:2:14	لا	pred<<in>>	خبر إن	non-nominal-pos:NEG:خبر إن
16:2:16	إلا	root	root	non-nominal-pos:RES:root
16:3:2	السموت	Obj	مفعول به	case-conflict:مفعول به
16:4:6	هُو	sur	فجاءة	no-case:فجاءة:PRON
16:7:5	لمْ	root	root	non-nominal-pos:NEG:root
16:7:7	بلغيه	pred <<tkon>>	خبر تكون	case-conflict:خبر تكون
16:7:8	إلا	res	حصر	non-nominal-pos:RES:حصر
16:8:8	لا	sub	صلة	non-nominal-pos:NEG:صلة
16:9:7	ولوْ	root	root	non-nominal-pos:COND:root
16:11:8	ومن	conj	معطوف	tabi-non-nominal:P:معطوف
16:12:13	لءايتٍ	subj<<in>>	اسم إن	case-conflict:اسم إن
16:15:5	أن	prp	المفعول لأجله	non-nominal-pos:SUB:المفعول لأجله
16:16:1	وعلمتٍ	Obj	مفعول به	case-conflict:مفعول به
16:17:1	أفمن	intg	استفهام	no-case:استفهام:REL
16:17:4	لا	sub	صلة	non-nominal-pos:NEG:صلة
16:17:6	أفلا	intg	استفهام	non-nominal-pos:NEG:استفهام
16:18:1	وإن	root	root	non-nominal-pos:COND:root
16:18:5	لا	Obj	مفعول به	non-nominal-pos:PRO:مفعول به
16:20:6	لا	Pred	خبر	non-nominal-pos:NEG:خبر
16:21:4	وما	root	root	non-nominal-pos:NEG:root
16:21:6	أيان	Obj	مفعول به	non-nominal-pos:INTG:مفعول به
16:22:5	لا	sub	صلة	non-nominal-pos:NEG:صلة
16:23:1	لا	root	root	non-nominal-pos:NEG:root
16:23:11	لا	pred<<in>>	خبر إن	non-nominal-pos:NEG:خبر إن
16:24:4	ماذا	Pass	نائب فاعل	non-nominal-pos:INTG:نائب فاعل
16:25:12	ألا	root	root	non-nominal-pos:INC:root
16:26:1	قدْ	root	root	non-nominal-pos:CERT:root
16:26:20	لا	Poss	مضاف إليه	non-nominal-pos:NEG:مضاف إليه
16:27:6	أيْن	link	متعلق	non-nominal-pos:INTG:متعلق
16:28:4	ظالمى	circ	حال	case-conflict:حال
16:28:8	ما	Obj	مفعول به	non-nominal-pos:NEG:مفعول به
16:28:13	بلى	root	root	non-nominal-pos:ANS:root
16:29:7	مثْوى	Subj	فاعل	case-conflict:فاعل
16:30:4	ماذا	Pass	نائب فاعل	non-nominal-pos:INTG:نائب فاعل
16:32:6	سلم	Obj	مفعول به	case-conflict:مفعول به
16:33:1	هلْ	root	root	non-nominal-pos:INTG:root
16:33:3	إلا	res	حصر	non-nominal-pos:RES:حصر
16:33:4	أن	Obj	مفعول به	non-nominal-pos:SUB:مفعول به
16:33:16	وما	root	root	non-nominal-pos:NEG:root
16:33:19	ولكن	root	root	non-nominal-pos:AMD:root
16:35:4	لوْ	Obj	مفعول به	non-nominal-pos:COND:مفعول به
16:35:7	ما	rslt	جواب الشرط	non-nominal-pos:NEG:جواب الشرط
16:35:14	ولا	emph	توكيد	tabi-non-nominal:NEG:توكيد
16:35:16	ولا	conj	معطوف	tabi-non-nominal:NEG:معطوف
16:35:27	فهلْ	root	root	non-nominal-pos:INTG:root
16:35:30	إلا	res	حصر	non-nominal-pos:RES:حصر
16:36:1	ولقدْ	root	root	non-nominal-pos:CERT:root
16:36:7	أن	root	root	non-nominal-pos:INT:root
16:36:25	كيْف	pred <<kan>>	خبر كان	non-nominal-pos:INTG:خبر كان
16:37:1	إن	root	root	non-nominal-pos:COND:root
16:37:7	لا	pred<<in>>	خبر إن	non-nominal-pos:NEG:خبر إن
16:37:11	وما	root	root	non-nominal-pos:NEG:root
16:37:14	نصرين	root	root	case-conflict:root
16:38:5	لا	root	root	non-nominal-pos:NEG:root
16:38:10	بلى	root	root	non-nominal-pos:ANS:root
16:38:13	حقًا	root	root	case-conflict:root
16:38:17	لا	pred <<lakin>>	خبر لكن	non-nominal-pos:NEG:خبر لكن
16:40:4	إذا	link	متعلق	no-case:متعلق:T
16:40:6	أن	Pred	خبر	non-nominal-pos:SUB:خبر
16:41:3	فى	Obj	مفعول به	prep-in-nominal-slot:مفعول به
16:41:16	لوْ	root	root	non-nominal-pos:COND:root
16:43:1	وما	root	root	non-nominal-pos:NEG:root
16:43:5	إلا	res	حصر	non-nominal-pos:RES:حصر
16:43:12	إن	root	root	non-nominal-pos:COND:root
16:43:14	لا	pred <<kan>>	خبر كان	non-nominal-pos:NEG:خبر كان
16:45:4	السيـات	Obj	مفعول به	case-conflict:مفعول به
16:45:5	أن	Obj	مفعول به	non-nominal-pos:SUB:مفعول به
16:45:15	لا	Poss	مضاف إليه	non-nominal-pos:NEG:مضاف إليه
16:46:5	فما	root	root	non-nominal-pos:NEG:root
16:48:1	أولمْ	intg	استفهام	non-nominal-pos:NEG:استفهام
16:49:13	لا	Pred	خبر	non-nominal-pos:NEG:خبر
16:51:3	لا	Obj	مفعول به	non-nominal-pos:PRO:مفعول به
16:53:10	الضُرُ	Obj	مفعول به	case-conflict:مفعول به
16:54:6	إذا	rslt	جواب الشرط	no-case:جواب الشرط:T
16:55:5	فسوْف	fut	استقبال	non-nominal-pos:FUT:استقبال
16:56:3	لا	sub	صلة	non-nominal-pos:NEG:صلة
16:57:3	الْبنت	Obj	مفعول به	case-conflict:مفعول به
16:59:16	ألا	root	root	non-nominal-pos:INC:root
16:60:2	لا	sub	صلة	non-nominal-pos:NEG:صلة
16:61:1	ولوْ	root	root	non-nominal-pos:COND:root
16:61:6	ما	rslt	جواب الشرط	non-nominal-pos:NEG:جواب الشرط
16:61:8	عليْها	circ	حال	prep-in-nominal-slot:حال
16:61:11	ولكن	root	root	non-nominal-pos:AMD:root
16:61:19	لا	rslt	جواب الشرط	non-nominal-pos:NEG:جواب الشرط
16:61:22	ولا	conj	معطوف	tabi-non-nominal:NEG:معطوف
16:62:10	الْحُسْنى	subj<<in>>	اسم إن	case-conflict:اسم إن
16:62:11	لا	root	root	non-nominal-pos:NEG:root
16:63:2	لقدْ	root	root	non-nominal-pos:CERT:root
16:64:1	وما	root	root	non-nominal-pos:NEG:root
16:64:5	إلا	res	حصر	non-nominal-pos:RES:حصر
16:68:5	أن	root	root	non-nominal-pos:INT:root
16:68:12	ومما	conj	معطوف	tabi-non-nominal:P:معطوف
16:70:11	لكىْ	gen	مجرور	non-nominal-pos:SUB:مجرور
16:70:12	لا	sub	صلة	non-nominal-pos:NEG:صلة
16:71:8	فما	root	root	non-nominal-pos:NEG:root
16:73:6	لا	sub	صلة	non-nominal-pos:NEG:صلة
16:73:14	ولا	root	root	non-nominal-pos:NEG:root
16:74:1	فلا	root	root	non-nominal-pos:PRO:root
16:74:9	لا	Pred	خبر	non-nominal-pos:NEG:خبر
16:75:6	لا	root	root	non-nominal-pos:NEG:root
16:75:20	هلْ	root	root	non-nominal-pos:INTG:root
16:75:24	بلْ	root	root	non-nominal-pos:RET:root
16:75:26	لا	Pred	خبر	non-nominal-pos:NEG:خبر
16:76:4	رجُليْن	Obj	مفعول به	case-conflict:مفعول به
16:76:7	لا	circ	حال	non-nominal-pos:NEG:حال
16:76:17	لا	rslt	جواب الشرط	non-nominal-pos:NEG:جواب الشرط
16:76:20	هلْ	root	root	non-nominal-pos:INTG:root
16:77:5	وما	root	root	non-nominal-pos:NEG:root
16:77:8	إلا	res	حصر	non-nominal-pos:RES:حصر
16:78:6	لا	circ	حال	non-nominal-pos:NEG:حال
16:79:1	ألمْ	intg	استفهام	non-nominal-pos:NEG:استفهام
16:79:5	مُسخرتٍ	circ	حال	case-conflict:حال
16:79:9	ما	root	root	non-nominal-pos:NEG:root
16:79:11	إلا	res	حصر	non-nominal-pos:RES:حصر
16:79:16	لءايتٍ	subj<<in>>	اسم إن	case-conflict:اسم إن
16:82:1	فإن	root	root	non-nominal-pos:COND:root
16:84:8	لا	root	root	non-nominal-pos:NEG:root
16:84:12	ولا	root	root	non-nominal-pos:NEG:root
16:84:13	هُمْ	neg	نفي	no-case:نفي:PRON
16:85:6	فلا	rslt	جواب الشرط	non-nominal-pos:NEG:جواب الشرط
16:85:9	ولا	root	root	non-nominal-pos:NEG:root
16:85:10	هُمْ	neg	نفي	no-case:نفي:PRON
16:87:4	يوْمئذٍ	link	متعلق	no-case:متعلق:T
16:89:18	تبْينًا	root	root	case-conflict:root
16:90:7	ذى	Poss	مضاف إليه	case-conflict:مضاف إليه
16:90:8	الْقُرْبى	Poss	مضاف إليه	case-conflict:مضاف إليه
16:91:4	إذا	link	متعلق	no-case:متعلق:T
16:91:6	ولا	root	root	non-nominal-pos:PRO:root
16:91:11	وقدْ	circ	حال	non-nominal-pos:CERT:حال
16:92:1	ولا	root	root	non-nominal-pos:PRO:root
16:92:14	أن	link	متعلق	non-nominal-pos:SUB:متعلق
16:93:1	ولوْ	root	root	non-nominal-pos:COND:root
16:93:7	ولكن	root	root	non-nominal-pos:AMD:root
16:94:1	ولا	root	root	non-nominal-pos:PRO:root
16:95:1	ولا	root	root	non-nominal-pos:PRO:root
16:95:13	إن	root	root	non-nominal-pos:COND:root
16:96:7	باقٍ	pred <<ma>>	خبر ما	case-conflict:خبر ما
16:100:7	هُم	sub	صلة	no-case:صلة:PRON
16:101:6	واللهُ	circ	حال	case-conflict:حال
16:101:13	مُفْترٍ	Pred	خبر	case-conflict:خبر
16:101:14	بلْ	root	root	non-nominal-pos:RET:root
16:101:16	لا	Pred	خبر	non-nominal-pos:NEG:خبر
16:102:11	وهُدًى	Obj	مفعول به	case-conflict:مفعول به
16:102:12	وبُشْرى	Obj	مفعول به	case-conflict:مفعول به
16:103:1	ولقدْ	root	root	non-nominal-pos:CERT:root
16:104:3	لا	sub	صلة	non-nominal-pos:NEG:صلة
16:104:7	لا	pred<<in>>	خبر إن	non-nominal-pos:NEG:خبر إن
16:105:5	لا	sub	صلة	non-nominal-pos:NEG:صلة
16:106:7	إلا	root	root	non-nominal-pos:RES:root
16:106:10	وقلْبُهُ	circ	حال	case-conflict:حال
16:106:13	ولكن	root	root	non-nominal-pos:AMD:root
16:106:14	من	amd	استدراك	no-case:استدراك:REL
16:107:10	لا	pred<<in>>	خبر إن	non-nominal-pos:NEG:خبر إن
16:109:1	لا	root	root	non-nominal-pos:NEG:root
16:110:13	إن	App	بدل	tabi-non-nominal:ACC:بدل
16:111:14	لا	Pred	خبر	non-nominal-pos:NEG:خبر
16:113:1	ولقدْ	root	root	non-nominal-pos:CERT:root
16:114:10	إن	root	root	non-nominal-pos:COND:root
16:115:17	ولا	emph	توكيد	tabi-non-nominal:NEG:توكيد
16:116:1	ولا	root	root	non-nominal-pos:PRO:root
16:116:21	لا	pred<<in>>	خبر إن	non-nominal-pos:NEG:خبر إن
16:118:10	وما	root	root	non-nominal-pos:NEG:root
16:118:12	ولكن	root	root	non-nominal-pos:AMD:root
16:119:14	إن	App	بدل	tabi-non-nominal:ACC:بدل
16:120:8	ولمْ	root	root	non-nominal-pos:NEG:root
16:123:4	أن	link	متعلق	non-nominal-pos:SUB:متعلق
16:123:9	وما	circ	حال	non-nominal-pos:NEG:حال
16:126:1	وإنْ	root	root	non-nominal-pos:COND:root
16:126:8	ولئن	root	root	non-nominal-pos:COND:root
16:126:10	لهُو	rslt	جواب الشرط	no-case:جواب الشرط:PRON
16:127:2	وما	root	root	non-nominal-pos:NEG:root
16:127:4	إلا	res	حصر	non-nominal-pos:RES:حصر
16:127:6	ولا	root	root	non-nominal-pos:NEG:root
16:127:9	ولا	root	root	non-nominal-pos:PRO:root
16:128:7	هُم	sub	صلة	no-case:صلة:PRON
17:2:2	مُوسى	Obj	مفعول به	case-conflict:مفعول به
17:2:8	ألا	root	root	non-nominal-pos:SUB:root
17:4:10	مرتيْن	cog	مفعول مطلق	case-conflict:مفعول مطلق
17:7:1	إنْ	root	root	non-nominal-pos:COND:root
17:7:5	وإنْ	conj	معطوف	tabi-non-nominal:COND:معطوف
17:7:16	كما	gen	مجرور	non-nominal-pos:SUB:مجرور
17:8:3	أن	root	root	non-nominal-pos:SUB:root
17:8:5	وإنْ	root	root	non-nominal-pos:COND:root
17:8:9	جهنم	Obj	مفعول به	case-conflict:مفعول به
17:9:12	الصلحت	Obj	مفعول به	case-conflict:مفعول به
17:10:1	وأن	conj	معطوف	tabi-non-nominal:ACC:معطوف
17:10:3	لا	sub	صلة	non-nominal-pos:NEG:صلة
17:15:11	ولا	root	root	non-nominal-pos:NEG:root
17:15:15	أُخْرى	Poss	مضاف إليه	case-conflict:مضاف إليه
17:15:16	وما	root	root	non-nominal-pos:NEG:root
17:16:3	أن	root	root	non-nominal-pos:SUB:root
17:16:7	مُتْرفيها	Obj	مفعول به	case-conflict:مفعول به
17:17:1	وكمْ	Obj	مفعول به	non-nominal-pos:INTG:مفعول به
17:18:15	جهنم	Obj	مفعول به	case-conflict:مفعول به
17:19:9	فأُولئك	rslt	جواب الشرط	no-case:جواب الشرط:DEM
17:20:8	وما	root	root	non-nominal-pos:NEG:root
17:21:2	كيْف	circ	حال	non-nominal-pos:INTG:حال
17:21:9	درجتٍ	Spec	تمييز	case-conflict:تمييز
17:22:1	لا	root	root	non-nominal-pos:NEG:root
17:23:3	ألا	root	root	non-nominal-pos:SUB:root
17:23:5	إلا	res	حصر	non-nominal-pos:RES:حصر
17:23:9	إما	root	root	non-nominal-pos:EXL:root
17:23:16	فلا	rslt	جواب الشرط	non-nominal-pos:PRO:جواب الشرط
17:23:19	أُفٍ	Obj	مفعول به	case-conflict:مفعول به
17:23:20	ولا	conj	معطوف	tabi-non-nominal:NEG:معطوف
17:24:10	كما	gen	مجرور	non-nominal-pos:SUB:مجرور
17:25:6	إن	root	root	non-nominal-pos:COND:root
17:26:3	الْقُرْبى	Poss	مضاف إليه	case-conflict:مضاف إليه
17:26:8	ولا	root	root	non-nominal-pos:NEG:root
17:28:1	وإما	root	root	non-nominal-pos:EXL:root
17:29:1	ولا	root	root	non-nominal-pos:NEG:root
17:29:7	ولا	conj	معطوف	tabi-non-nominal:NEG:معطوف
17:31:1	ولا	root	root	non-nominal-pos:PRO:root
17:32:1	ولا	root	root	non-nominal-pos:PRO:root
17:33:1	ولا	root	root	non-nominal-pos:PRO:root
17:33:7	إلا	root	root	non-nominal-pos:RES:root
17:33:12	فقدْ	rslt	جواب الشرط	non-nominal-pos:CERT:جواب الشرط
17:33:16	فلا	root	root	non-nominal-pos:NEG:root
17:34:1	ولا	root	root	non-nominal-pos:PRO:root
17:34:5	إلا	res	حصر	non-nominal-pos:RES:حصر
17:36:1	ولا	root	root	non-nominal-pos:NEG:root
17:37:1	ولا	root	root	non-nominal-pos:NEG:root
17:37:7	لن	pred<<in>>	خبر إن	non-nominal-pos:NEG:خبر إن
17:37:10	ولن	conj	معطوف	tabi-non-nominal:NEG:معطوف
17:39:8	ولا	root	root	non-nominal-pos:NEG:root
17:41:1	ولقدْ	root	root	non-nominal-pos:CERT:root
17:41:7	وما	root	root	non-nominal-pos:NEG:root
17:41:9	إلا	res	حصر	non-nominal-pos:RES:حصر
17:42:2	لوْ	Obj	مفعول به	non-nominal-pos:COND:مفعول به
17:42:8	إذًا	rslt	جواب الشرط	non-nominal-pos:SUR:جواب الشرط
17:44:8	وإن	root	root	non-nominal-pos:NEG:root
17:44:10	شىْءٍ	root	root	case-conflict:root
17:44:11	إلا	res	حصر	non-nominal-pos:RES:حصر
17:44:14	ولكن	root	root	non-nominal-pos:AMD:root
17:44:15	لا	amd	استدراك	non-nominal-pos:NEG:استدراك
17:45:8	لا	sub	صلة	non-nominal-pos:NEG:صلة
17:46:5	أن	prp	المفعول لأجله	non-nominal-pos:SUB:المفعول لأجله
17:47:6	إذْ	link	متعلق	no-case:متعلق:T
17:47:15	إن	root	root	non-nominal-pos:NEG:root
17:47:17	إلا	res	حصر	non-nominal-pos:RES:حصر
17:48:2	كيْف	circ	حال	non-nominal-pos:INTG:حال
17:48:7	فلا	root	root	non-nominal-pos:NEG:root
17:49:2	أءذا	intg	استفهام	no-case:استفهام:T
17:51:19	متى	link	متعلق	non-nominal-pos:INTG:متعلق
17:51:23	أن	root	root	non-nominal-pos:SUB:root
17:51:25	قريبًا	root	root	case-conflict:root
17:52:6	إن	Obj	مفعول به	non-nominal-pos:NEG:مفعول به
17:52:8	إلا	root	root	non-nominal-pos:RES:root
17:53:5	هى	sub	صلة	no-case:صلة:PRON
17:54:4	إن	root	root	non-nominal-pos:COND:root
17:54:8	إن	conj	معطوف	tabi-non-nominal:COND:معطوف
17:54:11	وما	root	root	non-nominal-pos:NEG:root
17:55:7	ولقدْ	root	root	non-nominal-pos:CERT:root
17:55:14	داوُد	Obj	مفعول به	case-conflict:مفعول به
17:56:7	فلا	imrs	جواب أمر	non-nominal-pos:NEG:جواب أمر
17:56:12	ولا	emph	توكيد	tabi-non-nominal:NEG:توكيد
17:58:1	وإن	root	root	non-nominal-pos:NEG:root
17:58:4	إلا	res	حصر	non-nominal-pos:RES:حصر
17:59:1	وما	root	root	non-nominal-pos:NEG:root
17:59:3	أن	Obj	مفعول به	non-nominal-pos:SUB:مفعول به
17:59:6	إلا	res	حصر	non-nominal-pos:RES:حصر
17:59:7	أن	root	root	non-nominal-pos:SUB:root
17:59:12	ثمُود	Obj	مفعول به	case-conflict:مفعول به
17:59:13	الناقة	root	root	case-conflict:root
17:59:17	وما	root	root	non-nominal-pos:NEG:root
17:59:20	إلا	res	حصر	non-nominal-pos:RES:حصر
17:60:8	وما	root	root	non-nominal-pos:NEG:root
17:60:10	الرُءْيا	Obj	مفعول به	case-conflict:مفعول به
17:60:13	إلا	res	حصر	non-nominal-pos:RES:حصر
17:60:21	فما	root	root	non-nominal-pos:NEG:root
17:60:23	إلا	res	حصر	non-nominal-pos:RES:حصر
17:61:7	إلا	root	root	non-nominal-pos:RES:root
17:62:7	لئنْ	root	root	non-nominal-pos:COND:root
17:62:14	إلا	root	root	non-nominal-pos:RES:root
17:63:7	جهنم	subj<<in>>	اسم إن	case-conflict:اسم إن
17:64:15	وما	root	root	non-nominal-pos:NEG:root
17:64:18	إلا	res	حصر	non-nominal-pos:RES:حصر
17:65:2	عبادى	subj<<an>>	اسم أن	case-conflict:اسم أن
17:67:3	الضُرُ	Obj	مفعول به	case-conflict:مفعول به
17:67:9	إلا	root	root	non-nominal-pos:RES:root
17:68:2	أن	root	root	non-nominal-pos:SUB:root
17:68:12	لا	root	root	non-nominal-pos:PRO:root
17:69:3	أن	Obj	مفعول به	non-nominal-pos:SUB:مفعول به
17:69:17	لا	root	root	non-nominal-pos:PRO:root
17:70:1	ولقدْ	root	root	non-nominal-pos:CERT:root
17:70:3	بنى	Obj	مفعول به	case-conflict:مفعول به
17:70:4	ءادم	Poss	مضاف إليه	case-conflict:مضاف إليه
17:71:10	فأُولئك	rslt	جواب الشرط	no-case:جواب الشرط:DEM
17:71:13	ولا	root	root	non-nominal-pos:NEG:root
17:72:6	فهُو	rslt	جواب الشرط	no-case:جواب الشرط:PRON
17:73:1	وإن	root	root	non-nominal-pos:COND:root
17:73:11	وإذًا	root	root	non-nominal-pos:SUR:root
17:74:1	ولوْلا	root	root	non-nominal-pos:COND:root
17:74:2	أن	cond	شرط	non-nominal-pos:SUB:شرط
17:74:4	لقدْ	rslt	جواب الشرط	non-nominal-pos:CERT:جواب الشرط
17:75:1	إذًا	root	root	non-nominal-pos:SUR:root
17:75:8	لا	root	root	non-nominal-pos:NEG:root
17:76:1	وإن	root	root	non-nominal-pos:COND:root
17:76:8	وإذًا	root	root	non-nominal-pos:SUR:root
17:76:9	لا	root	root	non-nominal-pos:NEG:root
17:76:12	إلا	root	root	non-nominal-pos:RES:root
17:77:3	قدْ	sub	صلة	non-nominal-pos:CERT:صلة
17:77:8	ولا	root	root	non-nominal-pos:NEG:root
17:79:8	أن	root	root	non-nominal-pos:SUB:root
17:82:9	ولا	root	root	non-nominal-pos:NEG:root
17:82:12	إلا	res	حصر	non-nominal-pos:RES:حصر
17:84:2	كُل	Obj	مفعول به	case-conflict:مفعول به
17:85:5	الرُوحُ	Obj	مفعول به	case-conflict:مفعول به
17:85:8	ربى	Poss	مضاف إليه	case-conflict:مضاف إليه
17:85:9	وما	root	root	non-nominal-pos:NEG:root
17:85:13	إلا	res	حصر	non-nominal-pos:RES:حصر
17:86:1	ولئن	root	root	non-nominal-pos:COND:root
17:86:8	لا	root	root	non-nominal-pos:NEG:root
17:87:1	إلا	root	root	non-nominal-pos:RES:root
17:88:2	لئن	Obj	مفعول به	non-nominal-pos:COND:مفعول به
17:88:7	أن	gen	مجرور	non-nominal-pos:SUB:مجرور
17:88:12	لا	root	root	non-nominal-pos:NEG:root
17:88:15	ولوْ	root	root	non-nominal-pos:COND:root
17:89:1	ولقدْ	root	root	non-nominal-pos:CERT:root
17:89:13	إلا	res	حصر	non-nominal-pos:RES:حصر
17:90:2	لن	root	root	non-nominal-pos:NEG:root
17:92:4	كما	gen	مجرور	non-nominal-pos:SUB:مجرور
17:93:11	ولن	Obj	مفعول به	non-nominal-pos:NEG:مفعول به
17:93:17	كتبًا	root	root	case-conflict:root
17:93:21	ربى	Poss	مضاف إليه	case-conflict:مضاف إليه
17:93:22	هلْ	root	root	non-nominal-pos:INTG:root
17:93:24	إلا	res	حصر	non-nominal-pos:RES:حصر
17:93:26	رسُولًا	Pred	خبر	case-conflict:خبر
17:94:1	وما	root	root	non-nominal-pos:NEG:root
17:94:4	أن	Obj	مفعول به	non-nominal-pos:SUB:مفعول به
17:94:6	إذْ	link	متعلق	no-case:متعلق:T
17:94:8	الْهُدى	Subj	فاعل	case-conflict:فاعل
17:94:9	إلا	res	حصر	non-nominal-pos:RES:حصر
17:94:10	أن	Subj	فاعل	non-nominal-pos:SUB:فاعل
17:95:2	لوْ	Obj	مفعول به	non-nominal-pos:COND:مفعول به
17:96:5	بيْنى	link	متعلق	no-case:متعلق:LOC
17:97:4	فهُو	rslt	جواب الشرط	no-case:جواب الشرط:PRON
17:97:8	فلن	rslt	جواب الشرط	non-nominal-pos:NEG:جواب الشرط
17:98:7	أءذا	intg	استفهام	no-case:استفهام:T
17:99:1	أولمْ	intg	استفهام	non-nominal-pos:NEG:استفهام
17:99:7	السموت	Obj	مفعول به	case-conflict:مفعول به
17:99:11	أن	gen	مجرور	non-nominal-pos:SUB:مجرور
17:99:17	لا	Adj	صفة	tabi-non-nominal:NEG:صفة
17:99:22	إلا	res	حصر	non-nominal-pos:RES:حصر
17:100:2	لوْ	Obj	مفعول به	non-nominal-pos:COND:مفعول به
17:100:7	ربى	Poss	مضاف إليه	case-conflict:مضاف إليه
17:100:8	إذًا	root	root	non-nominal-pos:SUR:root
17:101:1	ولقدْ	root	root	non-nominal-pos:CERT:root
17:101:3	مُوسى	Obj	مفعول به	case-conflict:مفعول به
17:101:8	بنى	Obj	مفعول به	case-conflict:مفعول به
17:101:10	إذْ	link	متعلق	no-case:متعلق:T
17:102:2	لقدْ	Obj	مفعول به	non-nominal-pos:CERT:مفعول به
17:102:4	ما	Obj	مفعول به	non-nominal-pos:NEG:مفعول به
17:102:7	إلا	res	حصر	non-nominal-pos:RES:حصر
17:103:2	أن	root	root	non-nominal-pos:SUB:root
17:105:5	وما	root	root	non-nominal-pos:NEG:root
17:105:7	إلا	res	حصر	non-nominal-pos:RES:حصر
17:107:5	لا	root	root	non-nominal-pos:PRO:root
17:107:13	إذا	link	متعلق	no-case:متعلق:T
17:108:4	إن	root	root	non-nominal-pos:COND:root
17:110:8	ما	cond	شرط	no-case:شرط:REL
17:110:13	ولا	root	root	non-nominal-pos:NEG:root
17:110:16	ولا	conj	معطوف	tabi-non-nominal:NEG:معطوف
17:111:2	الْحمْدُ	Obj	مفعول به	case-conflict:مفعول به
17:111:5	لمْ	sub	صلة	non-nominal-pos:NEG:صلة
17:111:8	ولمْ	root	root	non-nominal-pos:NEG:root
17:111:14	ولمْ	conj	معطوف	tabi-non-nominal:NEG:معطوف
18:1:8	ولمْ	root	root	non-nominal-pos:NEG:root
18:1:11	عوجا	Obj	مفعول به	case-conflict:مفعول به
18:5:1	ما	Adj	صفة	tabi-non-nominal:NEG:صفة
18:5:6	ولا	emph	توكيد	tabi-non-nominal:NEG:توكيد
18:5:13	إن	root	root	non-nominal-pos:NEG:root
18:5:15	إلا	res	حصر	non-nominal-pos:RES:حصر
18:6:6	إن	root	root	non-nominal-pos:COND:root
18:6:7	لمْ	cond	شرط	non-nominal-pos:NEG:شرط
18:8:1	وإنا	conj	معطوف	tabi-non-nominal:ACC:معطوف
18:10:1	إذْ	link	متعلق	no-case:متعلق:T
18:12:4	أىُ	root	root	non-nominal-pos:INTG:root
18:12:5	الْحزْبيْن	Poss	مضاف إليه	case-conflict:مضاف إليه
18:14:4	إذْ	link	متعلق	no-case:متعلق:T
18:14:7	ربُنا	Obj	مفعول به	case-conflict:مفعول به
18:14:11	لن	root	root	non-nominal-pos:NEG:root
18:14:16	لقدْ	rslt	جواب الشرط	non-nominal-pos:CERT:جواب الشرط
18:14:18	إذًا	sup	زائد	non-nominal-pos:SUR:زائد
18:15:7	لوْلا	root	root	non-nominal-pos:EXH:root
18:16:5	إلا	root	root	non-nominal-pos:RES:root
18:17:3	إذا	link	متعلق	no-case:متعلق:T
18:17:26	فهُو	rslt	جواب الشرط	no-case:جواب الشرط:PRON
18:17:30	فلن	rslt	جواب الشرط	non-nominal-pos:NEG:جواب الشرط
18:18:10	وكلْبُهُم	circ	حال	case-conflict:حال
18:18:12	ذراعيْه	Obj	مفعول به	case-conflict:مفعول به
18:18:14	لو	root	root	non-nominal-pos:COND:root
18:19:8	كمْ	Obj	مفعول به	non-nominal-pos:INTG:مفعول به
18:19:17	ربُكُمْ	Obj	مفعول به	case-conflict:مفعول به
18:19:28	أيُها	Obj	مفعول به	case-conflict:مفعول به
18:19:35	ولا	root	root	non-nominal-pos:NEG:root
18:20:2	إن	pred<<in>>	خبر إن	non-nominal-pos:COND:خبر إن
18:20:10	ولن	root	root	non-nominal-pos:NEG:root
18:20:12	إذًا	root	root	non-nominal-pos:ANS:root
18:21:9	وأن	conj	معطوف	tabi-non-nominal:ACC:معطوف
18:21:11	لا	root	root	non-nominal-pos:NEG:root
18:21:14	إذْ	link	متعلق	no-case:متعلق:T
18:21:31	عليْهم	Obj	مفعول به	prep-in-nominal-slot:مفعول به
18:22:16	ربى	Obj	مفعول به	case-conflict:مفعول به
18:22:21	إلا	res	حصر	non-nominal-pos:RES:حصر
18:22:23	فلا	root	root	non-nominal-pos:PRO:root
18:22:26	إلا	res	حصر	non-nominal-pos:RES:حصر
18:22:29	ولا	conj	معطوف	tabi-non-nominal:PRO:معطوف
18:23:1	ولا	root	root	non-nominal-pos:PRO:root
18:24:1	إلا	res	حصر	non-nominal-pos:RES:حصر
18:24:2	أن	link	متعلق	non-nominal-pos:SUB:متعلق
18:24:7	إذا	link	متعلق	no-case:متعلق:T
18:24:11	أن	pred <<easaa>>	خبر عسى	non-nominal-pos:SUB:خبر عسى
18:26:2	اللهُ	Obj	مفعول به	case-conflict:مفعول به
18:26:13	ما	root	root	non-nominal-pos:NEG:root
18:26:19	ولا	root	root	non-nominal-pos:NEG:root
18:27:8	لا	root	root	non-nominal-pos:NEG:root
18:27:11	ولن	root	root	non-nominal-pos:NEG:root
18:28:11	ولا	root	root	non-nominal-pos:PRO:root
18:28:19	ولا	root	root	non-nominal-pos:PRO:root
18:29:18	وإن	root	root	non-nominal-pos:COND:root
18:30:5	الصلحت	Obj	مفعول به	case-conflict:مفعول به
18:30:7	لا	pred<<in>>	خبر إن	non-nominal-pos:NEG:خبر إن
18:32:7	جنتيْن	Obj	مفعول به	case-conflict:مفعول به
18:33:2	الْجنتيْن	Poss	مضاف إليه	case-conflict:مضاف إليه
18:33:5	ولمْ	root	root	non-nominal-pos:NEG:root
18:35:7	ما	Obj	مفعول به	non-nominal-pos:NEG:مفعول به
18:35:9	أن	Obj	مفعول به	non-nominal-pos:SUB:مفعول به
18:36:1	وما	root	root	non-nominal-pos:NEG:root
18:36:3	الساعة	root	root	case-conflict:root
18:36:4	قائمةً	root	root	case-conflict:root
18:36:5	ولئن	root	root	non-nominal-pos:COND:root
18:38:2	هُو	amd	استدراك	no-case:استدراك:PRON
18:38:5	ولا	root	root	non-nominal-pos:NEG:root
18:39:1	ولوْلا	root	root	non-nominal-pos:EXH:root
18:39:2	إذْ	exh	تحضيض	no-case:تحضيض:T
18:39:9	لا	root	root	non-nominal-pos:NEG:root
18:39:11	إلا	res	حصر	non-nominal-pos:RES:حصر
18:39:13	إن	root	root	non-nominal-pos:COND:root
18:40:3	أن	pred <<easaa>>	خبر عسى	non-nominal-pos:SUB:خبر عسى
18:41:5	فلن	root	root	non-nominal-pos:NEG:root
18:42:5	كفيْه	Obj	مفعول به	case-conflict:مفعول به
18:42:16	لمْ	pred <<layt>>	خبر ليت	non-nominal-pos:NEG:خبر ليت
18:43:1	ولمْ	root	root	non-nominal-pos:NEG:root
18:43:9	وما	root	root	non-nominal-pos:NEG:root
18:46:6	والْبقيتُ	root	root	case-conflict:root
18:47:8	فلمْ	root	root	non-nominal-pos:NEG:root
18:48:5	لقدْ	Obj	مفعول به	non-nominal-pos:CERT:مفعول به
18:48:7	كما	gen	مجرور	non-nominal-pos:SUB:مجرور
18:48:11	بلْ	root	root	non-nominal-pos:RET:root
18:48:13	ألن	sup	زائد	non-nominal-pos:SUB:زائد
18:49:10	مال	root	root	non-nominal-pos:INTG:root
18:49:13	لا	circ	حال	non-nominal-pos:NEG:حال
18:49:16	ولا	emph	توكيد	tabi-non-nominal:NEG:توكيد
18:49:18	إلا	root	root	non-nominal-pos:RES:root
18:49:24	ولا	root	root	non-nominal-pos:NEG:root
18:50:7	إلا	root	root	non-nominal-pos:RES:root
18:51:1	ما	root	root	non-nominal-pos:NEG:root
18:51:6	ولا	emph	توكيد	tabi-non-nominal:NEG:توكيد
18:51:9	وما	root	root	non-nominal-pos:NEG:root
18:52:4	شُركاءى	Obj	مفعول به	case-conflict:مفعول به
18:52:8	فلمْ	root	root	non-nominal-pos:NEG:root
18:53:7	ولمْ	root	root	non-nominal-pos:NEG:root
18:54:1	ولقدْ	root	root	non-nominal-pos:CERT:root
18:55:1	وما	root	root	non-nominal-pos:NEG:root
18:55:4	أن	Obj	مفعول به	non-nominal-pos:SUB:مفعول به
18:55:6	إذْ	link	متعلق	no-case:متعلق:T
18:55:8	الْهُدى	Subj	فاعل	case-conflict:فاعل
18:55:11	إلا	res	حصر	non-nominal-pos:RES:حصر
18:55:12	أن	Subj	فاعل	non-nominal-pos:SUB:فاعل
18:56:1	وما	root	root	non-nominal-pos:NEG:root
18:56:4	إلا	res	حصر	non-nominal-pos:RES:حصر
18:56:15	ءايتى	Obj	مفعول به	case-conflict:مفعول به
18:57:18	أن	prp	المفعول لأجله	non-nominal-pos:SUB:المفعول لأجله
18:57:23	وإن	root	root	non-nominal-pos:COND:root
18:57:27	فلن	rslt	جواب الشرط	non-nominal-pos:NEG:جواب الشرط
18:57:29	إذًا	root	root	non-nominal-pos:SUR:root
18:58:5	لوْ	root	root	non-nominal-pos:COND:root
18:58:12	بل	root	root	non-nominal-pos:RET:root
18:58:15	لن	Adj	صفة	tabi-non-nominal:NEG:صفة
18:59:4	لما	link	متعلق	no-case:متعلق:T
18:60:5	لا	Obj	مفعول به	non-nominal-pos:NEG:مفعول به
18:62:7	لقدْ	root	root	non-nominal-pos:CERT:root
18:63:3	إذْ	link	متعلق	no-case:متعلق:T
18:63:10	وما	root	root	non-nominal-pos:NEG:root
18:63:12	إلا	res	حصر	non-nominal-pos:RES:حصر
18:63:14	أنْ	App	بدل	tabi-non-nominal:SUB:بدل
18:66:4	هلْ	Obj	مفعول به	non-nominal-pos:INTG:مفعول به
18:66:7	أن	gen	مجرور	non-nominal-pos:SUB:مجرور
18:67:3	لن	pred<<in>>	خبر إن	non-nominal-pos:NEG:خبر إن
18:68:1	وكيْف	circ	حال	non-nominal-pos:INTG:حال
18:68:5	لمْ	sub	صلة	non-nominal-pos:NEG:صلة
18:69:3	إن	root	root	non-nominal-pos:COND:root
18:69:7	ولا	conj	معطوف	tabi-non-nominal:NEG:معطوف
18:70:2	فإن	root	root	non-nominal-pos:COND:root
18:70:4	فلا	rslt	جواب الشرط	non-nominal-pos:NEG:جواب الشرط
18:71:2	حتى	root	root	non-nominal-pos:INC:root
18:71:3	إذا	inc	ابتداء	no-case:ابتداء:T
18:71:12	لقدْ	root	root	non-nominal-pos:CERT:root
18:72:2	ألمْ	intg	استفهام	non-nominal-pos:NEG:استفهام
18:72:5	لن	pred<<in>>	خبر إن	non-nominal-pos:NEG:خبر إن
18:73:2	لا	Obj	مفعول به	non-nominal-pos:PRO:مفعول به
18:73:6	ولا	conj	معطوف	tabi-non-nominal:PRO:معطوف
18:74:2	حتى	root	root	non-nominal-pos:INC:root
18:74:3	إذا	inc	ابتداء	no-case:ابتداء:T
18:74:13	لقدْ	root	root	non-nominal-pos:CERT:root
18:75:2	ألمْ	intg	استفهام	non-nominal-pos:NEG:استفهام
18:75:6	لن	pred<<in>>	خبر إن	non-nominal-pos:NEG:خبر إن
18:76:2	إن	Obj	مفعول به	non-nominal-pos:COND:مفعول به
18:76:7	فلا	rslt	جواب الشرط	non-nominal-pos:NEG:جواب الشرط
18:76:9	قدْ	root	root	non-nominal-pos:CERT:root
18:77:2	حتى	root	root	non-nominal-pos:INC:root
18:77:3	إذا	inc	ابتداء	no-case:ابتداء:T
18:77:10	أن	Obj	مفعول به	non-nominal-pos:SUB:مفعول به
18:77:16	أن	Obj	مفعول به	non-nominal-pos:SUB:مفعول به
18:77:20	لوْ	Obj	مفعول به	non-nominal-pos:COND:مفعول به
18:78:9	لمْ	sub	صلة	non-nominal-pos:NEG:صلة
18:79:1	أما	root	root	non-nominal-pos:COND:root
18:79:9	أنْ	Obj	مفعول به	non-nominal-pos:SUB:مفعول به
18:80:1	وأما	root	root	non-nominal-pos:COND:root
18:80:7	أن	Obj	مفعول به	non-nominal-pos:SUB:مفعول به
18:81:2	أن	Obj	مفعول به	non-nominal-pos:SUB:مفعول به
18:82:1	وأما	root	root	non-nominal-pos:COND:root
18:82:10	كنز	pred <<kan>>	خبر كان	case-conflict:خبر كان
18:82:17	أن	Obj	مفعول به	non-nominal-pos:SUB:مفعول به
18:82:25	وما	root	root	non-nominal-pos:NEG:root
18:82:32	لمْ	sub	صلة	non-nominal-pos:NEG:صلة
18:86:1	حتى	root	root	non-nominal-pos:INC:root
18:86:2	إذا	inc	ابتداء	no-case:ابتداء:T
18:86:17	إما	root	root	non-nominal-pos:EXL:root
18:86:18	أن	exl	تفصيل	non-nominal-pos:SUB:تفصيل
18:86:20	وإما	conj	معطوف	tabi-non-nominal:EXL:معطوف
18:86:21	أن	exl	تفصيل	non-nominal-pos:SUB:تفصيل
18:87:2	أما	root	root	non-nominal-pos:EXL:root
18:87:3	من	Obj	مفعول به	non-nominal-pos:COND:مفعول به
18:87:5	فسوْف	fut	استقبال	non-nominal-pos:FUT:استقبال
18:88:1	وأما	conj	معطوف	tabi-non-nominal:EXL:معطوف
18:88:2	منْ	exl	تفصيل	non-nominal-pos:COND:تفصيل
18:90:1	حتى	root	root	non-nominal-pos:INC:root
18:90:2	إذا	inc	ابتداء	no-case:ابتداء:T
18:90:10	لمْ	Adj	صفة	tabi-non-nominal:NEG:صفة
18:91:2	وقدْ	circ	حال	non-nominal-pos:CERT:حال
18:91:5	لديْه	link	متعلق	no-case:متعلق:LOC
18:93:1	حتى	root	root	non-nominal-pos:INC:root
18:93:2	إذا	inc	ابتداء	no-case:ابتداء:T
18:93:5	السديْن	Poss	مضاف إليه	case-conflict:مضاف إليه
18:93:10	لا	Adj	صفة	tabi-non-nominal:NEG:صفة
18:94:10	فهلْ	root	root	non-nominal-pos:INTG:root
18:94:15	أن	gen	مجرور	non-nominal-pos:SUB:مجرور
18:96:4	حتى	root	root	non-nominal-pos:INC:root
18:96:5	إذا	inc	ابتداء	no-case:ابتداء:T
18:96:11	حتى	root	root	non-nominal-pos:INC:root
18:96:12	إذا	inc	ابتداء	no-case:ابتداء:T
18:96:14	نارًا	root	root	case-conflict:root
18:97:1	فما	root	root	non-nominal-pos:NEG:root
18:97:3	أن	Obj	مفعول به	non-nominal-pos:SUB:مفعول به
18:97:5	وما	root	root	non-nominal-pos:NEG:root
18:98:9	ربى	Poss	مضاف إليه	case-conflict:مضاف إليه
18:98:14	ربى	Poss	مضاف إليه	case-conflict:مضاف إليه
18:99:3	يوْمئذٍ	link	متعلق	no-case:متعلق:T
18:100:2	جهنم	Obj	مفعول به	case-conflict:مفعول به
18:100:3	يوْمئذٍ	link	متعلق	no-case:متعلق:T
18:100:5	عرْضًا	root	root	case-conflict:root
18:101:9	لا	pred <<kan>>	خبر كان	non-nominal-pos:NEG:خبر كان
18:102:4	أن	Obj	مفعول به	non-nominal-pos:SUB:مفعول به
18:102:6	عبادى	Obj	مفعول به	case-conflict:مفعول به
18:102:12	جهنم	Obj	مفعول به	case-conflict:مفعول به
18:103:2	هلْ	Pass	نائب فاعل	non-nominal-pos:INTG:نائب فاعل
18:105:9	فلا	root	root	non-nominal-pos:NEG:root
18:106:7	ءايتى	Obj	مفعول به	case-conflict:مفعول به
18:107:5	الصلحت	Obj	مفعول به	case-conflict:مفعول به
18:108:3	لا	root	root	non-nominal-pos:NEG:root
18:109:2	لوْ	Obj	مفعول به	non-nominal-pos:COND:مفعول به
18:109:7	ربى	Poss	مضاف إليه	case-conflict:مضاف إليه
18:109:11	أن	Poss	مضاف إليه	non-nominal-pos:SUB:مضاف إليه
18:109:14	ربى	Poss	مضاف إليه	case-conflict:مضاف إليه
18:109:15	ولوْ	root	root	non-nominal-pos:COND:root
18:110:7	إلىـ	Pass	نائب فاعل	prep-in-nominal-slot:نائب فاعل
18:110:20	ولا	root	root	non-nominal-pos:NEG:root
19:1:1	كهيعص	-	-	absent-from-treebank:INL
19:4:10	ولمْ	root	root	non-nominal-pos:NEG:root
19:7:7	لمْ	Adj	صفة	tabi-non-nominal:NEG:صفة
19:8:3	أنى	link	متعلق	non-nominal-pos:INTG:متعلق
19:8:10	وقدْ	circ	حال	non-nominal-pos:CERT:حال
19:9:8	وقدْ	root	root	non-nominal-pos:CERT:root
19:9:12	ولمْ	root	root	non-nominal-pos:NEG:root
19:10:7	ءايتُك	Obj	مفعول به	case-conflict:مفعول به
19:10:8	ألا	root	root	non-nominal-pos:SUB:root
19:11:8	أن	root	root	non-nominal-pos:INT:root
19:14:3	ولمْ	root	root	non-nominal-pos:NEG:root
19:16:5	إذ	link	متعلق	no-case:متعلق:T
19:18:6	إن	root	root	non-nominal-pos:COND:root
19:20:2	أنى	link	متعلق	non-nominal-pos:INTG:متعلق
19:20:6	ولمْ	root	root	non-nominal-pos:NEG:root
19:20:9	ولمْ	root	root	non-nominal-pos:NEG:root
19:24:4	ألا	root	root	non-nominal-pos:INT:root
19:24:6	قدْ	root	root	non-nominal-pos:CERT:root
19:26:5	فإما	root	root	non-nominal-pos:EXL:root
19:26:15	فلنْ	root	root	non-nominal-pos:NEG:root
19:27:7	لقدْ	root	root	non-nominal-pos:CERT:root
19:28:3	ما	root	root	non-nominal-pos:NEG:root
19:28:8	وما	conj	معطوف	tabi-non-nominal:NEG:معطوف
19:28:11	بغيًا	Poss	مضاف إليه	case-conflict:مضاف إليه
19:29:4	كيْف	circ	حال	non-nominal-pos:INTG:حال
19:31:3	أيْن	link	متعلق	no-case:متعلق:LOC
19:31:4	ما	sup	زائد	no-case:زائد:REL
19:31:9	ما	link	متعلق	no-case:متعلق:REL
19:31:11	حيًا	subj <<dam>>	اسم دام	case-conflict:اسم دام
19:32:3	ولمْ	root	root	non-nominal-pos:NEG:root
19:34:5	قوْل	root	root	case-conflict:root
19:35:1	ما	root	root	non-nominal-pos:NEG:root
19:35:4	أن	pred <<kan>>	خبر كان	non-nominal-pos:SUB:خبر كان
19:35:9	إذا	link	متعلق	no-case:متعلق:T
19:38:6	لكن	root	root	non-nominal-pos:AMD:root
19:39:11	لا	Pred	خبر	non-nominal-pos:NEG:خبر
19:42:1	إذْ	link	متعلق	no-case:متعلق:T
19:42:5	لم	gen	مجرور	non-nominal-pos:INTG:مجرور
19:42:8	لا	sub	صلة	non-nominal-pos:NEG:صلة
19:42:10	ولا	conj	معطوف	tabi-non-nominal:NEG:معطوف
19:42:12	ولا	conj	معطوف	tabi-non-nominal:NEG:معطوف
19:43:3	قدْ	pred<<in>>	خبر إن	non-nominal-pos:CERT:خبر إن
19:43:8	لمْ	sub	صلة	non-nominal-pos:NEG:صلة
19:44:2	لا	root	root	non-nominal-pos:PRO:root
19:44:6	الشيْطن	pred<<in>>	خبر إن	case-conflict:خبر إن
19:45:4	أن	Obj	مفعول به	non-nominal-pos:SUB:مفعول به
19:46:7	لئن	root	root	non-nominal-pos:COND:root
19:46:8	لمْ	cond	شرط	non-nominal-pos:NEG:شرط
19:47:2	سلم	Obj	مفعول به	case-conflict:مفعول به
19:48:10	ألا	root	root	non-nominal-pos:SUB:root
19:58:22	إذا	link	متعلق	no-case:متعلق:T
19:59:9	فسوْف	fut	استقبال	non-nominal-pos:FUT:استقبال
19:60:1	إلا	root	root	non-nominal-pos:RES:root
19:60:10	ولا	root	root	non-nominal-pos:NEG:root
19:62:1	لا	root	root	non-nominal-pos:NEG:root
19:62:5	إلا	root	root	non-nominal-pos:RES:root
19:64:1	وما	root	root	non-nominal-pos:NEG:root
19:64:3	إلا	res	حصر	non-nominal-pos:RES:حصر
19:64:11	خلْفنا	Poss	مضاف إليه	case-conflict:مضاف إليه
19:64:15	وما	root	root	non-nominal-pos:NEG:root
19:65:9	هلْ	root	root	non-nominal-pos:INTG:root
19:66:3	أءذا	intg	استفهام	no-case:استفهام:T
19:66:4	ما	sup	زائد	no-case:زائد:REL
19:66:6	لسوْف	root	root	non-nominal-pos:FUT:root
19:66:8	حيًا	root	root	case-conflict:root
19:67:1	أولا	intg	استفهام	non-nominal-pos:NEG:استفهام
19:67:8	ولمْ	circ	حال	non-nominal-pos:NEG:حال
19:71:1	وإن	root	root	non-nominal-pos:NEG:root
19:71:3	إلا	res	حصر	non-nominal-pos:RES:حصر
19:73:11	أىُ	Obj	مفعول به	non-nominal-pos:INTG:مفعول به
19:74:1	وكمْ	Obj	مفعول به	non-nominal-pos:INTG:مفعول به
19:75:10	حتى	root	root	non-nominal-pos:INC:root
19:75:11	إذا	inc	ابتداء	no-case:ابتداء:T
19:75:15	إما	root	root	non-nominal-pos:EXL:root
19:75:17	وإما	conj	معطوف	tabi-non-nominal:EXL:معطوف
19:75:21	هُو	sub	صلة	no-case:صلة:PRON
19:76:6	والْبقيتُ	root	root	case-conflict:root
19:79:1	كلا	root	root	non-nominal-pos:AVR:root
19:82:1	كلا	root	root	non-nominal-pos:AVR:root
19:83:1	ألمْ	intg	استفهام	non-nominal-pos:NEG:استفهام
19:84:1	فلا	root	root	non-nominal-pos:PRO:root
19:87:1	لا	root	root	non-nominal-pos:NEG:root
19:87:4	إلا	res	حصر	non-nominal-pos:RES:حصر
19:89:1	لقدْ	root	root	non-nominal-pos:CERT:root
19:91:1	أن	root	root	non-nominal-pos:SUB:root
19:92:1	وما	root	root	non-nominal-pos:NEG:root
19:92:4	أن	root	root	non-nominal-pos:SUB:root
19:93:1	إن	root	root	non-nominal-pos:NEG:root
19:93:7	إلا	res	حصر	non-nominal-pos:RES:حصر
19:94:1	لقدْ	root	root	non-nominal-pos:CERT:root
19:98:1	وكمْ	Obj	مفعول به	non-nominal-pos:INTG:مفعول به
19:98:6	هلْ	root	root	non-nominal-pos:INTG:root
20:1:1	طه	-	-	absent-from-treebank:INL
20:2:1	ما	root	root	non-nominal-pos:NEG:root
20:3:1	إلا	root	root	non-nominal-pos:RES:root
20:6:11	تحْت	root	root	case-conflict:root
20:7:1	وإن	root	root	non-nominal-pos:COND:root
20:8:2	لا	Pred	خبر	non-nominal-pos:NEG:خبر
20:8:4	إلا	res	حصر	non-nominal-pos:RES:حصر
20:9:1	وهلْ	root	root	non-nominal-pos:INTG:root
20:10:1	إذْ	link	متعلق	no-case:متعلق:T
20:14:4	لا	pred<<in>>	خبر إن	non-nominal-pos:NEG:خبر إن
20:14:6	إلا	res	حصر	non-nominal-pos:RES:حصر
20:16:1	فلا	root	root	non-nominal-pos:PRO:root
20:16:5	لا	sub	صلة	non-nominal-pos:NEG:صلة
20:17:1	وما	root	root	non-nominal-pos:INTG:root
20:20:2	فإذا	root	root	non-nominal-pos:SUR:root
20:20:3	هى	sur	فجاءة	no-case:فجاءة:PRON
20:21:3	ولا	root	root	non-nominal-pos:PRO:root
20:28:2	قوْلى	root	root	case-conflict:root
20:33:1	كىْ	root	root	non-nominal-pos:SUB:root
20:36:2	قدْ	Obj	مفعول به	non-nominal-pos:CERT:مفعول به
20:37:1	ولقدْ	root	root	non-nominal-pos:CERT:root
20:38:1	إذْ	link	متعلق	no-case:متعلق:T
20:39:1	أن	root	root	non-nominal-pos:INT:root
20:40:1	إذْ	link	متعلق	no-case:متعلق:T
20:40:5	هلْ	Obj	مفعول به	non-nominal-pos:INTG:مفعول به
20:40:13	كىْ	root	root	non-nominal-pos:SUB:root
20:40:16	ولا	conj	معطوف	tabi-non-nominal:NEG:معطوف
20:42:5	ولا	root	root	non-nominal-pos:PRO:root
20:45:5	أن	Obj	مفعول به	non-nominal-pos:SUB:مفعول به
20:45:9	أن	conj	معطوف	tabi-non-nominal:SUB:معطوف
20:46:2	لا	Obj	مفعول به	non-nominal-pos:PRO:مفعول به
20:47:10	ولا	root	root	non-nominal-pos:PRO:root
20:47:12	قدْ	root	root	non-nominal-pos:CERT:root
20:48:2	قدْ	pred<<an>>	خبر أن	non-nominal-pos:CERT:خبر أن
20:52:2	علْمُها	Obj	مفعول به	case-conflict:مفعول به
20:52:7	لا	Adj	صفة	tabi-non-nominal:NEG:صفة
20:52:10	ولا	conj	معطوف	tabi-non-nominal:NEG:معطوف
20:56:1	ولقدْ	root	root	non-nominal-pos:CERT:root
20:58:7	موْعدًا	root	root	case-conflict:root
20:58:8	لا	Adj	صفة	tabi-non-nominal:NEG:صفة
20:58:11	ولا	emph	توكيد	tabi-non-nominal:NEG:توكيد
20:58:13	مكانًا	root	root	case-conflict:root
20:59:5	وأن	root	root	non-nominal-pos:SUB:root
20:61:5	لا	root	root	non-nominal-pos:PRO:root
20:61:12	وقدْ	root	root	non-nominal-pos:CERT:root
20:63:2	إنْ	Obj	مفعول به	non-nominal-pos:CERT:مفعول به
20:63:6	أن	Obj	مفعول به	non-nominal-pos:SUB:مفعول به
20:64:6	وقدْ	root	root	non-nominal-pos:CERT:root
20:65:3	إما	root	root	non-nominal-pos:EXL:root
20:65:4	أن	exl	تفصيل	non-nominal-pos:SUB:تفصيل
20:65:6	وإما	conj	معطوف	tabi-non-nominal:EXL:معطوف
20:65:7	أن	exl	تفصيل	non-nominal-pos:SUB:تفصيل
20:66:2	بلْ	Obj	مفعول به	non-nominal-pos:RET:مفعول به
20:66:4	فإذا	root	root	non-nominal-pos:SUR:root
20:68:2	لا	root	root	non-nominal-pos:PRO:root
20:69:12	ولا	root	root	non-nominal-pos:NEG:root
20:69:15	حيْثُ	link	متعلق	no-case:متعلق:LOC
20:71:5	أنْ	Poss	مضاف إليه	non-nominal-pos:SUB:مضاف إليه
20:72:2	لن	Obj	مفعول به	non-nominal-pos:NEG:مفعول به
20:72:17	هذه	link	متعلق	no-case:متعلق:DEM
20:74:2	من	pred<<in>>	خبر إن	non-nominal-pos:COND:خبر إن
20:74:9	لا	circ	حال	non-nominal-pos:NEG:حال
20:74:12	ولا	conj	معطوف	tabi-non-nominal:NEG:معطوف
20:75:1	ومن	root	root	non-nominal-pos:COND:root
20:75:4	قدْ	root	root	non-nominal-pos:CERT:root
20:77:1	ولقدْ	root	root	non-nominal-pos:CERT:root
20:77:5	أنْ	root	root	non-nominal-pos:INT:root
20:77:14	لا	root	root	non-nominal-pos:NEG:root
20:77:17	ولا	conj	معطوف	tabi-non-nominal:NEG:معطوف
20:79:4	وما	root	root	non-nominal-pos:NEG:root
20:80:3	قدْ	root	root	non-nominal-pos:CERT:root
20:81:6	ولا	root	root	non-nominal-pos:PRO:root
20:81:12	ومن	root	root	non-nominal-pos:COND:root
20:81:16	فقدْ	rslt	جواب الشرط	non-nominal-pos:CERT:جواب الشرط
20:83:1	وما	Obj	مفعول به	non-nominal-pos:INTG:مفعول به
20:85:3	قدْ	pred<<in>>	خبر إن	non-nominal-pos:CERT:خبر إن
20:86:9	ألمْ	intg	استفهام	non-nominal-pos:NEG:استفهام
20:86:19	أن	Obj	مفعول به	non-nominal-pos:SUB:مفعول به
20:87:2	ما	Obj	مفعول به	non-nominal-pos:NEG:مفعول به
20:89:1	أفلا	intg	استفهام	non-nominal-pos:NEG:استفهام
20:89:7	ولا	conj	معطوف	tabi-non-nominal:NEG:معطوف
20:89:11	ولا	emph	توكيد	tabi-non-nominal:NEG:توكيد
20:90:1	ولقدْ	root	root	non-nominal-pos:CERT:root
20:91:2	لن	Obj	مفعول به	non-nominal-pos:NEG:مفعول به
20:92:5	إذْ	link	متعلق	no-case:متعلق:T
20:93:1	ألا	Obj	مفعول به	non-nominal-pos:SUB:مفعول به
20:93:4	أمْرى	Obj	مفعول به	case-conflict:مفعول به
20:94:3	لا	root	root	non-nominal-pos:PRO:root
20:94:6	ولا	emph	توكيد	tabi-non-nominal:NEG:توكيد
20:94:10	أن	Obj	مفعول به	non-nominal-pos:SUB:مفعول به
20:94:16	ولمْ	root	root	non-nominal-pos:NEG:root
20:95:3	خطْبُك	pred <<ma>>	خبر ما	case-conflict:خبر ما
20:96:4	لمْ	sub	صلة	non-nominal-pos:NEG:صلة
20:97:7	أن	subj<<an>>	اسم أن	non-nominal-pos:SUB:اسم أن
20:97:9	لا	Obj	مفعول به	non-nominal-pos:PRO:مفعول به
20:97:10	مساس	Pro	نهي	non-nominal-pos:IMPN:نهي
20:97:14	لن	Adj	صفة	tabi-non-nominal:NEG:صفة
20:98:5	لا	sub	صلة	non-nominal-pos:NEG:صلة
20:98:7	إلا	root	root	non-nominal-pos:RES:root
20:99:7	قدْ	sub	صلة	non-nominal-pos:CERT:صلة
20:99:9	وقدْ	root	root	non-nominal-pos:CERT:root
20:102:7	يوْمئذٍ	link	متعلق	no-case:متعلق:T
20:103:3	إن	Obj	مفعول به	non-nominal-pos:NEG:مفعول به
20:103:5	إلا	res	حصر	non-nominal-pos:RES:حصر
20:104:5	إذْ	link	متعلق	no-case:متعلق:T
20:104:9	إن	Obj	مفعول به	non-nominal-pos:NEG:مفعول به
20:104:11	إلا	res	حصر	non-nominal-pos:RES:حصر
20:107:1	لا	circ	حال	non-nominal-pos:NEG:حال
20:107:5	ولا	emph	توكيد	tabi-non-nominal:NEG:توكيد
20:108:4	لا	circ	حال	non-nominal-pos:NEG:حال
20:108:10	فلا	root	root	non-nominal-pos:NEG:root
20:108:12	إلا	res	حصر	non-nominal-pos:RES:حصر
20:109:2	لا	root	root	non-nominal-pos:NEG:root
20:109:5	إلا	res	حصر	non-nominal-pos:RES:حصر
20:110:4	أيْديهمْ	Poss	مضاف إليه	case-conflict:مضاف إليه
20:110:6	خلْفهُمْ	Poss	مضاف إليه	case-conflict:مضاف إليه
20:110:7	ولا	root	root	non-nominal-pos:NEG:root
20:111:5	وقدْ	root	root	non-nominal-pos:CERT:root
20:112:1	ومن	root	root	non-nominal-pos:COND:root
20:112:7	فلا	rslt	جواب الشرط	non-nominal-pos:NEG:جواب الشرط
20:112:10	ولا	emph	توكيد	tabi-non-nominal:NEG:توكيد
20:114:5	ولا	root	root	non-nominal-pos:PRO:root
20:114:10	أن	Poss	مضاف إليه	non-nominal-pos:SUB:مضاف إليه
20:115:1	ولقدْ	root	root	non-nominal-pos:CERT:root
20:115:8	ولمْ	root	root	non-nominal-pos:NEG:root
20:116:7	إلا	root	root	non-nominal-pos:RES:root
20:117:8	فلا	root	root	non-nominal-pos:NEG:root
20:118:3	ألا	root	root	non-nominal-pos:SUB:root
20:118:6	ولا	emph	توكيد	tabi-non-nominal:NEG:توكيد
20:119:1	وأنك	conj	معطوف	tabi-non-nominal:ACC:معطوف
20:119:2	لا	pred<<an>>	خبر أن	non-nominal-pos:NEG:خبر أن
20:119:5	ولا	emph	توكيد	tabi-non-nominal:NEG:توكيد
20:120:6	هلْ	root	root	non-nominal-pos:INTG:root
20:120:12	لا	root	root	non-nominal-pos:NEG:root
20:123:8	فإما	root	root	non-nominal-pos:COND:root
20:123:12	فمن	root	root	non-nominal-pos:COND:root
20:123:15	فلا	rslt	جواب الشرط	non-nominal-pos:NEG:جواب الشرط
20:123:17	ولا	emph	توكيد	tabi-non-nominal:NEG:توكيد
20:124:1	ومنْ	conj	معطوف	tabi-non-nominal:COND:معطوف
20:125:3	لم	gen	مجرور	non-nominal-pos:INTG:مجرور
20:125:6	وقدْ	circ	حال	non-nominal-pos:CERT:حال
20:127:5	ولمْ	root	root	non-nominal-pos:NEG:root
20:128:1	أفلمْ	intg	استفهام	non-nominal-pos:NEG:استفهام
20:128:4	كمْ	Obj	مفعول به	non-nominal-pos:INTG:مفعول به
20:129:1	ولوْلا	root	root	non-nominal-pos:COND:root
20:131:1	ولا	root	root	non-nominal-pos:PRO:root
20:132:6	لا	root	root	non-nominal-pos:NEG:root
20:133:2	لوْلا	Obj	مفعول به	non-nominal-pos:EXH:مفعول به
20:133:7	أولمْ	intg	استفهام	non-nominal-pos:NEG:استفهام
20:134:1	ولوْ	root	root	non-nominal-pos:COND:root
20:134:9	لوْلا	root	root	non-nominal-pos:EXH:root
20:134:17	أن	Poss	مضاف إليه	non-nominal-pos:SUB:مضاف إليه
20:135:2	كُل	Obj	مفعول به	case-conflict:مفعول به
21:2:1	ما	root	root	non-nominal-pos:NEG:root
21:2:3	من	Subj	فاعل	prep-in-nominal-slot:فاعل
21:2:8	إلا	root	root	non-nominal-pos:RES:root
21:3:4	النجْوى	Obj	مفعول به	case-conflict:مفعول به
21:3:7	هلْ	App	بدل	tabi-non-nominal:INTG:بدل
21:3:9	إلا	res	حصر	non-nominal-pos:RES:حصر
21:4:2	ربى	Obj	مفعول به	case-conflict:مفعول به
21:5:1	بلْ	root	root	non-nominal-pos:RET:root
21:5:5	بل	root	root	non-nominal-pos:RET:root
21:5:7	بلْ	root	root	non-nominal-pos:RET:root
21:5:12	كما	gen	مجرور	non-nominal-pos:SUB:مجرور
21:6:1	ما	root	root	non-nominal-pos:NEG:root
21:6:4	من	Subj	فاعل	prep-in-nominal-slot:فاعل
21:6:7	أفهُمْ	intg	استفهام	no-case:استفهام:PRON
21:7:1	وما	root	root	non-nominal-pos:NEG:root
21:7:4	إلا	res	حصر	non-nominal-pos:RES:حصر
21:7:11	إن	root	root	non-nominal-pos:COND:root
21:7:13	لا	pred <<kan>>	خبر كان	non-nominal-pos:NEG:خبر كان
21:8:1	وما	conj	معطوف	tabi-non-nominal:NEG:معطوف
21:8:4	لا	Adj	صفة	tabi-non-nominal:NEG:صفة
21:8:7	وما	root	root	non-nominal-pos:NEG:root
21:10:1	لقدْ	root	root	non-nominal-pos:CERT:root
21:10:7	أفلا	intg	استفهام	non-nominal-pos:NEG:استفهام
21:11:1	وكمْ	Obj	مفعول به	non-nominal-pos:INTG:مفعول به
21:12:5	هُم	sur	فجاءة	no-case:فجاءة:PRON
21:13:1	لا	Pass	نائب فاعل	non-nominal-pos:PRO:نائب فاعل
21:15:1	فما	root	root	non-nominal-pos:NEG:root
21:15:4	دعْوىهُمْ	pred <<ma>>	خبر ما	case-conflict:خبر ما
21:16:1	وما	root	root	non-nominal-pos:NEG:root
21:17:1	لوْ	root	root	non-nominal-pos:COND:root
21:17:3	أن	root	root	non-nominal-pos:SUB:root
21:17:9	إن	root	root	non-nominal-pos:COND:root
21:18:1	بلْ	root	root	non-nominal-pos:RET:root
21:18:8	هُو	sur	فجاءة	no-case:فجاءة:PRON
21:19:8	لا	root	root	non-nominal-pos:NEG:root
21:19:12	ولا	conj	معطوف	tabi-non-nominal:NEG:معطوف
21:20:4	لا	circ	حال	non-nominal-pos:NEG:حال
21:22:1	لوْ	root	root	non-nominal-pos:COND:root
21:22:5	إلا	root	root	non-nominal-pos:RES:root
21:23:1	لا	circ	حال	non-nominal-pos:NEG:حال
21:24:16	بلْ	root	root	non-nominal-pos:RET:root
21:24:18	لا	Pred	خبر	non-nominal-pos:NEG:خبر
21:25:1	وما	root	root	non-nominal-pos:NEG:root
21:25:7	إلا	root	root	non-nominal-pos:RES:root
21:25:11	لا	pred<<in>>	خبر إن	non-nominal-pos:NEG:خبر إن
21:25:13	إلا	root	root	non-nominal-pos:RES:root
21:26:6	بلْ	root	root	non-nominal-pos:RET:root
21:27:1	لا	Adj	صفة	tabi-non-nominal:NEG:صفة
21:28:4	أيْديهمْ	Poss	مضاف إليه	case-conflict:مضاف إليه
21:28:6	خلْفهُمْ	Poss	مضاف إليه	case-conflict:مضاف إليه
21:28:7	ولا	conj	معطوف	tabi-non-nominal:NEG:معطوف
21:28:9	إلا	res	حصر	non-nominal-pos:RES:حصر
21:29:8	فذلك	rslt	جواب الشرط	no-case:جواب الشرط:DEM
21:29:10	جهنم	Obj	مفعول به	case-conflict:مفعول به
21:30:1	أولمْ	intg	استفهام	non-nominal-pos:NEG:استفهام
21:30:6	السموت	subj<<in>>	اسم إن	case-conflict:اسم إن
21:30:17	أفلا	intg	استفهام	non-nominal-pos:NEG:استفهام
21:31:5	أن	prp	المفعول لأجله	non-nominal-pos:SUB:المفعول لأجله
21:33:8	كُل	circ	حال	case-conflict:حال
21:34:1	وما	root	root	non-nominal-pos:NEG:root
21:34:7	أفإين	intg	استفهام	non-nominal-pos:COND:استفهام
21:34:9	فهُمُ	rslt	جواب الشرط	no-case:جواب الشرط:PRON
21:36:5	إن	Obj	مفعول به	non-nominal-pos:NEG:مفعول به
21:36:7	إلا	res	حصر	non-nominal-pos:RES:حصر
21:36:9	أهذا	intg	استفهام	no-case:استفهام:DEM
21:37:6	ءايتى	Obj	مفعول به	case-conflict:مفعول به
21:37:7	فلا	root	root	non-nominal-pos:PRO:root
21:38:2	متى	link	متعلق	non-nominal-pos:INTG:متعلق
21:38:5	إن	root	root	non-nominal-pos:COND:root
21:39:1	لوْ	root	root	non-nominal-pos:COND:root
21:39:6	لا	Poss	مضاف إليه	non-nominal-pos:NEG:مضاف إليه
21:39:11	ولا	conj	معطوف	tabi-non-nominal:NEG:معطوف
21:39:14	ولا	root	root	non-nominal-pos:NEG:root
21:39:15	هُمْ	neg	نفي	no-case:نفي:PRON
21:40:1	بلْ	root	root	non-nominal-pos:RET:root
21:40:5	فلا	root	root	non-nominal-pos:NEG:root
21:40:8	ولا	root	root	non-nominal-pos:NEG:root
21:40:9	هُمْ	neg	نفي	no-case:نفي:PRON
21:41:1	ولقد	root	root	non-nominal-pos:CERT:root
21:42:8	بلْ	root	root	non-nominal-pos:RET:root
21:43:7	لا	root	root	non-nominal-pos:NEG:root
21:43:11	ولا	root	root	non-nominal-pos:NEG:root
21:43:12	هُم	neg	نفي	no-case:نفي:PRON
21:44:1	بلْ	root	root	non-nominal-pos:RET:root
21:44:9	أفلا	intg	استفهام	non-nominal-pos:NEG:استفهام
21:44:17	أفهُمُ	intg	استفهام	no-case:استفهام:PRON
21:45:5	ولا	root	root	non-nominal-pos:NEG:root
21:45:10	ما	sup	زائد	no-case:زائد:REL
21:46:1	ولئن	root	root	non-nominal-pos:COND:root
21:47:6	فلا	root	root	non-nominal-pos:NEG:root
21:47:10	وإن	circ	حال	non-nominal-pos:COND:حال
21:48:1	ولقدْ	root	root	non-nominal-pos:CERT:root
21:48:3	مُوسى	Obj	مفعول به	case-conflict:مفعول به
21:50:5	أفأنتُمْ	intg	استفهام	no-case:استفهام:PRON
21:51:1	ولقدْ	root	root	non-nominal-pos:CERT:root
21:52:1	إذْ	link	متعلق	no-case:متعلق:T
21:54:2	لقدْ	root	root	non-nominal-pos:CERT:root
21:56:2	بل	Obj	مفعول به	non-nominal-pos:RET:مفعول به
21:57:5	أن	Poss	مضاف إليه	non-nominal-pos:SUB:مضاف إليه
21:58:3	إلا	root	root	non-nominal-pos:RES:root
21:60:3	فتًى	Obj	مفعول به	case-conflict:مفعول به
21:62:2	ءأنت	intg	استفهام	no-case:استفهام:PRON
21:63:2	بلْ	Obj	مفعول به	non-nominal-pos:RET:مفعول به
21:63:7	إن	root	root	non-nominal-pos:COND:root
21:65:5	لقدْ	root	root	non-nominal-pos:CERT:root
21:65:7	ما	Obj	مفعول به	non-nominal-pos:NEG:مفعول به
21:65:8	هؤُلاء	neg	نفي	no-case:نفي:DEM
21:66:7	لا	sub	صلة	non-nominal-pos:NEG:صلة
21:66:10	ولا	conj	معطوف	tabi-non-nominal:NEG:معطوف
21:67:1	أُفٍ	root	root	case-conflict:root
21:67:8	أفلا	intg	استفهام	non-nominal-pos:NEG:استفهام
21:68:5	إن	root	root	non-nominal-pos:COND:root
21:72:3	إسْحق	Obj	مفعول به	case-conflict:مفعول به
21:79:2	سُليْمن	Obj	مفعول به	case-conflict:مفعول به
21:80:8	فهلْ	root	root	non-nominal-pos:INTG:root
21:83:1	وأيُوب	Obj	مفعول به	case-conflict:مفعول به
21:83:7	الضُرُ	Obj	مفعول به	case-conflict:مفعول به
21:87:7	أن	Obj	مفعول به	non-nominal-pos:SUB:مفعول به
21:87:8	لن	sub	صلة	non-nominal-pos:NEG:صلة
21:87:14	أن	root	root	non-nominal-pos:SUB:root
21:87:15	لا	sub	صلة	non-nominal-pos:NEG:صلة
21:87:17	إلا	root	root	non-nominal-pos:RES:root
21:89:1	وزكريا	Obj	مفعول به	case-conflict:مفعول به
21:89:6	لا	root	root	non-nominal-pos:NEG:root
21:90:5	يحْيى	Obj	مفعول به	case-conflict:مفعول به
21:94:7	فلا	rslt	جواب الشرط	non-nominal-pos:NEG:جواب الشرط
21:95:6	لا	pred<<in>>	خبر إن	non-nominal-pos:NEG:خبر إن
21:96:1	حتى	link	متعلق	non-nominal-pos:INC:متعلق
21:96:2	إذا	inc	ابتداء	no-case:ابتداء:T
21:97:4	فإذا	rslt	جواب الشرط	no-case:جواب الشرط:T
21:97:5	هى	sur	فجاءة	no-case:فجاءة:PRON
21:97:11	قدْ	root	root	non-nominal-pos:CERT:root
21:97:17	بلْ	root	root	non-nominal-pos:RET:root
21:99:1	لوْ	root	root	non-nominal-pos:COND:root
21:99:5	ما	rslt	جواب الشرط	non-nominal-pos:NEG:جواب الشرط
21:100:6	لا	root	root	non-nominal-pos:NEG:root
21:102:1	لا	Pred	خبر	non-nominal-pos:NEG:خبر
21:103:1	لا	Pred	خبر	non-nominal-pos:NEG:خبر
21:105:1	ولقدْ	root	root	non-nominal-pos:CERT:root
21:107:1	وما	root	root	non-nominal-pos:NEG:root
21:107:3	إلا	res	حصر	non-nominal-pos:RES:حصر
21:108:9	فهلْ	root	root	non-nominal-pos:INTG:root
21:109:1	فإن	root	root	non-nominal-pos:COND:root
21:109:7	وإنْ	root	root	non-nominal-pos:NEG:root
21:111:1	وإنْ	root	root	non-nominal-pos:NEG:root
22:1:4	ربكُمْ	root	root	case-conflict:root
22:2:14	الناس	root	root	case-conflict:root
22:2:16	وما	root	root	non-nominal-pos:NEG:root
22:2:17	هُم	neg	نفي	no-case:نفي:PRON
22:5:3	إن	root	root	non-nominal-pos:COND:root
22:5:14	من	conj	معطوف	tabi-non-nominal:P:معطوف
22:5:17	منْ	conj	معطوف	tabi-non-nominal:P:معطوف
22:5:20	من	conj	معطوف	tabi-non-nominal:P:معطوف
22:5:50	لكيْلا	sub	صلة	non-nominal-pos:NEG:صلة
22:7:1	وأن	conj	معطوف	tabi-non-nominal:ACC:معطوف
22:7:4	لا	root	root	non-nominal-pos:NEG:root
22:8:9	ولا	emph	توكيد	tabi-non-nominal:NEG:توكيد
22:8:11	ولا	emph	توكيد	tabi-non-nominal:NEG:توكيد
22:11:8	فإنْ	root	root	non-nominal-pos:COND:root
22:11:13	وإنْ	conj	معطوف	tabi-non-nominal:COND:معطوف
22:11:20	الدُنْيا	Obj	مفعول به	case-conflict:مفعول به
22:12:6	لا	sub	صلة	non-nominal-pos:NEG:صلة
22:12:9	لا	sub	صلة	non-nominal-pos:NEG:صلة
22:13:8	الْموْلى	Subj	فاعل	case-conflict:فاعل
22:14:7	الصلحت	Obj	مفعول به	case-conflict:مفعول به
22:14:8	جنتٍ	Obj	مفعول به	case-conflict:مفعول به
22:15:4	أن	Obj	مفعول به	non-nominal-pos:SUB:مفعول به
22:15:5	لن	sub	صلة	non-nominal-pos:NEG:صلة
22:15:18	هلْ	root	root	non-nominal-pos:INTG:root
22:16:3	ءايتٍ	circ	حال	case-conflict:حال
22:18:1	ألمْ	intg	استفهام	non-nominal-pos:NEG:استفهام
22:18:29	فما	rslt	جواب الشرط	non-nominal-pos:NEG:جواب الشرط
22:18:31	من	emph	توكيد	tabi-non-nominal:P:توكيد
22:18:32	مُكْرمٍ	root	root	case-conflict:root
22:22:1	كُلما	link	متعلق	no-case:متعلق:T
22:22:3	أن	Obj	مفعول به	non-nominal-pos:SUB:مفعول به
22:23:7	الصلحت	Obj	مفعول به	case-conflict:مفعول به
22:23:8	جنتٍ	Obj	مفعول به	case-conflict:مفعول به
22:26:6	أن	root	root	non-nominal-pos:INT:root
22:26:7	لا	int	تفسير	non-nominal-pos:PRO:تفسير
22:26:12	بيْتى	Obj	مفعول به	case-conflict:مفعول به
22:28:2	منفع	root	root	case-conflict:root
22:29:3	تفثهُمْ	root	root	case-conflict:root
22:29:5	نُذُورهُمْ	root	root	case-conflict:root
22:30:4	حُرُمت	Obj	مفعول به	case-conflict:مفعول به
22:30:6	فهُو	rslt	جواب الشرط	no-case:جواب الشرط:PRON
22:30:14	إلا	root	root	non-nominal-pos:RES:root
22:35:2	إذا	sub	صلة	no-case:صلة:T
22:37:1	لن	root	root	non-nominal-pos:NEG:root
22:37:5	ولا	emph	توكيد	tabi-non-nominal:NEG:توكيد
22:37:7	ولكن	root	root	non-nominal-pos:AMD:root
22:38:9	لا	pred<<in>>	خبر إن	non-nominal-pos:NEG:خبر إن
22:40:7	إلا	root	root	non-nominal-pos:RES:root
22:40:8	أن	exp	مستثني	non-nominal-pos:SUB:مستثني
22:40:12	ولوْلا	root	root	non-nominal-pos:COND:root
22:41:2	إن	sub	صلة	non-nominal-pos:COND:صلة
22:42:1	وإن	root	root	non-nominal-pos:COND:root
22:42:3	فقدْ	rslt	جواب الشرط	non-nominal-pos:CERT:جواب الشرط
22:44:9	فكيْف	pred <<kan>>	خبر كان	non-nominal-pos:INTG:خبر كان
22:46:1	أفلمْ	intg	استفهام	non-nominal-pos:NEG:استفهام
22:46:15	لا	pred<<in>>	خبر إن	non-nominal-pos:NEG:خبر إن
22:46:18	ولكن	root	root	non-nominal-pos:AMD:root
22:47:3	ولن	root	root	non-nominal-pos:NEG:root
22:50:4	الصلحت	Obj	مفعول به	case-conflict:مفعول به
22:52:1	وما	root	root	non-nominal-pos:NEG:root
22:52:7	ولا	emph	توكيد	tabi-non-nominal:NEG:توكيد
22:52:9	إلا	root	root	non-nominal-pos:RES:root
22:52:24	ءايته	Obj	مفعول به	case-conflict:مفعول به
22:55:1	ولا	root	root	non-nominal-pos:NEG:root
22:56:2	يوْمئذٍ	link	متعلق	no-case:متعلق:T
22:56:9	الصلحت	Obj	مفعول به	case-conflict:مفعول به
22:57:5	فأُولئك	rslt	جواب الشرط	no-case:جواب الشرط:DEM
22:63:1	ألمْ	intg	استفهام	non-nominal-pos:NEG:استفهام
22:65:1	ألمْ	intg	استفهام	non-nominal-pos:NEG:استفهام
22:65:17	أن	prp	المفعول لأجله	non-nominal-pos:SUB:المفعول لأجله
22:65:21	إلا	root	root	non-nominal-pos:RES:root
22:67:7	فلا	root	root	non-nominal-pos:NEG:root
22:68:1	وإن	root	root	non-nominal-pos:COND:root
22:68:4	اللهُ	Obj	مفعول به	case-conflict:مفعول به
22:70:1	ألمْ	intg	استفهام	non-nominal-pos:NEG:استفهام
22:71:6	لمْ	sub	صلة	non-nominal-pos:NEG:صلة
22:71:15	وما	root	root	non-nominal-pos:NEG:root
22:71:18	نصيرٍ	subj <<ma>>	اسم ما	case-conflict:اسم ما
22:72:5	بينتٍ	circ	حال	case-conflict:حال
22:72:17	ءايتنا	Obj	مفعول به	case-conflict:مفعول به
22:73:13	لن	pred<<an>>	خبر أن	non-nominal-pos:NEG:خبر أن
22:73:16	ولو	circ	حال	non-nominal-pos:COND:حال
22:73:19	وإن	root	root	non-nominal-pos:COND:root
22:73:23	لا	rslt	جواب الشرط	non-nominal-pos:NEG:جواب الشرط
22:74:1	ما	root	root	non-nominal-pos:NEG:root
22:76:4	أيْديهمْ	Poss	مضاف إليه	case-conflict:مضاف إليه
22:78:8	وما	root	root	non-nominal-pos:NEG:root
22:78:40	موْلىكُمْ	Pred	خبر	case-conflict:خبر
22:78:42	الْموْلى	Subj	فاعل	case-conflict:فاعل
23:1:1	قدْ	root	root	non-nominal-pos:CERT:root
23:2:2	هُمْ	sub	صلة	no-case:صلة:PRON
23:3:2	هُمْ	sub	صلة	no-case:صلة:PRON
23:4:2	هُمْ	sub	صلة	no-case:صلة:PRON
23:5:2	هُمْ	sub	صلة	no-case:صلة:PRON
23:6:1	إلا	root	root	non-nominal-pos:RES:root
23:7:3	وراء	root	root	case-conflict:root
23:7:5	فأُولئك	rslt	جواب الشرط	no-case:جواب الشرط:DEM
23:8:2	هُمْ	sub	صلة	no-case:صلة:PRON
23:9:2	هُمْ	sub	صلة	no-case:صلة:PRON
23:12:1	ولقدْ	root	root	non-nominal-pos:CERT:root
23:17:1	ولقدْ	root	root	non-nominal-pos:CERT:root
23:17:5	طرائق	Poss	مضاف إليه	case-conflict:مضاف إليه
23:17:6	وما	root	root	non-nominal-pos:NEG:root
23:23:1	ولقدْ	root	root	non-nominal-pos:CERT:root
23:23:10	ما	root	root	non-nominal-pos:NEG:root
23:23:15	أفلا	intg	استفهام	non-nominal-pos:NEG:استفهام
23:24:7	ما	Obj	مفعول به	non-nominal-pos:NEG:مفعول به
23:24:8	هذا	neg	نفي	no-case:نفي:DEM
23:24:9	إلا	res	حصر	non-nominal-pos:RES:حصر
23:24:13	أن	Obj	مفعول به	non-nominal-pos:SUB:مفعول به
23:24:16	ولوْ	root	root	non-nominal-pos:COND:root
23:24:21	ما	root	root	non-nominal-pos:NEG:root
23:25:1	إنْ	root	root	non-nominal-pos:NEG:root
23:25:2	هُو	neg	نفي	no-case:نفي:PRON
23:25:3	إلا	res	حصر	non-nominal-pos:RES:حصر
23:27:3	أن	root	root	non-nominal-pos:INT:root
23:27:17	زوْجيْن	Poss	مضاف إليه	case-conflict:مضاف إليه
23:27:18	اثْنيْن	Obj	مفعول به	case-conflict:مفعول به
23:27:20	إلا	root	root	non-nominal-pos:RES:root
23:27:26	ولا	root	root	non-nominal-pos:NEG:root
23:28:9	الْحمْدُ	Obj	مفعول به	case-conflict:مفعول به
23:30:2	فى	pred<<in>>	خبر إن	prep-in-nominal-slot:خبر إن
23:30:4	لءايتٍ	subj<<in>>	اسم إن	case-conflict:اسم إن
23:30:5	وإن	root	root	non-nominal-pos:CERT:root
23:32:5	أن	root	root	non-nominal-pos:INT:root
23:32:8	ما	root	root	non-nominal-pos:NEG:root
23:32:13	أفلا	intg	استفهام	non-nominal-pos:NEG:استفهام
23:33:14	ما	Obj	مفعول به	non-nominal-pos:NEG:مفعول به
23:33:15	هذا	neg	نفي	no-case:نفي:DEM
23:33:16	إلا	res	حصر	non-nominal-pos:RES:حصر
23:34:1	ولئنْ	root	root	non-nominal-pos:COND:root
23:34:6	إذًا	pred<<in>>	خبر إن	non-nominal-pos:SUR:خبر إن
23:36:1	هيْهات	root	root	case-conflict:root
23:37:1	إنْ	root	root	non-nominal-pos:NEG:root
23:37:2	هى	neg	نفي	no-case:نفي:PRON
23:37:3	إلا	res	حصر	non-nominal-pos:RES:حصر
23:37:8	وما	root	root	non-nominal-pos:NEG:root
23:38:1	إنْ	root	root	non-nominal-pos:NEG:root
23:38:2	هُو	neg	نفي	no-case:نفي:PRON
23:38:3	إلا	res	حصر	non-nominal-pos:RES:حصر
23:38:9	وما	root	root	non-nominal-pos:NEG:root
23:38:10	نحْنُ	neg	نفي	no-case:نفي:PRON
23:43:1	ما	root	root	non-nominal-pos:NEG:root
23:43:3	منْ	Subj	فاعل	prep-in-nominal-slot:فاعل
23:43:6	وما	conj	معطوف	tabi-non-nominal:NEG:معطوف
23:44:6	ما	root	root	non-nominal-pos:SUB:root
23:44:18	لا	Adj	صفة	tabi-non-nominal:NEG:صفة
23:45:3	مُوسى	Obj	مفعول به	case-conflict:مفعول به
23:47:5	وقوْمُهُما	circ	حال	case-conflict:حال
23:49:1	ولقدْ	root	root	non-nominal-pos:CERT:root
23:49:3	مُوسى	Obj	مفعول به	case-conflict:مفعول به
23:50:3	مرْيم	Poss	مضاف إليه	case-conflict:مضاف إليه
23:53:8	لديْهمْ	link	متعلق	no-case:متعلق:LOC
23:56:5	بل	root	root	non-nominal-pos:RET:root
23:56:6	لا	ret	اضراب	non-nominal-pos:NEG:اضراب
23:57:3	هُم	sub	صلة	no-case:صلة:PRON
23:58:2	هُم	sub	صلة	no-case:صلة:PRON
23:59:2	هُم	sub	صلة	no-case:صلة:PRON
23:59:4	لا	Pred	خبر	non-nominal-pos:NEG:خبر
23:60:5	وقُلُوبُهُمْ	circ	حال	case-conflict:حال
23:62:1	ولا	root	root	non-nominal-pos:NEG:root
23:62:4	إلا	root	root	non-nominal-pos:RES:root
23:62:11	لا	Pred	خبر	non-nominal-pos:NEG:خبر
23:63:1	بلْ	root	root	non-nominal-pos:RET:root
23:64:1	حتى	root	root	non-nominal-pos:INC:root
23:64:2	إذا	inc	ابتداء	no-case:ابتداء:T
23:64:4	مُتْرفيهم	Obj	مفعول به	case-conflict:مفعول به
23:64:7	هُمْ	sur	فجاءة	no-case:فجاءة:PRON
23:65:1	لا	Obj	مفعول به	non-nominal-pos:PRO:مفعول به
23:65:6	لا	pred<<in>>	خبر إن	non-nominal-pos:NEG:خبر إن
23:66:1	قدْ	root	root	non-nominal-pos:CERT:root
23:68:1	أفلمْ	intg	استفهام	non-nominal-pos:NEG:استفهام
23:68:7	لمْ	sub	صلة	non-nominal-pos:NEG:صلة
23:69:2	لمْ	root	root	non-nominal-pos:NEG:root
23:70:4	جنة	Obj	مفعول به	case-conflict:مفعول به
23:70:5	بلْ	root	root	non-nominal-pos:RET:root
23:71:1	ولو	root	root	non-nominal-pos:COND:root
23:71:10	بلْ	root	root	non-nominal-pos:RET:root
23:74:3	لا	sub	صلة	non-nominal-pos:NEG:صلة
23:75:1	ولوْ	root	root	non-nominal-pos:COND:root
23:76:1	ولقدْ	root	root	non-nominal-pos:CERT:root
23:76:4	فما	root	root	non-nominal-pos:NEG:root
23:76:7	وما	root	root	non-nominal-pos:NEG:root
23:77:1	حتى	root	root	non-nominal-pos:INC:root
23:77:2	إذا	inc	ابتداء	no-case:ابتداء:T
23:77:10	هُمْ	sur	فجاءة	no-case:فجاءة:PRON
23:80:9	أفلا	intg	استفهام	non-nominal-pos:NEG:استفهام
23:81:1	بلْ	root	root	non-nominal-pos:RET:root
23:82:2	أءذا	intg	استفهام	no-case:استفهام:T
23:83:1	لقدْ	root	root	non-nominal-pos:CERT:root
23:83:8	إنْ	Obj	مفعول به	non-nominal-pos:NEG:مفعول به
23:83:9	هذا	neg	نفي	no-case:نفي:DEM
23:83:10	إلا	res	حصر	non-nominal-pos:RES:حصر
23:84:3	الْأرْضُ	Obj	مفعول به	case-conflict:مفعول به
23:84:6	إن	root	root	non-nominal-pos:COND:root
23:85:4	أفلا	intg	استفهام	non-nominal-pos:NEG:استفهام
23:87:4	أفلا	intg	استفهام	non-nominal-pos:NEG:استفهام
23:88:9	ولا	root	root	non-nominal-pos:NEG:root
23:88:12	إن	root	root	non-nominal-pos:COND:root
23:89:4	فأنى	circ	حال	non-nominal-pos:INTG:حال
23:90:1	بلْ	root	root	non-nominal-pos:RET:root
23:91:1	ما	root	root	non-nominal-pos:NEG:root
23:91:6	وما	root	root	non-nominal-pos:NEG:root
23:91:8	معهُ	Poss	مضاف إليه	case-conflict:مضاف إليه
23:91:11	إذًا	root	root	non-nominal-pos:SUR:root
23:93:2	ربـ	Obj	مفعول به	case-conflict:مفعول به
23:93:3	إما	root	root	non-nominal-pos:EXL:root
23:94:2	فلا	root	root	non-nominal-pos:PRO:root
23:95:3	أن	gen	مجرور	non-nominal-pos:SUB:مجرور
23:98:4	أن	link	متعلق	non-nominal-pos:SUB:متعلق
23:99:1	حتى	link	متعلق	non-nominal-pos:INC:متعلق
23:99:2	إذا	inc	ابتداء	no-case:ابتداء:T
23:100:6	كلا	root	root	non-nominal-pos:AVR:root
23:101:5	فلا	rslt	جواب الشرط	non-nominal-pos:NEG:جواب الشرط
23:101:8	يوْمئذٍ	link	متعلق	no-case:متعلق:T
23:101:9	ولا	root	root	non-nominal-pos:NEG:root
23:102:4	فأُولئك	rslt	جواب الشرط	no-case:جواب الشرط:DEM
23:103:4	فأُولئك	rslt	جواب الشرط	no-case:جواب الشرط:DEM
23:103:8	فى	Pred	خبر	prep-in-nominal-slot:خبر
23:105:1	ألمْ	intg	استفهام	non-nominal-pos:NEG:استفهام
23:107:4	فإنْ	root	root	non-nominal-pos:COND:root
23:108:4	ولا	root	root	non-nominal-pos:PRO:root
23:110:5	ذكْرى	Obj	مفعول به	case-conflict:مفعول به
23:112:2	كمْ	Obj	مفعول به	non-nominal-pos:INTG:مفعول به
23:114:2	إن	Obj	مفعول به	non-nominal-pos:NEG:مفعول به
23:114:4	إلا	res	حصر	non-nominal-pos:RES:حصر
23:114:6	لوْ	root	root	non-nominal-pos:COND:root
23:115:5	وأنكُمْ	conj	معطوف	tabi-non-nominal:ACC:معطوف
23:115:7	لا	pred<<in>>	خبر إن	non-nominal-pos:NEG:خبر إن
23:116:5	لا	root	root	non-nominal-pos:NEG:root
23:116:7	إلا	res	حصر	non-nominal-pos:RES:حصر
23:117:7	لا	Adj	صفة	tabi-non-nominal:NEG:صفة
23:117:16	لا	pred<<in>>	خبر إن	non-nominal-pos:NEG:خبر إن
23:118:2	ربـ	Obj	مفعول به	case-conflict:مفعول به
24:2:9	ولا	root	root	non-nominal-pos:PRO:root
24:2:16	إن	root	root	non-nominal-pos:COND:root
24:3:2	لا	Pred	خبر	non-nominal-pos:NEG:خبر
24:3:4	إلا	res	حصر	non-nominal-pos:RES:حصر
24:3:9	لا	Pred	خبر	non-nominal-pos:NEG:خبر
24:3:11	إلا	res	حصر	non-nominal-pos:RES:حصر
24:3:12	زانٍ	Obj	مفعول به	case-conflict:مفعول به
24:4:5	لمْ	root	root	non-nominal-pos:NEG:root
24:4:12	ولا	root	root	non-nominal-pos:PRO:root
24:5:1	إلا	root	root	non-nominal-pos:RES:root
24:6:4	ولمْ	circ	حال	non-nominal-pos:NEG:حال
24:6:8	إلا	res	حصر	non-nominal-pos:RES:حصر
24:6:16	لمن	pred<<in>>	خبر إن	prep-in-nominal-slot:خبر إن
24:7:6	إن	root	root	non-nominal-pos:COND:root
24:8:4	أن	Subj	فاعل	non-nominal-pos:SUB:فاعل
24:9:6	إن	root	root	non-nominal-pos:COND:root
24:10:1	ولوْلا	root	root	non-nominal-pos:COND:root
24:11:7	لا	circ	حال	non-nominal-pos:PRO:حال
24:11:11	بلْ	root	root	non-nominal-pos:RET:root
24:12:1	لوْلا	root	root	non-nominal-pos:EXH:root
24:12:2	إذْ	exh	تحضيض	no-case:تحضيض:T
24:13:1	لوْلا	root	root	non-nominal-pos:EXH:root
24:13:5	شُهداء	Poss	مضاف إليه	case-conflict:مضاف إليه
24:13:7	لمْ	root	root	non-nominal-pos:NEG:root
24:14:1	ولوْلا	root	root	non-nominal-pos:COND:root
24:15:1	إذْ	link	متعلق	no-case:متعلق:T
24:16:1	ولوْلا	root	root	non-nominal-pos:EXH:root
24:16:2	إذْ	exh	تحضيض	no-case:تحضيض:T
24:16:5	ما	Obj	مفعول به	non-nominal-pos:NEG:مفعول به
24:16:8	أن	Subj	فاعل	non-nominal-pos:SUB:فاعل
24:17:3	أن	link	متعلق	non-nominal-pos:SUB:متعلق
24:17:7	إن	root	root	non-nominal-pos:COND:root
24:19:4	أن	Obj	مفعول به	non-nominal-pos:SUB:مفعول به
24:19:19	لا	Pred	خبر	non-nominal-pos:NEG:خبر
24:20:1	ولوْلا	root	root	non-nominal-pos:COND:root
24:21:4	لا	root	root	non-nominal-pos:PRO:root
24:21:8	ومن	root	root	non-nominal-pos:COND:root
24:21:10	خُطُوت	Obj	مفعول به	case-conflict:مفعول به
24:21:16	ولوْلا	root	root	non-nominal-pos:COND:root
24:21:21	ما	rslt	جواب الشرط	non-nominal-pos:NEG:جواب الشرط
24:21:24	منْ	Subj	فاعل	prep-in-nominal-slot:فاعل
24:22:1	ولا	root	root	non-nominal-pos:PRO:root
24:22:7	أن	link	متعلق	non-nominal-pos:SUB:متعلق
24:22:18	ألا	intg	استفهام	non-nominal-pos:NEG:استفهام
24:22:20	أن	Obj	مفعول به	non-nominal-pos:SUB:مفعول به
24:25:1	يوْمئذٍ	link	متعلق	no-case:متعلق:T
24:27:4	لا	root	root	non-nominal-pos:PRO:root
24:28:1	فإن	root	root	non-nominal-pos:COND:root
24:28:2	لمْ	cond	شرط	non-nominal-pos:NEG:شرط
24:28:6	فلا	rslt	جواب الشرط	non-nominal-pos:PRO:جواب الشرط
24:28:11	وإن	root	root	non-nominal-pos:COND:root
24:29:4	أن	pred <<lays>>	خبر ليس	non-nominal-pos:SUB:خبر ليس
24:31:8	ولا	root	root	non-nominal-pos:PRO:root
24:31:11	إلا	root	root	non-nominal-pos:RES:root
24:31:19	ولا	root	root	non-nominal-pos:PRO:root
24:31:22	إلا	res	حصر	non-nominal-pos:RES:حصر
24:31:58	لمْ	sub	صلة	non-nominal-pos:NEG:صلة
24:31:63	ولا	root	root	non-nominal-pos:PRO:root
24:32:8	إن	root	root	non-nominal-pos:COND:root
24:33:3	لا	sub	صلة	non-nominal-pos:NEG:صلة
24:33:18	إنْ	root	root	non-nominal-pos:COND:root
24:33:28	ولا	root	root	non-nominal-pos:PRO:root
24:33:30	فتيتكُمْ	Obj	مفعول به	case-conflict:مفعول به
24:33:33	إنْ	root	root	non-nominal-pos:COND:root
24:34:1	ولقدْ	root	root	non-nominal-pos:CERT:root
24:35:22	لا	root	root	non-nominal-pos:NEG:root
24:35:24	ولا	conj	معطوف	tabi-non-nominal:NEG:معطوف
24:35:29	ولوْ	circ	حال	non-nominal-pos:COND:حال
24:35:30	لمْ	cond	شرط	non-nominal-pos:NEG:شرط
24:36:5	أن	link	متعلق	non-nominal-pos:SUB:متعلق
24:37:2	لا	Adj	صفة	tabi-non-nominal:NEG:صفة
24:37:5	ولا	emph	توكيد	tabi-non-nominal:NEG:توكيد
24:39:9	حتى	root	root	non-nominal-pos:INC:root
24:39:10	إذا	inc	ابتداء	no-case:ابتداء:T
24:39:12	لمْ	rslt	جواب الشرط	non-nominal-pos:NEG:جواب الشرط
24:40:21	لمْ	rslt	جواب الشرط	non-nominal-pos:NEG:جواب الشرط
24:40:25	لمْ	Pred	خبر	non-nominal-pos:NEG:خبر
24:40:30	فما	rslt	جواب الشرط	non-nominal-pos:NEG:جواب الشرط
24:40:32	من	emph	توكيد	tabi-non-nominal:P:توكيد
24:40:33	نُورٍ	root	root	case-conflict:root
24:41:1	ألمْ	intg	استفهام	non-nominal-pos:NEG:استفهام
24:41:12	صفتٍ	circ	حال	case-conflict:حال
24:41:14	قدْ	root	root	non-nominal-pos:CERT:root
24:43:1	ألمْ	intg	استفهام	non-nominal-pos:NEG:استفهام
24:43:35	سنا	subj <<ykad>>	اسم يكاد	case-conflict:اسم يكاد
24:46:1	لقدْ	root	root	non-nominal-pos:CERT:root
24:47:13	وما	root	root	non-nominal-pos:NEG:root
24:48:8	إذا	rslt	جواب الشرط	no-case:جواب الشرط:T
24:49:1	وإن	root	root	non-nominal-pos:COND:root
24:50:8	أن	Obj	مفعول به	non-nominal-pos:SUB:مفعول به
24:50:13	بلْ	root	root	non-nominal-pos:RET:root
24:51:12	أن	subj <<kan>>	اسم كان	non-nominal-pos:SUB:اسم كان
24:52:6	الله	root	root	case-conflict:root
24:52:8	فأُولئك	rslt	جواب الشرط	no-case:جواب الشرط:DEM
24:53:5	لئنْ	Obj	مفعول به	non-nominal-pos:COND:مفعول به
24:53:9	لا	Obj	مفعول به	non-nominal-pos:PRO:مفعول به
24:54:6	فإن	root	root	non-nominal-pos:COND:root
24:54:15	وإن	conj	معطوف	tabi-non-nominal:COND:معطوف
24:54:18	وما	root	root	non-nominal-pos:NEG:root
24:54:21	إلا	res	حصر	non-nominal-pos:RES:حصر
24:55:7	الصلحت	Obj	مفعول به	case-conflict:مفعول به
24:55:11	كما	gen	مجرور	non-nominal-pos:SUB:مجرور
24:55:28	لا	root	root	non-nominal-pos:NEG:root
24:55:36	فأُولئك	rslt	جواب الشرط	no-case:جواب الشرط:DEM
24:57:1	لا	root	root	non-nominal-pos:PRO:root
24:57:8	ومأْوىهُمُ	root	root	case-conflict:root
24:58:9	لمْ	sub	صلة	non-nominal-pos:NEG:صلة
24:58:15	من	App	بدل	tabi-non-nominal:P:بدل
24:58:33	ولا	emph	توكيد	tabi-non-nominal:NEG:توكيد
24:58:34	عليْهمْ	conj	معطوف	tabi-non-nominal:P:معطوف
24:58:46	الْءايت	Obj	مفعول به	case-conflict:مفعول به
24:59:7	كما	gen	مجرور	non-nominal-pos:SUB:مجرور
24:59:16	ءايته	Obj	مفعول به	case-conflict:مفعول به
24:60:5	لا	sub	صلة	non-nominal-pos:NEG:صلة
24:60:11	أن	pred <<lays>>	خبر ليس	non-nominal-pos:SUB:خبر ليس
24:60:17	وأن	root	root	non-nominal-pos:SUB:root
24:61:5	ولا	emph	توكيد	tabi-non-nominal:NEG:توكيد
24:61:9	ولا	emph	توكيد	tabi-non-nominal:NEG:توكيد
24:61:13	ولا	emph	توكيد	tabi-non-nominal:NEG:توكيد
24:61:16	أن	pred <<lays>>	خبر ليس	non-nominal-pos:SUB:خبر ليس
24:61:53	أن	pred <<lays>>	خبر ليس	non-nominal-pos:SUB:خبر ليس
24:61:74	الْءايت	Obj	مفعول به	case-conflict:مفعول به
24:62:13	لمْ	rslt	جواب الشرط	non-nominal-pos:NEG:جواب الشرط
24:63:1	لا	root	root	non-nominal-pos:PRO:root
24:63:9	قدْ	root	root	non-nominal-pos:CERT:root
24:63:21	أن	prp	المفعول لأجله	non-nominal-pos:SUB:المفعول لأجله
24:64:1	ألا	root	root	non-nominal-pos:INC:root
24:64:8	قدْ	root	root	non-nominal-pos:CERT:root
24:64:13	ويوْم	root	root	case-conflict:root
25:2:6	ولمْ	root	root	non-nominal-pos:NEG:root
25:2:9	ولمْ	root	root	non-nominal-pos:NEG:root
25:3:5	لا	Adj	صفة	tabi-non-nominal:NEG:صفة
25:3:10	ولا	conj	معطوف	tabi-non-nominal:NEG:معطوف
25:3:13	ضرًا	root	root	case-conflict:root
25:3:14	ولا	emph	توكيد	tabi-non-nominal:NEG:توكيد
25:3:16	ولا	conj	معطوف	tabi-non-nominal:NEG:معطوف
25:3:19	ولا	root	root	non-nominal-pos:NEG:root
25:3:21	ولا	root	root	non-nominal-pos:NEG:root
25:4:4	إنْ	Obj	مفعول به	non-nominal-pos:NEG:مفعول به
25:4:5	هذا	neg	نفي	no-case:نفي:DEM
25:4:6	إلا	res	حصر	non-nominal-pos:RES:حصر
25:4:13	فقدْ	root	root	non-nominal-pos:CERT:root
25:7:2	مال	Obj	مفعول به	non-nominal-pos:INTG:مفعول به
25:7:10	لوْلا	root	root	non-nominal-pos:EXH:root
25:8:13	إن	Obj	مفعول به	non-nominal-pos:NEG:مفعول به
25:8:15	إلا	res	حصر	non-nominal-pos:RES:حصر
25:9:2	كيْف	circ	حال	non-nominal-pos:INTG:حال
25:9:7	فلا	root	root	non-nominal-pos:NEG:root
25:10:3	إن	root	root	non-nominal-pos:COND:root
25:10:10	جنتٍ	Obj	مفعول به	case-conflict:مفعول به
25:11:1	بلْ	root	root	non-nominal-pos:RET:root
25:13:8	هُنالك	link	متعلق	no-case:متعلق:T
25:14:1	لا	Pass	نائب فاعل	non-nominal-pos:PRO:نائب فاعل
25:15:2	أذلك	intg	استفهام	no-case:استفهام:DEM
25:17:9	ءأنتُمْ	intg	استفهام	no-case:استفهام:PRON
25:17:11	عبادى	Obj	مفعول به	case-conflict:مفعول به
25:18:3	ما	Obj	مفعول به	non-nominal-pos:NEG:مفعول به
25:18:7	أن	Subj	فاعل	non-nominal-pos:SUB:فاعل
25:18:13	ولكن	root	root	non-nominal-pos:AMD:root
25:19:1	فقدْ	root	root	non-nominal-pos:CERT:root
25:19:5	فما	root	root	non-nominal-pos:NEG:root
25:19:8	ولا	emph	توكيد	tabi-non-nominal:NEG:توكيد
25:20:1	وما	root	root	non-nominal-pos:NEG:root
25:20:6	إلا	res	حصر	non-nominal-pos:RES:حصر
25:21:3	لا	sub	صلة	non-nominal-pos:NEG:صلة
25:21:6	لوْلا	Obj	مفعول به	non-nominal-pos:EXH:مفعول به
25:21:13	لقد	root	root	non-nominal-pos:CERT:root
25:22:4	لا	Obj	مفعول به	non-nominal-pos:NEG:مفعول به
25:22:5	بُشْرى	subj <<la>>	اسم لا	case-conflict:اسم لا
25:24:3	يوْمئذٍ	link	متعلق	no-case:متعلق:T
25:24:7	مقيلًا	Poss	مضاف إليه	case-conflict:مضاف إليه
25:26:2	يوْمئذٍ	link	متعلق	no-case:متعلق:T
25:28:3	لمْ	pred<<in>>	خبر إن	non-nominal-pos:NEG:خبر إن
25:29:1	لقدْ	root	root	non-nominal-pos:CERT:root
25:30:5	قوْمى	subj<<in>>	اسم إن	case-conflict:اسم إن
25:32:4	لوْلا	Obj	مفعول به	non-nominal-pos:EXH:مفعول به
25:33:1	ولا	root	root	non-nominal-pos:NEG:root
25:33:4	إلا	root	root	non-nominal-pos:RES:root
25:35:1	ولقدْ	root	root	non-nominal-pos:CERT:root
25:35:3	مُوسى	Obj	مفعول به	case-conflict:مفعول به
25:35:7	أخاهُ	Obj	مفعول به	case-conflict:مفعول به
25:40:1	ولقدْ	root	root	non-nominal-pos:CERT:root
25:40:9	أفلمْ	intg	استفهام	non-nominal-pos:NEG:استفهام
25:40:12	بلْ	root	root	non-nominal-pos:RET:root
25:40:14	لا	pred <<kan>>	خبر كان	non-nominal-pos:NEG:خبر كان
25:41:3	إن	rslt	جواب الشرط	non-nominal-pos:NEG:جواب الشرط
25:41:5	إلا	res	حصر	non-nominal-pos:RES:حصر
25:41:7	أهذا	intg	استفهام	no-case:استفهام:DEM
25:42:1	إن	root	root	non-nominal-pos:COND:root
25:42:6	لوْلا	root	root	non-nominal-pos:COND:root
25:42:7	أن	cond	شرط	non-nominal-pos:SUB:شرط
25:42:10	وسوْف	fut	استقبال	non-nominal-pos:FUT:استقبال
25:43:6	أفأنت	intg	استفهام	no-case:استفهام:PRON
25:44:8	إنْ	root	root	non-nominal-pos:NEG:root
25:44:9	هُمْ	neg	نفي	no-case:نفي:PRON
25:44:10	إلا	res	حصر	non-nominal-pos:RES:حصر
25:44:12	بلْ	root	root	non-nominal-pos:RET:root
25:45:1	ألمْ	intg	استفهام	non-nominal-pos:NEG:استفهام
25:45:5	كيْف	circ	حال	non-nominal-pos:INTG:حال
25:45:8	ولوْ	root	root	non-nominal-pos:COND:root
25:47:8	سُباتًا	root	root	case-conflict:root
25:48:7	يدىْ	Poss	مضاف إليه	case-conflict:مضاف إليه
25:50:1	ولقدْ	root	root	non-nominal-pos:CERT:root
25:50:8	إلا	res	حصر	non-nominal-pos:RES:حصر
25:51:1	ولوْ	root	root	non-nominal-pos:COND:root
25:52:1	فلا	root	root	non-nominal-pos:NEG:root
25:53:5	هذا	int	تفسير	no-case:تفسير:DEM
25:55:6	لا	sub	صلة	non-nominal-pos:NEG:صلة
25:55:8	ولا	emph	توكيد	tabi-non-nominal:NEG:توكيد
25:56:1	وما	root	root	non-nominal-pos:NEG:root
25:56:3	إلا	res	حصر	non-nominal-pos:RES:حصر
25:57:2	ما	Obj	مفعول به	non-nominal-pos:NEG:مفعول به
25:57:7	إلا	root	root	non-nominal-pos:RES:root
25:57:10	أن	Obj	مفعول به	non-nominal-pos:SUB:مفعول به
25:58:5	لا	sub	صلة	non-nominal-pos:NEG:صلة
25:59:3	السموت	Obj	مفعول به	case-conflict:مفعول به
25:60:8	الرحْمنُ	Obj	مفعول به	case-conflict:مفعول به
25:62:6	خلْفةً	root	root	case-conflict:root
25:62:9	أن	Obj	مفعول به	non-nominal-pos:SUB:مفعول به
25:67:2	إذا	link	متعلق	no-case:متعلق:T
25:67:4	لمْ	rslt	جواب الشرط	non-nominal-pos:NEG:جواب الشرط
25:67:6	ولمْ	conj	معطوف	tabi-non-nominal:NEG:معطوف
25:68:2	لا	sub	صلة	non-nominal-pos:NEG:صلة
25:68:8	ولا	conj	معطوف	tabi-non-nominal:NEG:معطوف
25:68:14	إلا	res	حصر	non-nominal-pos:RES:حصر
25:68:16	ولا	conj	معطوف	tabi-non-nominal:NEG:معطوف
25:70:1	إلا	root	root	non-nominal-pos:RES:root
25:70:8	فأُولئك	rslt	جواب الشرط	no-case:جواب الشرط:DEM
25:70:11	سيـاتهمْ	Obj	مفعول به	case-conflict:مفعول به
25:70:12	حسنتٍ	Obj	مفعول به	case-conflict:مفعول به
25:72:2	لا	sub	صلة	non-nominal-pos:NEG:صلة
25:73:6	لمْ	rslt	جواب الشرط	non-nominal-pos:NEG:جواب الشرط
25:77:2	ما	Obj	مفعول به	non-nominal-pos:NEG:مفعول به
25:77:6	لوْلا	root	root	non-nominal-pos:COND:root
25:77:8	فقدْ	rslt	جواب الشرط	non-nominal-pos:CERT:جواب الشرط
25:77:10	فسوْف	root	root	non-nominal-pos:FUT:root
26:1:1	طسم	-	-	absent-from-treebank:INL
26:3:4	ألا	root	root	non-nominal-pos:SUB:root
26:4:1	إن	root	root	non-nominal-pos:COND:root
26:5:1	وما	root	root	non-nominal-pos:NEG:root
26:5:3	من	Subj	فاعل	prep-in-nominal-slot:فاعل
26:5:8	إلا	res	حصر	non-nominal-pos:RES:حصر
26:6:1	فقدْ	root	root	non-nominal-pos:CERT:root
26:7:1	أولمْ	intg	استفهام	non-nominal-pos:NEG:استفهام
26:7:5	كمْ	Obj	مفعول به	non-nominal-pos:INTG:مفعول به
26:8:4	لءايةً	root	root	case-conflict:root
26:8:5	وما	root	root	non-nominal-pos:NEG:root
26:10:4	مُوسى	Obj	مفعول به	case-conflict:مفعول به
26:10:5	أن	root	root	non-nominal-pos:INT:root
26:11:2	فرْعوْن	Poss	مضاف إليه	case-conflict:مضاف إليه
26:11:3	ألا	intg	استفهام	non-nominal-pos:NEG:استفهام
26:12:5	أن	Obj	مفعول به	non-nominal-pos:SUB:مفعول به
26:13:3	ولا	conj	معطوف	tabi-non-nominal:NEG:معطوف
26:14:5	أن	Obj	مفعول به	non-nominal-pos:SUB:مفعول به
26:15:2	كلا	Obj	مفعول به	non-nominal-pos:AVR:مفعول به
26:17:1	أنْ	root	root	non-nominal-pos:INT:root
26:17:4	بنى	Obj	مفعول به	case-conflict:مفعول به
26:18:2	ألمْ	intg	استفهام	non-nominal-pos:NEG:استفهام
26:19:2	فعْلتك	Obj	مفعول به	case-conflict:مفعول به
26:20:3	إذًا	root	root	non-nominal-pos:SUR:root
26:22:5	أنْ	root	root	non-nominal-pos:SUB:root
26:22:7	بنى	Obj	مفعول به	case-conflict:مفعول به
26:24:7	إن	root	root	non-nominal-pos:COND:root
26:25:4	ألا	intg	استفهام	non-nominal-pos:NEG:استفهام
26:28:7	إن	root	root	non-nominal-pos:COND:root
26:29:2	لئن	Obj	مفعول به	non-nominal-pos:COND:مفعول به
26:30:2	أولوْ	intg	استفهام	non-nominal-pos:COND:استفهام
26:31:4	إن	root	root	non-nominal-pos:COND:root
26:32:4	هى	sur	فجاءة	no-case:فجاءة:PRON
26:33:4	هى	sur	فجاءة	no-case:فجاءة:PRON
26:35:2	أن	Obj	مفعول به	non-nominal-pos:SUB:مفعول به
26:35:7	فماذا	root	root	non-nominal-pos:INTG:root
26:39:3	هلْ	Pass	نائب فاعل	non-nominal-pos:INTG:نائب فاعل
26:40:4	إن	root	root	non-nominal-pos:COND:root
26:41:9	إن	pred<<in>>	خبر إن	non-nominal-pos:COND:خبر إن
26:41:12	الْغلبين	Pred	خبر	case-conflict:خبر
26:42:2	نعمْ	root	root	non-nominal-pos:ANS:root
26:42:4	إذًا	pred<<in>>	خبر إن	non-nominal-pos:SUR:خبر إن
26:44:6	فرْعوْن	Poss	مضاف إليه	case-conflict:مضاف إليه
26:45:5	هى	sur	فجاءة	no-case:فجاءة:PRON
26:48:2	مُوسى	Poss	مضاف إليه	case-conflict:مضاف إليه
26:49:5	أنْ	Poss	مضاف إليه	non-nominal-pos:SUB:مضاف إليه
26:49:13	فلسوْف	fut	استقبال	non-nominal-pos:FUT:استقبال
26:50:2	لا	Obj	مفعول به	non-nominal-pos:NEG:مفعول به
26:51:3	أن	link	متعلق	non-nominal-pos:SUB:متعلق
26:51:7	خطينا	Obj	مفعول به	case-conflict:مفعول به
26:51:8	أن	prp	المفعول لأجله	non-nominal-pos:SUB:المفعول لأجله
26:52:4	أنْ	root	root	non-nominal-pos:INT:root
26:61:6	مُوسى	Poss	مضاف إليه	case-conflict:مضاف إليه
26:62:2	كلا	root	root	non-nominal-pos:AVR:root
26:62:5	ربى	subj<<in>>	اسم إن	case-conflict:اسم إن
26:63:4	أن	root	root	non-nominal-pos:INT:root
26:64:2	ثم	link	متعلق	no-case:متعلق:LOC
26:65:2	مُوسى	Obj	مفعول به	case-conflict:مفعول به
26:67:5	وما	root	root	non-nominal-pos:NEG:root
26:70:1	إذْ	link	متعلق	no-case:متعلق:T
26:72:2	هلْ	Obj	مفعول به	non-nominal-pos:INTG:مفعول به
26:72:4	إذْ	link	متعلق	no-case:متعلق:T
26:74:2	بلْ	Obj	مفعول به	non-nominal-pos:RET:مفعول به
26:77:4	إلا	root	root	non-nominal-pos:RES:root
26:78:3	فهُو	rslt	جواب الشرط	no-case:جواب الشرط:PRON
26:79:2	هُو	cond	شرط	no-case:شرط:PRON
26:80:3	فهُو	rslt	جواب الشرط	no-case:جواب الشرط:PRON
26:82:3	أن	root	root	non-nominal-pos:SUB:root
26:82:6	خطيـتى	Obj	مفعول به	case-conflict:مفعول به
26:87:1	ولا	root	root	non-nominal-pos:NEG:root
26:88:2	لا	root	root	non-nominal-pos:NEG:root
26:88:5	ولا	emph	توكيد	tabi-non-nominal:NEG:توكيد
26:89:1	إلا	res	حصر	non-nominal-pos:RES:حصر
26:92:3	أيْن	link	متعلق	non-nominal-pos:INTG:متعلق
26:93:4	هلْ	root	root	non-nominal-pos:INTG:root
26:95:2	إبْليس	Poss	مضاف إليه	case-conflict:مضاف إليه
26:97:2	إن	root	root	non-nominal-pos:COND:root
26:98:1	إذْ	link	متعلق	no-case:متعلق:T
26:99:1	وما	root	root	non-nominal-pos:NEG:root
26:99:3	إلا	res	حصر	non-nominal-pos:RES:حصر
26:100:1	فما	root	root	non-nominal-pos:NEG:root
26:101:1	ولا	conj	معطوف	tabi-non-nominal:NEG:معطوف
26:101:2	صديقٍ	root	root	case-conflict:root
26:102:1	فلوْ	root	root	non-nominal-pos:COND:root
26:103:5	وما	root	root	non-nominal-pos:NEG:root
26:106:1	إذْ	link	متعلق	no-case:متعلق:T
26:106:6	ألا	intg	استفهام	non-nominal-pos:NEG:استفهام
26:109:1	وما	root	root	non-nominal-pos:NEG:root
26:109:6	إنْ	root	root	non-nominal-pos:NEG:root
26:109:8	إلا	res	حصر	non-nominal-pos:RES:حصر
26:112:3	علْمى	pred <<ma>>	خبر ما	case-conflict:خبر ما
26:113:1	إنْ	root	root	non-nominal-pos:COND:root
26:113:3	إلا	res	حصر	non-nominal-pos:RES:حصر
26:113:6	لوْ	root	root	non-nominal-pos:COND:root
26:114:1	وما	root	root	non-nominal-pos:NEG:root
26:115:1	إنْ	root	root	non-nominal-pos:NEG:root
26:115:2	أنا	neg	نفي	no-case:نفي:PRON
26:115:3	إلا	res	حصر	non-nominal-pos:RES:حصر
26:116:2	لئن	Obj	مفعول به	non-nominal-pos:COND:مفعول به
26:116:3	لمْ	cond	شرط	non-nominal-pos:NEG:شرط
26:117:4	قوْمى	subj<<in>>	اسم إن	case-conflict:اسم إن
26:118:2	بيْنى	link	متعلق	no-case:متعلق:LOC
26:120:3	بعْدُ	link	متعلق	no-case:متعلق:T
26:121:5	وما	root	root	non-nominal-pos:NEG:root
26:124:1	إذْ	link	متعلق	no-case:متعلق:T
26:124:6	ألا	intg	استفهام	non-nominal-pos:NEG:استفهام
26:127:1	وما	root	root	non-nominal-pos:NEG:root
26:127:6	إنْ	root	root	non-nominal-pos:NEG:root
26:127:8	إلا	res	حصر	non-nominal-pos:RES:حصر
26:136:6	لمْ	conj	معطوف	tabi-non-nominal:NEG:معطوف
26:137:1	إنْ	root	root	non-nominal-pos:NEG:root
26:137:2	هذا	neg	نفي	no-case:نفي:DEM
26:137:3	إلا	res	حصر	non-nominal-pos:RES:حصر
26:138:1	وما	root	root	non-nominal-pos:NEG:root
26:139:7	وما	root	root	non-nominal-pos:NEG:root
26:142:1	إذْ	link	متعلق	no-case:متعلق:T
26:142:6	ألا	intg	استفهام	non-nominal-pos:NEG:استفهام
26:145:1	وما	root	root	non-nominal-pos:NEG:root
26:145:6	إنْ	root	root	non-nominal-pos:NEG:root
26:145:8	إلا	res	حصر	non-nominal-pos:RES:حصر
26:146:4	ههُنا	voc	منادى	no-case:منادى:DEM
26:151:1	ولا	root	root	non-nominal-pos:PRO:root
26:152:5	ولا	root	root	non-nominal-pos:NEG:root
26:154:1	ما	root	root	non-nominal-pos:NEG:root
26:154:2	أنت	neg	نفي	no-case:نفي:PRON
26:154:3	إلا	res	حصر	non-nominal-pos:RES:حصر
26:154:8	إن	root	root	non-nominal-pos:COND:root
26:156:1	ولا	root	root	non-nominal-pos:PRO:root
26:158:7	وما	root	root	non-nominal-pos:NEG:root
26:161:1	إذْ	link	متعلق	no-case:متعلق:T
26:161:6	ألا	intg	استفهام	non-nominal-pos:NEG:استفهام
26:164:1	وما	root	root	non-nominal-pos:NEG:root
26:164:6	إنْ	root	root	non-nominal-pos:NEG:root
26:164:8	إلا	res	حصر	non-nominal-pos:RES:حصر
26:166:8	بلْ	root	root	non-nominal-pos:RET:root
26:167:2	لئن	Obj	مفعول به	non-nominal-pos:COND:مفعول به
26:167:3	لمْ	cond	شرط	non-nominal-pos:NEG:شرط
26:171:1	إلا	root	root	non-nominal-pos:RES:root
26:174:5	وما	root	root	non-nominal-pos:NEG:root
26:177:1	إذْ	link	متعلق	no-case:متعلق:T
26:177:5	ألا	intg	استفهام	non-nominal-pos:NEG:استفهام
26:180:1	وما	root	root	non-nominal-pos:NEG:root
26:180:6	إنْ	root	root	non-nominal-pos:NEG:root
26:180:8	إلا	res	حصر	non-nominal-pos:RES:حصر
26:181:3	ولا	root	root	non-nominal-pos:PRO:root
26:183:1	ولا	root	root	non-nominal-pos:PRO:root
26:183:5	ولا	conj	معطوف	tabi-non-nominal:PRO:معطوف
26:186:1	وما	root	root	non-nominal-pos:NEG:root
26:186:2	أنت	neg	نفي	no-case:نفي:PRON
26:186:3	إلا	res	حصر	non-nominal-pos:RES:حصر
26:186:6	وإن	root	root	non-nominal-pos:COND:root
26:187:6	إن	root	root	non-nominal-pos:COND:root
26:190:5	وما	root	root	non-nominal-pos:NEG:root
26:197:1	أولمْ	intg	استفهام	non-nominal-pos:NEG:استفهام
26:197:5	أن	subj <<ykon>>	اسم يكون	non-nominal-pos:SUB:اسم يكون
26:197:8	بنى	Poss	مضاف إليه	case-conflict:مضاف إليه
26:198:1	ولوْ	root	root	non-nominal-pos:COND:root
26:198:5	الْأعْجمين	Poss	مضاف إليه	case-conflict:مضاف إليه
26:199:3	ما	rslt	جواب الشرط	non-nominal-pos:NEG:جواب الشرط
26:201:1	لا	root	root	non-nominal-pos:NEG:root
26:202:4	لا	Pred	خبر	non-nominal-pos:NEG:خبر
26:203:2	هلْ	root	root	non-nominal-pos:INTG:root
26:205:2	إن	root	root	non-nominal-pos:COND:root
26:207:1	ما	root	root	non-nominal-pos:NEG:root
26:208:1	وما	root	root	non-nominal-pos:NEG:root
26:208:5	إلا	root	root	non-nominal-pos:RES:root
26:209:2	وما	root	root	non-nominal-pos:NEG:root
26:210:1	وما	root	root	non-nominal-pos:NEG:root
26:211:1	وما	conj	معطوف	tabi-non-nominal:NEG:معطوف
26:211:4	وما	conj	معطوف	tabi-non-nominal:NEG:معطوف
26:213:1	فلا	root	root	non-nominal-pos:NEG:root
26:216:1	فإنْ	root	root	non-nominal-pos:COND:root
26:221:1	هلْ	root	root	non-nominal-pos:INTG:root
26:223:3	وأكْثرُهُمْ	circ	حال	case-conflict:حال
26:225:1	ألمْ	intg	استفهام	non-nominal-pos:NEG:استفهام
26:226:1	وأنهُمْ	conj	معطوف	tabi-non-nominal:ACC:معطوف
26:226:4	لا	sub	صلة	non-nominal-pos:NEG:صلة
26:227:1	إلا	root	root	non-nominal-pos:RES:root
26:227:5	الصلحت	Obj	مفعول به	case-conflict:مفعول به
26:227:17	أى	Obj	مفعول به	non-nominal-pos:INTG:مفعول به
27:1:1	طس	-	-	absent-from-treebank:INL
27:2:1	هُدًى	circ	حال	case-conflict:حال
27:4:3	لا	sub	صلة	non-nominal-pos:NEG:صلة
27:8:4	أن	root	root	non-nominal-pos:INT:root
27:10:2	عصاك	Obj	مفعول به	case-conflict:مفعول به
27:10:10	ولمْ	root	root	non-nominal-pos:NEG:root
27:10:13	لا	root	root	non-nominal-pos:PRO:root
27:10:16	لا	pred<<in>>	خبر إن	non-nominal-pos:NEG:خبر إن
27:10:18	لدىـ	link	متعلق	no-case:متعلق:LOC
27:11:1	إلا	root	root	non-nominal-pos:RES:root
27:12:18	قوْمًا	Pred	خبر	case-conflict:خبر
27:14:8	كيْف	pred <<kan>>	خبر كان	non-nominal-pos:INTG:خبر كان
27:15:1	ولقدْ	root	root	non-nominal-pos:CERT:root
27:15:3	داوُد	Obj	مفعول به	case-conflict:مفعول به
27:15:7	الْحمْدُ	Obj	مفعول به	case-conflict:مفعول به
27:18:1	حتى	root	root	non-nominal-pos:INC:root
27:18:2	إذا	inc	ابتداء	no-case:ابتداء:T
27:18:13	لا	root	root	non-nominal-pos:NEG:root
27:18:18	لا	Pred	خبر	non-nominal-pos:NEG:خبر
27:19:8	أنْ	link	متعلق	non-nominal-pos:SUB:متعلق
27:19:16	وأنْ	conj	معطوف	tabi-non-nominal:SUB:معطوف
27:20:4	ما	Obj	مفعول به	non-nominal-pos:INTG:مفعول به
27:20:6	لا	circ	حال	non-nominal-pos:NEG:حال
27:22:7	لمْ	sub	صلة	non-nominal-pos:NEG:صلة
27:24:16	لا	Pred	خبر	non-nominal-pos:NEG:خبر
27:25:1	ألا	root	root	non-nominal-pos:SUB:root
27:26:2	لا	Pred	خبر	non-nominal-pos:NEG:خبر
27:26:4	إلا	res	حصر	non-nominal-pos:RES:حصر
27:28:10	ماذا	Obj	مفعول به	non-nominal-pos:INTG:مفعول به
27:30:4	وإنهُ	conj	معطوف	tabi-non-nominal:ACC:معطوف
27:31:1	ألا	root	root	non-nominal-pos:INT:root
27:32:7	ما	root	root	non-nominal-pos:NEG:root
27:33:11	ماذا	Obj	مفعول به	non-nominal-pos:INTG:مفعول به
27:35:6	بم	gen	مجرور	non-nominal-pos:INTG:مجرور
27:36:3	سُليْمن	Obj	مفعول به	case-conflict:مفعول به
27:36:13	بلْ	root	root	non-nominal-pos:RET:root
27:37:5	لا	root	root	non-nominal-pos:NEG:root
27:38:8	أن	Poss	مضاف إليه	non-nominal-pos:SUB:مضاف إليه
27:39:9	أن	Poss	مضاف إليه	non-nominal-pos:SUB:مضاف إليه
27:40:11	أن	Poss	مضاف إليه	non-nominal-pos:SUB:مضاف إليه
27:40:23	ربى	Poss	مضاف إليه	case-conflict:مضاف إليه
27:40:36	ربى	subj<<in>>	اسم إن	case-conflict:اسم إن
27:41:11	لا	sub	صلة	non-nominal-pos:NEG:صلة
27:42:4	أهكذا	intg	استفهام	no-case:استفهام:DEM
27:44:22	نفْسى	Obj	مفعول به	case-conflict:مفعول به
27:45:1	ولقدْ	root	root	non-nominal-pos:CERT:root
27:45:5	أخاهُمْ	Obj	مفعول به	case-conflict:مفعول به
27:45:7	أن	root	root	non-nominal-pos:INT:root
27:45:11	هُمْ	sur	فجاءة	no-case:فجاءة:PRON
27:46:3	لم	gen	مجرور	non-nominal-pos:INTG:مجرور
27:46:8	لوْلا	root	root	non-nominal-pos:EXH:root
27:47:7	طئرُكُمْ	Obj	مفعول به	case-conflict:مفعول به
27:47:10	بلْ	root	root	non-nominal-pos:RET:root
27:48:9	ولا	root	root	non-nominal-pos:NEG:root
27:49:9	ما	Obj	مفعول به	non-nominal-pos:NEG:مفعول به
27:50:6	لا	Pred	خبر	non-nominal-pos:NEG:خبر
27:51:2	كيْف	pred <<kan>>	خبر كان	non-nominal-pos:INTG:خبر كان
27:51:6	أنا	App	بدل	tabi-non-nominal:ACC:بدل
27:55:8	بلْ	root	root	non-nominal-pos:RET:root
27:56:1	فما	root	root	non-nominal-pos:NEG:root
27:56:5	إلا	res	حصر	non-nominal-pos:RES:حصر
27:56:6	أن	subj <<kan>>	اسم كان	non-nominal-pos:SUB:اسم كان
27:57:3	إلا	root	root	non-nominal-pos:RES:root
27:59:2	الْحمْدُ	Obj	مفعول به	case-conflict:مفعول به
27:60:3	السموت	Obj	مفعول به	case-conflict:مفعول به
27:60:12	حدائق	Subj	فاعل	case-conflict:فاعل
27:60:15	ما	root	root	non-nominal-pos:NEG:root
27:60:18	أن	subj <<kan>>	اسم كان	non-nominal-pos:SUB:اسم كان
27:60:24	بلْ	root	root	non-nominal-pos:RET:root
27:61:13	الْبحْريْن	Obj	مفعول به	case-conflict:مفعول به
27:61:14	حاجزًا	root	root	case-conflict:root
27:61:18	بلْ	root	root	non-nominal-pos:RET:root
27:61:20	لا	Pred	خبر	non-nominal-pos:NEG:خبر
27:63:12	يدىْ	Poss	مضاف إليه	case-conflict:مضاف إليه
27:64:17	إن	root	root	non-nominal-pos:COND:root
27:65:2	لا	Obj	مفعول به	non-nominal-pos:NEG:مفعول به
27:65:9	إلا	res	حصر	non-nominal-pos:RES:حصر
27:65:11	وما	root	root	non-nominal-pos:NEG:root
27:65:13	أيان	link	متعلق	non-nominal-pos:INTG:متعلق
27:66:1	بل	root	root	non-nominal-pos:RET:root
27:66:6	بلْ	root	root	non-nominal-pos:RET:root
27:66:11	بلْ	root	root	non-nominal-pos:RET:root
27:67:4	أءذا	intg	استفهام	no-case:استفهام:T
27:68:1	لقدْ	root	root	non-nominal-pos:CERT:root
27:68:8	إنْ	Obj	مفعول به	non-nominal-pos:NEG:مفعول به
27:68:9	هذا	neg	نفي	no-case:نفي:DEM
27:68:10	إلا	res	حصر	non-nominal-pos:RES:حصر
27:69:6	كيْف	pred <<kan>>	خبر كان	non-nominal-pos:INTG:خبر كان
27:70:1	ولا	root	root	non-nominal-pos:NEG:root
27:70:4	ولا	root	root	non-nominal-pos:PRO:root
27:71:2	متى	link	متعلق	non-nominal-pos:INTG:متعلق
27:71:5	إن	root	root	non-nominal-pos:COND:root
27:72:3	أن	Subj	فاعل	non-nominal-pos:SUB:فاعل
27:73:9	لا	pred <<lakin>>	خبر لكن	non-nominal-pos:NEG:خبر لكن
27:74:1	وإن	conj	معطوف	tabi-non-nominal:ACC:معطوف
27:75:1	وما	root	root	non-nominal-pos:NEG:root
27:75:2	منْ	emph	توكيد	tabi-non-nominal:P:توكيد
27:75:3	غائبةٍ	root	root	case-conflict:root
27:75:7	إلا	res	حصر	non-nominal-pos:RES:حصر
27:76:10	هُمْ	sub	صلة	no-case:صلة:PRON
27:77:2	لهُدًى	pred<<in>>	خبر إن	case-conflict:خبر إن
27:80:2	لا	pred<<in>>	خبر إن	non-nominal-pos:NEG:خبر إن
27:80:4	الْموْتى	Obj	مفعول به	case-conflict:مفعول به
27:80:5	ولا	conj	معطوف	tabi-non-nominal:NEG:معطوف
27:81:1	وما	root	root	non-nominal-pos:NEG:root
27:81:2	أنت	neg	نفي	no-case:نفي:PRON
27:81:7	إن	root	root	non-nominal-pos:NEG:root
27:81:9	إلا	res	حصر	non-nominal-pos:RES:حصر
27:82:15	لا	pred <<kan>>	خبر كان	non-nominal-pos:NEG:خبر كان
27:84:1	حتى	root	root	non-nominal-pos:INC:root
27:84:2	إذا	inc	ابتداء	no-case:ابتداء:T
27:84:7	ولمْ	circ	حال	non-nominal-pos:NEG:حال
27:84:11	أماذا	root	root	non-nominal-pos:CONJ:root
27:85:7	لا	Pred	خبر	non-nominal-pos:NEG:خبر
27:86:1	ألمْ	intg	استفهام	non-nominal-pos:NEG:استفهام
27:86:13	لءايتٍ	subj<<in>>	اسم إن	case-conflict:اسم إن
27:87:12	إلا	root	root	non-nominal-pos:RES:root
27:89:10	يوْمئذٍ	link	متعلق	no-case:متعلق:T
27:90:8	هلْ	Pass	نائب فاعل	non-nominal-pos:INTG:نائب فاعل
27:90:10	إلا	res	حصر	non-nominal-pos:RES:حصر
27:91:3	أنْ	link	متعلق	non-nominal-pos:SUB:متعلق
27:91:14	أنْ	link	متعلق	non-nominal-pos:SUB:متعلق
27:92:1	وأنْ	conj	معطوف	tabi-non-nominal:SUB:معطوف
27:93:2	الْحمْدُ	Obj	مفعول به	case-conflict:مفعول به
27:93:5	ءايته	Obj	مفعول به	case-conflict:مفعول به
27:93:7	وما	root	root	non-nominal-pos:NEG:root
28:1:1	طسم	-	-	absent-from-treebank:INL
28:3:5	مُوسى	Poss	مضاف إليه	case-conflict:مضاف إليه
28:5:2	أن	Obj	مفعول به	non-nominal-pos:SUB:مفعول به
28:7:4	مُوسى	Poss	مضاف إليه	case-conflict:مضاف إليه
28:7:5	أنْ	root	root	non-nominal-pos:INT:root
28:7:13	ولا	root	root	non-nominal-pos:PRO:root
28:7:15	ولا	root	root	non-nominal-pos:PRO:root
28:8:3	فرْعوْن	Poss	مضاف إليه	case-conflict:مضاف إليه
28:9:3	فرْعوْن	Poss	مضاف إليه	case-conflict:مضاف إليه
28:9:8	لا	root	root	non-nominal-pos:PRO:root
28:9:11	أن	pred <<easaa>>	خبر عسى	non-nominal-pos:SUB:خبر عسى
28:9:17	لا	Pred	خبر	non-nominal-pos:NEG:خبر
28:10:4	مُوسى	Poss	مضاف إليه	case-conflict:مضاف إليه
28:10:6	إن	root	root	non-nominal-pos:COND:root
28:10:10	لوْلا	root	root	non-nominal-pos:COND:root
28:10:11	أن	cond	شرط	non-nominal-pos:SUB:شرط
28:11:9	لا	Pred	خبر	non-nominal-pos:NEG:خبر
28:12:7	هلْ	root	root	non-nominal-pos:INTG:root
28:13:4	كىْ	root	root	non-nominal-pos:SUB:root
28:13:7	ولا	root	root	non-nominal-pos:NEG:root
28:13:16	لا	pred <<lakin>>	خبر لكن	non-nominal-pos:NEG:خبر لكن
28:15:10	رجُليْن	Obj	مفعول به	case-conflict:مفعول به
28:16:5	نفْسى	Obj	مفعول به	case-conflict:مفعول به
28:17:6	فلنْ	root	root	non-nominal-pos:NEG:root
28:19:2	أنْ	sup	زائد	non-nominal-pos:SUB:زائد
28:19:4	أن	Obj	مفعول به	non-nominal-pos:SUB:مفعول به
28:19:7	هُو	sub	صلة	no-case:صلة:PRON
28:19:13	أن	Obj	مفعول به	non-nominal-pos:SUB:مفعول به
28:19:15	كما	gen	مجرور	non-nominal-pos:SUB:مجرور
28:19:19	إن	root	root	non-nominal-pos:NEG:root
28:19:21	إلا	res	حصر	non-nominal-pos:RES:حصر
28:19:22	أن	Obj	مفعول به	non-nominal-pos:SUB:مفعول به
28:19:27	وما	conj	معطوف	tabi-non-nominal:NEG:معطوف
28:19:29	أن	root	root	non-nominal-pos:SUB:root
28:22:8	أن	pred <<easaa>>	خبر عسى	non-nominal-pos:SUB:خبر عسى
28:23:14	امْرأتيْن	Obj	مفعول به	case-conflict:مفعول به
28:23:20	لا	Obj	مفعول به	non-nominal-pos:NEG:مفعول به
28:23:25	وأبُونا	circ	حال	case-conflict:حال
28:25:8	أبى	subj<<in>>	اسم إن	case-conflict:اسم إن
28:25:21	لا	Obj	مفعول به	non-nominal-pos:PRO:مفعول به
28:27:4	أنْ	Obj	مفعول به	non-nominal-pos:SUB:مفعول به
28:27:6	إحْدى	Obj	مفعول به	case-conflict:مفعول به
28:27:7	ابْنتىـ	Poss	مضاف إليه	case-conflict:مضاف إليه
28:27:10	أن	gen	مجرور	non-nominal-pos:SUB:مجرور
28:27:13	حججٍ	Obj	مفعول به	case-conflict:مفعول به
28:27:14	فإنْ	root	root	non-nominal-pos:COND:root
28:27:19	وما	root	root	non-nominal-pos:NEG:root
28:27:21	أنْ	Obj	مفعول به	non-nominal-pos:SUB:مفعول به
28:27:25	إن	root	root	non-nominal-pos:COND:root
28:28:3	بيْنى	link	متعلق	no-case:متعلق:LOC
28:28:5	أيما	root	root	non-nominal-pos:COND:root
28:28:6	الْأجليْن	Obj	مفعول به	case-conflict:مفعول به
28:28:8	فلا	rslt	جواب الشرط	non-nominal-pos:NEG:جواب الشرط
28:30:13	أن	root	root	non-nominal-pos:SUB:root
28:31:1	وأنْ	root	root	non-nominal-pos:SUB:root
28:31:3	عصاك	Obj	مفعول به	case-conflict:مفعول به
28:31:10	مُدْبرًا	Subj	فاعل	case-conflict:فاعل
28:31:11	ولمْ	root	root	non-nominal-pos:NEG:root
28:31:15	ولا	root	root	non-nominal-pos:PRO:root
28:32:12	جناحك	root	root	case-conflict:root
28:32:24	قوْمًا	Pred	خبر	case-conflict:خبر
28:33:8	أن	Obj	مفعول به	non-nominal-pos:SUB:مفعول به
28:34:13	أن	Obj	مفعول به	non-nominal-pos:SUB:مفعول به
28:35:8	فلا	root	root	non-nominal-pos:NEG:root
28:36:5	بينتٍ	circ	حال	case-conflict:حال
28:36:7	ما	Obj	مفعول به	non-nominal-pos:NEG:مفعول به
28:36:8	هذا	neg	نفي	no-case:نفي:DEM
28:36:9	إلا	res	حصر	non-nominal-pos:RES:حصر
28:36:12	وما	root	root	non-nominal-pos:NEG:root
28:37:3	ربى	Obj	مفعول به	case-conflict:مفعول به
28:37:16	لا	pred<<in>>	خبر إن	non-nominal-pos:NEG:خبر إن
28:38:5	ما	root	root	non-nominal-pos:NEG:root
28:39:11	لا	pred<<in>>	خبر إن	non-nominal-pos:NEG:خبر إن
28:40:7	كيْف	pred <<kan>>	خبر كان	non-nominal-pos:INTG:خبر كان
28:41:8	لا	conj	معطوف	tabi-non-nominal:NEG:معطوف
28:42:6	ويوْم	root	root	case-conflict:root
28:43:1	ولقدْ	root	root	non-nominal-pos:CERT:root
28:43:3	مُوسى	Obj	مفعول به	case-conflict:مفعول به
28:44:1	وما	root	root	non-nominal-pos:NEG:root
28:44:5	إذْ	link	متعلق	no-case:متعلق:T
28:44:10	وما	conj	معطوف	tabi-non-nominal:NEG:معطوف
28:45:7	وما	root	root	non-nominal-pos:NEG:root
28:45:15	ءايتنا	Obj	مفعول به	case-conflict:مفعول به
28:46:1	وما	root	root	non-nominal-pos:NEG:root
28:46:4	الطُور	root	root	case-conflict:root
28:46:5	إذْ	link	متعلق	no-case:متعلق:T
28:46:7	ولكن	root	root	non-nominal-pos:AMD:root
28:46:13	ما	Adj	صفة	tabi-non-nominal:NEG:صفة
28:46:15	من	Subj	فاعل	prep-in-nominal-slot:فاعل
28:47:1	ولوْلا	root	root	non-nominal-pos:COND:root
28:47:2	أن	root	root	non-nominal-pos:SUB:root
28:47:10	لوْلا	root	root	non-nominal-pos:EXH:root
28:47:15	ءايتك	Obj	مفعول به	case-conflict:مفعول به
28:48:7	لوْلا	Obj	مفعول به	non-nominal-pos:EXH:مفعول به
28:48:13	أولمْ	intg	استفهام	non-nominal-pos:NEG:استفهام
28:49:11	إن	root	root	non-nominal-pos:COND:root
28:50:1	فإن	root	root	non-nominal-pos:COND:root
28:50:2	لمْ	cond	شرط	non-nominal-pos:NEG:شرط
28:50:20	لا	pred<<in>>	خبر إن	non-nominal-pos:NEG:خبر إن
28:51:1	ولقدْ	root	root	non-nominal-pos:CERT:root
28:54:4	مرتيْن	cog	مفعول مطلق	case-conflict:مفعول مطلق
28:55:8	أعْملُنا	Obj	مفعول به	case-conflict:مفعول به
28:55:13	لا	root	root	non-nominal-pos:NEG:root
28:56:2	لا	pred<<in>>	خبر إن	non-nominal-pos:NEG:خبر إن
28:57:2	إن	Obj	مفعول به	non-nominal-pos:COND:مفعول به
28:57:9	أولمْ	intg	استفهام	non-nominal-pos:NEG:استفهام
28:57:24	لا	pred <<lakin>>	خبر لكن	non-nominal-pos:NEG:خبر لكن
28:58:1	وكمْ	Obj	مفعول به	non-nominal-pos:INTG:مفعول به
28:58:9	لمْ	root	root	non-nominal-pos:NEG:root
28:58:13	إلا	root	root	non-nominal-pos:RES:root
28:59:1	وما	root	root	non-nominal-pos:NEG:root
28:59:13	ءايتنا	Obj	مفعول به	case-conflict:مفعول به
28:59:14	وما	root	root	non-nominal-pos:NEG:root
28:59:16	مُهْلكى	pred <<kan>>	خبر كان	case-conflict:خبر كان
28:59:18	إلا	res	حصر	non-nominal-pos:RES:حصر
28:59:19	وأهْلُها	circ	حال	case-conflict:حال
28:60:14	أفلا	intg	استفهام	non-nominal-pos:NEG:استفهام
28:61:1	أفمن	intg	استفهام	no-case:استفهام:REL
28:62:4	أيْن	link	متعلق	non-nominal-pos:INTG:متعلق
28:62:5	شُركاءى	Obj	مفعول به	case-conflict:مفعول به
28:63:11	كما	gen	مجرور	non-nominal-pos:SUB:مجرور
28:63:15	ما	root	root	non-nominal-pos:NEG:root
28:64:5	فلمْ	root	root	non-nominal-pos:NEG:root
28:64:10	لوْ	root	root	non-nominal-pos:COND:root
28:65:4	ماذا	root	root	non-nominal-pos:INTG:root
28:66:4	يوْمئذٍ	link	متعلق	no-case:متعلق:T
28:66:6	لا	Pred	خبر	non-nominal-pos:NEG:خبر
28:67:1	فأما	root	root	non-nominal-pos:EXL:root
28:67:2	من	exl	تفصيل	non-nominal-pos:COND:تفصيل
28:67:8	أن	pred <<easaa>>	خبر عسى	non-nominal-pos:SUB:خبر عسى
28:68:6	ما	state	بيان	non-nominal-pos:NEG:بيان
28:70:3	لا	Pred	خبر	non-nominal-pos:NEG:خبر
28:70:5	إلا	App	بدل	tabi-non-nominal:RES:بدل
28:70:8	الْحمْدُ	circ	حال	case-conflict:حال
28:70:13	الْحُكْمُ	circ	حال	case-conflict:حال
28:71:3	إن	root	root	non-nominal-pos:COND:root
28:71:12	منْ	rslt	جواب الشرط	no-case:جواب الشرط:REL
28:71:18	أفلا	intg	استفهام	non-nominal-pos:NEG:استفهام
28:72:3	إن	Obj	مفعول به	non-nominal-pos:COND:مفعول به
28:72:12	منْ	rslt	جواب الشرط	no-case:جواب الشرط:REL
28:72:20	أفلا	intg	استفهام	non-nominal-pos:NEG:استفهام
28:74:4	أيْن	link	متعلق	non-nominal-pos:INTG:متعلق
28:74:5	شُركاءى	Obj	مفعول به	case-conflict:مفعول به
28:76:2	قرُون	subj<<in>>	اسم إن	case-conflict:اسم إن
28:76:6	مُوسى	Poss	مضاف إليه	case-conflict:مضاف إليه
28:76:19	إذْ	link	متعلق	no-case:متعلق:T
28:76:23	لا	Obj	مفعول به	non-nominal-pos:NEG:مفعول به
28:76:27	لا	pred<<in>>	خبر إن	non-nominal-pos:NEG:خبر إن
28:77:7	ولا	root	root	non-nominal-pos:PRO:root
28:77:13	كما	gen	مجرور	non-nominal-pos:SUB:مجرور
28:77:17	ولا	root	root	non-nominal-pos:PRO:root
28:77:24	لا	pred<<in>>	خبر إن	non-nominal-pos:NEG:خبر إن
28:78:6	عندى	link	متعلق	no-case:متعلق:LOC
28:78:7	أولمْ	intg	استفهام	non-nominal-pos:NEG:استفهام
28:78:11	قدْ	pred<<an>>	خبر أن	non-nominal-pos:CERT:خبر أن
28:78:24	ولا	root	root	non-nominal-pos:NEG:root
28:80:13	ولا	circ	حال	non-nominal-pos:NEG:حال
28:80:15	إلا	res	حصر	non-nominal-pos:RES:حصر
28:81:5	فما	root	root	non-nominal-pos:NEG:root
28:81:14	وما	root	root	non-nominal-pos:NEG:root
28:82:16	لوْلا	root	root	non-nominal-pos:COND:root
28:82:17	أن	cond	شرط	non-nominal-pos:SUB:شرط
28:82:24	لا	pred <<kan>>	خبر كان	non-nominal-pos:NEG:خبر كان
28:83:6	لا	sub	صلة	non-nominal-pos:NEG:صلة
28:83:11	ولا	emph	توكيد	tabi-non-nominal:NEG:توكيد
28:84:10	فلا	rslt	جواب الشرط	non-nominal-pos:NEG:جواب الشرط
28:84:14	السيـات	Obj	مفعول به	case-conflict:مفعول به
28:84:15	إلا	res	حصر	non-nominal-pos:RES:حصر
28:85:10	ربى	Obj	مفعول به	case-conflict:مفعول به
28:86:1	وما	root	root	non-nominal-pos:NEG:root
28:86:4	أن	Obj	مفعول به	non-nominal-pos:SUB:مفعول به
28:86:8	إلا	root	root	non-nominal-pos:RES:root
28:86:12	فلا	root	root	non-nominal-pos:NEG:root
28:87:1	ولا	root	root	non-nominal-pos:NEG:root
28:87:13	ولا	root	root	non-nominal-pos:NEG:root
28:88:1	ولا	root	root	non-nominal-pos:NEG:root
28:88:7	لا	root	root	non-nominal-pos:NEG:root
28:88:9	إلا	root	root	non-nominal-pos:RES:root
28:88:14	إلا	root	root	non-nominal-pos:RES:root
29:1:1	الم	-	-	absent-from-treebank:INL
29:2:3	أن	Obj	مفعول به	non-nominal-pos:SUB:مفعول به
29:2:5	أن	link	متعلق	non-nominal-pos:SUB:متعلق
29:2:9	لا	Pred	خبر	non-nominal-pos:NEG:خبر
29:3:1	ولقدْ	root	root	non-nominal-pos:CERT:root
29:4:6	أن	Obj	مفعول به	non-nominal-pos:SUB:مفعول به
29:7:4	الصلحت	Obj	مفعول به	case-conflict:مفعول به
29:7:7	سيـاتهمْ	Obj	مفعول به	case-conflict:مفعول به
29:8:5	وإن	root	root	non-nominal-pos:COND:root
29:8:14	فلا	rslt	جواب الشرط	non-nominal-pos:NEG:جواب الشرط
29:9:4	الصلحت	Obj	مفعول به	case-conflict:مفعول به
29:10:16	ولئن	root	root	non-nominal-pos:COND:root
29:12:9	خطيكُمْ	Obj	مفعول به	case-conflict:مفعول به
29:12:10	وما	root	root	non-nominal-pos:NEG:root
29:12:15	من	Subj	فاعل	prep-in-nominal-slot:فاعل
29:14:1	ولقدْ	root	root	non-nominal-pos:CERT:root
29:14:10	إلا	root	root	non-nominal-pos:RES:root
29:16:11	إن	root	root	non-nominal-pos:COND:root
29:17:15	لا	pred<<an>>	خبر أن	non-nominal-pos:NEG:خبر أن
29:18:1	وإن	root	root	non-nominal-pos:COND:root
29:18:3	فقدْ	rslt	جواب الشرط	non-nominal-pos:CERT:جواب الشرط
29:18:8	وما	root	root	non-nominal-pos:NEG:root
29:18:11	إلا	res	حصر	non-nominal-pos:RES:حصر
29:19:1	أولمْ	intg	استفهام	non-nominal-pos:NEG:استفهام
29:19:3	كيْف	circ	حال	non-nominal-pos:INTG:حال
29:20:6	كيْف	circ	حال	non-nominal-pos:INTG:حال
29:22:1	وما	root	root	non-nominal-pos:NEG:root
29:22:2	أنتُم	neg	نفي	no-case:نفي:PRON
29:22:6	ولا	emph	توكيد	tabi-non-nominal:NEG:توكيد
29:22:7	فى	conj	معطوف	tabi-non-nominal:P:معطوف
29:22:9	وما	root	root	non-nominal-pos:NEG:root
29:22:15	ولىٍ	root	root	case-conflict:root
29:22:16	ولا	emph	توكيد	tabi-non-nominal:NEG:توكيد
29:24:1	فما	root	root	non-nominal-pos:NEG:root
29:24:5	إلا	res	حصر	non-nominal-pos:RES:حصر
29:24:6	أن	subj <<kan>>	اسم كان	non-nominal-pos:SUB:اسم كان
29:24:18	لءايتٍ	subj<<in>>	اسم إن	case-conflict:اسم إن
29:25:22	ومأْوىكُمُ	root	root	case-conflict:root
29:25:24	وما	root	root	non-nominal-pos:NEG:root
29:25:26	من	emph	توكيد	tabi-non-nominal:P:توكيد
29:25:27	نصرين	root	root	case-conflict:root
29:27:3	إسْحق	Obj	مفعول به	case-conflict:مفعول به
29:28:8	ما	root	root	non-nominal-pos:NEG:root
29:28:11	منْ	Subj	فاعل	prep-in-nominal-slot:فاعل
29:29:10	فما	root	root	non-nominal-pos:NEG:root
29:29:14	إلا	res	حصر	non-nominal-pos:RES:حصر
29:29:15	أن	subj <<kan>>	اسم كان	non-nominal-pos:SUB:اسم كان
29:29:20	إن	root	root	non-nominal-pos:COND:root
29:32:12	إلا	root	root	non-nominal-pos:RES:root
29:33:2	أن	sup	زائد	non-nominal-pos:SUB:زائد
29:33:12	لا	Obj	مفعول به	non-nominal-pos:NEG:مفعول به
29:33:14	ولا	emph	توكيد	tabi-non-nominal:PRO:توكيد
29:33:19	إلا	root	root	non-nominal-pos:RES:root
29:33:20	امْرأتك	root	root	case-conflict:root
29:35:1	ولقد	root	root	non-nominal-pos:CERT:root
29:36:3	أخاهُمْ	Obj	مفعول به	case-conflict:مفعول به
29:36:12	ولا	root	root	non-nominal-pos:PRO:root
29:38:3	وقد	circ	حال	non-nominal-pos:CERT:حال
29:39:4	ولقدْ	root	root	non-nominal-pos:CERT:root
29:39:11	وما	root	root	non-nominal-pos:NEG:root
29:40:21	وما	root	root	non-nominal-pos:NEG:root
29:40:25	ولكن	root	root	non-nominal-pos:AMD:root
29:41:17	لوْ	root	root	non-nominal-pos:COND:root
29:43:5	وما	root	root	non-nominal-pos:NEG:root
29:43:7	إلا	res	حصر	non-nominal-pos:RES:حصر
29:46:1	ولا	root	root	non-nominal-pos:PRO:root
29:46:5	إلا	res	حصر	non-nominal-pos:RES:حصر
29:46:9	إلا	root	root	non-nominal-pos:RES:root
29:47:15	وما	root	root	non-nominal-pos:NEG:root
29:47:18	إلا	res	حصر	non-nominal-pos:RES:حصر
29:48:1	وما	circ	حال	non-nominal-pos:NEG:حال
29:48:8	ولا	emph	توكيد	tabi-non-nominal:NEG:توكيد
29:48:11	إذًا	root	root	non-nominal-pos:SUR:root
29:49:1	بلْ	root	root	non-nominal-pos:RET:root
29:49:10	وما	root	root	non-nominal-pos:NEG:root
29:49:13	إلا	res	حصر	non-nominal-pos:RES:حصر
29:50:2	لوْلا	Obj	مفعول به	non-nominal-pos:EXH:مفعول به
29:50:13	وإنما	conj	معطوف	tabi-non-nominal:ACC:معطوف
29:51:1	أولمْ	intg	استفهام	non-nominal-pos:NEG:استفهام
29:52:4	بيْنى	link	متعلق	no-case:متعلق:LOC
29:53:3	ولوْلا	root	root	non-nominal-pos:COND:root
29:53:11	لا	Pred	خبر	non-nominal-pos:NEG:خبر
29:54:4	جهنم	subj<<in>>	اسم إن	case-conflict:اسم إن
29:56:5	أرْضى	subj<<in>>	اسم إن	case-conflict:اسم إن
29:58:4	الصلحت	Obj	مفعول به	case-conflict:مفعول به
29:60:4	لا	Adj	صفة	tabi-non-nominal:NEG:صفة
29:61:1	ولئن	root	root	non-nominal-pos:COND:root
29:61:5	السموت	Obj	مفعول به	case-conflict:مفعول به
29:61:12	فأنى	link	متعلق	non-nominal-pos:INTG:متعلق
29:63:1	ولئن	root	root	non-nominal-pos:COND:root
29:63:10	الْأرْض	root	root	case-conflict:root
29:63:17	الْحمْدُ	Obj	مفعول به	case-conflict:مفعول به
29:63:19	بلْ	root	root	non-nominal-pos:RET:root
29:63:21	لا	Pred	خبر	non-nominal-pos:NEG:خبر
29:64:1	وما	root	root	non-nominal-pos:NEG:root
29:64:2	هذه	neg	نفي	no-case:نفي:DEM
29:64:5	إلا	res	حصر	non-nominal-pos:RES:حصر
29:64:13	لوْ	root	root	non-nominal-pos:COND:root
29:65:14	إذا	rslt	جواب الشرط	non-nominal-pos:SUR:جواب الشرط
29:65:15	هُمْ	sur	فجاءة	no-case:فجاءة:PRON
29:66:5	فسوْف	root	root	non-nominal-pos:FUT:root
29:67:1	أولمْ	intg	استفهام	non-nominal-pos:NEG:استفهام
29:68:11	لما	link	متعلق	no-case:متعلق:T
29:68:16	مثْوًى	subj <<lays>>	اسم ليس	case-conflict:اسم ليس
29:69:8	لمع	root	root	case-conflict:root
30:1:1	الم	-	-	absent-from-treebank:INL
30:4:10	ويوْمئذٍ	link	متعلق	no-case:متعلق:T
30:6:1	وعْد	root	root	case-conflict:root
30:6:3	لا	root	root	non-nominal-pos:NEG:root
30:6:10	لا	pred <<lakin>>	خبر لكن	non-nominal-pos:NEG:خبر لكن
30:8:1	أولمْ	intg	استفهام	non-nominal-pos:NEG:استفهام
30:8:5	ما	root	root	non-nominal-pos:NEG:root
30:8:8	السموت	Obj	مفعول به	case-conflict:مفعول به
30:8:12	إلا	res	حصر	non-nominal-pos:RES:حصر
30:9:1	أولمْ	intg	استفهام	non-nominal-pos:NEG:استفهام
30:9:6	كيْف	pred <<kan>>	خبر كان	non-nominal-pos:INTG:خبر كان
30:9:25	فما	root	root	non-nominal-pos:NEG:root
30:9:29	ولكن	root	root	non-nominal-pos:AMD:root
30:10:7	أن	root	root	non-nominal-pos:SUB:root
30:12:1	ويوْم	root	root	case-conflict:root
30:13:1	ولمْ	root	root	non-nominal-pos:NEG:root
30:14:1	ويوْم	root	root	case-conflict:root
30:15:1	فأما	root	root	non-nominal-pos:EXL:root
30:15:2	الذين	exl	تفصيل	non-nominal-pos:COND:تفصيل
30:15:5	الصلحت	Obj	مفعول به	case-conflict:مفعول به
30:16:1	وأما	conj	معطوف	tabi-non-nominal:EXL:معطوف
30:16:2	الذين	exl	تفصيل	non-nominal-pos:COND:تفصيل
30:20:3	أنْ	root	root	non-nominal-pos:SUB:root
30:20:9	أنتُم	sur	فجاءة	no-case:فجاءة:PRON
30:21:3	أنْ	conj	معطوف	tabi-non-nominal:SUB:معطوف
30:21:18	لءايتٍ	subj<<in>>	اسم إن	case-conflict:اسم إن
30:22:12	لءايتٍ	subj<<in>>	اسم إن	case-conflict:اسم إن
30:23:12	لءايتٍ	subj<<in>>	اسم إن	case-conflict:اسم إن
30:24:19	لءايتٍ	subj<<in>>	اسم إن	case-conflict:اسم إن
30:25:3	أن	root	root	non-nominal-pos:SUB:root
30:25:14	إذا	root	root	non-nominal-pos:SUR:root
30:25:15	أنتُمْ	sur	فجاءة	no-case:فجاءة:PRON
30:26:6	كُل	subj <<la>>	اسم لا	case-conflict:اسم لا
30:28:6	هل	root	root	non-nominal-pos:INTG:root
30:28:25	الْءايت	Obj	مفعول به	case-conflict:مفعول به
30:29:1	بل	root	root	non-nominal-pos:RET:root
30:29:13	وما	circ	حال	non-nominal-pos:NEG:حال
30:29:16	نصرين	root	root	case-conflict:root
30:30:4	حنيفًا	root	root	case-conflict:root
30:30:11	لا	root	root	non-nominal-pos:NEG:root
30:30:21	لا	pred <<lakin>>	خبر لكن	non-nominal-pos:NEG:خبر لكن
30:31:6	ولا	root	root	non-nominal-pos:PRO:root
30:32:10	لديْهمْ	link	متعلق	no-case:متعلق:LOC
30:33:14	إذا	rslt	جواب الشرط	no-case:جواب الشرط:T
30:34:5	فسوْف	fut	استقبال	non-nominal-pos:FUT:استقبال
30:36:7	وإن	root	root	non-nominal-pos:COND:root
30:36:13	إذا	rslt	جواب الشرط	non-nominal-pos:SUR:جواب الشرط
30:36:14	هُمْ	sur	فجاءة	no-case:فجاءة:PRON
30:37:1	أولمْ	intg	استفهام	non-nominal-pos:NEG:استفهام
30:37:13	لءايتٍ	subj<<in>>	اسم إن	case-conflict:اسم إن
30:38:3	الْقُرْبى	Poss	مضاف إليه	case-conflict:مضاف إليه
30:39:9	فلا	rslt	جواب الشرط	non-nominal-pos:NEG:جواب الشرط
30:39:20	فأُولئك	rslt	جواب الشرط	no-case:جواب الشرط:DEM
30:40:10	هلْ	root	root	non-nominal-pos:INTG:root
30:42:6	كيْف	pred <<kan>>	خبر كان	non-nominal-pos:INTG:خبر كان
30:43:7	أن	Poss	مضاف إليه	non-nominal-pos:SUB:مضاف إليه
30:43:10	لا	Adj	صفة	tabi-non-nominal:NEG:صفة
30:45:5	الصلحت	Obj	مفعول به	case-conflict:مفعول به
30:45:9	لا	pred<<in>>	خبر إن	non-nominal-pos:NEG:خبر إن
30:46:3	أن	root	root	non-nominal-pos:SUB:root
30:47:1	ولقدْ	root	root	non-nominal-pos:CERT:root
30:48:10	كيْف	circ	حال	non-nominal-pos:INTG:حال
30:48:26	إذا	rslt	جواب الشرط	no-case:جواب الشرط:T
30:48:27	هُمْ	sur	فجاءة	no-case:فجاءة:PRON
30:49:1	وإن	circ	حال	non-nominal-pos:COND:حال
30:49:5	أن	Poss	مضاف إليه	non-nominal-pos:SUB:مضاف إليه
30:50:6	كيْف	circ	حال	non-nominal-pos:INTG:حال
30:50:13	لمُحْى	pred<<in>>	خبر إن	case-conflict:خبر إن
30:50:14	الْموْتى	Poss	مضاف إليه	case-conflict:مضاف إليه
30:51:1	ولئنْ	root	root	non-nominal-pos:COND:root
30:52:2	لا	pred<<an>>	خبر أن	non-nominal-pos:NEG:خبر أن
30:52:4	الْموْتى	Obj	مفعول به	case-conflict:مفعول به
30:52:5	ولا	conj	معطوف	tabi-non-nominal:NEG:معطوف
30:53:1	وما	root	root	non-nominal-pos:NEG:root
30:53:7	إن	root	root	non-nominal-pos:NEG:root
30:53:9	إلا	res	حصر	non-nominal-pos:RES:حصر
30:55:1	ويوْم	root	root	case-conflict:root
30:55:6	ما	root	root	non-nominal-pos:NEG:root
30:56:6	لقدْ	Obj	مفعول به	non-nominal-pos:CERT:مفعول به
30:56:19	لا	pred <<kan>>	خبر كان	non-nominal-pos:NEG:خبر كان
30:57:1	فيوْمئذٍ	link	متعلق	no-case:متعلق:T
30:57:2	لا	root	root	non-nominal-pos:NEG:root
30:57:7	ولا	root	root	non-nominal-pos:NEG:root
30:57:8	هُمْ	neg	نفي	no-case:نفي:PRON
30:58:1	ولقدْ	root	root	non-nominal-pos:CERT:root
30:58:10	ولئن	root	root	non-nominal-pos:COND:root
30:58:16	إنْ	Obj	مفعول به	non-nominal-pos:NEG:مفعول به
30:58:17	أنتُمْ	neg	نفي	no-case:نفي:PRON
30:58:18	إلا	res	حصر	non-nominal-pos:RES:حصر
30:59:7	لا	sub	صلة	non-nominal-pos:NEG:صلة
30:60:6	ولا	root	root	non-nominal-pos:NEG:root
30:60:9	لا	sub	صلة	non-nominal-pos:NEG:صلة
31:1:1	الم	-	-	absent-from-treebank:INL
31:3:1	هُدًى	circ	حال	case-conflict:حال
31:7:7	كأن	gen	مجرور	non-nominal-pos:SUB:مجرور
31:7:8	لمْ	sub	صلة	non-nominal-pos:NEG:صلة
31:8:5	الصلحت	Obj	مفعول به	case-conflict:مفعول به
31:10:2	السموت	Obj	مفعول به	case-conflict:مفعول به
31:10:10	أن	prp	المفعول لأجله	non-nominal-pos:SUB:المفعول لأجله
31:11:5	ماذا	Obj	مفعول به	non-nominal-pos:INTG:مفعول به
31:11:10	بل	root	root	non-nominal-pos:RET:root
31:12:1	ولقدْ	root	root	non-nominal-pos:CERT:root
31:12:3	لُقْمن	Obj	مفعول به	case-conflict:مفعول به
31:12:5	أن	root	root	non-nominal-pos:INT:root
31:13:8	لا	root	root	non-nominal-pos:NEG:root
31:14:9	وفصلُهُ	circ	حال	case-conflict:حال
31:14:12	أن	root	root	non-nominal-pos:INT:root
31:15:1	وإن	root	root	non-nominal-pos:COND:root
31:15:4	أن	gen	مجرور	non-nominal-pos:SUB:مجرور
31:15:12	فلا	rslt	جواب الشرط	non-nominal-pos:NEG:جواب الشرط
31:16:3	إن	pred<<in>>	خبر إن	non-nominal-pos:COND:خبر إن
31:16:16	فى	conj	معطوف	tabi-non-nominal:P:معطوف
31:18:1	ولا	root	root	non-nominal-pos:NEG:root
31:18:5	ولا	root	root	non-nominal-pos:PRO:root
31:18:12	لا	pred<<in>>	خبر إن	non-nominal-pos:NEG:خبر إن
31:20:1	ألمْ	intg	استفهام	non-nominal-pos:NEG:استفهام
31:20:26	ولا	emph	توكيد	tabi-non-nominal:NEG:توكيد
31:20:28	ولا	emph	توكيد	tabi-non-nominal:NEG:توكيد
31:21:9	بلْ	Obj	مفعول به	non-nominal-pos:RET:مفعول به
31:21:15	أولوْ	intg	استفهام	non-nominal-pos:COND:استفهام
31:22:8	فقد	rslt	جواب الشرط	non-nominal-pos:CERT:جواب الشرط
31:23:3	فلا	rslt	جواب الشرط	non-nominal-pos:NEG:جواب الشرط
31:25:1	ولئن	root	root	non-nominal-pos:COND:root
31:25:5	السموت	Obj	مفعول به	case-conflict:مفعول به
31:25:10	الْحمْدُ	Obj	مفعول به	case-conflict:مفعول به
31:25:12	بلْ	root	root	non-nominal-pos:RET:root
31:25:14	لا	Pred	خبر	non-nominal-pos:NEG:خبر
31:27:1	ولوْ	root	root	non-nominal-pos:COND:root
31:27:14	ما	rslt	جواب الشرط	non-nominal-pos:NEG:جواب الشرط
31:28:1	ما	root	root	non-nominal-pos:NEG:root
31:28:3	ولا	emph	توكيد	tabi-non-nominal:NEG:توكيد
31:28:5	إلا	res	حصر	non-nominal-pos:RES:حصر
31:29:1	ألمْ	intg	استفهام	non-nominal-pos:NEG:استفهام
31:29:21	وأن	conj	معطوف	tabi-non-nominal:ACC:معطوف
31:31:1	ألمْ	intg	استفهام	non-nominal-pos:NEG:استفهام
31:31:16	لءايتٍ	subj<<in>>	اسم إن	case-conflict:اسم إن
31:32:16	وما	root	root	non-nominal-pos:NEG:root
31:32:19	إلا	res	حصر	non-nominal-pos:RES:حصر
31:33:7	لا	Adj	صفة	tabi-non-nominal:NEG:صفة
31:33:12	ولا	emph	توكيد	tabi-non-nominal:NEG:توكيد
31:33:15	جازٍ	Pred	خبر	case-conflict:خبر
31:33:23	فلا	root	root	non-nominal-pos:PRO:root
31:33:27	ولا	conj	معطوف	tabi-non-nominal:PRO:معطوف
31:34:12	وما	root	root	non-nominal-pos:NEG:root
31:34:15	ماذا	Obj	مفعول به	non-nominal-pos:INTG:مفعول به
31:34:18	وما	root	root	non-nominal-pos:NEG:root
32:1:1	الم	-	-	absent-from-treebank:INL
32:2:3	لا	root	root	non-nominal-pos:NEG:root
32:3:4	بلْ	root	root	non-nominal-pos:RET:root
32:3:11	ما	Adj	صفة	tabi-non-nominal:NEG:صفة
32:3:13	من	Subj	فاعل	prep-in-nominal-slot:فاعل
32:4:4	السموت	Obj	مفعول به	case-conflict:مفعول به
32:4:15	ما	root	root	non-nominal-pos:NEG:root
32:4:20	ولىٍ	root	root	case-conflict:root
32:4:21	ولا	emph	توكيد	tabi-non-nominal:NEG:توكيد
32:4:23	أفلا	intg	استفهام	non-nominal-pos:NEG:استفهام
32:7:7	خلْق	Subj	فاعل	case-conflict:فاعل
32:9:11	والْأفْـدة	root	root	case-conflict:root
32:9:13	ما	sup	زائد	no-case:زائد:REL
32:10:2	أءذا	intg	استفهام	no-case:استفهام:T
32:10:10	بلْ	root	root	non-nominal-pos:RET:root
32:12:1	ولوْ	root	root	non-nominal-pos:COND:root
32:12:3	إذ	link	متعلق	no-case:متعلق:T
32:12:4	الْمُجْرمُون	Poss	مضاف إليه	case-conflict:مضاف إليه
32:13:1	ولوْ	root	root	non-nominal-pos:COND:root
32:13:6	هُدىها	Obj	مفعول به	case-conflict:مفعول به
32:13:7	ولكنْ	root	root	non-nominal-pos:AMD:root
32:13:12	جهنم	Obj	مفعول به	case-conflict:مفعول به
32:15:5	إذا	sub	صلة	no-case:صلة:T
32:15:14	لا	Pred	خبر	non-nominal-pos:NEG:خبر
32:17:1	فلا	root	root	non-nominal-pos:NEG:root
32:18:1	أفمن	intg	استفهام	no-case:استفهام:REL
32:18:7	لا	root	root	non-nominal-pos:NEG:root
32:19:1	أما	root	root	non-nominal-pos:EXL:root
32:19:2	الذين	root	root	non-nominal-pos:COND:root
32:19:5	الصلحت	Obj	مفعول به	case-conflict:مفعول به
32:20:1	وأما	conj	معطوف	tabi-non-nominal:EXL:معطوف
32:20:2	الذين	exl	تفصيل	non-nominal-pos:COND:تفصيل
32:20:6	كُلما	link	متعلق	no-case:متعلق:T
32:20:8	أن	root	root	non-nominal-pos:SUB:root
32:23:1	ولقدْ	root	root	non-nominal-pos:CERT:root
32:23:3	مُوسى	Obj	مفعول به	case-conflict:مفعول به
32:23:5	فلا	root	root	non-nominal-pos:PRO:root
32:23:12	هُدًى	Obj	مفعول به	case-conflict:مفعول به
32:26:1	أولمْ	intg	استفهام	non-nominal-pos:NEG:استفهام
32:26:4	كمْ	Obj	مفعول به	non-nominal-pos:INTG:مفعول به
32:26:16	لءايتٍ	subj<<in>>	اسم إن	case-conflict:اسم إن
32:26:17	أفلا	intg	استفهام	non-nominal-pos:NEG:استفهام
32:27:1	أولمْ	intg	استفهام	non-nominal-pos:NEG:استفهام
32:27:16	أفلا	intg	استفهام	non-nominal-pos:NEG:استفهام
32:28:2	متى	link	متعلق	non-nominal-pos:INTG:متعلق
32:28:5	إن	root	root	non-nominal-pos:COND:root
32:29:4	لا	root	root	non-nominal-pos:NEG:root
32:29:9	ولا	root	root	non-nominal-pos:NEG:root
32:29:10	هُمْ	neg	نفي	no-case:نفي:PRON
33:1:5	ولا	root	root	non-nominal-pos:PRO:root
33:4:1	ما	root	root	non-nominal-pos:NEG:root
33:4:9	وما	conj	معطوف	tabi-non-nominal:NEG:معطوف
33:4:15	أُمهتكُمْ	Obj	مفعول به	case-conflict:مفعول به
33:4:16	وما	conj	معطوف	tabi-non-nominal:NEG:معطوف
33:5:7	فإن	root	root	non-nominal-pos:COND:root
33:5:8	لمْ	cond	شرط	non-nominal-pos:NEG:شرط
33:5:21	ولكن	root	root	non-nominal-pos:AMD:root
33:6:19	إلا	root	root	non-nominal-pos:RES:root
33:6:20	أن	root	root	non-nominal-pos:SUB:root
33:9:8	إذْ	link	متعلق	no-case:متعلق:T
33:9:15	لمْ	root	root	non-nominal-pos:NEG:root
33:11:1	هُنالك	link	متعلق	no-case:متعلق:T
33:12:8	ما	Obj	مفعول به	non-nominal-pos:NEG:مفعول به
33:12:12	إلا	res	حصر	non-nominal-pos:RES:حصر
33:13:6	يثْرب	Poss	مضاف إليه	case-conflict:مضاف إليه
33:13:7	لا	root	root	non-nominal-pos:NEG:root
33:13:19	وما	root	root	non-nominal-pos:NEG:root
33:13:20	هى	neg	نفي	no-case:نفي:PRON
33:13:22	إن	root	root	non-nominal-pos:NEG:root
33:13:24	إلا	res	حصر	non-nominal-pos:RES:حصر
33:14:1	ولوْ	root	root	non-nominal-pos:COND:root
33:14:10	وما	root	root	non-nominal-pos:NEG:root
33:14:13	إلا	res	حصر	non-nominal-pos:RES:حصر
33:15:1	ولقدْ	root	root	non-nominal-pos:CERT:root
33:15:7	لا	Obj	مفعول به	non-nominal-pos:NEG:مفعول به
33:16:2	لن	Obj	مفعول به	non-nominal-pos:NEG:مفعول به
33:16:5	إن	root	root	non-nominal-pos:COND:root
33:16:11	وإذًا	root	root	non-nominal-pos:SUR:root
33:16:12	لا	rslt	جواب الشرط	non-nominal-pos:NEG:جواب الشرط
33:16:14	إلا	res	حصر	non-nominal-pos:RES:حصر
33:17:8	إنْ	root	root	non-nominal-pos:COND:root
33:17:16	ولا	root	root	non-nominal-pos:NEG:root
33:17:23	ولا	emph	توكيد	tabi-non-nominal:NEG:توكيد
33:18:1	قدْ	root	root	non-nominal-pos:CERT:root
33:18:10	ولا	root	root	non-nominal-pos:NEG:root
33:18:13	إلا	res	حصر	non-nominal-pos:RES:حصر
33:19:26	لمْ	Pred	خبر	non-nominal-pos:NEG:خبر
33:20:3	لمْ	root	root	non-nominal-pos:NEG:root
33:20:5	وإن	root	root	non-nominal-pos:COND:root
33:20:9	لوْ	root	root	non-nominal-pos:COND:root
33:20:17	ولوْ	root	root	non-nominal-pos:COND:root
33:20:20	ما	rslt	جواب الشرط	non-nominal-pos:NEG:جواب الشرط
33:20:22	إلا	res	حصر	non-nominal-pos:RES:حصر
33:21:1	لقدْ	root	root	non-nominal-pos:CERT:root
33:21:4	فى	App	بدل	tabi-non-nominal:P:بدل
33:22:14	وما	root	root	non-nominal-pos:NEG:root
33:22:16	إلا	res	حصر	non-nominal-pos:RES:حصر
33:23:16	وما	root	root	non-nominal-pos:NEG:root
33:24:7	إن	root	root	non-nominal-pos:COND:root
33:25:6	لمْ	circ	حال	non-nominal-pos:NEG:حال
33:27:6	لمْ	Adj	صفة	tabi-non-nominal:NEG:صفة
33:28:5	إن	Obj	مفعول به	non-nominal-pos:COND:مفعول به
33:29:1	وإن	conj	معطوف	tabi-non-nominal:COND:معطوف
33:30:11	ضعْفيْن	cog	مفعول مطلق	case-conflict:مفعول مطلق
33:31:10	مرتيْن	cog	مفعول مطلق	case-conflict:مفعول مطلق
33:32:7	إن	root	root	non-nominal-pos:COND:root
33:32:9	فلا	rslt	جواب الشرط	non-nominal-pos:PRO:جواب الشرط
33:33:4	ولا	root	root	non-nominal-pos:PRO:root
33:36:1	وما	root	root	non-nominal-pos:NEG:root
33:36:4	ولا	emph	توكيد	tabi-non-nominal:NEG:توكيد
33:36:11	أن	subj <<kan>>	اسم كان	non-nominal-pos:SUB:اسم كان
33:36:21	فقدْ	rslt	جواب الشرط	non-nominal-pos:CERT:جواب الشرط
33:37:19	مُبْديه	Pred	خبر	case-conflict:خبر
33:37:24	أن	link	متعلق	non-nominal-pos:SUB:متعلق
33:37:32	لكىْ	gen	مجرور	non-nominal-pos:SUB:مجرور
33:37:33	لا	sub	صلة	non-nominal-pos:NEG:صلة
33:38:1	ما	root	root	non-nominal-pos:NEG:root
33:39:3	رسلت	Obj	مفعول به	case-conflict:مفعول به
33:39:6	ولا	root	root	non-nominal-pos:NEG:root
33:39:9	إلا	root	root	non-nominal-pos:RES:root
33:40:1	ما	root	root	non-nominal-pos:NEG:root
33:40:4	أبا	pred <<kan>>	خبر كان	case-conflict:خبر كان
33:40:8	ولكن	root	root	non-nominal-pos:AMD:root
33:40:9	رسُول	pred <<lakin>>	خبر لكن	case-conflict:خبر لكن
33:48:1	ولا	root	root	non-nominal-pos:PRO:root
33:48:6	أذىهُمْ	Obj	مفعول به	case-conflict:مفعول به
33:49:6	الْمُؤْمنت	Obj	مفعول به	case-conflict:مفعول به
33:49:11	أن	Poss	مضاف إليه	non-nominal-pos:SUB:مضاف إليه
33:49:13	فما	rslt	جواب الشرط	non-nominal-pos:NEG:جواب الشرط
33:50:30	إن	root	root	non-nominal-pos:COND:root
33:50:34	إنْ	root	root	non-nominal-pos:COND:root
33:50:37	أن	Obj	مفعول به	non-nominal-pos:SUB:مفعول به
33:50:44	قدْ	root	root	non-nominal-pos:CERT:root
33:50:54	لكيْلا	sub	صلة	non-nominal-pos:NEG:صلة
33:51:13	فلا	root	root	non-nominal-pos:NEG:root
33:51:18	أن	root	root	non-nominal-pos:SUB:root
33:51:21	ولا	root	root	non-nominal-pos:NEG:root
33:52:1	لا	root	root	non-nominal-pos:NEG:root
33:52:7	ولا	root	root	non-nominal-pos:NEG:root
33:52:8	أن	root	root	non-nominal-pos:SUB:root
33:52:13	ولوْ	circ	حال	non-nominal-pos:COND:حال
33:52:16	إلا	root	root	non-nominal-pos:RES:root
33:53:4	لا	root	root	non-nominal-pos:PRO:root
33:53:8	إلا	root	root	non-nominal-pos:RES:root
33:53:9	أن	exp	مستثني	non-nominal-pos:SUB:مستثني
33:53:16	إنىهُ	Obj	مفعول به	case-conflict:مفعول به
33:53:17	ولكنْ	root	root	non-nominal-pos:AMD:root
33:53:24	ولا	root	root	non-nominal-pos:NEG:root
33:53:35	لا	Pred	خبر	non-nominal-pos:NEG:خبر
33:53:50	وما	root	root	non-nominal-pos:NEG:root
33:53:53	أن	subj <<kan>>	اسم كان	non-nominal-pos:SUB:اسم كان
33:53:57	ولا	conj	معطوف	tabi-non-nominal:NEG:معطوف
33:53:58	أن	root	root	non-nominal-pos:SUB:root
33:54:1	إن	root	root	non-nominal-pos:COND:root
33:55:1	لا	root	root	non-nominal-pos:NEG:root
33:55:6	ولا	emph	توكيد	tabi-non-nominal:NEG:توكيد
33:55:8	ولا	emph	توكيد	tabi-non-nominal:NEG:توكيد
33:55:10	ولا	emph	توكيد	tabi-non-nominal:NEG:توكيد
33:55:13	ولا	emph	توكيد	tabi-non-nominal:NEG:توكيد
33:55:16	ولا	emph	توكيد	tabi-non-nominal:NEG:توكيد
33:55:18	ولا	emph	توكيد	tabi-non-nominal:NEG:توكيد
33:58:8	فقد	rslt	جواب الشرط	non-nominal-pos:CERT:جواب الشرط
33:59:14	أن	link	متعلق	non-nominal-pos:SUB:متعلق
33:59:16	فلا	root	root	non-nominal-pos:NEG:root
33:60:1	لئن	root	root	non-nominal-pos:COND:root
33:60:2	لمْ	cond	شرط	non-nominal-pos:NEG:شرط
33:60:15	لا	root	root	non-nominal-pos:NEG:root
33:60:18	إلا	root	root	non-nominal-pos:RES:root
33:62:8	ولن	root	root	non-nominal-pos:NEG:root
33:65:4	لا	circ	حال	non-nominal-pos:NEG:حال
33:65:7	ولا	emph	توكيد	tabi-non-nominal:NEG:توكيد
33:68:3	ضعْفيْن	Obj	مفعول به	case-conflict:مفعول به
33:69:4	لا	root	root	non-nominal-pos:PRO:root
33:69:8	مُوسى	Obj	مفعول به	case-conflict:مفعول به
33:71:11	فقدْ	rslt	جواب الشرط	non-nominal-pos:CERT:جواب الشرط
33:72:9	أن	Obj	مفعول به	non-nominal-pos:SUB:مفعول به
34:3:4	لا	Obj	مفعول به	non-nominal-pos:NEG:مفعول به
34:3:8	بلى	Obj	مفعول به	non-nominal-pos:ANS:مفعول به
34:3:13	لا	Adj	صفة	tabi-non-nominal:NEG:صفة
34:3:20	ولا	emph	توكيد	tabi-non-nominal:NEG:توكيد
34:3:21	فى	conj	معطوف	tabi-non-nominal:P:معطوف
34:3:23	ولا	emph	توكيد	tabi-non-nominal:NEG:توكيد
34:3:27	ولا	conj	معطوف	tabi-non-nominal:NEG:معطوف
34:3:29	إلا	root	root	non-nominal-pos:RES:root
34:4:5	الصلحت	Obj	مفعول به	case-conflict:مفعول به
34:7:4	هلْ	root	root	non-nominal-pos:INTG:root
34:8:8	بل	root	root	non-nominal-pos:RET:root
34:8:9	الذين	ret	اضراب	no-case:اضراب:REL
34:8:10	لا	sub	صلة	non-nominal-pos:NEG:صلة
34:9:1	أفلمْ	intg	استفهام	non-nominal-pos:NEG:استفهام
34:9:6	أيْديهمْ	Poss	مضاف إليه	case-conflict:مضاف إليه
34:9:12	إن	root	root	non-nominal-pos:COND:root
34:9:26	لءايةً	pred<<in>>	خبر إن	case-conflict:خبر إن
34:10:1	ولقدْ	root	root	non-nominal-pos:CERT:root
34:10:3	داوُد	Obj	مفعول به	case-conflict:مفعول به
34:11:1	أن	root	root	non-nominal-pos:SUB:root
34:12:3	غُدُوُها	circ	حال	case-conflict:حال
34:12:16	يديْه	Poss	مضاف إليه	case-conflict:مضاف إليه
34:14:5	ما	rslt	جواب الشرط	non-nominal-pos:NEG:جواب الشرط
34:14:9	إلا	res	حصر	non-nominal-pos:RES:حصر
34:14:18	أن	pred<<an>>	خبر أن	non-nominal-pos:SUB:خبر أن
34:14:19	لوْ	root	root	non-nominal-pos:COND:root
34:14:23	ما	rslt	جواب الشرط	non-nominal-pos:NEG:جواب الشرط
34:15:1	لقدْ	root	root	non-nominal-pos:CERT:root
34:16:8	جنتيْن	Obj	مفعول به	case-conflict:مفعول به
34:17:5	وهلْ	root	root	non-nominal-pos:INTG:root
34:17:7	إلا	res	حصر	non-nominal-pos:RES:حصر
34:18:8	قُرًى	Obj	مفعول به	case-conflict:مفعول به
34:19:16	لءايتٍ	subj<<in>>	اسم إن	case-conflict:اسم إن
34:20:1	ولقدْ	root	root	non-nominal-pos:CERT:root
34:20:7	إلا	root	root	non-nominal-pos:RES:root
34:21:1	وما	root	root	non-nominal-pos:NEG:root
34:21:7	إلا	res	حصر	non-nominal-pos:RES:حصر
34:22:8	لا	Pred	خبر	non-nominal-pos:NEG:خبر
34:22:14	ولا	root	root	non-nominal-pos:NEG:root
34:22:17	وما	root	root	non-nominal-pos:NEG:root
34:22:20	من	emph	توكيد	tabi-non-nominal:P:توكيد
34:22:21	شرْكٍ	root	root	case-conflict:root
34:22:22	وما	root	root	non-nominal-pos:NEG:root
34:22:25	من	emph	توكيد	tabi-non-nominal:P:توكيد
34:22:26	ظهيرٍ	root	root	case-conflict:root
34:23:1	ولا	root	root	non-nominal-pos:NEG:root
34:23:5	إلا	res	حصر	non-nominal-pos:RES:حصر
34:23:9	حتى	root	root	non-nominal-pos:INC:root
34:23:10	إذا	inc	ابتداء	no-case:ابتداء:T
34:23:15	ماذا	Obj	مفعول به	non-nominal-pos:INTG:مفعول به
34:24:15	فى	conj	معطوف	tabi-non-nominal:P:معطوف
34:25:2	لا	Obj	مفعول به	non-nominal-pos:NEG:مفعول به
34:25:6	ولا	conj	معطوف	tabi-non-nominal:NEG:معطوف
34:27:7	كلا	root	root	non-nominal-pos:AVR:root
34:27:8	بلْ	avr	ردع	non-nominal-pos:RET:ردع
34:27:9	هُو	ret	اضراب	no-case:اضراب:PRON
34:28:1	وما	root	root	non-nominal-pos:NEG:root
34:28:3	إلا	res	حصر	non-nominal-pos:RES:حصر
34:28:11	لا	pred <<lakin>>	خبر لكن	non-nominal-pos:NEG:خبر لكن
34:29:2	متى	link	متعلق	non-nominal-pos:INTG:متعلق
34:29:5	إن	root	root	non-nominal-pos:COND:root
34:30:5	لا	Adj	صفة	tabi-non-nominal:NEG:صفة
34:30:9	ولا	conj	معطوف	tabi-non-nominal:NEG:معطوف
34:31:4	لن	Obj	مفعول به	non-nominal-pos:NEG:مفعول به
34:31:8	ولا	root	root	non-nominal-pos:NEG:root
34:31:11	يديْه	Poss	مضاف إليه	case-conflict:مضاف إليه
34:31:12	ولوْ	root	root	non-nominal-pos:COND:root
34:31:14	إذ	link	متعلق	no-case:متعلق:T
34:31:29	لوْلا	root	root	non-nominal-pos:COND:root
34:32:6	أنحْنُ	intg	استفهام	no-case:استفهام:PRON
34:32:13	بلْ	root	root	non-nominal-pos:RET:root
34:33:6	بلْ	root	root	non-nominal-pos:RET:root
34:33:10	إذْ	link	متعلق	no-case:متعلق:T
34:33:12	أن	link	متعلق	non-nominal-pos:SUB:متعلق
34:33:29	هلْ	root	root	non-nominal-pos:INTG:root
34:33:31	إلا	res	حصر	non-nominal-pos:RES:حصر
34:34:1	وما	root	root	non-nominal-pos:NEG:root
34:34:7	إلا	res	حصر	non-nominal-pos:RES:حصر
34:35:6	وما	root	root	non-nominal-pos:NEG:root
34:36:3	ربى	subj<<in>>	اسم إن	case-conflict:اسم إن
34:36:12	لا	pred <<lakin>>	خبر لكن	non-nominal-pos:NEG:خبر لكن
34:37:1	وما	root	root	non-nominal-pos:NEG:root
34:37:3	ولا	emph	توكيد	tabi-non-nominal:NEG:توكيد
34:37:8	زُلْفى	cog	مفعول مطلق	case-conflict:مفعول مطلق
34:37:9	إلا	root	root	non-nominal-pos:RES:root
34:39:3	ربى	subj<<in>>	اسم إن	case-conflict:اسم إن
34:39:16	فهُو	rslt	جواب الشرط	no-case:جواب الشرط:PRON
34:40:7	أهؤُلاء	intg	استفهام	no-case:استفهام:DEM
34:41:7	بلْ	root	root	non-nominal-pos:RET:root
34:42:2	لا	root	root	non-nominal-pos:NEG:root
34:42:7	ولا	emph	توكيد	tabi-non-nominal:NEG:توكيد
34:43:5	بينتٍ	circ	حال	case-conflict:حال
34:43:7	ما	Obj	مفعول به	non-nominal-pos:NEG:مفعول به
34:43:8	هذا	neg	نفي	no-case:نفي:DEM
34:43:9	إلا	res	حصر	non-nominal-pos:RES:حصر
34:43:12	أن	Obj	مفعول به	non-nominal-pos:SUB:مفعول به
34:43:19	ما	Obj	مفعول به	non-nominal-pos:NEG:مفعول به
34:43:20	هذا	neg	نفي	no-case:نفي:DEM
34:43:21	إلا	res	حصر	non-nominal-pos:RES:حصر
34:43:28	لما	link	متعلق	no-case:متعلق:T
34:43:30	إنْ	root	root	non-nominal-pos:NEG:root
34:43:31	هذا	neg	نفي	no-case:نفي:DEM
34:43:32	إلا	res	حصر	non-nominal-pos:RES:حصر
34:44:1	وما	root	root	non-nominal-pos:NEG:root
34:44:6	وما	conj	معطوف	tabi-non-nominal:NEG:معطوف
34:45:5	وما	root	root	non-nominal-pos:NEG:root
34:45:11	رُسُلى	Obj	مفعول به	case-conflict:مفعول به
34:45:12	فكيْف	pred <<kan>>	خبر كان	non-nominal-pos:INTG:خبر كان
34:46:5	أن	App	بدل	tabi-non-nominal:SUB:بدل
34:46:12	ما	root	root	non-nominal-pos:NEG:root
34:46:16	إنْ	root	root	non-nominal-pos:NEG:root
34:46:17	هُو	neg	نفي	no-case:نفي:PRON
34:46:18	إلا	res	حصر	non-nominal-pos:RES:حصر
34:46:22	يدىْ	Poss	مضاف إليه	case-conflict:مضاف إليه
34:47:2	ما	root	root	non-nominal-pos:NEG:root
34:47:6	فهُو	rslt	جواب الشرط	no-case:جواب الشرط:PRON
34:47:8	إنْ	root	root	non-nominal-pos:NEG:root
34:47:10	إلا	res	حصر	non-nominal-pos:RES:حصر
34:48:3	ربى	Obj	مفعول به	case-conflict:مفعول به
34:49:4	وما	conj	معطوف	tabi-non-nominal:NEG:معطوف
34:49:7	وما	conj	معطوف	tabi-non-nominal:NEG:معطوف
34:50:2	إن	Obj	مفعول به	non-nominal-pos:COND:مفعول به
34:50:8	وإن	conj	معطوف	tabi-non-nominal:COND:معطوف
34:51:1	ولوْ	root	root	non-nominal-pos:COND:root
34:51:3	إذْ	link	متعلق	no-case:متعلق:T
34:51:5	فلا	root	root	non-nominal-pos:NEG:root
34:52:4	وأنى	link	متعلق	non-nominal-pos:INTG:متعلق
34:53:1	وقدْ	circ	حال	non-nominal-pos:CERT:حال
34:54:2	بيْنهُمْ	Pass	نائب فاعل	case-conflict:نائب فاعل
35:2:7	فلا	rslt	جواب الشرط	non-nominal-pos:NEG:جواب الشرط
35:2:12	فلا	rslt	جواب الشرط	non-nominal-pos:NEG:جواب الشرط
35:3:7	هلْ	root	root	non-nominal-pos:INTG:root
35:3:16	لا	root	root	non-nominal-pos:NEG:root
35:3:18	إلا	root	root	non-nominal-pos:RES:root
35:3:20	فأنى	root	root	non-nominal-pos:INTG:root
35:4:1	وإن	root	root	non-nominal-pos:COND:root
35:4:3	فقدْ	rslt	جواب الشرط	non-nominal-pos:CERT:جواب الشرط
35:5:7	فلا	root	root	non-nominal-pos:PRO:root
35:5:11	ولا	conj	معطوف	tabi-non-nominal:PRO:معطوف
35:7:9	الصلحت	Obj	مفعول به	case-conflict:مفعول به
35:8:1	أفمن	intg	استفهام	no-case:استفهام:REL
35:8:16	فلا	rslt	جواب الشرط	non-nominal-pos:NEG:جواب الشرط
35:8:20	حسرتٍ	prp	المفعول لأجله	case-conflict:المفعول لأجله
35:11:11	وما	root	root	non-nominal-pos:NEG:root
35:11:13	منْ	Subj	فاعل	prep-in-nominal-slot:فاعل
35:11:15	ولا	emph	توكيد	tabi-non-nominal:NEG:توكيد
35:11:17	إلا	res	حصر	non-nominal-pos:RES:حصر
35:11:19	وما	conj	معطوف	tabi-non-nominal:NEG:معطوف
35:11:21	من	Subj	فاعل	prep-in-nominal-slot:فاعل
35:11:23	ولا	conj	معطوف	tabi-non-nominal:NEG:معطوف
35:11:25	منْ	Subj	فاعل	prep-in-nominal-slot:فاعل
35:11:27	إلا	res	حصر	non-nominal-pos:RES:حصر
35:12:1	وما	root	root	non-nominal-pos:NEG:root
35:13:25	ما	Pred	خبر	non-nominal-pos:NEG:خبر
35:14:1	إن	root	root	non-nominal-pos:COND:root
35:14:3	لا	rslt	جواب الشرط	non-nominal-pos:NEG:جواب الشرط
35:14:6	ولوْ	root	root	non-nominal-pos:COND:root
35:14:8	ما	rslt	جواب الشرط	non-nominal-pos:NEG:جواب الشرط
35:14:15	ولا	root	root	non-nominal-pos:NEG:root
35:16:1	إن	root	root	non-nominal-pos:COND:root
35:17:1	وما	root	root	non-nominal-pos:NEG:root
35:18:1	ولا	root	root	non-nominal-pos:NEG:root
35:18:6	وإن	root	root	non-nominal-pos:COND:root
35:18:11	لا	rslt	جواب الشرط	non-nominal-pos:NEG:جواب الشرط
35:18:15	ولوْ	root	root	non-nominal-pos:COND:root
35:18:18	قُرْبى	Poss	مضاف إليه	case-conflict:مضاف إليه
35:19:1	وما	root	root	non-nominal-pos:NEG:root
35:20:1	ولا	conj	معطوف	tabi-non-nominal:NEG:معطوف
35:20:3	ولا	emph	توكيد	tabi-non-nominal:NEG:توكيد
35:21:1	ولا	conj	معطوف	tabi-non-nominal:NEG:معطوف
35:21:3	ولا	emph	توكيد	tabi-non-nominal:NEG:توكيد
35:22:1	وما	root	root	non-nominal-pos:NEG:root
35:22:4	ولا	emph	توكيد	tabi-non-nominal:NEG:توكيد
35:22:11	وما	root	root	non-nominal-pos:NEG:root
35:23:1	إنْ	root	root	non-nominal-pos:NEG:root
35:23:3	إلا	res	حصر	non-nominal-pos:RES:حصر
35:24:6	وإن	root	root	non-nominal-pos:NEG:root
35:24:7	منْ	Subj	فاعل	prep-in-nominal-slot:فاعل
35:24:9	إلا	res	حصر	non-nominal-pos:RES:حصر
35:25:1	وإن	root	root	non-nominal-pos:COND:root
35:25:3	فقدْ	rslt	جواب الشرط	non-nominal-pos:CERT:جواب الشرط
35:26:5	فكيْف	pred <<kan>>	خبر كان	non-nominal-pos:INTG:خبر كان
35:27:1	ألمْ	intg	استفهام	non-nominal-pos:NEG:استفهام
35:27:11	ثمرتٍ	Obj	مفعول به	case-conflict:مفعول به
35:29:15	لن	Adj	صفة	tabi-non-nominal:NEG:صفة
35:31:11	يديْه	Poss	مضاف إليه	case-conflict:مضاف إليه
35:34:2	الْحمْدُ	Obj	مفعول به	case-conflict:مفعول به
35:35:7	لا	circ	حال	non-nominal-pos:NEG:حال
35:35:11	ولا	root	root	non-nominal-pos:NEG:root
35:36:6	لا	circ	حال	non-nominal-pos:NEG:حال
35:36:10	ولا	conj	معطوف	tabi-non-nominal:NEG:معطوف
35:37:12	أولمْ	intg	استفهام	non-nominal-pos:NEG:استفهام
35:37:22	فما	root	root	non-nominal-pos:NEG:root
35:37:24	من	emph	توكيد	tabi-non-nominal:P:توكيد
35:37:25	نصيرٍ	root	root	case-conflict:root
35:39:11	ولا	root	root	non-nominal-pos:NEG:root
35:39:17	إلا	res	حصر	non-nominal-pos:RES:حصر
35:39:19	ولا	conj	معطوف	tabi-non-nominal:NEG:معطوف
35:39:23	إلا	res	حصر	non-nominal-pos:RES:حصر
35:40:10	ماذا	Obj	مفعول به	non-nominal-pos:INTG:مفعول به
35:40:26	بلْ	root	root	non-nominal-pos:RET:root
35:40:27	إن	ret	اضراب	non-nominal-pos:NEG:اضراب
35:40:32	إلا	res	حصر	non-nominal-pos:RES:حصر
35:41:4	السموت	Obj	مفعول به	case-conflict:مفعول به
35:41:6	أن	prp	المفعول لأجله	non-nominal-pos:SUB:المفعول لأجله
35:41:8	ولئن	root	root	non-nominal-pos:COND:root
35:41:10	إنْ	rslt	جواب الشرط	non-nominal-pos:NEG:جواب الشرط
35:41:12	منْ	Subj	فاعل	prep-in-nominal-slot:فاعل
35:42:5	لئن	Obj	مفعول به	non-nominal-pos:COND:مفعول به
35:42:9	أهْدى	pred <<ykon>>	خبر يكون	case-conflict:خبر يكون
35:42:16	ما	rslt	جواب الشرط	non-nominal-pos:NEG:جواب الشرط
35:42:18	إلا	res	حصر	non-nominal-pos:RES:حصر
35:43:6	ولا	root	root	non-nominal-pos:NEG:root
35:43:10	إلا	res	حصر	non-nominal-pos:RES:حصر
35:43:12	فهلْ	root	root	non-nominal-pos:INTG:root
35:43:14	إلا	res	حصر	non-nominal-pos:RES:حصر
35:43:17	فلن	root	root	non-nominal-pos:NEG:root
35:43:22	ولن	conj	معطوف	tabi-non-nominal:NEG:معطوف
35:44:1	أولمْ	intg	استفهام	non-nominal-pos:NEG:استفهام
35:44:6	كيْف	pred <<kan>>	خبر كان	non-nominal-pos:INTG:خبر كان
35:44:16	وما	root	root	non-nominal-pos:NEG:root
35:44:21	شىْءٍ	Subj	فاعل	case-conflict:فاعل
35:44:24	ولا	emph	توكيد	tabi-non-nominal:NEG:توكيد
35:45:1	ولوْ	root	root	non-nominal-pos:COND:root
35:45:7	ما	rslt	جواب الشرط	non-nominal-pos:NEG:جواب الشرط
35:45:13	ولكن	root	root	non-nominal-pos:AMD:root
35:45:25	بصيرًا	Pred	خبر	case-conflict:خبر
36:1:1	يس	-	-	absent-from-treebank:INL
36:6:3	ما	Adj	صفة	tabi-non-nominal:NEG:صفة
36:7:1	لقدْ	root	root	non-nominal-pos:CERT:root
36:7:7	لا	Pred	خبر	non-nominal-pos:NEG:خبر
36:9:6	ومنْ	conj	معطوف	tabi-non-nominal:P:معطوف
36:9:11	لا	Pred	خبر	non-nominal-pos:NEG:خبر
36:10:5	لمْ	root	root	non-nominal-pos:NEG:root
36:10:7	لا	root	root	non-nominal-pos:NEG:root
36:12:4	الْموْتى	Obj	مفعول به	case-conflict:مفعول به
36:14:4	اثْنيْن	Obj	مفعول به	case-conflict:مفعول به
36:15:2	ما	Obj	مفعول به	non-nominal-pos:NEG:مفعول به
36:15:3	أنتُمْ	neg	نفي	no-case:نفي:PRON
36:15:4	إلا	res	حصر	non-nominal-pos:RES:حصر
36:15:7	وما	root	root	non-nominal-pos:NEG:root
36:15:12	إنْ	root	root	non-nominal-pos:NEG:root
36:15:13	أنتُمْ	neg	نفي	no-case:نفي:PRON
36:15:14	إلا	Pred	خبر	non-nominal-pos:RES:خبر
36:16:2	ربُنا	Obj	مفعول به	case-conflict:مفعول به
36:17:1	وما	root	root	non-nominal-pos:NEG:root
36:17:3	إلا	res	حصر	non-nominal-pos:RES:حصر
36:18:5	لئن	root	root	non-nominal-pos:COND:root
36:18:6	لمْ	cond	شرط	non-nominal-pos:NEG:شرط
36:19:2	طئرُكُم	Obj	مفعول به	case-conflict:مفعول به
36:19:4	أئن	intg	استفهام	non-nominal-pos:COND:استفهام
36:19:6	بلْ	root	root	non-nominal-pos:RET:root
36:21:3	لا	sub	صلة	non-nominal-pos:NEG:صلة
36:22:1	وما	root	root	non-nominal-pos:INTG:root
36:22:3	لا	root	root	non-nominal-pos:NEG:root
36:23:5	إن	root	root	non-nominal-pos:COND:root
36:23:9	لا	rslt	جواب الشرط	non-nominal-pos:NEG:جواب الشرط
36:23:14	ولا	conj	معطوف	tabi-non-nominal:NEG:معطوف
36:24:2	إذًا	pred<<in>>	خبر إن	non-nominal-pos:ANS:خبر إن
36:26:6	قوْمى	subj<<in>>	اسم إن	case-conflict:اسم إن
36:28:1	وما	root	root	non-nominal-pos:NEG:root
36:28:11	وما	root	root	non-nominal-pos:NEG:root
36:29:1	إن	root	root	non-nominal-pos:NEG:root
36:29:3	إلا	res	حصر	non-nominal-pos:RES:حصر
36:29:6	فإذا	root	root	non-nominal-pos:SUR:root
36:29:7	هُمْ	sur	فجاءة	no-case:فجاءة:PRON
36:30:4	ما	root	root	non-nominal-pos:NEG:root
36:30:6	من	Subj	فاعل	prep-in-nominal-slot:فاعل
36:30:8	إلا	res	حصر	non-nominal-pos:RES:حصر
36:31:1	ألمْ	intg	استفهام	non-nominal-pos:NEG:استفهام
36:31:3	كمْ	Obj	مفعول به	non-nominal-pos:INTG:مفعول به
36:31:5	قبْلهُم	root	root	case-conflict:root
36:31:10	لا	pred<<in>>	خبر إن	non-nominal-pos:NEG:خبر إن
36:32:1	وإن	root	root	non-nominal-pos:COND:root
36:32:5	لديْنا	link	متعلق	no-case:متعلق:LOC
36:34:3	جنتٍ	Obj	مفعول به	case-conflict:مفعول به
36:35:4	وما	conj	معطوف	tabi-non-nominal:NEG:معطوف
36:35:7	أفلا	intg	استفهام	non-nominal-pos:NEG:استفهام
36:36:9	ومنْ	conj	معطوف	tabi-non-nominal:P:معطوف
36:36:11	ومما	conj	معطوف	tabi-non-nominal:P:معطوف
36:36:12	لا	sub	صلة	non-nominal-pos:NEG:صلة
36:37:8	هُم	sur	فجاءة	no-case:فجاءة:PRON
36:40:1	لا	root	root	non-nominal-pos:NEG:root
36:40:5	أن	root	root	non-nominal-pos:SUB:root
36:40:8	ولا	conj	معطوف	tabi-non-nominal:NEG:معطوف
36:43:1	وإن	root	root	non-nominal-pos:COND:root
36:43:4	فلا	root	root	non-nominal-pos:NEG:root
36:43:7	ولا	root	root	non-nominal-pos:NEG:root
36:43:8	هُمْ	neg	نفي	no-case:نفي:PRON
36:44:1	إلا	root	root	non-nominal-pos:RES:root
36:45:7	أيْديكُمْ	Poss	مضاف إليه	case-conflict:مضاف إليه
36:46:1	وما	root	root	non-nominal-pos:NEG:root
36:46:3	منْ	Subj	فاعل	prep-in-nominal-slot:فاعل
36:46:8	إلا	root	root	non-nominal-pos:RES:root
36:47:15	لوْ	sub	صلة	non-nominal-pos:COND:صلة
36:47:19	إنْ	root	root	non-nominal-pos:NEG:root
36:47:20	أنتُمْ	neg	نفي	no-case:نفي:PRON
36:47:21	إلا	res	حصر	non-nominal-pos:RES:حصر
36:48:2	متى	link	متعلق	non-nominal-pos:INTG:متعلق
36:48:5	إن	root	root	non-nominal-pos:COND:root
36:49:1	ما	root	root	non-nominal-pos:NEG:root
36:49:3	إلا	res	حصر	non-nominal-pos:RES:حصر
36:50:1	فلا	root	root	non-nominal-pos:NEG:root
36:50:4	ولا	root	root	non-nominal-pos:NEG:root
36:51:5	هُم	sur	فجاءة	no-case:فجاءة:PRON
36:53:1	إن	root	root	non-nominal-pos:NEG:root
36:53:3	إلا	res	حصر	non-nominal-pos:RES:حصر
36:53:7	هُمْ	sur	فجاءة	no-case:فجاءة:PRON
36:53:9	لديْنا	link	متعلق	no-case:متعلق:LOC
36:54:2	لا	root	root	non-nominal-pos:NEG:root
36:54:6	ولا	root	root	non-nominal-pos:NEG:root
36:54:8	إلا	res	حصر	non-nominal-pos:RES:حصر
36:60:1	ألمْ	intg	استفهام	non-nominal-pos:NEG:استفهام
36:60:5	ءادم	Poss	مضاف إليه	case-conflict:مضاف إليه
36:60:6	أن	root	root	non-nominal-pos:INT:root
36:60:7	لا	int	تفسير	non-nominal-pos:PRO:تفسير
36:61:1	وأن	conj	معطوف	tabi-non-nominal:INT:معطوف
36:62:1	ولقدْ	root	root	non-nominal-pos:CERT:root
36:62:6	أفلمْ	intg	استفهام	non-nominal-pos:NEG:استفهام
36:66:1	ولوْ	root	root	non-nominal-pos:COND:root
36:66:8	فأنى	root	root	non-nominal-pos:INTG:root
36:67:1	ولوْ	root	root	non-nominal-pos:COND:root
36:67:6	فما	root	root	non-nominal-pos:NEG:root
36:67:9	ولا	root	root	non-nominal-pos:NEG:root
36:68:6	أفلا	intg	استفهام	non-nominal-pos:NEG:استفهام
36:69:1	وما	root	root	non-nominal-pos:NEG:root
36:69:4	وما	root	root	non-nominal-pos:NEG:root
36:69:7	إنْ	root	root	non-nominal-pos:NEG:root
36:69:8	هُو	neg	نفي	no-case:نفي:PRON
36:69:9	إلا	res	حصر	non-nominal-pos:RES:حصر
36:71:1	أولمْ	intg	استفهام	non-nominal-pos:NEG:استفهام
36:73:5	أفلا	intg	استفهام	non-nominal-pos:NEG:استفهام
36:75:1	لا	Adj	صفة	tabi-non-nominal:NEG:صفة
36:76:1	فلا	root	root	non-nominal-pos:PRO:root
36:77:1	أولمْ	intg	استفهام	non-nominal-pos:NEG:استفهام
36:77:9	هُو	sur	فجاءة	no-case:فجاءة:PRON
36:80:9	أنتُم	sur	فجاءة	no-case:فجاءة:PRON
36:81:4	السموت	Obj	مفعول به	case-conflict:مفعول به
36:81:8	أن	gen	مجرور	non-nominal-pos:SUB:مجرور
36:81:11	بلى	root	root	non-nominal-pos:ANS:root
36:82:6	أن	root	root	non-nominal-pos:SUB:root
37:8:1	لا	root	root	non-nominal-pos:NEG:root
37:10:1	إلا	res	حصر	non-nominal-pos:RES:حصر
37:11:2	أهُمْ	intg	استفهام	no-case:استفهام:PRON
37:12:1	بلْ	root	root	non-nominal-pos:RET:root
37:13:3	لا	rslt	جواب الشرط	non-nominal-pos:NEG:جواب الشرط
37:15:2	إنْ	Obj	مفعول به	non-nominal-pos:NEG:مفعول به
37:15:3	هذا	neg	نفي	no-case:نفي:DEM
37:15:4	إلا	res	حصر	non-nominal-pos:RES:حصر
37:16:1	أءذا	intg	استفهام	no-case:استفهام:T
37:18:2	نعمْ	Obj	مفعول به	non-nominal-pos:ANS:مفعول به
37:19:6	هُمْ	sur	فجاءة	no-case:فجاءة:PRON
37:25:1	ما	Obj	مفعول به	non-nominal-pos:INTG:مفعول به
37:25:3	لا	root	root	non-nominal-pos:NEG:root
37:26:1	بلْ	root	root	non-nominal-pos:RET:root
37:29:2	بل	Obj	مفعول به	non-nominal-pos:RET:مفعول به
37:29:3	لمْ	ret	اضراب	non-nominal-pos:NEG:اضراب
37:30:1	وما	root	root	non-nominal-pos:NEG:root
37:30:7	بلْ	root	root	non-nominal-pos:RET:root
37:35:6	لا	Obj	مفعول به	non-nominal-pos:NEG:مفعول به
37:35:8	إلا	root	root	non-nominal-pos:RES:root
37:37:1	بلْ	root	root	non-nominal-pos:RET:root
37:39:1	وما	root	root	non-nominal-pos:NEG:root
37:39:3	إلا	res	حصر	non-nominal-pos:RES:حصر
37:40:1	إلا	root	root	non-nominal-pos:RES:root
37:47:1	لا	Adj	صفة	tabi-non-nominal:NEG:صفة
37:47:2	فيها	Pred	خبر	prep-in-nominal-slot:خبر
37:47:4	ولا	emph	توكيد	tabi-non-nominal:NEG:توكيد
37:48:2	قصرتُ	root	root	case-conflict:root
37:53:1	أءذا	intg	استفهام	no-case:استفهام:T
37:54:2	هلْ	Obj	مفعول به	non-nominal-pos:INTG:مفعول به
37:56:3	إن	root	root	non-nominal-pos:COND:root
37:57:1	ولوْلا	root	root	non-nominal-pos:COND:root
37:57:3	ربى	Poss	مضاف إليه	case-conflict:مضاف إليه
37:58:1	أفما	intg	استفهام	non-nominal-pos:NEG:استفهام
37:59:1	إلا	root	root	non-nominal-pos:RES:root
37:59:4	وما	conj	معطوف	tabi-non-nominal:NEG:معطوف
37:62:1	أذلك	intg	استفهام	no-case:استفهام:DEM
37:71:1	ولقدْ	root	root	non-nominal-pos:CERT:root
37:72:1	ولقدْ	root	root	non-nominal-pos:CERT:root
37:73:2	كيْف	pred <<kan>>	خبر كان	non-nominal-pos:INTG:خبر كان
37:74:1	إلا	root	root	non-nominal-pos:RES:root
37:75:1	ولقدْ	root	root	non-nominal-pos:CERT:root
37:77:3	هُمُ	sup	زائد	no-case:زائد:PRON
37:84:1	إذْ	link	متعلق	no-case:متعلق:T
37:85:5	ماذا	Obj	مفعول به	non-nominal-pos:INTG:مفعول به
37:87:1	فما	root	root	non-nominal-pos:INTG:root
37:87:2	ظنُكُم	pred <<ma>>	خبر ما	case-conflict:خبر ما
37:91:5	ألا	intg	استفهام	non-nominal-pos:NEG:استفهام
37:92:1	ما	root	root	non-nominal-pos:INTG:root
37:92:3	لا	circ	حال	non-nominal-pos:NEG:حال
37:102:14	ماذا	Obj	مفعول به	non-nominal-pos:INTG:مفعول به
37:102:22	إن	root	root	non-nominal-pos:COND:root
37:104:2	أن	root	root	non-nominal-pos:INT:root
37:105:1	قدْ	root	root	non-nominal-pos:CERT:root
37:105:3	الرُءْيا	Obj	مفعول به	case-conflict:مفعول به
37:114:1	ولقدْ	root	root	non-nominal-pos:CERT:root
37:123:2	إلْياس	subj<<in>>	اسم إن	case-conflict:اسم إن
37:124:4	ألا	intg	استفهام	non-nominal-pos:NEG:استفهام
37:128:1	إلا	root	root	non-nominal-pos:RES:root
37:135:1	إلا	root	root	non-nominal-pos:RES:root
37:138:2	أفلا	intg	استفهام	non-nominal-pos:NEG:استفهام
37:139:2	يُونُس	subj<<in>>	اسم إن	case-conflict:اسم إن
37:143:1	فلوْلا	root	root	non-nominal-pos:COND:root
37:151:1	ألا	root	root	non-nominal-pos:INC:root
37:153:2	الْبنات	Obj	مفعول به	case-conflict:مفعول به
37:154:1	ما	root	root	non-nominal-pos:INTG:root
37:154:3	كيْف	circ	حال	non-nominal-pos:INTG:حال
37:155:1	أفلا	intg	استفهام	non-nominal-pos:NEG:استفهام
37:157:3	إن	root	root	non-nominal-pos:COND:root
37:158:6	ولقدْ	root	root	non-nominal-pos:CERT:root
37:160:1	إلا	root	root	non-nominal-pos:RES:root
37:162:1	ما	root	root	non-nominal-pos:NEG:root
37:163:1	إلا	res	حصر	non-nominal-pos:RES:حصر
37:163:4	صال	Pred	خبر	case-conflict:خبر
37:164:1	وما	root	root	non-nominal-pos:NEG:root
37:164:3	إلا	res	حصر	non-nominal-pos:RES:حصر
37:166:1	وإنا	conj	معطوف	tabi-non-nominal:ACC:معطوف
37:167:1	وإن	root	root	non-nominal-pos:COND:root
37:168:1	لوْ	Obj	مفعول به	non-nominal-pos:COND:مفعول به
37:170:3	فسوْف	fut	استقبال	non-nominal-pos:FUT:استقبال
37:171:1	ولقدْ	root	root	non-nominal-pos:CERT:root
37:173:1	وإن	conj	معطوف	tabi-non-nominal:ACC:معطوف
37:175:2	فسوْف	fut	استقبال	non-nominal-pos:FUT:استقبال
37:179:2	فسوْف	fut	استقبال	non-nominal-pos:FUT:استقبال
38:1:1	ص	-	-	absent-from-treebank:INL
38:2:1	بل	root	root	non-nominal-pos:RET:root
38:2:2	الذين	ret	اضراب	no-case:اضراب:REL
38:3:1	كمْ	Obj	مفعول به	non-nominal-pos:INTG:مفعول به
38:3:9	حين	Pred	خبر	case-conflict:خبر
38:4:2	أن	link	متعلق	non-nominal-pos:SUB:متعلق
38:6:4	أن	root	root	non-nominal-pos:INT:root
38:7:1	ما	root	root	non-nominal-pos:NEG:root
38:7:7	إنْ	root	root	non-nominal-pos:NEG:root
38:7:8	هذا	neg	نفي	no-case:نفي:DEM
38:7:9	إلا	res	حصر	non-nominal-pos:RES:حصر
38:8:6	بلْ	root	root	non-nominal-pos:RET:root
38:8:12	بل	root	root	non-nominal-pos:RET:root
38:8:13	لما	ret	اضراب	non-nominal-pos:NEG:اضراب
38:11:3	هُنالك	link	متعلق	no-case:متعلق:LOC
38:14:1	إن	root	root	non-nominal-pos:NEG:root
38:14:3	إلا	root	root	non-nominal-pos:RES:root
38:15:1	وما	root	root	non-nominal-pos:NEG:root
38:15:4	إلا	res	حصر	non-nominal-pos:RES:حصر
38:15:7	ما	Adj	صفة	tabi-non-nominal:NEG:صفة
38:15:10	فواقٍ	root	root	case-conflict:root
38:21:1	وهلْ	root	root	non-nominal-pos:INTG:root
38:21:5	إذْ	link	متعلق	no-case:متعلق:T
38:22:8	لا	Obj	مفعول به	non-nominal-pos:PRO:مفعول به
38:22:18	ولا	conj	معطوف	tabi-non-nominal:PRO:معطوف
38:24:2	لقدْ	Obj	مفعول به	non-nominal-pos:CERT:مفعول به
38:24:16	إلا	root	root	non-nominal-pos:RES:root
38:24:20	الصلحت	Obj	مفعول به	case-conflict:مفعول به
38:24:22	ما	sup	زائد	no-case:زائد:REL
38:24:23	هُمْ	sub	صلة	no-case:صلة:PRON
38:25:7	لزُلْفى	subj<<an>>	اسم أن	case-conflict:اسم أن
38:26:11	ولا	root	root	non-nominal-pos:NEG:root
38:26:13	الْهوى	Obj	مفعول به	case-conflict:مفعول به
38:27:1	وما	root	root	non-nominal-pos:NEG:root
38:29:6	ءايته	Obj	مفعول به	case-conflict:مفعول به
38:30:3	سُليْمن	Obj	مفعول به	case-conflict:مفعول به
38:31:1	إذْ	link	متعلق	no-case:متعلق:T
38:31:5	الصفنتُ	Pass	نائب فاعل	case-conflict:نائب فاعل
38:32:8	ربى	Poss	مضاف إليه	case-conflict:مضاف إليه
38:34:1	ولقدْ	root	root	non-nominal-pos:CERT:root
38:34:3	سُليْمن	Obj	مفعول به	case-conflict:مفعول به
38:35:8	لا	Adj	صفة	tabi-non-nominal:NEG:صفة
38:36:7	حيْثُ	link	متعلق	no-case:متعلق:LOC
38:40:4	لزُلْفى	subj<<an>>	اسم أن	case-conflict:اسم أن
38:44:6	ولا	root	root	non-nominal-pos:PRO:root
38:45:7	الْأيْدى	root	root	case-conflict:root
38:54:4	ما	Adj	صفة	tabi-non-nominal:NEG:صفة
38:54:6	من	emph	توكيد	tabi-non-nominal:P:توكيد
38:54:7	نفادٍ	root	root	case-conflict:root
38:59:5	لا	root	root	non-nominal-pos:NEG:root
38:59:6	مرْحبًا	root	root	case-conflict:root
38:60:2	بلْ	Obj	مفعول به	non-nominal-pos:RET:مفعول به
38:60:3	أنتُمْ	ret	اضراب	no-case:اضراب:PRON
38:60:4	لا	root	root	non-nominal-pos:NEG:root
38:60:5	مرْحبًا	root	root	case-conflict:root
38:62:4	لا	root	root	non-nominal-pos:NEG:root
38:65:5	وما	root	root	non-nominal-pos:NEG:root
38:65:8	إلا	res	حصر	non-nominal-pos:RES:حصر
38:69:1	ما	root	root	non-nominal-pos:NEG:root
38:69:8	إذْ	link	متعلق	no-case:متعلق:T
38:70:1	إن	root	root	non-nominal-pos:NEG:root
38:70:4	إلا	res	حصر	non-nominal-pos:RES:حصر
38:70:6	أنا	neg	نفي	no-case:نفي:PRON
38:74:1	إلا	root	root	non-nominal-pos:RES:root
38:75:5	أن	Obj	مفعول به	non-nominal-pos:SUB:مفعول به
38:78:3	لعْنتى	subj<<in>>	اسم إن	case-conflict:اسم إن
38:83:1	إلا	root	root	non-nominal-pos:RES:root
38:84:2	فالْحقُ	Obj	مفعول به	case-conflict:مفعول به
38:85:2	جهنم	Obj	مفعول به	case-conflict:مفعول به
38:85:4	وممن	conj	معطوف	tabi-non-nominal:P:معطوف
38:86:2	ما	Obj	مفعول به	non-nominal-pos:NEG:مفعول به
38:86:7	وما	conj	معطوف	tabi-non-nominal:NEG:معطوف
38:86:8	أنا	neg	نفي	no-case:نفي:PRON
38:87:1	إنْ	root	root	non-nominal-pos:NEG:root
38:87:2	هُو	neg	نفي	no-case:نفي:PRON
38:87:3	إلا	res	حصر	non-nominal-pos:RES:حصر
39:3:1	ألا	root	root	non-nominal-pos:INC:root
39:3:10	ما	Obj	مفعول به	non-nominal-pos:NEG:مفعول به
39:3:12	إلا	root	root	non-nominal-pos:RES:root
39:3:23	هُمْ	sub	صلة	no-case:صلة:PRON
39:3:28	لا	pred<<in>>	خبر إن	non-nominal-pos:NEG:خبر إن
39:4:1	لوْ	neg	نفي	non-nominal-pos:COND:نفي
39:4:4	أن	Obj	مفعول به	non-nominal-pos:SUB:مفعول به
39:5:2	السموت	Obj	مفعول به	case-conflict:مفعول به
39:5:20	ألا	root	root	non-nominal-pos:INC:root
39:6:31	لا	Adj	صفة	tabi-non-nominal:NEG:صفة
39:6:33	إلا	root	root	non-nominal-pos:RES:root
39:6:35	فأنى	circ	حال	non-nominal-pos:INTG:حال
39:7:1	إن	root	root	non-nominal-pos:COND:root
39:7:7	ولا	root	root	non-nominal-pos:NEG:root
39:7:11	وإن	conj	معطوف	tabi-non-nominal:COND:معطوف
39:7:15	ولا	root	root	non-nominal-pos:NEG:root
39:7:19	أُخْرى	Poss	مضاف إليه	case-conflict:مضاف إليه
39:8:6	ربهُ	root	root	case-conflict:root
39:9:2	هُو	sub	صلة	no-case:صلة:PRON
39:9:14	هلْ	Obj	مفعول به	non-nominal-pos:INTG:مفعول به
39:9:19	لا	sub	صلة	non-nominal-pos:NEG:صلة
39:11:4	أنْ	link	متعلق	non-nominal-pos:SUB:متعلق
39:12:2	لأنْ	gen	مجرور	non-nominal-pos:SUB:مجرور
39:13:4	إنْ	root	root	non-nominal-pos:COND:root
39:13:7	عذاب	root	root	case-conflict:root
39:14:6	دينى	Obj	مفعول به	case-conflict:مفعول به
39:15:15	ألا	root	root	non-nominal-pos:INC:root
39:17:4	أن	App	بدل	tabi-non-nominal:SUB:بدل
39:17:12	عبادـ	Obj	مفعول به	case-conflict:مفعول به
39:19:1	أفمنْ	intg	استفهام	no-case:استفهام:REL
39:19:6	أفأنت	intg	استفهام	no-case:استفهام:PRON
39:20:1	لكن	root	root	non-nominal-pos:AMD:root
39:20:2	الذين	amd	استدراك	no-case:استدراك:REL
39:20:17	لا	root	root	non-nominal-pos:NEG:root
39:21:1	ألمْ	intg	استفهام	non-nominal-pos:NEG:استفهام
39:21:29	لذكْرى	subj<<in>>	اسم إن	case-conflict:اسم إن
39:22:1	أفمن	intg	استفهام	no-case:استفهام:REL
39:23:22	هُدى	Pred	خبر	case-conflict:خبر
39:23:31	فما	rslt	جواب الشرط	non-nominal-pos:NEG:جواب الشرط
39:23:33	منْ	emph	توكيد	tabi-non-nominal:P:توكيد
39:23:34	هادٍ	root	root	case-conflict:root
39:24:1	أفمن	intg	استفهام	no-case:استفهام:REL
39:25:9	لا	Poss	مضاف إليه	non-nominal-pos:NEG:مضاف إليه
39:26:10	لوْ	root	root	non-nominal-pos:COND:root
39:27:1	ولقدْ	root	root	non-nominal-pos:CERT:root
39:28:4	ذى	Poss	مضاف إليه	case-conflict:مضاف إليه
39:29:11	هلْ	root	root	non-nominal-pos:INTG:root
39:29:16	بلْ	root	root	non-nominal-pos:RET:root
39:29:18	لا	Pred	خبر	non-nominal-pos:NEG:خبر
39:32:9	إذْ	link	متعلق	no-case:متعلق:T
39:32:14	مثْوًى	subj <<lays>>	اسم ليس	case-conflict:اسم ليس
39:36:12	فما	rslt	جواب الشرط	non-nominal-pos:NEG:جواب الشرط
39:36:14	منْ	emph	توكيد	tabi-non-nominal:P:توكيد
39:36:15	هادٍ	root	root	case-conflict:root
39:37:4	فما	rslt	جواب الشرط	non-nominal-pos:NEG:جواب الشرط
39:37:6	من	emph	توكيد	tabi-non-nominal:P:توكيد
39:37:7	مُضلٍ	root	root	case-conflict:root
39:38:1	ولئن	root	root	non-nominal-pos:COND:root
39:38:5	السموت	Obj	مفعول به	case-conflict:مفعول به
39:38:16	إنْ	root	root	non-nominal-pos:COND:root
39:38:20	هلْ	root	root	non-nominal-pos:INTG:root
39:38:22	كشفتُ	Pred	خبر	case-conflict:خبر
39:38:27	هلْ	root	root	non-nominal-pos:INTG:root
39:38:29	مُمْسكتُ	Pred	خبر	case-conflict:خبر
39:38:32	حسْبى	Obj	مفعول به	case-conflict:مفعول به
39:39:8	فسوْف	imrs	جواب أمر	non-nominal-pos:FUT:جواب أمر
39:41:15	وما	root	root	non-nominal-pos:NEG:root
39:42:7	لمْ	sub	صلة	non-nominal-pos:NEG:صلة
39:42:24	لءايتٍ	subj<<in>>	اسم إن	case-conflict:اسم إن
39:43:8	أولوْ	intg	استفهام	non-nominal-pos:COND:استفهام
39:43:10	لا	pred <<kan>>	خبر كان	non-nominal-pos:NEG:خبر كان
39:43:13	ولا	conj	معطوف	tabi-non-nominal:NEG:معطوف
39:45:8	لا	sub	صلة	non-nominal-pos:NEG:صلة
39:45:17	هُمْ	sur	فجاءة	no-case:فجاءة:PRON
39:47:1	ولوْ	root	root	non-nominal-pos:COND:root
39:47:23	لمْ	sub	صلة	non-nominal-pos:NEG:صلة
39:49:16	بلْ	root	root	non-nominal-pos:RET:root
39:49:17	هى	amd	استدراك	no-case:استدراك:PRON
39:49:21	لا	pred <<lakin>>	خبر لكن	non-nominal-pos:NEG:خبر لكن
39:50:1	قدْ	root	root	non-nominal-pos:CERT:root
39:50:6	فما	root	root	non-nominal-pos:NEG:root
39:51:13	وما	root	root	non-nominal-pos:NEG:root
39:51:14	هُم	neg	نفي	no-case:نفي:PRON
39:52:1	أولمْ	intg	استفهام	non-nominal-pos:NEG:استفهام
39:52:13	لءايتٍ	subj<<in>>	اسم إن	case-conflict:اسم إن
39:53:7	لا	root	root	non-nominal-pos:PRO:root
39:54:8	أن	Poss	مضاف إليه	non-nominal-pos:SUB:مضاف إليه
39:54:12	لا	root	root	non-nominal-pos:NEG:root
39:55:10	أن	Poss	مضاف إليه	non-nominal-pos:SUB:مضاف إليه
39:55:15	لا	Pred	خبر	non-nominal-pos:NEG:خبر
39:56:1	أن	root	root	non-nominal-pos:SUB:root
39:56:11	وإن	root	root	non-nominal-pos:COND:root
39:57:3	لوْ	Obj	مفعول به	non-nominal-pos:COND:مفعول به
39:58:6	لوْ	root	root	non-nominal-pos:COND:root
39:59:1	بلى	root	root	non-nominal-pos:ANS:root
39:59:2	قدْ	ans	جواب	non-nominal-pos:CERT:جواب
39:60:8	وُجُوهُهُم	circ	حال	case-conflict:حال
39:60:13	مثْوًى	subj <<lays>>	اسم ليس	case-conflict:اسم ليس
39:61:6	لا	root	root	non-nominal-pos:NEG:root
39:61:9	ولا	root	root	non-nominal-pos:NEG:root
39:61:10	هُمْ	neg	نفي	no-case:نفي:PRON
39:65:1	ولقدْ	root	root	non-nominal-pos:CERT:root
39:65:6	من	Pred	خبر	prep-in-nominal-slot:خبر
39:65:8	لئنْ	root	root	non-nominal-pos:COND:root
39:66:1	بل	root	root	non-nominal-pos:RET:root
39:67:1	وما	root	root	non-nominal-pos:NEG:root
39:67:6	والْأرْضُ	circ	حال	case-conflict:حال
39:68:11	إلا	root	root	non-nominal-pos:RES:root
39:69:11	بيْنهُم	Pass	نائب فاعل	case-conflict:نائب فاعل
39:69:14	لا	Pred	خبر	non-nominal-pos:NEG:خبر
39:71:7	حتى	root	root	non-nominal-pos:INC:root
39:71:8	إذا	inc	ابتداء	no-case:ابتداء:T
39:71:15	ألمْ	intg	استفهام	non-nominal-pos:NEG:استفهام
39:71:28	بلى	Obj	مفعول به	non-nominal-pos:ANS:مفعول به
39:71:29	ولكنْ	root	root	non-nominal-pos:AMD:root
39:73:8	حتى	root	root	non-nominal-pos:INC:root
39:73:9	إذا	inc	ابتداء	no-case:ابتداء:T
39:74:2	الْحمْدُ	Obj	مفعول به	case-conflict:مفعول به
39:74:12	حيْثُ	link	متعلق	no-case:متعلق:LOC
39:75:11	بيْنهُم	Pass	نائب فاعل	case-conflict:نائب فاعل
40:1:1	حم	-	-	absent-from-treebank:INL
40:3:9	لا	Adj	صفة	tabi-non-nominal:NEG:صفة
40:3:11	إلا	App	بدل	tabi-non-nominal:RES:بدل
40:4:1	ما	root	root	non-nominal-pos:NEG:root
40:4:6	إلا	res	حصر	non-nominal-pos:RES:حصر
40:4:9	فلا	root	root	non-nominal-pos:NEG:root
40:5:19	فكيْف	pred <<kan>>	خبر كان	non-nominal-pos:INTG:خبر كان
40:9:3	ومن	Obj	مفعول به	non-nominal-pos:COND:مفعول به
40:9:6	يوْمئذٍ	link	متعلق	no-case:متعلق:T
40:9:7	فقدْ	rslt	جواب الشرط	non-nominal-pos:CERT:جواب الشرط
40:10:11	إذْ	link	متعلق	no-case:متعلق:T
40:11:9	فهلْ	root	root	non-nominal-pos:INTG:root
40:11:13	سبيلٍ	root	root	case-conflict:root
40:12:8	وإن	root	root	non-nominal-pos:COND:root
40:13:4	ءايته	Obj	مفعول به	case-conflict:مفعول به
40:13:10	وما	root	root	non-nominal-pos:NEG:root
40:13:12	إلا	res	حصر	non-nominal-pos:RES:حصر
40:14:6	ولوْ	circ	حال	non-nominal-pos:COND:حال
40:16:4	لا	root	root	non-nominal-pos:NEG:root
40:17:7	لا	circ	حال	non-nominal-pos:NEG:حال
40:18:4	إذ	link	متعلق	no-case:متعلق:T
40:18:6	لدى	link	متعلق	no-case:متعلق:LOC
40:18:9	ما	root	root	non-nominal-pos:NEG:root
40:18:12	حميمٍ	root	root	case-conflict:root
40:18:13	ولا	emph	توكيد	tabi-non-nominal:NEG:توكيد
40:20:8	لا	Pred	خبر	non-nominal-pos:NEG:خبر
40:21:1	أولمْ	intg	استفهام	non-nominal-pos:NEG:استفهام
40:21:6	كيْف	pred <<kan>>	خبر كان	non-nominal-pos:INTG:خبر كان
40:21:24	وما	root	root	non-nominal-pos:NEG:root
40:23:1	ولقدْ	root	root	non-nominal-pos:CERT:root
40:23:3	مُوسى	Obj	مفعول به	case-conflict:مفعول به
40:25:14	وما	root	root	non-nominal-pos:NEG:root
40:25:17	إلا	res	حصر	non-nominal-pos:RES:حصر
40:26:5	مُوسى	Obj	مفعول به	case-conflict:مفعول به
40:26:10	أن	Obj	مفعول به	non-nominal-pos:SUB:مفعول به
40:26:14	أن	conj	معطوف	tabi-non-nominal:SUB:معطوف
40:27:10	لا	Adj	صفة	tabi-non-nominal:NEG:صفة
40:28:6	فرْعوْن	Poss	مضاف إليه	case-conflict:مضاف إليه
40:28:11	أن	Poss	مضاف إليه	non-nominal-pos:SUB:مضاف إليه
40:28:13	ربى	Obj	مفعول به	case-conflict:مفعول به
40:28:15	وقدْ	circ	حال	non-nominal-pos:CERT:حال
40:28:20	وإن	root	root	non-nominal-pos:COND:root
40:28:25	وإن	conj	معطوف	tabi-non-nominal:COND:معطوف
40:28:34	لا	pred<<in>>	خبر إن	non-nominal-pos:NEG:خبر إن
40:29:13	إن	root	root	non-nominal-pos:COND:root
40:29:17	ما	Obj	مفعول به	non-nominal-pos:NEG:مفعول به
40:29:19	إلا	res	حصر	non-nominal-pos:RES:حصر
40:29:22	وما	conj	معطوف	tabi-non-nominal:NEG:معطوف
40:29:24	إلا	res	حصر	non-nominal-pos:RES:حصر
40:31:10	وما	root	root	non-nominal-pos:NEG:root
40:33:4	ما	root	root	non-nominal-pos:NEG:root
40:33:13	فما	rslt	جواب الشرط	non-nominal-pos:NEG:جواب الشرط
40:33:15	منْ	emph	توكيد	tabi-non-nominal:P:توكيد
40:33:16	هادٍ	root	root	case-conflict:root
40:34:1	ولقدْ	root	root	non-nominal-pos:CERT:root
40:34:7	فما	root	root	non-nominal-pos:NEG:root
40:34:14	حتى	root	root	non-nominal-pos:INC:root
40:34:15	إذا	inc	ابتداء	no-case:ابتداء:T
40:34:18	لن	Obj	مفعول به	non-nominal-pos:NEG:مفعول به
40:34:28	هُو	sub	صلة	no-case:صلة:PRON
40:37:6	مُوسى	Poss	مضاف إليه	case-conflict:مضاف إليه
40:37:18	وما	root	root	non-nominal-pos:NEG:root
40:37:20	فرْعوْن	Poss	مضاف إليه	case-conflict:مضاف إليه
40:37:21	إلا	res	حصر	non-nominal-pos:RES:حصر
40:40:4	فلا	rslt	جواب الشرط	non-nominal-pos:NEG:جواب الشرط
40:40:6	إلا	res	حصر	non-nominal-pos:RES:حصر
40:40:17	فأُولئك	rslt	جواب الشرط	no-case:جواب الشرط:DEM
40:43:1	لا	root	root	non-nominal-pos:NEG:root
40:43:11	ولا	emph	توكيد	tabi-non-nominal:NEG:توكيد
40:44:6	أمْرى	Obj	مفعول به	case-conflict:مفعول به
40:45:3	سيـات	Obj	مفعول به	case-conflict:مفعول به
40:45:8	فرْعوْن	Poss	مضاف إليه	case-conflict:مضاف إليه
40:46:6	ويوْم	root	root	case-conflict:root
40:46:11	فرْعوْن	Poss	مضاف إليه	case-conflict:مضاف إليه
40:47:13	فهلْ	root	root	non-nominal-pos:INTG:root
40:48:9	قدْ	pred<<in>>	خبر إن	non-nominal-pos:CERT:خبر إن
40:50:2	أولمْ	intg	استفهام	non-nominal-pos:NEG:استفهام
40:50:8	بلى	Obj	مفعول به	non-nominal-pos:ANS:مفعول به
40:50:11	وما	root	root	non-nominal-pos:NEG:root
40:50:14	إلا	res	حصر	non-nominal-pos:RES:حصر
40:52:2	لا	root	root	non-nominal-pos:NEG:root
40:53:1	ولقدْ	root	root	non-nominal-pos:CERT:root
40:53:3	مُوسى	Obj	مفعول به	case-conflict:مفعول به
40:53:4	الْهُدى	Obj	مفعول به	case-conflict:مفعول به
40:53:6	بنى	Obj	مفعول به	case-conflict:مفعول به
40:54:1	هُدًى	prp	المفعول لأجله	case-conflict:المفعول لأجله
40:56:10	إن	root	root	non-nominal-pos:NEG:root
40:56:13	إلا	res	حصر	non-nominal-pos:RES:حصر
40:56:15	ما	Adj	صفة	tabi-non-nominal:NEG:صفة
40:56:16	هُم	neg	نفي	no-case:نفي:PRON
40:57:11	لا	pred <<lakin>>	خبر لكن	non-nominal-pos:NEG:خبر لكن
40:58:1	وما	root	root	non-nominal-pos:NEG:root
40:58:8	الصلحت	Obj	مفعول به	case-conflict:مفعول به
40:58:9	ولا	emph	توكيد	tabi-non-nominal:NEG:توكيد
40:59:4	لا	root	root	non-nominal-pos:NEG:root
40:59:10	لا	pred <<lakin>>	خبر لكن	non-nominal-pos:NEG:خبر لكن
40:60:12	جهنم	Obj	مفعول به	case-conflict:مفعول به
40:61:19	لا	pred <<lakin>>	خبر لكن	non-nominal-pos:NEG:خبر لكن
40:62:7	لا	root	root	non-nominal-pos:NEG:root
40:62:9	إلا	root	root	non-nominal-pos:RES:root
40:62:11	فأنى	root	root	non-nominal-pos:INTG:root
40:64:8	بناءً	root	root	case-conflict:root
40:65:3	لا	Pred	خبر	non-nominal-pos:NEG:خبر
40:65:5	إلا	root	root	non-nominal-pos:RES:root
40:65:11	الْحمْدُ	Obj	مفعول به	case-conflict:مفعول به
40:66:4	أنْ	link	متعلق	non-nominal-pos:SUB:متعلق
40:66:11	لما	link	متعلق	no-case:متعلق:T
40:66:17	أنْ	link	متعلق	non-nominal-pos:SUB:متعلق
40:69:1	ألمْ	intg	استفهام	non-nominal-pos:NEG:استفهام
40:69:9	أنى	link	متعلق	non-nominal-pos:INTG:متعلق
40:70:8	فسوْف	fut	استقبال	non-nominal-pos:FUT:استقبال
40:71:1	إذ	link	متعلق	no-case:متعلق:T
40:73:4	أيْن	link	متعلق	non-nominal-pos:INTG:متعلق
40:74:7	بل	root	root	non-nominal-pos:RET:root
40:74:8	لمْ	ret	اضراب	non-nominal-pos:NEG:اضراب
40:77:6	فإما	root	root	non-nominal-pos:EXL:root
40:78:1	ولقدْ	root	root	non-nominal-pos:CERT:root
40:78:12	لمْ	sub	صلة	non-nominal-pos:NEG:صلة
40:78:15	وما	root	root	non-nominal-pos:NEG:root
40:78:18	أن	subj <<kan>>	اسم كان	non-nominal-pos:SUB:اسم كان
40:78:21	إلا	res	حصر	non-nominal-pos:RES:حصر
40:78:31	هُنالك	link	متعلق	no-case:متعلق:T
40:81:2	ءايته	Obj	مفعول به	case-conflict:مفعول به
40:82:1	أفلمْ	intg	استفهام	non-nominal-pos:NEG:استفهام
40:82:6	كيْف	pred <<kan>>	خبر كان	non-nominal-pos:INTG:خبر كان
40:82:17	وءاثارًا	root	root	case-conflict:root
40:82:20	فما	root	root	non-nominal-pos:NEG:root
40:85:1	فلمْ	root	root	non-nominal-pos:NEG:root
40:85:5	لما	link	متعلق	no-case:متعلق:T
40:85:11	قدْ	root	root	non-nominal-pos:CERT:root
40:85:16	هُنالك	link	متعلق	no-case:متعلق:T
41:1:1	حم	-	-	absent-from-treebank:INL
41:4:6	لا	Pred	خبر	non-nominal-pos:NEG:خبر
41:5:2	قُلُوبُنا	Obj	مفعول به	case-conflict:مفعول به
41:7:2	لا	sub	صلة	non-nominal-pos:NEG:صلة
41:8:5	الصلحت	Obj	مفعول به	case-conflict:مفعول به
41:13:1	فإنْ	root	root	non-nominal-pos:COND:root
41:14:6	أيْديهمْ	Poss	مضاف إليه	case-conflict:مضاف إليه
41:14:9	ألا	root	root	non-nominal-pos:SUB:root
41:14:11	إلا	res	حصر	non-nominal-pos:RES:حصر
41:14:14	لوْ	Obj	مفعول به	non-nominal-pos:COND:مفعول به
41:15:1	فأما	root	root	non-nominal-pos:COND:root
41:15:13	أولمْ	intg	استفهام	non-nominal-pos:NEG:استفهام
41:16:18	لا	Pred	خبر	non-nominal-pos:NEG:خبر
41:17:1	وأما	root	root	non-nominal-pos:COND:root
41:17:5	الْعمى	Obj	مفعول به	case-conflict:مفعول به
41:19:1	ويوْم	root	root	case-conflict:root
41:20:1	حتى	root	root	non-nominal-pos:INC:root
41:20:2	إذا	inc	ابتداء	no-case:ابتداء:T
41:20:3	ما	sup	زائد	no-case:زائد:REL
41:21:3	لم	gen	مجرور	non-nominal-pos:INTG:مجرور
41:22:1	وما	root	root	non-nominal-pos:NEG:root
41:22:4	أن	Obj	مفعول به	non-nominal-pos:SUB:مفعول به
41:22:8	ولا	emph	توكيد	tabi-non-nominal:NEG:توكيد
41:22:10	ولا	emph	توكيد	tabi-non-nominal:NEG:توكيد
41:22:12	ولكن	root	root	non-nominal-pos:AMD:root
41:22:16	لا	pred<<in>>	خبر إن	non-nominal-pos:NEG:خبر إن
41:24:1	فإن	root	root	non-nominal-pos:COND:root
41:24:6	وإن	conj	معطوف	tabi-non-nominal:COND:معطوف
41:24:8	فما	rslt	جواب الشرط	non-nominal-pos:NEG:جواب الشرط
41:25:8	أيْديهمْ	Poss	مضاف إليه	case-conflict:مضاف إليه
41:25:16	قدْ	Adj	صفة	tabi-non-nominal:CERT:صفة
41:26:4	لا	Obj	مفعول به	non-nominal-pos:PRO:مفعول به
41:30:4	ربُنا	Obj	مفعول به	case-conflict:مفعول به
41:30:11	ألا	int	تفسير	non-nominal-pos:SUB:تفسير
41:30:13	ولا	conj	معطوف	tabi-non-nominal:PRO:معطوف
41:34:1	ولا	root	root	non-nominal-pos:NEG:root
41:34:4	ولا	sup	زائد	non-nominal-pos:NEG:زائد
41:34:8	هى	sub	صلة	no-case:صلة:PRON
41:35:1	وما	root	root	non-nominal-pos:NEG:root
41:35:3	إلا	res	حصر	non-nominal-pos:RES:حصر
41:35:6	وما	conj	معطوف	tabi-non-nominal:NEG:معطوف
41:35:8	إلا	res	حصر	non-nominal-pos:RES:حصر
41:36:1	وإما	root	root	non-nominal-pos:EXL:root
41:37:7	لا	root	root	non-nominal-pos:PRO:root
41:37:10	ولا	root	root	non-nominal-pos:NEG:root
41:37:16	إن	root	root	non-nominal-pos:COND:root
41:38:1	فإن	root	root	non-nominal-pos:COND:root
41:38:3	فالذين	rslt	جواب الشرط	no-case:جواب الشرط:REL
41:38:11	لا	Pred	خبر	non-nominal-pos:NEG:خبر
41:39:16	لمُحْى	pred<<in>>	خبر إن	case-conflict:خبر إن
41:39:17	الْموْتى	Poss	مضاف إليه	case-conflict:مضاف إليه
41:40:6	لا	pred<<in>>	خبر إن	non-nominal-pos:NEG:خبر إن
41:40:9	أفمن	intg	استفهام	no-case:استفهام:REL
41:41:1	إن	App	بدل	tabi-non-nominal:ACC:بدل
41:41:5	لما	link	متعلق	no-case:متعلق:T
41:42:1	لا	pred<<in>>	خبر إن	non-nominal-pos:NEG:خبر إن
41:42:6	يديْه	Poss	مضاف إليه	case-conflict:مضاف إليه
41:42:7	ولا	emph	توكيد	tabi-non-nominal:NEG:توكيد
41:43:1	ما	root	root	non-nominal-pos:NEG:root
41:43:4	إلا	res	حصر	non-nominal-pos:RES:حصر
41:43:6	قدْ	sub	صلة	non-nominal-pos:CERT:صلة
41:44:1	ولوْ	root	root	non-nominal-pos:COND:root
41:44:6	لوْلا	Obj	مفعول به	non-nominal-pos:EXH:مفعول به
41:44:15	هُدًى	Pred	خبر	case-conflict:خبر
41:44:18	لا	sub	صلة	non-nominal-pos:NEG:صلة
41:44:25	عمًى	Pred	خبر	case-conflict:خبر
41:45:1	ولقدْ	root	root	non-nominal-pos:CERT:root
41:45:3	مُوسى	Obj	مفعول به	case-conflict:مفعول به
41:45:7	ولوْلا	root	root	non-nominal-pos:COND:root
41:46:8	وما	root	root	non-nominal-pos:NEG:root
41:47:5	وما	root	root	non-nominal-pos:NEG:root
41:47:7	من	Subj	فاعل	prep-in-nominal-slot:فاعل
41:47:11	وما	conj	معطوف	tabi-non-nominal:NEG:معطوف
41:47:13	منْ	Subj	فاعل	prep-in-nominal-slot:فاعل
41:47:15	ولا	emph	توكيد	tabi-non-nominal:NEG:توكيد
41:47:17	إلا	res	حصر	non-nominal-pos:RES:حصر
41:47:19	ويوْم	root	root	case-conflict:root
41:47:21	أيْن	link	متعلق	non-nominal-pos:INTG:متعلق
41:47:22	شُركاءى	Obj	مفعول به	case-conflict:مفعول به
41:47:25	ما	root	root	non-nominal-pos:NEG:root
41:47:27	من	emph	توكيد	tabi-non-nominal:P:توكيد
41:47:28	شهيدٍ	root	root	case-conflict:root
41:48:9	ما	root	root	non-nominal-pos:NEG:root
41:48:11	من	emph	توكيد	tabi-non-nominal:P:توكيد
41:48:12	محيصٍ	root	root	case-conflict:root
41:49:1	لا	root	root	non-nominal-pos:NEG:root
41:49:7	وإن	root	root	non-nominal-pos:COND:root
41:50:1	ولئنْ	root	root	non-nominal-pos:COND:root
41:50:3	رحْمةً	root	root	case-conflict:root
41:50:7	ضراء	Poss	مضاف إليه	case-conflict:مضاف إليه
41:50:12	وما	root	root	non-nominal-pos:NEG:root
41:50:16	ولئن	root	root	non-nominal-pos:COND:root
41:50:23	للْحُسْنى	subj<<in>>	اسم إن	case-conflict:اسم إن
41:52:3	إن	Obj	مفعول به	non-nominal-pos:COND:مفعول به
41:53:2	ءايتنا	Obj	مفعول به	case-conflict:مفعول به
41:53:12	أولمْ	intg	استفهام	non-nominal-pos:NEG:استفهام
41:54:1	ألا	root	root	non-nominal-pos:INC:root
41:54:8	ألا	root	root	non-nominal-pos:INC:root
42:1:1	حم	-	-	absent-from-treebank:INL
42:2:1	عسق	-	-	absent-from-treebank:INL
42:5:6	والْملئكةُ	circ	حال	case-conflict:حال
42:5:14	ألا	root	root	non-nominal-pos:INC:root
42:6:9	وما	root	root	non-nominal-pos:NEG:root
42:6:10	أنت	neg	نفي	no-case:نفي:PRON
42:7:12	يوْم	root	root	case-conflict:root
42:7:14	لا	root	root	non-nominal-pos:NEG:root
42:8:1	ولوْ	root	root	non-nominal-pos:COND:root
42:8:7	ولكن	root	root	non-nominal-pos:AMD:root
42:8:14	ما	Pred	خبر	non-nominal-pos:NEG:خبر
42:8:16	من	emph	توكيد	tabi-non-nominal:P:توكيد
42:8:17	ولىٍ	root	root	case-conflict:root
42:8:18	ولا	emph	توكيد	tabi-non-nominal:NEG:توكيد
42:9:11	الْموْتى	Obj	مفعول به	case-conflict:مفعول به
42:13:18	أنْ	root	root	non-nominal-pos:SUB:root
42:13:21	ولا	root	root	non-nominal-pos:PRO:root
42:14:1	وما	root	root	non-nominal-pos:NEG:root
42:14:3	إلا	res	حصر	non-nominal-pos:RES:حصر
42:14:11	ولوْلا	root	root	non-nominal-pos:COND:root
42:15:4	كما	gen	مجرور	non-nominal-pos:SUB:مجرور
42:15:6	ولا	root	root	non-nominal-pos:PRO:root
42:15:26	لا	root	root	non-nominal-pos:NEG:root
42:18:4	لا	sub	صلة	non-nominal-pos:NEG:صلة
42:18:14	ألا	root	root	non-nominal-pos:INC:root
42:20:14	الدُنْيا	Poss	مضاف إليه	case-conflict:مضاف إليه
42:20:17	وما	root	root	non-nominal-pos:NEG:root
42:20:21	من	emph	توكيد	tabi-non-nominal:P:توكيد
42:20:22	نصيبٍ	root	root	case-conflict:root
42:21:9	لمْ	sub	صلة	non-nominal-pos:NEG:صلة
42:21:13	ولوْلا	root	root	non-nominal-pos:COND:root
42:22:12	الصلحت	Obj	مفعول به	case-conflict:مفعول به
42:23:9	الصلحت	Obj	مفعول به	case-conflict:مفعول به
42:23:11	لا	Obj	مفعول به	non-nominal-pos:NEG:مفعول به
42:23:15	إلا	root	root	non-nominal-pos:RES:root
42:24:7	فإن	root	root	non-nominal-pos:COND:root
42:26:5	الصلحت	Obj	مفعول به	case-conflict:مفعول به
42:27:1	ولوْ	root	root	non-nominal-pos:COND:root
42:27:9	ولكن	root	root	non-nominal-pos:AMD:root
42:29:14	إذا	link	متعلق	no-case:متعلق:T
42:31:1	وما	root	root	non-nominal-pos:NEG:root
42:31:2	أنتُم	neg	نفي	no-case:نفي:PRON
42:31:6	وما	root	root	non-nominal-pos:NEG:root
42:31:12	ولىٍ	root	root	case-conflict:root
42:31:13	ولا	emph	توكيد	tabi-non-nominal:NEG:توكيد
42:32:3	الْجوار	root	root	case-conflict:root
42:33:1	إن	root	root	non-nominal-pos:COND:root
42:33:12	لءايتٍ	pred<<in>>	خبر إن	case-conflict:خبر إن
42:35:6	ما	root	root	non-nominal-pos:NEG:root
42:35:8	من	emph	توكيد	tabi-non-nominal:P:توكيد
42:35:9	محيصٍ	root	root	case-conflict:root
42:36:11	خيْر	pred <<ma>>	خبر ما	case-conflict:خبر ما
42:37:7	ما	sup	زائد	no-case:زائد:REL
42:37:9	هُمْ	rslt	جواب الشرط	no-case:جواب الشرط:PRON
42:38:6	وأمْرُهُمْ	circ	حال	case-conflict:حال
42:39:2	إذا	link	متعلق	no-case:متعلق:T
42:40:12	لا	pred<<in>>	خبر إن	non-nominal-pos:NEG:خبر إن
42:41:5	فأُولئك	rslt	جواب الشرط	no-case:جواب الشرط:DEM
42:41:6	ما	Pred	خبر	non-nominal-pos:NEG:خبر
42:41:8	من	emph	توكيد	tabi-non-nominal:P:توكيد
42:41:9	سبيلٍ	root	root	case-conflict:root
42:44:4	فما	rslt	جواب الشرط	non-nominal-pos:NEG:جواب الشرط
42:44:6	من	emph	توكيد	tabi-non-nominal:P:توكيد
42:44:7	ولىٍ	root	root	case-conflict:root
42:44:12	لما	link	متعلق	no-case:متعلق:T
42:44:16	هلْ	Obj	مفعول به	non-nominal-pos:INTG:مفعول به
42:45:22	ألا	root	root	non-nominal-pos:INC:root
42:46:1	وما	root	root	non-nominal-pos:NEG:root
42:46:13	فما	rslt	جواب الشرط	non-nominal-pos:NEG:جواب الشرط
42:46:15	من	emph	توكيد	tabi-non-nominal:P:توكيد
42:46:16	سبيلٍ	root	root	case-conflict:root
42:47:5	أن	Poss	مضاف إليه	non-nominal-pos:SUB:مضاف إليه
42:47:8	لا	Adj	صفة	tabi-non-nominal:NEG:صفة
42:47:13	ما	root	root	non-nominal-pos:NEG:root
42:47:15	من	emph	توكيد	tabi-non-nominal:P:توكيد
42:47:16	ملْجإٍ	root	root	case-conflict:root
42:47:18	وما	conj	معطوف	tabi-non-nominal:NEG:معطوف
42:47:20	من	emph	توكيد	tabi-non-nominal:P:توكيد
42:47:21	نكيرٍ	root	root	case-conflict:root
42:48:1	فإنْ	root	root	non-nominal-pos:COND:root
42:48:3	فما	rslt	جواب الشرط	non-nominal-pos:NEG:جواب الشرط
42:48:7	إنْ	root	root	non-nominal-pos:NEG:root
42:48:9	إلا	res	حصر	non-nominal-pos:RES:حصر
42:48:19	وإن	root	root	non-nominal-pos:COND:root
42:51:1	وما	root	root	non-nominal-pos:NEG:root
42:51:4	أن	subj <<kan>>	اسم كان	non-nominal-pos:SUB:اسم كان
42:51:7	إلا	res	حصر	non-nominal-pos:RES:حصر
42:52:7	ما	root	root	non-nominal-pos:NEG:root
42:52:11	الْكتبُ	pred <<ma>>	خبر ما	case-conflict:خبر ما
42:52:12	ولا	emph	توكيد	tabi-non-nominal:NEG:توكيد
42:52:14	ولكن	root	root	non-nominal-pos:AMD:root
42:53:11	ألا	root	root	non-nominal-pos:INC:root
43:1:1	حم	-	-	absent-from-treebank:INL
43:4:5	لديْنا	link	متعلق	no-case:متعلق:LOC
43:5:5	أن	link	متعلق	non-nominal-pos:SUB:متعلق
43:6:1	وكمْ	Obj	مفعول به	non-nominal-pos:INTG:مفعول به
43:7:1	وما	root	root	non-nominal-pos:NEG:root
43:7:3	من	Subj	فاعل	prep-in-nominal-slot:فاعل
43:7:5	إلا	res	حصر	non-nominal-pos:RES:حصر
43:9:1	ولئن	root	root	non-nominal-pos:COND:root
43:9:5	السموت	Obj	مفعول به	case-conflict:مفعول به
43:13:8	إذا	link	متعلق	no-case:متعلق:T
43:13:17	وما	root	root	non-nominal-pos:NEG:root
43:16:5	بناتٍ	Obj	مفعول به	case-conflict:مفعول به
43:18:1	أومن	intg	استفهام	no-case:استفهام:REL
43:19:4	هُمْ	sub	صلة	no-case:صلة:PRON
43:20:2	لوْ	Obj	مفعول به	non-nominal-pos:COND:مفعول به
43:20:5	ما	rslt	جواب الشرط	non-nominal-pos:NEG:جواب الشرط
43:20:7	ما	root	root	non-nominal-pos:NEG:root
43:20:12	إنْ	root	root	non-nominal-pos:NEG:root
43:20:13	هُمْ	neg	نفي	no-case:نفي:PRON
43:20:14	إلا	res	حصر	non-nominal-pos:RES:حصر
43:22:1	بلْ	root	root	non-nominal-pos:RET:root
43:22:8	وإنا	conj	معطوف	tabi-non-nominal:ACC:معطوف
43:23:2	ما	root	root	non-nominal-pos:NEG:root
43:23:8	من	Subj	فاعل	prep-in-nominal-slot:فاعل
43:23:10	إلا	res	حصر	non-nominal-pos:RES:حصر
43:23:18	وإنا	conj	معطوف	tabi-non-nominal:ACC:معطوف
43:24:2	أولوْ	intg	استفهام	non-nominal-pos:COND:استفهام
43:25:4	كيْف	pred <<kan>>	خبر كان	non-nominal-pos:INTG:خبر كان
43:27:1	إلا	root	root	non-nominal-pos:RES:root
43:29:1	بلْ	root	root	non-nominal-pos:RET:root
43:31:2	لوْلا	Obj	مفعول به	non-nominal-pos:EXH:مفعول به
43:32:1	أهُمْ	intg	استفهام	no-case:استفهام:PRON
43:32:14	فوْق	root	root	case-conflict:root
43:32:16	درجتٍ	Obj	مفعول به	case-conflict:مفعول به
43:33:1	ولوْلا	root	root	non-nominal-pos:COND:root
43:33:2	أن	root	root	non-nominal-pos:SUB:root
43:35:2	وإن	root	root	non-nominal-pos:NEG:root
43:35:5	لما	root	root	non-nominal-pos:EXP:root
43:38:1	حتى	root	root	non-nominal-pos:INC:root
43:38:2	إذا	inc	ابتداء	no-case:ابتداء:T
43:38:6	بيْنى	link	متعلق	no-case:متعلق:LOC
43:38:9	الْمشْرقيْن	Poss	مضاف إليه	case-conflict:مضاف إليه
43:39:1	ولن	root	root	non-nominal-pos:NEG:root
43:40:1	أفأنت	intg	استفهام	no-case:استفهام:PRON
43:41:1	فإما	root	root	non-nominal-pos:EXL:root
43:44:5	وسوْف	root	root	non-nominal-pos:FUT:root
43:46:1	ولقدْ	root	root	non-nominal-pos:CERT:root
43:46:3	مُوسى	Obj	مفعول به	case-conflict:مفعول به
43:47:5	هُم	sur	فجاءة	no-case:فجاءة:PRON
43:48:1	وما	root	root	non-nominal-pos:NEG:root
43:48:5	إلا	res	حصر	non-nominal-pos:RES:حصر
43:50:6	هُمْ	sur	فجاءة	no-case:فجاءة:PRON
43:51:10	مصْر	Poss	مضاف إليه	case-conflict:مضاف إليه
43:51:16	أفلا	intg	استفهام	non-nominal-pos:NEG:استفهام
43:52:7	هُو	sub	صلة	no-case:صلة:PRON
43:52:9	ولا	root	root	non-nominal-pos:NEG:root
43:53:1	فلوْلا	root	root	non-nominal-pos:EXH:root
43:54:6	قوْمًا	Pred	خبر	case-conflict:خبر
43:57:4	مرْيم	Poss	مضاف إليه	case-conflict:مضاف إليه
43:58:6	ما	root	root	non-nominal-pos:NEG:root
43:58:9	إلا	res	حصر	non-nominal-pos:RES:حصر
43:58:11	بلْ	root	root	non-nominal-pos:RET:root
43:59:1	إنْ	root	root	non-nominal-pos:NEG:root
43:59:2	هُو	neg	نفي	no-case:نفي:PRON
43:59:3	إلا	res	حصر	non-nominal-pos:RES:حصر
43:60:1	ولوْ	root	root	non-nominal-pos:COND:root
43:61:4	فلا	root	root	non-nominal-pos:NEG:root
43:62:1	ولا	root	root	non-nominal-pos:NEG:root
43:63:3	عيسى	Subj	فاعل	case-conflict:فاعل
43:63:6	قدْ	Obj	مفعول به	non-nominal-pos:CERT:مفعول به
43:66:1	هلْ	root	root	non-nominal-pos:INTG:root
43:66:3	إلا	res	حصر	non-nominal-pos:RES:حصر
43:66:5	أن	App	بدل	tabi-non-nominal:SUB:بدل
43:66:9	لا	Pred	خبر	non-nominal-pos:NEG:خبر
43:67:2	يوْمئذٍ	link	متعلق	no-case:متعلق:T
43:67:6	إلا	root	root	non-nominal-pos:RES:root
43:68:2	لا	root	root	non-nominal-pos:NEG:root
43:68:6	ولا	conj	معطوف	tabi-non-nominal:NEG:معطوف
43:68:7	أنتُمْ	neg	نفي	no-case:نفي:PRON
43:75:1	لا	circ	حال	non-nominal-pos:NEG:حال
43:76:1	وما	root	root	non-nominal-pos:NEG:root
43:76:3	ولكن	root	root	non-nominal-pos:AMD:root
43:78:1	لقدْ	root	root	non-nominal-pos:CERT:root
43:80:4	لا	pred<<in>>	خبر إن	non-nominal-pos:NEG:خبر إن
43:80:8	بلى	root	root	non-nominal-pos:ANS:root
43:80:10	لديْهمْ	link	متعلق	no-case:متعلق:LOC
43:81:2	إن	Obj	مفعول به	non-nominal-pos:COND:مفعول به
43:81:6	فأنا	rslt	جواب الشرط	no-case:جواب الشرط:PRON
43:82:5	رب	root	root	case-conflict:root
43:84:6	وفى	conj	معطوف	tabi-non-nominal:P:معطوف
43:86:1	ولا	root	root	non-nominal-pos:NEG:root
43:86:8	إلا	root	root	non-nominal-pos:RES:root
43:87:1	ولئن	root	root	non-nominal-pos:COND:root
43:87:7	فأنى	link	متعلق	non-nominal-pos:INTG:متعلق
43:88:1	وقيله	root	root	case-conflict:root
43:88:6	لا	Adj	صفة	tabi-non-nominal:NEG:صفة
43:89:5	فسوْف	fut	استقبال	non-nominal-pos:FUT:استقبال
44:1:1	حم	-	-	absent-from-treebank:INL
44:7:6	إن	root	root	non-nominal-pos:COND:root
44:8:1	لا	root	root	non-nominal-pos:NEG:root
44:8:3	إلا	root	root	non-nominal-pos:RES:root
44:9:1	بلْ	root	root	non-nominal-pos:RET:root
44:13:1	أنى	link	متعلق	non-nominal-pos:INTG:متعلق
44:13:4	وقدْ	circ	حال	non-nominal-pos:CERT:حال
44:16:3	الْبطْشة	root	root	case-conflict:root
44:17:1	ولقدْ	root	root	non-nominal-pos:CERT:root
44:17:5	فرْعوْن	Poss	مضاف إليه	case-conflict:مضاف إليه
44:18:1	أنْ	root	root	non-nominal-pos:INT:root
44:19:1	وأن	conj	معطوف	tabi-non-nominal:INT:معطوف
44:19:2	لا	int	تفسير	non-nominal-pos:PRO:تفسير
44:20:1	وإنى	conj	معطوف	tabi-non-nominal:ACC:معطوف
44:20:5	أن	link	متعلق	non-nominal-pos:SUB:متعلق
44:21:1	وإن	root	root	non-nominal-pos:COND:root
44:21:2	لمْ	cond	شرط	non-nominal-pos:NEG:شرط
44:25:1	كمْ	Obj	مفعول به	non-nominal-pos:INTG:مفعول به
44:29:1	فما	root	root	non-nominal-pos:NEG:root
44:29:6	وما	conj	معطوف	tabi-non-nominal:NEG:معطوف
44:30:1	ولقدْ	root	root	non-nominal-pos:CERT:root
44:32:1	ولقد	root	root	non-nominal-pos:CERT:root
44:35:1	إنْ	root	root	non-nominal-pos:NEG:root
44:35:2	هى	neg	نفي	no-case:نفي:PRON
44:35:3	إلا	res	حصر	non-nominal-pos:RES:حصر
44:35:6	وما	root	root	non-nominal-pos:NEG:root
44:36:3	إن	root	root	non-nominal-pos:COND:root
44:37:1	أهُمْ	intg	استفهام	no-case:استفهام:PRON
44:38:1	وما	root	root	non-nominal-pos:NEG:root
44:39:1	ما	root	root	non-nominal-pos:NEG:root
44:39:3	إلا	res	حصر	non-nominal-pos:RES:حصر
44:39:7	لا	pred <<lakin>>	خبر لكن	non-nominal-pos:NEG:خبر لكن
44:41:2	لا	Poss	مضاف إليه	non-nominal-pos:NEG:مضاف إليه
44:41:4	موْلًى	Subj	فاعل	case-conflict:فاعل
44:41:8	ولا	root	root	non-nominal-pos:NEG:root
44:41:9	هُمْ	neg	نفي	no-case:نفي:PRON
44:42:1	إلا	res	حصر	non-nominal-pos:RES:حصر
44:56:1	لا	root	root	non-nominal-pos:NEG:root
44:56:5	إلا	root	root	non-nominal-pos:RES:root
45:1:1	حم	-	-	absent-from-treebank:INL
45:3:5	لءايتٍ	subj<<in>>	اسم إن	case-conflict:اسم إن
45:8:2	ءايت	Obj	مفعول به	case-conflict:مفعول به
45:8:9	كأن	gen	مجرور	non-nominal-pos:SUB:مجرور
45:8:10	لمْ	sub	صلة	non-nominal-pos:NEG:صلة
45:10:4	ولا	root	root	non-nominal-pos:NEG:root
45:10:10	ولا	conj	معطوف	tabi-non-nominal:NEG:معطوف
45:10:16	أوْلياء	root	root	case-conflict:root
45:11:2	هُدًى	Pred	خبر	case-conflict:خبر
45:12:7	الْفُلْكُ	Obj	مفعول به	case-conflict:مفعول به
45:13:14	لءايتٍ	subj<<in>>	اسم إن	case-conflict:اسم إن
45:14:6	لا	sub	صلة	non-nominal-pos:NEG:صلة
45:16:1	ولقدْ	root	root	non-nominal-pos:CERT:root
45:16:3	بنى	Obj	مفعول به	case-conflict:مفعول به
45:17:2	بينتٍ	Obj	مفعول به	case-conflict:مفعول به
45:17:5	فما	root	root	non-nominal-pos:NEG:root
45:17:7	إلا	res	حصر	non-nominal-pos:RES:حصر
45:18:8	ولا	root	root	non-nominal-pos:NEG:root
45:18:12	لا	sub	صلة	non-nominal-pos:NEG:صلة
45:19:2	لن	pred<<in>>	خبر إن	non-nominal-pos:NEG:خبر إن
45:21:6	أن	Obj	مفعول به	non-nominal-pos:SUB:مفعول به
45:21:11	الصلحت	Obj	مفعول به	case-conflict:مفعول به
45:21:12	سواءً	root	root	case-conflict:root
45:21:13	محْياهُمْ	Subj	فاعل	case-conflict:فاعل
45:22:12	لا	Pred	خبر	non-nominal-pos:NEG:خبر
45:23:23	أفلا	intg	استفهام	non-nominal-pos:NEG:استفهام
45:24:2	ما	Obj	مفعول به	non-nominal-pos:NEG:مفعول به
45:24:3	هى	neg	نفي	no-case:نفي:PRON
45:24:4	إلا	res	حصر	non-nominal-pos:RES:حصر
45:24:9	وما	root	root	non-nominal-pos:NEG:root
45:24:11	إلا	res	حصر	non-nominal-pos:RES:حصر
45:24:13	وما	root	root	non-nominal-pos:NEG:root
45:24:18	إنْ	root	root	non-nominal-pos:NEG:root
45:24:19	هُمْ	neg	نفي	no-case:نفي:PRON
45:24:20	إلا	res	حصر	non-nominal-pos:RES:حصر
45:25:5	بينتٍ	circ	حال	case-conflict:حال
45:25:6	ما	rslt	جواب الشرط	non-nominal-pos:NEG:جواب الشرط
45:25:9	إلا	res	حصر	non-nominal-pos:RES:حصر
45:25:10	أن	subj <<kan>>	اسم كان	non-nominal-pos:SUB:اسم كان
45:25:14	إن	root	root	non-nominal-pos:COND:root
45:26:2	اللهُ	Obj	مفعول به	case-conflict:مفعول به
45:26:11	لا	circ	حال	non-nominal-pos:NEG:حال
45:26:17	لا	pred <<lakin>>	خبر لكن	non-nominal-pos:NEG:خبر لكن
45:30:1	فأما	root	root	non-nominal-pos:EXL:root
45:30:2	الذين	exl	تفصيل	non-nominal-pos:COND:تفصيل
45:30:5	الصلحت	Obj	مفعول به	case-conflict:مفعول به
45:31:1	وأما	conj	معطوف	tabi-non-nominal:EXL:معطوف
45:31:2	الذين	exl	تفصيل	non-nominal-pos:COND:تفصيل
45:31:4	أفلمْ	intg	استفهام	non-nominal-pos:NEG:استفهام
45:32:8	لا	root	root	non-nominal-pos:NEG:root
45:32:12	ما	Obj	مفعول به	non-nominal-pos:NEG:مفعول به
45:32:15	الساعةُ	pred <<ma>>	خبر ما	case-conflict:خبر ما
45:32:16	إن	root	root	non-nominal-pos:NEG:root
45:32:18	إلا	res	حصر	non-nominal-pos:RES:حصر
45:32:20	وما	root	root	non-nominal-pos:NEG:root
45:32:21	نحْنُ	neg	نفي	no-case:نفي:PRON
45:34:4	كما	gen	مجرور	non-nominal-pos:SUB:مجرور
45:34:9	ومأْوىكُمُ	root	root	case-conflict:root
45:34:11	وما	root	root	non-nominal-pos:NEG:root
45:34:13	من	emph	توكيد	tabi-non-nominal:P:توكيد
45:34:14	نصرين	root	root	case-conflict:root
45:35:4	ءايت	Obj	مفعول به	case-conflict:مفعول به
45:35:11	لا	root	root	non-nominal-pos:NEG:root
45:35:14	ولا	root	root	non-nominal-pos:NEG:root
45:35:15	هُمْ	neg	نفي	no-case:نفي:PRON
46:1:1	حم	-	-	absent-from-treebank:INL
46:3:1	ما	root	root	non-nominal-pos:NEG:root
46:3:3	السموت	Obj	مفعول به	case-conflict:مفعول به
46:3:7	إلا	res	حصر	non-nominal-pos:RES:حصر
46:4:9	ماذا	Obj	مفعول به	non-nominal-pos:INTG:مفعول به
46:4:27	إن	root	root	non-nominal-pos:COND:root
46:5:9	لا	sub	صلة	non-nominal-pos:NEG:صلة
46:7:5	بينتٍ	circ	حال	case-conflict:حال
46:7:10	لما	link	متعلق	no-case:متعلق:T
46:8:5	إن	Obj	مفعول به	non-nominal-pos:COND:مفعول به
46:8:7	فلا	rslt	جواب الشرط	non-nominal-pos:NEG:جواب الشرط
46:8:21	بيْنى	link	متعلق	no-case:متعلق:LOC
46:9:2	ما	Obj	مفعول به	non-nominal-pos:NEG:مفعول به
46:9:7	وما	conj	معطوف	tabi-non-nominal:NEG:معطوف
46:9:12	ولا	emph	توكيد	tabi-non-nominal:NEG:توكيد
46:9:14	إنْ	root	root	non-nominal-pos:NEG:root
46:9:16	إلا	res	حصر	non-nominal-pos:RES:حصر
46:9:20	وما	root	root	non-nominal-pos:NEG:root
46:9:21	أنا	neg	نفي	no-case:نفي:PRON
46:9:22	إلا	res	حصر	non-nominal-pos:RES:حصر
46:10:3	إن	Obj	مفعول به	non-nominal-pos:COND:مفعول به
46:10:21	لا	pred<<in>>	خبر إن	non-nominal-pos:NEG:خبر إن
46:11:6	لوْ	root	root	non-nominal-pos:COND:root
46:11:9	ما	rslt	جواب الشرط	non-nominal-pos:NEG:جواب الشرط
46:11:13	لمْ	Poss	مضاف إليه	non-nominal-pos:NEG:مضاف إليه
46:12:4	مُوسى	Poss	مضاف إليه	case-conflict:مضاف إليه
46:13:4	ربُنا	Obj	مفعول به	case-conflict:مفعول به
46:13:8	فلا	root	root	non-nominal-pos:NEG:root
46:13:11	ولا	root	root	non-nominal-pos:NEG:root
46:13:12	هُمْ	neg	نفي	no-case:نفي:PRON
46:15:14	حتى	root	root	non-nominal-pos:INC:root
46:15:15	إذا	inc	ابتداء	no-case:ابتداء:T
46:15:24	أنْ	Obj	مفعول به	non-nominal-pos:SUB:مفعول به
46:15:32	وأنْ	conj	معطوف	tabi-non-nominal:SUB:معطوف
46:15:43	وإنى	conj	معطوف	tabi-non-nominal:ACC:معطوف
46:17:4	أُفٍ	Obj	مفعول به	case-conflict:مفعول به
46:17:7	أنْ	link	متعلق	non-nominal-pos:SUB:متعلق
46:17:9	وقدْ	circ	حال	non-nominal-pos:CERT:حال
46:17:24	ما	Obj	مفعول به	non-nominal-pos:NEG:مفعول به
46:17:25	هذا	neg	نفي	no-case:نفي:DEM
46:17:26	إلا	res	حصر	non-nominal-pos:RES:حصر
46:18:8	قدْ	Adj	صفة	tabi-non-nominal:CERT:صفة
46:19:8	لا	Pred	خبر	non-nominal-pos:NEG:خبر
46:20:8	طيبتكُمْ	Obj	مفعول به	case-conflict:مفعول به
46:21:4	إذْ	link	متعلق	no-case:متعلق:T
46:21:8	وقدْ	circ	حال	non-nominal-pos:CERT:حال
46:21:13	يديْه	Poss	مضاف إليه	case-conflict:مضاف إليه
46:21:16	ألا	root	root	non-nominal-pos:INT:root
46:21:18	إلا	res	حصر	non-nominal-pos:RES:حصر
46:22:9	إن	root	root	non-nominal-pos:COND:root
46:23:3	الْعلْمُ	Obj	مفعول به	case-conflict:مفعول به
46:24:10	بلْ	root	root	non-nominal-pos:RET:root
46:25:7	لا	pred <<asbah>>	خبر أصبح	non-nominal-pos:NEG:خبر أصبح
46:25:9	إلا	res	حصر	non-nominal-pos:RES:حصر
46:26:1	ولقدْ	root	root	non-nominal-pos:CERT:root
46:26:4	إن	sub	صلة	non-nominal-pos:NEG:صلة
46:26:12	فما	root	root	non-nominal-pos:NEG:root
46:26:16	ولا	emph	توكيد	tabi-non-nominal:NEG:توكيد
46:26:18	ولا	emph	توكيد	tabi-non-nominal:NEG:توكيد
46:26:22	إذْ	link	متعلق	no-case:متعلق:T
46:27:1	ولقدْ	root	root	non-nominal-pos:CERT:root
46:27:8	الْءايت	Obj	مفعول به	case-conflict:مفعول به
46:28:1	فلوْلا	root	root	non-nominal-pos:EXH:root
46:28:10	بلْ	root	root	non-nominal-pos:RET:root
46:30:9	مُوسى	Poss	مضاف إليه	case-conflict:مضاف إليه
46:30:13	يديْه	Poss	مضاف إليه	case-conflict:مضاف إليه
46:32:2	لا	root	root	non-nominal-pos:NEG:root
46:32:14	أوْلياءُ	subj <<lays>>	اسم ليس	case-conflict:اسم ليس
46:33:1	أولمْ	intg	استفهام	non-nominal-pos:NEG:استفهام
46:33:7	السموت	Obj	مفعول به	case-conflict:مفعول به
46:33:9	ولمْ	conj	معطوف	tabi-non-nominal:NEG:معطوف
46:33:14	أن	gen	مجرور	non-nominal-pos:SUB:مجرور
46:33:16	الْموْتى	Obj	مفعول به	case-conflict:مفعول به
46:33:17	بلى	root	root	non-nominal-pos:ANS:root
46:34:11	بلى	Obj	مفعول به	non-nominal-pos:ANS:مفعول به
46:35:2	كما	gen	مجرور	non-nominal-pos:SUB:مجرور
46:35:8	ولا	root	root	non-nominal-pos:NEG:root
46:35:16	لمْ	pred <<ka'ana>>	خبر كأن	non-nominal-pos:NEG:خبر كأن
46:35:18	إلا	res	حصر	non-nominal-pos:RES:حصر
46:35:23	فهلْ	root	root	non-nominal-pos:INTG:root
46:35:25	إلا	res	حصر	non-nominal-pos:RES:حصر
47:2:4	الصلحت	Obj	مفعول به	case-conflict:مفعول به
47:2:16	سيـاتهمْ	Obj	مفعول به	case-conflict:مفعول به
47:3:7	وأن	conj	معطوف	tabi-non-nominal:ACC:معطوف
47:4:7	حتى	root	root	non-nominal-pos:INC:root
47:4:8	إذا	inc	ابتداء	no-case:ابتداء:T
47:4:12	فإما	root	root	non-nominal-pos:EXL:root
47:4:14	بعْدُ	link	متعلق	no-case:متعلق:T
47:4:15	وإما	conj	معطوف	tabi-non-nominal:EXL:معطوف
47:4:22	ولوْ	root	root	non-nominal-pos:COND:root
47:4:27	ولكن	root	root	non-nominal-pos:AMD:root
47:4:36	فلن	rslt	جواب الشرط	non-nominal-pos:NEG:جواب الشرط
47:7:4	إن	root	root	non-nominal-pos:COND:root
47:10:1	أفلمْ	intg	استفهام	non-nominal-pos:NEG:استفهام
47:10:6	كيْف	pred <<kan>>	خبر كان	non-nominal-pos:INTG:خبر كان
47:11:9	لا	pred<<an>>	خبر أن	non-nominal-pos:NEG:خبر أن
47:12:7	الصلحت	Obj	مفعول به	case-conflict:مفعول به
47:12:8	جنتٍ	Obj	مفعول به	case-conflict:مفعول به
47:12:17	كما	gen	مجرور	non-nominal-pos:SUB:مجرور
47:12:21	مثْوًى	Pred	خبر	case-conflict:خبر
47:13:12	فلا	root	root	non-nominal-pos:NEG:root
47:14:1	أفمن	intg	استفهام	no-case:استفهام:REL
47:15:15	لمْ	Adj	صفة	tabi-non-nominal:NEG:صفة
47:15:33	من	Pred	خبر	prep-in-nominal-slot:خبر
47:15:36	هُو	sub	صلة	no-case:صلة:PRON
47:16:5	حتى	root	root	non-nominal-pos:INC:root
47:16:6	إذا	inc	ابتداء	no-case:ابتداء:T
47:16:14	ماذا	Obj	مفعول به	non-nominal-pos:INTG:مفعول به
47:18:1	فهلْ	root	root	non-nominal-pos:INTG:root
47:18:3	إلا	res	حصر	non-nominal-pos:RES:حصر
47:18:5	أن	App	بدل	tabi-non-nominal:SUB:بدل
47:18:8	فقدْ	root	root	non-nominal-pos:CERT:root
47:18:11	فأنى	link	متعلق	non-nominal-pos:INTG:متعلق
47:19:3	لا	pred<<an>>	خبر أن	non-nominal-pos:NEG:خبر أن
47:19:5	إلا	root	root	non-nominal-pos:RES:root
47:20:4	لوْلا	Obj	مفعول به	non-nominal-pos:EXH:مفعول به
47:21:7	فلوْ	root	root	non-nominal-pos:COND:root
47:22:1	فهلْ	root	root	non-nominal-pos:INTG:root
47:22:3	إن	root	root	non-nominal-pos:COND:root
47:22:5	أن	pred <<easaa>>	خبر عسى	non-nominal-pos:SUB:خبر عسى
47:24:1	أفلا	intg	استفهام	non-nominal-pos:NEG:استفهام
47:25:11	الْهُدى	Subj	فاعل	case-conflict:فاعل
47:27:1	فكيْف	circ	حال	non-nominal-pos:INTG:حال
47:27:2	إذا	intg	استفهام	no-case:استفهام:T
47:29:7	أن	Obj	مفعول به	non-nominal-pos:SUB:مفعول به
47:29:8	لن	sub	صلة	non-nominal-pos:NEG:صلة
47:30:1	ولوْ	root	root	non-nominal-pos:COND:root
47:32:15	الْهُدى	Subj	فاعل	case-conflict:فاعل
47:32:16	لن	pred<<an>>	خبر أن	non-nominal-pos:NEG:خبر أن
47:33:8	ولا	root	root	non-nominal-pos:PRO:root
47:34:12	فلن	pred<<in>>	خبر إن	non-nominal-pos:NEG:خبر إن
47:35:1	فلا	root	root	non-nominal-pos:PRO:root
47:35:10	ولن	root	root	non-nominal-pos:NEG:root
47:36:6	وإن	root	root	non-nominal-pos:COND:root
47:36:11	ولا	root	root	non-nominal-pos:NEG:root
47:37:1	إن	root	root	non-nominal-pos:COND:root
47:38:1	هأنتُمْ	voc	منادى	no-case:منادى:PRON
47:38:21	وإن	root	root	non-nominal-pos:COND:root
47:38:27	لا	root	root	non-nominal-pos:NEG:root
48:2:14	صرطًا	root	root	case-conflict:root
48:5:4	جنتٍ	Obj	مفعول به	case-conflict:مفعول به
48:5:13	سيـاتهمْ	Obj	مفعول به	case-conflict:مفعول به
48:6:19	جهنم	Obj	مفعول به	case-conflict:مفعول به
48:10:10	أيْديهمْ	Poss	مضاف إليه	case-conflict:مضاف إليه
48:11:24	إنْ	root	root	non-nominal-pos:COND:root
48:11:32	بلْ	root	root	non-nominal-pos:RET:root
48:12:1	بلْ	root	root	non-nominal-pos:RET:root
48:12:3	أن	Obj	مفعول به	non-nominal-pos:SUB:مفعول به
48:12:4	لن	sub	صلة	non-nominal-pos:NEG:صلة
48:13:2	لمْ	Pred	خبر	non-nominal-pos:NEG:خبر
48:15:11	أن	Obj	مفعول به	non-nominal-pos:SUB:مفعول به
48:15:16	لن	Obj	مفعول به	non-nominal-pos:NEG:مفعول به
48:15:24	بلْ	Obj	مفعول به	non-nominal-pos:RET:مفعول به
48:15:26	بلْ	root	root	non-nominal-pos:RET:root
48:15:28	لا	pred <<kan>>	خبر كان	non-nominal-pos:NEG:خبر كان
48:15:30	إلا	res	حصر	non-nominal-pos:RES:حصر
48:16:14	فإن	root	root	non-nominal-pos:COND:root
48:16:20	وإن	conj	معطوف	tabi-non-nominal:COND:معطوف
48:16:22	كما	gen	مجرور	non-nominal-pos:SUB:مجرور
48:17:5	ولا	emph	توكيد	tabi-non-nominal:NEG:توكيد
48:17:9	ولا	emph	توكيد	tabi-non-nominal:NEG:توكيد
48:17:18	جنتٍ	root	root	case-conflict:root
48:18:1	لقدْ	root	root	non-nominal-pos:CERT:root
48:18:6	إذْ	link	متعلق	no-case:متعلق:T
48:20:3	مغانم	root	root	case-conflict:root
48:21:2	لمْ	root	root	non-nominal-pos:NEG:root
48:21:5	قدْ	root	root	non-nominal-pos:CERT:root
48:22:1	ولوْ	root	root	non-nominal-pos:COND:root
48:22:8	لا	root	root	non-nominal-pos:NEG:root
48:22:11	ولا	emph	توكيد	tabi-non-nominal:NEG:توكيد
48:23:4	قدْ	sub	صلة	non-nominal-pos:CERT:صلة
48:23:8	ولن	root	root	non-nominal-pos:NEG:root
48:24:12	أنْ	Poss	مضاف إليه	non-nominal-pos:SUB:مضاف إليه
48:25:10	أن	Obj	مفعول به	non-nominal-pos:SUB:مفعول به
48:25:13	ولوْلا	root	root	non-nominal-pos:COND:root
48:25:18	لمْ	Adj	صفة	tabi-non-nominal:NEG:صفة
48:25:20	أن	App	بدل	tabi-non-nominal:SUB:بدل
48:25:33	لوْ	root	root	non-nominal-pos:COND:root
48:26:1	إذْ	link	متعلق	no-case:متعلق:T
48:26:19	التقْوى	Poss	مضاف إليه	case-conflict:مضاف إليه
48:27:1	لقدْ	root	root	non-nominal-pos:CERT:root
48:27:5	الرُءْيا	Obj	مفعول به	case-conflict:مفعول به
48:27:10	إن	root	root	non-nominal-pos:COND:root
48:27:17	لا	circ	حال	non-nominal-pos:NEG:حال
48:27:21	لمْ	sub	صلة	non-nominal-pos:NEG:صلة
48:29:50	الصلحت	Obj	مفعول به	case-conflict:مفعول به
49:1:4	لا	root	root	non-nominal-pos:PRO:root
49:1:7	يدى	Poss	مضاف إليه	case-conflict:مضاف إليه
49:2:4	لا	root	root	non-nominal-pos:PRO:root
49:2:10	ولا	conj	معطوف	tabi-non-nominal:PRO:معطوف
49:2:17	أن	prp	المفعول لأجله	non-nominal-pos:SUB:المفعول لأجله
49:2:21	لا	Pred	خبر	non-nominal-pos:NEG:خبر
49:4:8	لا	Pred	خبر	non-nominal-pos:NEG:خبر
49:5:1	ولوْ	root	root	non-nominal-pos:COND:root
49:6:4	إن	root	root	non-nominal-pos:COND:root
49:6:9	أن	prp	المفعول لأجله	non-nominal-pos:SUB:المفعول لأجله
49:7:6	لوْ	circ	حال	non-nominal-pos:COND:حال
49:9:1	وإن	root	root	non-nominal-pos:COND:root
49:9:2	طائفتان	Subj	فاعل	case-conflict:فاعل
49:9:8	فإن	root	root	non-nominal-pos:COND:root
49:9:21	فإن	root	root	non-nominal-pos:COND:root
49:10:6	أخويْكُمْ	Poss	مضاف إليه	case-conflict:مضاف إليه
49:11:4	لا	root	root	non-nominal-pos:PRO:root
49:11:10	أن	Subj	فاعل	non-nominal-pos:SUB:فاعل
49:11:14	ولا	conj	معطوف	tabi-non-nominal:PRO:معطوف
49:11:19	أن	Subj	فاعل	non-nominal-pos:SUB:فاعل
49:11:23	ولا	root	root	non-nominal-pos:PRO:root
49:11:26	ولا	conj	معطوف	tabi-non-nominal:PRO:معطوف
49:11:35	لمْ	Pred	خبر	non-nominal-pos:NEG:خبر
49:11:37	فأُولئك	rslt	جواب الشرط	no-case:جواب الشرط:DEM
49:12:12	ولا	root	root	non-nominal-pos:PRO:root
49:12:14	ولا	root	root	non-nominal-pos:PRO:root
49:12:20	أن	Obj	مفعول به	non-nominal-pos:SUB:مفعول به
49:14:5	لمْ	Obj	مفعول به	non-nominal-pos:NEG:مفعول به
49:14:7	ولكن	root	root	non-nominal-pos:AMD:root
49:14:10	ولما	circ	حال	non-nominal-pos:NEG:حال
49:14:15	وإن	root	root	non-nominal-pos:COND:root
49:14:19	لا	rslt	جواب الشرط	non-nominal-pos:NEG:جواب الشرط
49:15:8	لمْ	root	root	non-nominal-pos:NEG:root
49:17:3	أنْ	Obj	مفعول به	non-nominal-pos:SUB:مفعول به
49:17:6	لا	Obj	مفعول به	non-nominal-pos:PRO:مفعول به
49:17:10	بل	root	root	non-nominal-pos:RET:root
49:17:14	أنْ	root	root	non-nominal-pos:SUB:root
49:17:17	إن	root	root	non-nominal-pos:COND:root
50:1:1	ق	-	-	absent-from-treebank:INL
50:2:1	بلْ	root	root	non-nominal-pos:RET:root
50:2:3	أن	Obj	مفعول به	non-nominal-pos:SUB:مفعول به
50:3:1	أءذا	intg	استفهام	no-case:استفهام:T
50:4:1	قدْ	root	root	non-nominal-pos:CERT:root
50:5:1	بلْ	root	root	non-nominal-pos:RET:root
50:5:4	لما	link	متعلق	no-case:متعلق:T
50:6:1	أفلمْ	intg	استفهام	non-nominal-pos:NEG:استفهام
50:6:6	كيْف	circ	حال	non-nominal-pos:INTG:حال
50:6:9	وما	root	root	non-nominal-pos:NEG:root
50:6:12	فُرُوجٍ	root	root	case-conflict:root
50:9:8	جنتٍ	Obj	مفعول به	case-conflict:مفعول به
50:10:2	باسقتٍ	circ	حال	case-conflict:حال
50:14:9	وعيد	Subj	فاعل	case-conflict:فاعل
50:15:4	بلْ	root	root	non-nominal-pos:RET:root
50:16:1	ولقدْ	root	root	non-nominal-pos:CERT:root
50:17:1	إذْ	link	متعلق	no-case:متعلق:T
50:18:1	ما	root	root	non-nominal-pos:NEG:root
50:18:5	إلا	res	حصر	non-nominal-pos:RES:حصر
50:18:6	لديْه	link	متعلق	no-case:متعلق:LOC
50:22:1	لقدْ	root	root	non-nominal-pos:CERT:root
50:23:5	لدىـ	link	متعلق	no-case:متعلق:LOC
50:27:4	ما	root	root	non-nominal-pos:NEG:root
50:27:6	ولكن	root	root	non-nominal-pos:AMD:root
50:28:2	لا	Obj	مفعول به	non-nominal-pos:PRO:مفعول به
50:28:4	لدىـ	link	متعلق	no-case:متعلق:LOC
50:28:5	وقدْ	circ	حال	non-nominal-pos:CERT:حال
50:29:1	ما	root	root	non-nominal-pos:NEG:root
50:29:4	لدىـ	link	متعلق	no-case:متعلق:LOC
50:29:5	وما	root	root	non-nominal-pos:NEG:root
50:30:4	هل	Obj	مفعول به	non-nominal-pos:INTG:مفعول به
50:30:7	هلْ	Obj	مفعول به	non-nominal-pos:INTG:مفعول به
50:35:5	ولديْنا	link	متعلق	no-case:متعلق:LOC
50:36:1	وكمْ	Obj	مفعول به	non-nominal-pos:INTG:مفعول به
50:36:13	هلْ	root	root	non-nominal-pos:INTG:root
50:37:4	لذكْرى	subj<<in>>	اسم إن	case-conflict:اسم إن
50:38:1	ولقدْ	root	root	non-nominal-pos:CERT:root
50:38:3	السموت	Obj	مفعول به	case-conflict:مفعول به
50:38:10	وما	root	root	non-nominal-pos:NEG:root
50:38:12	من	Subj	فاعل	prep-in-nominal-slot:فاعل
50:40:1	ومن	conj	معطوف	tabi-non-nominal:P:معطوف
50:41:4	الْمُناد	Subj	فاعل	case-conflict:فاعل
50:45:5	وما	root	root	non-nominal-pos:NEG:root
51:6:1	وإن	conj	معطوف	tabi-non-nominal:ACC:معطوف
51:11:2	هُمْ	sub	صلة	no-case:صلة:PRON
51:12:2	أيان	link	متعلق	non-nominal-pos:INTG:متعلق
51:12:3	يوْمُ	Obj	مفعول به	case-conflict:مفعول به
51:21:3	أفلا	intg	استفهام	non-nominal-pos:NEG:استفهام
51:24:1	هلْ	root	root	non-nominal-pos:INTG:root
51:25:1	إذْ	link	متعلق	no-case:متعلق:T
51:25:7	سلم	Obj	مفعول به	case-conflict:مفعول به
51:27:4	ألا	intg	استفهام	non-nominal-pos:NEG:استفهام
51:28:5	لا	Obj	مفعول به	non-nominal-pos:PRO:مفعول به
51:31:3	خطْبُكُمْ	pred <<ma>>	خبر ما	case-conflict:خبر ما
51:36:1	فما	root	root	non-nominal-pos:NEG:root
51:38:3	إذْ	link	متعلق	no-case:متعلق:T
51:41:3	إذْ	link	متعلق	no-case:متعلق:T
51:42:1	ما	circ	حال	non-nominal-pos:NEG:حال
51:42:7	إلا	root	root	non-nominal-pos:RES:root
51:43:3	إذْ	link	متعلق	no-case:متعلق:T
51:45:1	فما	root	root	non-nominal-pos:NEG:root
51:45:5	وما	root	root	non-nominal-pos:NEG:root
51:46:7	قوْمًا	Pred	خبر	case-conflict:خبر
51:49:5	زوْجيْن	Obj	مفعول به	case-conflict:مفعول به
51:51:1	ولا	root	root	non-nominal-pos:PRO:root
51:52:2	ما	root	root	non-nominal-pos:NEG:root
51:52:7	من	Subj	فاعل	prep-in-nominal-slot:فاعل
51:52:9	إلا	root	root	non-nominal-pos:RES:root
51:53:3	بلْ	root	root	non-nominal-pos:RET:root
51:54:3	فما	root	root	non-nominal-pos:NEG:root
51:56:1	وما	root	root	non-nominal-pos:NEG:root
51:56:5	إلا	root	root	non-nominal-pos:RES:root
51:57:1	ما	root	root	non-nominal-pos:NEG:root
51:57:6	وما	conj	معطوف	tabi-non-nominal:NEG:معطوف
51:57:8	أن	root	root	non-nominal-pos:SUB:root
51:59:8	فلا	root	root	non-nominal-pos:NEG:root
52:8:1	ما	circ	حال	non-nominal-pos:NEG:حال
52:11:2	يوْمئذٍ	link	متعلق	no-case:متعلق:T
52:12:2	هُمْ	sub	صلة	no-case:صلة:PRON
52:15:2	هذا	intg	استفهام	no-case:استفهام:DEM
52:15:5	لا	Pred	خبر	non-nominal-pos:NEG:خبر
52:16:4	لا	conj	معطوف	tabi-non-nominal:PRO:معطوف
52:21:9	وما	root	root	non-nominal-pos:NEG:root
52:23:4	لا	root	root	non-nominal-pos:NEG:root
52:23:7	ولا	conj	معطوف	tabi-non-nominal:NEG:معطوف
52:24:5	كأنهُمْ	Adj	صفة	tabi-non-nominal:ACC:صفة
52:24:6	لُؤْلُؤ	pred <<kan>>	خبر كان	case-conflict:خبر كان
52:29:2	فما	root	root	non-nominal-pos:NEG:root
52:29:7	ولا	neg	نفي	non-nominal-pos:NEG:نفي
52:33:4	بل	root	root	non-nominal-pos:RET:root
52:33:5	لا	ret	اضراب	non-nominal-pos:NEG:اضراب
52:34:4	إن	root	root	non-nominal-pos:COND:root
52:36:5	بل	root	root	non-nominal-pos:RET:root
52:36:6	لا	ret	اضراب	non-nominal-pos:NEG:اضراب
52:44:1	وإن	root	root	non-nominal-pos:COND:root
52:46:2	لا	Poss	مضاف إليه	non-nominal-pos:NEG:مضاف إليه
52:46:7	ولا	root	root	non-nominal-pos:NEG:root
52:46:8	هُمْ	neg	نفي	no-case:نفي:PRON
52:47:9	لا	pred <<lakin>>	خبر لكن	non-nominal-pos:NEG:خبر لكن
53:1:2	إذا	link	متعلق	no-case:متعلق:T
53:2:1	ما	root	root	non-nominal-pos:NEG:root
53:2:4	وما	root	root	non-nominal-pos:NEG:root
53:3:1	وما	root	root	non-nominal-pos:NEG:root
53:4:1	إنْ	root	root	non-nominal-pos:NEG:root
53:4:2	هُو	neg	نفي	no-case:نفي:PRON
53:4:3	إلا	res	حصر	non-nominal-pos:RES:حصر
53:9:3	قوْسيْن	Poss	مضاف إليه	case-conflict:مضاف إليه
53:11:1	ما	root	root	non-nominal-pos:NEG:root
53:13:1	ولقدْ	root	root	non-nominal-pos:CERT:root
53:16:1	إذْ	link	متعلق	no-case:متعلق:T
53:17:1	ما	root	root	non-nominal-pos:NEG:root
53:17:4	وما	root	root	non-nominal-pos:NEG:root
53:18:1	لقدْ	root	root	non-nominal-pos:CERT:root
53:22:2	إذًا	Pred	خبر	non-nominal-pos:SUR:خبر
53:23:1	إنْ	root	root	non-nominal-pos:NEG:root
53:23:2	هى	neg	نفي	no-case:نفي:PRON
53:23:3	إلا	res	حصر	non-nominal-pos:RES:حصر
53:23:8	ما	Adj	صفة	tabi-non-nominal:NEG:صفة
53:23:14	إن	root	root	non-nominal-pos:NEG:root
53:23:16	إلا	res	حصر	non-nominal-pos:RES:حصر
53:23:21	ولقدْ	root	root	non-nominal-pos:CERT:root
53:23:25	الْهُدى	Subj	فاعل	case-conflict:فاعل
53:26:1	وكم	root	root	non-nominal-pos:INTG:root
53:26:6	لا	Pred	خبر	non-nominal-pos:NEG:خبر
53:26:10	إلا	res	حصر	non-nominal-pos:RES:حصر
53:26:13	أن	Poss	مضاف إليه	non-nominal-pos:SUB:مضاف إليه
53:27:3	لا	sub	صلة	non-nominal-pos:NEG:صلة
53:27:9	الْأُنثى	Poss	مضاف إليه	case-conflict:مضاف إليه
53:28:1	وما	root	root	non-nominal-pos:NEG:root
53:28:4	منْ	emph	توكيد	tabi-non-nominal:P:توكيد
53:28:5	علْمٍ	root	root	case-conflict:root
53:28:6	إن	root	root	non-nominal-pos:NEG:root
53:28:8	إلا	res	حصر	non-nominal-pos:RES:حصر
53:28:12	لا	pred<<an>>	خبر أن	non-nominal-pos:NEG:خبر أن
53:29:7	ولمْ	root	root	non-nominal-pos:NEG:root
53:29:9	إلا	res	حصر	non-nominal-pos:RES:حصر
53:32:6	إلا	root	root	non-nominal-pos:RES:root
53:32:15	إذْ	link	متعلق	no-case:متعلق:T
53:32:25	فلا	root	root	non-nominal-pos:PRO:root
53:36:2	لمْ	root	root	non-nominal-pos:NEG:root
53:38:1	ألا	root	root	non-nominal-pos:SUB:root
53:38:5	أُخْرى	Poss	مضاف إليه	case-conflict:مضاف إليه
53:39:1	وأن	root	root	non-nominal-pos:SUB:root
53:39:4	إلا	res	حصر	non-nominal-pos:RES:حصر
53:40:3	سوْف	fut	استقبال	non-nominal-pos:FUT:استقبال
53:42:4	الْمُنتهى	subj<<an>>	اسم أن	case-conflict:اسم أن
53:46:3	إذا	link	متعلق	no-case:متعلق:T
53:49:4	الشعْرى	Poss	مضاف إليه	case-conflict:مضاف إليه
53:51:2	فما	root	root	non-nominal-pos:NEG:root
53:52:8	أظْلم	Pred	خبر	case-conflict:خبر
53:60:2	ولا	root	root	non-nominal-pos:NEG:root
54:2:1	وإن	root	root	non-nominal-pos:COND:root
54:4:1	ولقدْ	root	root	non-nominal-pos:CERT:root
54:5:3	فما	root	root	non-nominal-pos:NEG:root
54:12:8	قدْ	Adj	صفة	tabi-non-nominal:CERT:صفة
54:15:1	ولقد	root	root	non-nominal-pos:CERT:root
54:15:4	فهلْ	Obj	مفعول به	non-nominal-pos:INTG:مفعول به
54:16:1	فكيْف	pred <<kan>>	خبر كان	non-nominal-pos:INTG:خبر كان
54:17:1	ولقدْ	root	root	non-nominal-pos:CERT:root
54:17:5	فهلْ	root	root	non-nominal-pos:INTG:root
54:18:3	فكيْف	pred <<kan>>	خبر كان	non-nominal-pos:INTG:خبر كان
54:21:1	فكيْف	pred <<kan>>	خبر كان	non-nominal-pos:INTG:خبر كان
54:22:1	ولقدْ	root	root	non-nominal-pos:CERT:root
54:22:5	فهلْ	root	root	non-nominal-pos:INTG:root
54:24:3	منا	circ	حال	prep-in-nominal-slot:حال
54:24:7	إذًا	pred<<in>>	خبر إن	non-nominal-pos:SUR:خبر إن
54:25:6	بلْ	root	root	non-nominal-pos:RET:root
54:30:1	فكيْف	pred <<kan>>	خبر كان	non-nominal-pos:INTG:خبر كان
54:32:1	ولقدْ	root	root	non-nominal-pos:CERT:root
54:32:5	فهلْ	root	root	non-nominal-pos:INTG:root
54:34:5	إلا	root	root	non-nominal-pos:RES:root
54:36:1	ولقدْ	root	root	non-nominal-pos:CERT:root
54:37:1	ولقدْ	root	root	non-nominal-pos:CERT:root
54:37:8	عذابى	Obj	مفعول به	case-conflict:مفعول به
54:38:1	ولقدْ	root	root	non-nominal-pos:CERT:root
54:39:2	عذابى	Obj	مفعول به	case-conflict:مفعول به
54:40:1	ولقدْ	root	root	non-nominal-pos:CERT:root
54:40:5	فهلْ	root	root	non-nominal-pos:INTG:root
54:41:1	ولقدْ	root	root	non-nominal-pos:CERT:root
54:41:4	فرْعوْن	Poss	مضاف إليه	case-conflict:مضاف إليه
54:46:1	بل	root	root	non-nominal-pos:RET:root
54:50:1	وما	root	root	non-nominal-pos:NEG:root
54:50:3	إلا	res	حصر	non-nominal-pos:RES:حصر
54:51:1	ولقدْ	root	root	non-nominal-pos:CERT:root
54:51:4	فهلْ	root	root	non-nominal-pos:INTG:root
54:55:1	فى	pred<<in>>	خبر إن	prep-in-nominal-slot:خبر إن
55:8:1	ألا	root	root	non-nominal-pos:INT:root
55:9:4	ولا	root	root	non-nominal-pos:PRO:root
55:17:2	الْمشْرقيْن	Poss	مضاف إليه	case-conflict:مضاف إليه
55:17:4	الْمغْربيْن	Poss	مضاف إليه	case-conflict:مضاف إليه
55:20:2	برْزخ	circ	حال	case-conflict:حال
55:20:3	لا	Adj	صفة	tabi-non-nominal:NEG:صفة
55:29:6	كُل	root	root	case-conflict:root
55:33:4	إن	root	root	non-nominal-pos:COND:root
55:33:6	أن	Obj	مفعول به	non-nominal-pos:SUB:مفعول به
55:33:13	لا	root	root	non-nominal-pos:NEG:root
55:33:15	إلا	res	حصر	non-nominal-pos:RES:حصر
55:35:7	فلا	root	root	non-nominal-pos:NEG:root
55:39:1	فيوْمئذٍ	link	متعلق	no-case:متعلق:T
55:39:2	لا	rslt	جواب الشرط	non-nominal-pos:NEG:جواب الشرط
55:39:7	ولا	emph	توكيد	tabi-non-nominal:NEG:توكيد
55:52:2	من	circ	حال	prep-in-nominal-slot:حال
55:54:7	وجنى	root	root	case-conflict:root
55:54:8	الْجنتيْن	Poss	مضاف إليه	case-conflict:مضاف إليه
55:56:4	لمْ	Adj	صفة	tabi-non-nominal:NEG:صفة
55:56:8	ولا	emph	توكيد	tabi-non-nominal:NEG:توكيد
55:60:1	هلْ	root	root	non-nominal-pos:INTG:root
55:60:4	إلا	res	حصر	non-nominal-pos:RES:حصر
55:74:1	لمْ	Adj	صفة	tabi-non-nominal:NEG:صفة
55:74:5	ولا	emph	توكيد	tabi-non-nominal:NEG:توكيد
56:4:1	إذا	link	متعلق	no-case:متعلق:T
56:8:3	ما	Pred	خبر	non-nominal-pos:INTG:خبر
56:8:4	أصْحبُ	pred <<ma>>	خبر ما	case-conflict:خبر ما
56:9:3	ما	Pred	خبر	non-nominal-pos:INTG:خبر
56:9:4	أصْحبُ	pred <<ma>>	خبر ما	case-conflict:خبر ما
56:19:1	لا	Adj	صفة	tabi-non-nominal:NEG:صفة
56:19:4	ولا	conj	معطوف	tabi-non-nominal:NEG:معطوف
56:25:1	لا	root	root	non-nominal-pos:NEG:root
56:25:5	ولا	neg	نفي	non-nominal-pos:NEG:نفي
56:26:1	إلا	root	root	non-nominal-pos:RES:root
56:27:3	ما	Pred	خبر	non-nominal-pos:INTG:خبر
56:27:4	أصْحبُ	pred <<ma>>	خبر ما	case-conflict:خبر ما
56:28:1	فى	Pred	خبر	prep-in-nominal-slot:خبر
56:33:1	لا	root	root	non-nominal-pos:NEG:root
56:33:3	ولا	emph	توكيد	tabi-non-nominal:NEG:توكيد
56:41:3	ما	Pred	خبر	non-nominal-pos:INTG:خبر
56:41:4	أصْحبُ	pred <<ma>>	خبر ما	case-conflict:خبر ما
56:44:1	لا	root	root	non-nominal-pos:NEG:root
56:44:3	ولا	sup	زائد	non-nominal-pos:NEG:زائد
56:47:3	أئذا	intg	استفهام	no-case:استفهام:T
56:57:3	فلوْلا	root	root	non-nominal-pos:EXH:root
56:59:1	ءأنتُمْ	intg	استفهام	no-case:استفهام:PRON
56:60:5	وما	root	root	non-nominal-pos:NEG:root
56:60:6	نحْنُ	neg	نفي	no-case:نفي:PRON
56:61:2	أن	gen	مجرور	non-nominal-pos:SUB:مجرور
56:61:8	لا	sub	صلة	non-nominal-pos:NEG:صلة
56:62:1	ولقدْ	root	root	non-nominal-pos:CERT:root
56:62:5	فلوْلا	root	root	non-nominal-pos:EXH:root
56:64:1	ءأنتُمْ	intg	استفهام	no-case:استفهام:PRON
56:65:1	لوْ	root	root	non-nominal-pos:COND:root
56:67:1	بلْ	root	root	non-nominal-pos:RET:root
56:69:1	ءأنتُمْ	intg	استفهام	no-case:استفهام:PRON
56:70:1	لوْ	root	root	non-nominal-pos:COND:root
56:70:5	فلوْلا	root	root	non-nominal-pos:EXH:root
56:72:1	ءأنتُمْ	intg	استفهام	no-case:استفهام:PRON
56:75:1	فلا	root	root	non-nominal-pos:NEG:root
56:76:3	لوْ	root	root	non-nominal-pos:COND:root
56:79:1	لا	Adj	صفة	tabi-non-nominal:NEG:صفة
56:79:3	إلا	res	حصر	non-nominal-pos:RES:حصر
56:83:1	فلوْلا	root	root	non-nominal-pos:EXH:root
56:84:2	حينئذٍ	link	متعلق	no-case:متعلق:T
56:85:5	ولكن	root	root	non-nominal-pos:AMD:root
56:85:6	لا	amd	استدراك	non-nominal-pos:NEG:استدراك
56:86:1	فلوْلا	emph	توكيد	tabi-non-nominal:EXH:توكيد
56:86:2	إن	exh	تحضيض	non-nominal-pos:COND:تحضيض
56:87:2	إن	root	root	non-nominal-pos:COND:root
56:88:1	فأما	root	root	non-nominal-pos:COND:root
56:88:2	إن	Obj	مفعول به	non-nominal-pos:COND:مفعول به
56:90:1	وأما	conj	معطوف	tabi-non-nominal:COND:معطوف
56:90:2	إن	root	root	non-nominal-pos:COND:root
56:92:1	وأما	conj	معطوف	tabi-non-nominal:COND:معطوف
56:92:2	إن	root	root	non-nominal-pos:COND:root
57:4:30	أيْن	link	متعلق	non-nominal-pos:INTG:متعلق
57:4:31	ما	sup	زائد	no-case:زائد:REL
57:8:1	وما	root	root	non-nominal-pos:INTG:root
57:8:3	لا	circ	حال	non-nominal-pos:NEG:حال
57:8:6	والرسُولُ	circ	حال	case-conflict:حال
57:8:10	وقدْ	circ	حال	non-nominal-pos:CERT:حال
57:8:12	ميثقكُمْ	Subj	فاعل	case-conflict:فاعل
57:8:13	إن	root	root	non-nominal-pos:COND:root
57:10:1	وما	root	root	non-nominal-pos:INTG:root
57:10:3	ألا	root	root	non-nominal-pos:SUB:root
57:10:12	لا	root	root	non-nominal-pos:NEG:root
57:11:1	من	root	root	non-nominal-pos:INTG:root
57:12:8	أيْديهمْ	Poss	مضاف إليه	case-conflict:مضاف إليه
57:12:10	بُشْرىكُمُ	Obj	مفعول به	case-conflict:مفعول به
57:14:2	ألمْ	intg	استفهام	non-nominal-pos:NEG:استفهام
57:14:6	بلى	Obj	مفعول به	non-nominal-pos:ANS:مفعول به
57:15:2	لا	root	root	non-nominal-pos:NEG:root
57:15:6	ولا	conj	معطوف	tabi-non-nominal:NEG:معطوف
57:15:10	مأْوىكُمُ	root	root	case-conflict:root
57:15:13	موْلىكُمْ	Pred	خبر	case-conflict:خبر
57:16:1	ألمْ	intg	استفهام	non-nominal-pos:NEG:استفهام
57:16:5	أن	Subj	فاعل	non-nominal-pos:SUB:فاعل
57:16:14	ولا	conj	معطوف	tabi-non-nominal:NEG:معطوف
57:17:8	قدْ	root	root	non-nominal-pos:CERT:root
57:20:34	وما	root	root	non-nominal-pos:NEG:root
57:20:37	إلا	root	root	non-nominal-pos:RES:root
57:22:1	ما	root	root	non-nominal-pos:NEG:root
57:22:3	من	Subj	فاعل	prep-in-nominal-slot:فاعل
57:22:7	ولا	emph	توكيد	tabi-non-nominal:NEG:توكيد
57:22:10	إلا	root	root	non-nominal-pos:RES:root
57:22:15	أن	Poss	مضاف إليه	non-nominal-pos:SUB:مضاف إليه
57:23:1	لكيْلا	sub	صلة	non-nominal-pos:NEG:صلة
57:23:6	ولا	conj	معطوف	tabi-non-nominal:PRO:معطوف
57:23:11	لا	Pred	خبر	non-nominal-pos:NEG:خبر
57:25:1	لقدْ	root	root	non-nominal-pos:CERT:root
57:25:15	بأْس	circ	حال	case-conflict:حال
57:26:1	ولقدْ	conj	معطوف	tabi-non-nominal:CERT:معطوف
57:26:6	فى	Obj	مفعول به	prep-in-nominal-slot:مفعول به
57:26:11	مُهْتدٍ	root	root	case-conflict:root
57:27:9	مرْيم	Poss	مضاف إليه	case-conflict:مضاف إليه
57:27:21	ما	int	تفسير	non-nominal-pos:NEG:تفسير
57:27:24	إلا	root	root	non-nominal-pos:RES:root
57:27:28	فما	root	root	non-nominal-pos:NEG:root
57:28:9	كفْليْن	Obj	مفعول به	case-conflict:مفعول به
57:29:1	لئلا	sub	صلة	non-nominal-pos:NEG:صلة
57:29:5	ألا	Obj	مفعول به	non-nominal-pos:SUB:مفعول به
58:1:1	قدْ	root	root	non-nominal-pos:CERT:root
58:2:6	ما	Pred	خبر	non-nominal-pos:NEG:خبر
58:2:9	إنْ	root	root	non-nominal-pos:NEG:root
58:2:11	إلا	res	حصر	non-nominal-pos:RES:حصر
58:3:13	أن	Poss	مضاف إليه	non-nominal-pos:SUB:مضاف إليه
58:4:2	لمْ	cond	شرط	non-nominal-pos:NEG:شرط
58:4:9	أن	Poss	مضاف إليه	non-nominal-pos:SUB:مضاف إليه
58:4:12	لمْ	cond	شرط	non-nominal-pos:NEG:شرط
58:5:7	كما	gen	مجرور	non-nominal-pos:SUB:مجرور
58:5:12	وقدْ	circ	حال	non-nominal-pos:CERT:حال
58:7:1	ألمْ	intg	استفهام	non-nominal-pos:NEG:استفهام
58:7:12	ما	root	root	non-nominal-pos:NEG:root
58:7:14	من	Subj	فاعل	prep-in-nominal-slot:فاعل
58:7:17	إلا	root	root	non-nominal-pos:RES:root
58:7:18	هُو	cert	تحقيق	no-case:تحقيق:PRON
58:7:20	ولا	conj	معطوف	tabi-non-nominal:NEG:معطوف
58:7:22	إلا	root	root	non-nominal-pos:RES:root
58:7:23	هُو	cert	تحقيق	no-case:تحقيق:PRON
58:7:25	ولا	emph	توكيد	tabi-non-nominal:NEG:توكيد
58:7:29	ولا	conj	معطوف	tabi-non-nominal:NEG:معطوف
58:7:31	إلا	root	root	non-nominal-pos:RES:root
58:7:32	هُو	cert	تحقيق	no-case:تحقيق:PRON
58:7:34	أيْن	link	متعلق	non-nominal-pos:INTG:متعلق
58:7:35	ما	sup	زائد	no-case:زائد:REL
58:8:1	ألمْ	intg	استفهام	non-nominal-pos:NEG:استفهام
58:8:22	لمْ	sub	صلة	non-nominal-pos:NEG:صلة
58:8:29	لوْلا	Obj	مفعول به	non-nominal-pos:EXH:مفعول به
58:8:34	حسْبُهُمْ	Obj	مفعول به	case-conflict:مفعول به
58:9:6	فلا	Pro	نهي	non-nominal-pos:PRO:نهي
58:10:11	إلا	res	حصر	non-nominal-pos:RES:حصر
58:12:9	يدىْ	Poss	مضاف إليه	case-conflict:مضاف إليه
58:12:10	نجْوىكُمْ	Poss	مضاف إليه	case-conflict:مضاف إليه
58:12:16	فإن	root	root	non-nominal-pos:COND:root
58:12:17	لمْ	cond	شرط	non-nominal-pos:NEG:شرط
58:13:2	أن	root	root	non-nominal-pos:SUB:root
58:13:5	يدىْ	Poss	مضاف إليه	case-conflict:مضاف إليه
58:13:6	نجْوىكُمْ	Poss	مضاف إليه	case-conflict:مضاف إليه
58:13:9	لمْ	cond	شرط	non-nominal-pos:NEG:شرط
58:14:1	ألمْ	intg	استفهام	non-nominal-pos:NEG:استفهام
58:14:10	ما	App	بدل	tabi-non-nominal:NEG:بدل
58:14:13	ولا	emph	توكيد	tabi-non-nominal:NEG:توكيد
58:14:14	منْهُمْ	conj	معطوف	tabi-non-nominal:P:معطوف
58:17:1	لن	root	root	non-nominal-pos:NEG:root
58:17:5	ولا	emph	توكيد	tabi-non-nominal:NEG:توكيد
58:18:7	كما	gen	مجرور	non-nominal-pos:SUB:مجرور
58:18:14	ألا	root	root	non-nominal-pos:INC:root
58:19:10	ألا	root	root	non-nominal-pos:INC:root
58:22:1	لا	root	root	non-nominal-pos:NEG:root
58:22:13	ولوْ	root	root	non-nominal-pos:COND:root
58:22:46	ألا	root	root	non-nominal-pos:INC:root
59:2:13	مَا	root	root	non-nominal-pos:NEG:root
59:2:15	أَن	Obj	مفعول به	non-nominal-pos:SUB:مفعول به
59:2:27	لَمْ	Poss	مضاف إليه	non-nominal-pos:NEG:مضاف إليه
59:3:1	وَلَوْلَآ	root	root	non-nominal-pos:COND:root
59:3:2	أَن	cond	شرط	non-nominal-pos:SUB:شرط
59:4:6	وَمَن	root	root	non-nominal-pos:COND:root
59:5:1	مَا	root	root	non-nominal-pos:COND:root
59:6:1	وَمَآ	root	root	non-nominal-pos:COND:root
59:6:7	فَمَآ	rslt	جواب الشرط	non-nominal-pos:NEG:جواب الشرط
59:6:12	وَلَا	emph	توكيد	tabi-non-nominal:NEG:توكيد
59:7:1	مَّآ	root	root	non-nominal-pos:COND:root
59:7:17	كَىْ	root	root	non-nominal-pos:SUB:root
59:7:18	لَا	sub	صلة	non-nominal-pos:NEG:صلة
59:7:24	وَمَآ	conj	معطوف	tabi-non-nominal:COND:معطوف
59:7:26	ٱلرَّسُولُ	Subj	مفعول به	case-conflict:مفعول به
59:7:28	وَمَا	conj	معطوف	tabi-non-nominal:COND:معطوف
59:9:11	وَلَا	root	root	non-nominal-pos:NEG:root
59:9:21	وَلَوْ	circ	حال	non-nominal-pos:SUB:حال
59:9:25	وَمَن	root	root	non-nominal-pos:COND:root
59:9:29	فَأُو۟لَٰٓئِكَ	rslt	جواب الشرط	no-case:جواب الشرط:DEM
59:10:13	وَلَا	root	root	non-nominal-pos:NEG:root
59:11:1	أَلَمْ	intg	استفهام	non-nominal-pos:NEG:استفهام
59:11:13	لَئِنْ	Obj	مفعول به	non-nominal-pos:COND:مفعول به
59:11:17	وَلَا	root	root	non-nominal-pos:NEG:root
59:11:22	وَإِن	conj	معطوف	tabi-non-nominal:COND:معطوف
59:12:1	لَئِنْ	root	root	non-nominal-pos:COND:root
59:12:3	لَا	rslt	جواب الشرط	non-nominal-pos:NEG:جواب الشرط
59:12:6	وَلَئِن	conj	معطوف	tabi-non-nominal:COND:معطوف
59:12:8	لَا	rslt	جواب الشرط	non-nominal-pos:NEG:جواب الشرط
59:12:10	وَلَئِن	conj	معطوف	tabi-non-nominal:COND:معطوف
59:12:15	لَا	root	root	non-nominal-pos:NEG:root
59:13:11	لَّا	Adj	صفة	tabi-non-nominal:NEG:صفة
59:14:1	لَا	Adj	صفة	tabi-non-nominal:NEG:صفة
59:14:4	إِلَّا	res	حصر	non-nominal-pos:RES:حصر
59:14:9	مِن	conj	متعلق	tabi-non-nominal:P:متعلق
59:14:17	وَقُلُوبُهُمْ	circ	حال	case-conflict:حال
59:14:22	لَّا	Adj	صفة	tabi-non-nominal:NEG:صفة
59:16:3	إِذْ	link	متعلق	no-case:متعلق:T
59:19:1	وَلَا	root	root	non-nominal-pos:PRO:root
59:20:1	لَا	root	root	non-nominal-pos:NEG:root
59:21:1	لَوْ	root	root	non-nominal-pos:COND:root
59:22:4	لَآ	sub	صلة	non-nominal-pos:NEG:صلة
59:22:6	إِلَّا	exp	مستثني	non-nominal-pos:EXP:مستثني
59:23:4	لَآ	sub	صلة	non-nominal-pos:NEG:صلة
59:23:6	إِلَّا	exp	مستثني	non-nominal-pos:EXP:مستثني
60:1:4	لَا	root	root	non-nominal-pos:PRO:root
60:1:12	وَقَدْ	circ	حال	non-nominal-pos:CERT:حال
60:1:21	أَن	link	متعلق	non-nominal-pos:SUB:متعلق
60:1:25	إِن	root	root	non-nominal-pos:COND:root
60:1:42	وَمَن	root	root	non-nominal-pos:COND:root
60:1:45	فَقَدْ	rslt	جواب الشرط	non-nominal-pos:CERT:جواب الشرط
60:2:1	إِن	root	root	non-nominal-pos:COND:root
60:2:12	لَوْ	Obj	مفعول به	non-nominal-pos:SUB:مفعول به
60:3:1	لَن	root	root	non-nominal-pos:NEG:root
60:3:3	أَرْحَامُكُمْ	Subj	مفعول به	case-conflict:مفعول به
60:3:4	وَلَآ	emph	توكيد	tabi-non-nominal:NEG:توكيد
60:4:1	قَدْ	root	root	non-nominal-pos:CERT:root
60:4:10	إِذْ	link	متعلق	no-case:متعلق:T
60:4:16	وَمِمَّا	conj	معطوف	tabi-non-nominal:P:معطوف
60:4:33	إِلَّا	root	root	non-nominal-pos:EXP:root
60:4:39	وَمَآ	root	root	non-nominal-pos:NEG:root
60:5:2	لَا	root	root	non-nominal-pos:PRO:root
60:6:1	لَقَدْ	root	root	non-nominal-pos:CERT:root
60:6:13	وَمَن	root	root	non-nominal-pos:COND:root
60:7:3	أَن	pred <<easaa>>	خبر عسى	non-nominal-pos:SUB:خبر عسى
60:8:1	لَّا	root	root	non-nominal-pos:NEG:root
60:8:6	لَمْ	sub	صلة	non-nominal-pos:NEG:صلة
60:8:10	وَلَمْ	conj	معطوف	tabi-non-nominal:NEG:معطوف
60:8:14	أَن	root	root	non-nominal-pos:SUB:root
60:9:15	أَن	root	root	non-nominal-pos:SUB:root
60:9:17	وَمَن	root	root	non-nominal-pos:COND:root
60:9:19	فَأُو۟لَٰٓئِكَ	rslt	جواب الشرط	no-case:جواب الشرط:DEM
60:10:6	ٱلْمُؤْمِنَٰتُ	Subj	مفعول به	case-conflict:مفعول به
60:10:12	فَإِنْ	root	root	non-nominal-pos:COND:root
60:10:15	فَلَا	rslt	جواب الشرط	non-nominal-pos:PRO:جواب الشرط
60:10:19	لَا	root	root	non-nominal-pos:NEG:root
60:10:20	هُنَّ	neg	نفي	no-case:نفي:PRON
60:10:23	وَلَا	conj	معطوف	tabi-non-nominal:NEG:معطوف
60:10:24	هُمْ	neg	نفي	no-case:نفي:PRON
60:10:30	وَلَا	root	root	non-nominal-pos:NEG:root
60:10:33	أَن	root	root	non-nominal-pos:SUB:root
60:10:38	وَلَا	conj	معطوف	tabi-non-nominal:PRO:معطوف
60:11:1	وَإِن	root	root	non-nominal-pos:COND:root
60:11:19	أَنتُم	sub	صلة	no-case:صلة:PRON
60:12:5	ٱلْمُؤْمِنَٰتُ	Subj	مفعول به	case-conflict:مفعول به
60:12:8	أَن	gen	مجرور	non-nominal-pos:SUB:مجرور
60:12:9	لَّا	sub	صلة	non-nominal-pos:NEG:صلة
60:12:13	وَلَا	conj	معطوف	tabi-non-nominal:NEG:معطوف
60:12:15	وَلَا	conj	معطوف	tabi-non-nominal:NEG:معطوف
60:12:17	وَلَا	conj	معطوف	tabi-non-nominal:NEG:معطوف
60:12:20	وَلَا	conj	معطوف	tabi-non-nominal:NEG:معطوف
60:12:27	وَلَا	conj	معطوف	tabi-non-nominal:NEG:معطوف
60:13:4	لَا	root	root	non-nominal-pos:PRO:root
60:13:10	قَدْ	root	root	non-nominal-pos:CERT:root
60:13:14	كَمَا	gen	مجرور	non-nominal-pos:SUB:مجرور
61:2:4	لِمَ	gen	مجرور	non-nominal-pos:INTG:مجرور
61:2:7	لَا	sub	صلة	non-nominal-pos:NEG:صلة
61:3:5	أَن	Subj	فاعل	non-nominal-pos:SUB:فاعل
61:3:8	لَا	sub	صلة	non-nominal-pos:NEG:صلة
61:5:1	وَإِذْ	link	متعلق	no-case:متعلق:T
61:5:6	لِمَ	gen	مجرور	non-nominal-pos:INTG:مجرور
61:5:8	وَقَد	circ	حال	non-nominal-pos:CERT:حال
61:5:20	لَا	Pred	خبر	non-nominal-pos:NEG:خبر
61:6:1	وَإِذْ	link	متعلق	no-case:متعلق:T
61:7:1	وَمَنْ	root	root	non-nominal-pos:INTG:root
61:7:13	لَا	Pred	خبر	non-nominal-pos:NEG:خبر
61:8:9	وَلَوْ	root	root	non-nominal-pos:COND:root
61:9:12	وَلَوْ	root	root	non-nominal-pos:COND:root
61:10:4	هَلْ	root	root	non-nominal-pos:INTG:root
61:11:13	إِن	root	root	non-nominal-pos:COND:root
61:14:7	كَمَا	gen	مجرور	non-nominal-pos:SUB:مجرور
61:14:13	مَنْ	Pred	خبر	non-nominal-pos:INTG:خبر
61:14:14	أَنصَارِىٓ	Obj	مفعول به	case-conflict:مفعول به
62:2:15	وَإِن	-	-	absent-from-treebank:COND
62:3:3	لَمَّا	Adj	صفة	tabi-non-nominal:NEG:صفة
62:5:6	لَمْ	conj	معطوف	tabi-non-nominal:NEG:معطوف
62:5:20	لَا	Pred	خبر	non-nominal-pos:NEG:خبر
62:6:5	إِن	root	root	non-nominal-pos:COND:root
62:6:15	إِن	root	root	non-nominal-pos:COND:root
62:7:1	وَلَا	root	root	non-nominal-pos:NEG:root
62:9:19	إِن	root	root	non-nominal-pos:COND:root
62:11:17	وَمِنَ	conj	معطوف	tabi-non-nominal:P:معطوف
63:1:3	ٱلْمُنَٰفِقُونَ	Subj	مفعول به	case-conflict:مفعول به
63:3:10	لَا	Pred	خبر	non-nominal-pos:NEG:خبر
63:4:4	أَجْسَامُهُمْ	Subj	مفعول به	case-conflict:مفعول به
63:4:5	وَإِن	conj	معطوف	tabi-non-nominal:COND:معطوف
63:4:21	أَنَّىٰ	circ	حال	non-nominal-pos:INTG:حال
63:6:6	لَمْ	conj	معطوف	tabi-non-nominal:NEG:معطوف
63:6:9	لَن	root	root	non-nominal-pos:NEG:root
63:6:15	لَا	pred<<in>>	خبر إن	non-nominal-pos:NEG:خبر إن
63:7:4	لَا	Obj	مفعول به	non-nominal-pos:PRO:مفعول به
63:7:19	لَا	pred <<lakun>>	خبر لاكن	non-nominal-pos:NEG:خبر لاكن
63:8:2	لَئِن	Obj	مفعول به	non-nominal-pos:COND:مفعول به
63:8:16	لَا	pred <<lakun>>	خبر لاكن	non-nominal-pos:NEG:خبر لاكن
63:9:4	لَا	root	root	non-nominal-pos:PRO:root
63:9:6	أَمْوَٰلُكُمْ	Subj	مفعول به	case-conflict:مفعول به
63:9:7	وَلَآ	emph	توكيد	tabi-non-nominal:NEG:توكيد
63:9:12	وَمَن	root	root	non-nominal-pos:COND:root
63:9:15	فَأُو۟لَٰٓئِكَ	rslt	جواب الشرط	no-case:جواب الشرط:DEM
63:10:7	أَن	Poss	مضاف إليه	non-nominal-pos:SUB:مضاف إليه
63:10:9	أَحَدَكُمُ	Obj	فاعل	case-conflict:فاعل
63:10:13	لَوْلَآ	root	root	non-nominal-pos:EXH:root
63:11:1	وَلَن	root	root	non-nominal-pos:NEG:root
64:5:1	أَلَمْ	intg	استفهام	non-nominal-pos:NEG:استفهام
64:6:5	رُسُلُهُم	Subj	مفعول به	case-conflict:مفعول به
64:7:4	أَن	Obj	مفعول به	non-nominal-pos:SUB:مفعول به
64:7:5	لَّن	sub	صلة	non-nominal-pos:NEG:صلة
64:7:8	بَلَىٰ	Obj	مفعول به	non-nominal-pos:ANS:مفعول به
64:9:1	يَوْمَ	root	root	case-conflict:root
64:9:8	وَمَن	root	root	non-nominal-pos:COND:root
64:11:1	مَآ	root	root	non-nominal-pos:NEG:root
64:11:5	إِلَّا	res	حصر	non-nominal-pos:RES:حصر
64:11:8	وَمَن	root	root	non-nominal-pos:COND:root
64:12:5	فَإِن	root	root	non-nominal-pos:COND:root
64:13:2	لَآ	Pred	خبر	non-nominal-pos:NEG:خبر
64:13:4	إِلَّا	exp	مستثني	non-nominal-pos:EXP:مستثني
64:14:11	وَإِن	root	root	non-nominal-pos:COND:root
64:16:3	مَا	Obj	مفعول به	non-nominal-pos:SUB:مفعول به
64:16:10	وَمَن	root	root	non-nominal-pos:COND:root
64:16:14	فَأُو۟لَٰٓئِكَ	rslt	جواب الشرط	no-case:جواب الشرط:DEM
64:17:1	إِن	root	root	non-nominal-pos:COND:root
65:1:13	لَا	root	root	non-nominal-pos:PRO:root
65:1:17	وَلَا	conj	معطوف	tabi-non-nominal:PRO:معطوف
65:1:19	إِلَّآ	exp	مستثني	non-nominal-pos:EXP:مستثني
65:1:20	أَن	root	root	non-nominal-pos:SUB:root
65:1:27	وَمَن	root	root	non-nominal-pos:COND:root
65:1:31	فَقَدْ	rslt	جواب الشرط	non-nominal-pos:CERT:جواب الشرط
65:1:34	لَا	root	root	non-nominal-pos:NEG:root
65:2:25	وَمَن	root	root	non-nominal-pos:COND:root
65:3:4	لَا	Poss	مضاف إليه	non-nominal-pos:NEG:مضاف إليه
65:3:6	وَمَن	root	root	non-nominal-pos:COND:root
65:3:10	فَهُوَ	rslt	جواب الشرط	no-case:جواب الشرط:PRON
65:3:16	قَدْ	root	root	non-nominal-pos:CERT:root
65:4:7	إِنِ	root	root	non-nominal-pos:COND:root
65:4:13	لَمْ	sub	صلة	non-nominal-pos:NEG:صلة
65:4:18	أَن	Pred	خبر	non-nominal-pos:SUB:خبر
65:4:21	وَمَن	root	root	non-nominal-pos:COND:root
65:5:6	وَمَن	root	root	non-nominal-pos:COND:root
65:6:7	وَلَا	root	root	non-nominal-pos:PRO:root
65:6:11	وَإِن	root	root	non-nominal-pos:COND:root
65:6:20	فَإِنْ	root	root	non-nominal-pos:COND:root
65:6:28	وَإِن	root	root	non-nominal-pos:COND:root
65:7:6	وَمَن	root	root	non-nominal-pos:COND:root
65:7:14	لَا	root	root	non-nominal-pos:NEG:root
65:7:18	إِلَّا	exp	مستثني	non-nominal-pos:EXP:مستثني
65:10:12	قَدْ	root	root	non-nominal-pos:CERT:root
65:11:16	وَمَن	root	root	non-nominal-pos:COND:root
65:11:30	قَدْ	root	root	non-nominal-pos:CERT:root
65:12:19	وَأَنَّ	conj	معطوف	tabi-non-nominal:ACC:معطوف
65:12:21	قَدْ	pred<<an>>	خبر أن	non-nominal-pos:CERT:خبر أن
66:1:3	لِمَ	gen	مجرور	non-nominal-pos:INTG:مجرور
66:2:1	قَدْ	root	root	non-nominal-pos:CERT:root
66:3:1	وَإِذْ	link	متعلق	no-case:متعلق:T
66:3:23	مَنْ	Obj	مفعول به	non-nominal-pos:INTG:مفعول به
66:3:28	ٱلْعَلِيمُ	Subj	مفعول به	case-conflict:مفعول به
66:4:1	إِن	root	root	non-nominal-pos:COND:root
66:4:5	فَقَدْ	rslt	جواب الشرط	non-nominal-pos:CERT:جواب الشرط
66:4:8	وَإِن	conj	معطوف	tabi-non-nominal:COND:معطوف
66:5:3	إِن	root	root	non-nominal-pos:COND:root
66:5:5	أَن	Obj	مفعول به	non-nominal-pos:SUB:مفعول به
66:6:15	لَّا	Adj	صفة	tabi-non-nominal:NEG:صفة
66:7:4	لَا	root	root	non-nominal-pos:PRO:root
66:8:11	أَن	pred <<easaa>>	خبر عسى	non-nominal-pos:SUB:خبر عسى
66:8:22	لَا	Poss	مضاف إليه	non-nominal-pos:NEG:مضاف إليه
66:10:17	فَلَمْ	root	root	non-nominal-pos:NEG:root
66:11:8	إِذْ	link	متعلق	no-case:متعلق:T
67:2:6	أَيُّكُمْ	Obj	مفعول به	case-conflict:مفعول به
67:3:6	مَّا	root	root	non-nominal-pos:NEG:root
67:3:11	مِن	Obj	مفعول به	prep-in-nominal-slot:مفعول به
67:3:15	هَلْ	root	root	non-nominal-pos:INTG:root
67:5:1	وَلَقَدْ	root	root	non-nominal-pos:CERT:root
67:8:10	خَزَنَتُهَآ	Subj	مفعول به	case-conflict:مفعول به
67:8:11	أَلَمْ	intg	استفهام	non-nominal-pos:NEG:استفهام
67:9:2	بَلَىٰ	Obj	مفعول به	non-nominal-pos:ANS:مفعول به
67:9:3	قَدْ	ans	جواب	non-nominal-pos:CERT:جواب
67:9:8	مَا	Obj	مفعول به	non-nominal-pos:NEG:مفعول به
67:9:13	إِنْ	root	root	non-nominal-pos:NEG:root
67:9:14	أَنتُمْ	neg	نفي	no-case:نفي:PRON
67:9:15	إِلَّا	res	حصر	non-nominal-pos:RES:حصر
67:10:2	لَوْ	Obj	مفعول به	non-nominal-pos:COND:مفعول به
67:10:7	مَا	rslt	جواب الشرط	non-nominal-pos:NEG:جواب الشرط
67:14:1	أَلَا	intg	استفهام	non-nominal-pos:NEG:استفهام
67:16:5	أَن	Obj	مفعول به	non-nominal-pos:SUB:مفعول به
67:16:9	فَإِذَا	root	root	non-nominal-pos:SUR:root
67:16:10	هِىَ	sur	فجاءة	no-case:فجاءة:PRON
67:17:6	أَن	Obj	مفعول به	non-nominal-pos:SUB:مفعول به
67:17:11	كَيْفَ	Pred	خبر	non-nominal-pos:INTG:خبر
67:17:12	نَذِيرِ	Obj	مفعول به	case-conflict:مفعول به
67:18:1	وَلَقَدْ	root	root	non-nominal-pos:CERT:root
67:18:6	فَكَيْفَ	pred <<kan>>	خبر كان	non-nominal-pos:INTG:خبر كان
67:19:1	أَوَلَمْ	intg	استفهام	non-nominal-pos:NEG:استفهام
67:19:8	مَا	root	root	non-nominal-pos:NEG:root
67:19:10	إِلَّا	res	حصر	non-nominal-pos:RES:حصر
67:20:4	هُوَ	sub	صلة	no-case:صلة:PRON
67:20:11	إِنِ	root	root	non-nominal-pos:NEG:root
67:20:13	إِلَّا	res	حصر	non-nominal-pos:RES:حصر
67:20:14	فِى	Pred	خبر	prep-in-nominal-slot:خبر
67:21:5	إِنْ	root	root	non-nominal-pos:COND:root
67:21:8	بَل	root	root	non-nominal-pos:RET:root
67:22:1	أَفَمَن	intg	استفهام	no-case:استفهام:REL
67:25:2	مَتَىٰ	link	متعلق	non-nominal-pos:INTG:متعلق
67:25:5	إِن	Obj	مفعول به	non-nominal-pos:COND:مفعول به
67:26:6	وَإِنَّمَآ	conj	معطوف	tabi-non-nominal:ACC:معطوف
67:28:3	إِنْ	root	root	non-nominal-pos:COND:root
67:28:10	فَمَن	rslt	جواب الشرط	non-nominal-pos:INTG:جواب الشرط
67:29:3	ٱلرَّحْمَٰنُ	Pred	مفعول به	case-conflict:مفعول به
67:29:6	وَعَلَيْهِ	conj	معطوف	tabi-non-nominal:P:معطوف
67:29:11	فِى	Pred	خبر	prep-in-nominal-slot:خبر
67:30:3	إِنْ	root	root	non-nominal-pos:COND:root
67:30:7	فَمَن	rslt	جواب الشرط	non-nominal-pos:INTG:جواب الشرط
68:1:1	نٓ	root	root	non-nominal-pos:INL:root
68:2:1	مَآ	root	root	non-nominal-pos:NEG:root
68:8:1	فَلَا	root	root	non-nominal-pos:PRO:root
68:9:2	لَوْ	Obj	مفعول به	non-nominal-pos:SUB:مفعول به
68:10:1	وَلَا	root	root	non-nominal-pos:PRO:root
68:14:1	أَن	root	root	non-nominal-pos:SUB:root
68:17:3	كَمَا	gen	مجرور	non-nominal-pos:SUB:مجرور
68:17:7	إِذْ	link	متعلق	no-case:متعلق:T
68:18:1	وَلَا	root	root	non-nominal-pos:NEG:root
68:22:1	أَنِ	root	root	non-nominal-pos:INT:root
68:22:5	إِن	root	root	non-nominal-pos:COND:root
68:24:1	أَن	root	root	non-nominal-pos:INT:root
68:24:2	لَّا	int	تفسير	non-nominal-pos:PRO:تفسير
68:27:1	بَلْ	root	root	non-nominal-pos:RET:root
68:27:2	نَحْنُ	ret	اضراب	no-case:اضراب:PRON
68:28:3	أَلَمْ	intg	استفهام	non-nominal-pos:NEG:استفهام
68:28:6	لَوْلَا	root	root	non-nominal-pos:EXH:root
68:32:3	أَن	root	root	non-nominal-pos:SUB:root
68:33:6	لَوْ	root	root	non-nominal-pos:COND:root
68:36:1	مَا	root	root	non-nominal-pos:INTG:root
68:36:3	كَيْفَ	Obj	مفعول به	non-nominal-pos:INTG:مفعول به
68:40:2	أَيُّهُم	Obj	مفعول به	case-conflict:مفعول به
68:41:6	إِن	root	root	non-nominal-pos:COND:root
68:42:1	يَوْمَ	root	root	case-conflict:root
68:42:8	فَلَا	root	root	non-nominal-pos:NEG:root
68:43:5	وَقَدْ	root	root	non-nominal-pos:CERT:root
68:44:9	لَا	Poss	مضاف إليه	non-nominal-pos:NEG:مضاف إليه
68:48:4	وَلَا	root	root	non-nominal-pos:PRO:root
68:49:1	لَّوْلَآ	root	root	non-nominal-pos:COND:root
68:49:2	أَن	cond	شرط	non-nominal-pos:SUB:شرط
68:51:1	وَإِن	root	root	non-nominal-pos:CERT:root
68:52:1	وَمَا	root	root	non-nominal-pos:NEG:root
68:52:2	هُوَ	neg	نفي	no-case:نفي:PRON
68:52:3	إِلَّا	res	حصر	non-nominal-pos:RES:حصر
69:2:1	مَا	Pred	خبر	non-nominal-pos:INTG:خبر
69:3:1	وَمَآ	root	root	non-nominal-pos:INTG:root
69:3:3	مَا	Subj	فاعل	non-nominal-pos:INTG:فاعل
69:5:1	فَأَمَّا	root	root	non-nominal-pos:EXL:root
69:6:1	وَأَمَّا	conj	معطوف	tabi-non-nominal:EXL:معطوف
69:8:1	فَهَلْ	root	root	non-nominal-pos:INTG:root
69:15:1	فَيَوْمَئِذٍ	link	جواب الشرط	no-case:جواب الشرط:T
69:16:4	يَوْمَئِذٍ	link	متعلق	no-case:متعلق:T
69:17:8	يَوْمَئِذٍ	link	متعلق	no-case:متعلق:T
69:18:1	يَوْمَئِذٍ	link	متعلق	no-case:متعلق:T
69:18:3	لَا	circ	حال	non-nominal-pos:NEG:حال
69:19:1	فَأَمَّا	root	root	non-nominal-pos:EXL:root
69:19:2	مَنْ	exl	تفصيل	non-nominal-pos:COND:تفصيل
69:19:7	هَآؤُمُ	impv	أمر	non-nominal-pos:IMPN:أمر
69:22:1	فِى	App	بدل	tabi-non-nominal:P:بدل
69:25:1	وَأَمَّا	conj	معطوف	tabi-non-nominal:EXL:معطوف
69:25:2	مَنْ	exl	تفصيل	non-nominal-pos:COND:تفصيل
69:25:8	لَمْ	pred <<layt>>	خبر ليت	non-nominal-pos:NEG:خبر ليت
69:26:1	وَلَمْ	root	root	non-nominal-pos:NEG:root
69:28:1	مَآ	root	root	non-nominal-pos:NEG:root
69:33:3	لَا	pred <<kan>>	خبر كان	non-nominal-pos:NEG:خبر كان
69:34:1	وَلَا	root	root	non-nominal-pos:NEG:root
69:35:4	هَٰهُنَا	link	متعلق	no-case:متعلق:DEM
69:36:1	وَلَا	neg	نفي	non-nominal-pos:NEG:نفي
69:36:3	إِلَّا	res	حصر	non-nominal-pos:RES:حصر
69:37:1	لَّا	root	root	non-nominal-pos:NEG:root
69:37:3	إِلَّا	res	حصر	non-nominal-pos:RES:حصر
69:38:1	فَلَآ	root	root	non-nominal-pos:NEG:root
69:39:2	لَا	sub	صلة	non-nominal-pos:NEG:صلة
69:41:1	وَمَا	root	root	non-nominal-pos:NEG:root
69:42:1	وَلَا	root	root	non-nominal-pos:NEG:root
69:44:1	وَلَوْ	root	root	non-nominal-pos:COND:root
69:47:1	فَمَا	neg	نفي	non-nominal-pos:NEG:نفي
70:8:1	يَوْمَ	root	root	case-conflict:root
70:10:1	وَلَا	root	root	non-nominal-pos:NEG:root
70:11:4	لَوْ	Obj	مفعول به	non-nominal-pos:SUB:مفعول به
70:11:8	يَوْمِئِذٍۭ	link	متعلق	no-case:متعلق:T
70:15:1	كَلَّآ	root	root	non-nominal-pos:AVR:root
70:20:3	ٱلشَّرُّ	Subj	مفعول به	case-conflict:مفعول به
70:21:3	ٱلْخَيْرُ	Subj	مفعول به	case-conflict:مفعول به
70:22:1	إِلَّا	root	root	non-nominal-pos:EXP:root
70:23:2	هُمْ	sub	صلة	no-case:صلة:PRON
70:24:2	فِىٓ	Pred	خبر	prep-in-nominal-slot:خبر
70:27:2	هُم	sub	صلة	no-case:صلة:PRON
70:29:2	هُمْ	sub	صلة	no-case:صلة:PRON
70:30:1	إِلَّا	exp	مستثني	non-nominal-pos:EXP:مستثني
70:31:1	فَمَنِ	root	root	non-nominal-pos:COND:root
70:31:5	فَأُو۟لَٰٓئِكَ	rslt	جواب الشرط	no-case:جواب الشرط:DEM
70:32:2	هُمْ	sub	صلة	no-case:صلة:PRON
70:33:2	هُم	sub	صلة	no-case:صلة:PRON
70:34:2	هُمْ	sub	صلة	no-case:صلة:PRON
70:36:1	فَمَالِ	root	root	non-nominal-pos:INTG:root
70:37:3	وَعَنِ	conj	معطوف	tabi-non-nominal:P:معطوف
70:38:5	أَن	Obj	مفعول به	non-nominal-pos:SUB:مفعول به
70:39:1	كَلَّآ	root	root	non-nominal-pos:AVR:root
70:40:1	فَلَآ	root	root	non-nominal-pos:NEG:root
70:41:2	أَن	gen	مجرور	non-nominal-pos:SUB:مجرور
70:41:6	وَمَا	root	root	non-nominal-pos:NEG:root
71:1:6	أَنْ	root	root	non-nominal-pos:SUB:root
71:1:11	أَن	Poss	مضاف إليه	non-nominal-pos:SUB:مضاف إليه
71:3:1	أَنِ	root	root	non-nominal-pos:SUB:root
71:4:14	لَا	rslt	جواب الشرط	non-nominal-pos:NEG:جواب الشرط
71:4:16	لَوْ	root	root	non-nominal-pos:COND:root
71:6:1	فَلَمْ	root	root	non-nominal-pos:NEG:root
71:6:3	دُعَآءِىٓ	Subj	مفعول به	case-conflict:مفعول به
71:6:4	إِلَّا	res	حصر	non-nominal-pos:RES:حصر
71:13:1	مَّا	root	root	non-nominal-pos:INTG:root
71:13:3	لَا	circ	حال	non-nominal-pos:NEG:حال
71:14:1	وَقَدْ	root	root	non-nominal-pos:CERT:root
71:15:1	أَلَمْ	intg	استفهام	non-nominal-pos:NEG:استفهام
71:15:3	كَيْفَ	circ	حال	non-nominal-pos:INTG:حال
71:21:8	لَّمْ	sub	صلة	non-nominal-pos:NEG:صلة
71:21:10	مَالُهُۥ	Subj	مفعول به	case-conflict:مفعول به
71:21:12	إِلَّا	res	حصر	non-nominal-pos:RES:حصر
71:23:2	لَا	Obj	مفعول به	non-nominal-pos:NEG:مفعول به
71:23:5	وَلَا	conj	معطوف	tabi-non-nominal:NEG:معطوف
71:23:8	وَلَا	neg	نفي	non-nominal-pos:NEG:نفي
71:23:10	وَلَا	neg	نفي	non-nominal-pos:NEG:نفي
71:24:1	وَقَدْ	root	root	non-nominal-pos:CERT:root
71:24:4	وَلَا	root	root	non-nominal-pos:PRO:root
71:24:7	إِلَّا	res	حصر	non-nominal-pos:RES:حصر
71:25:6	فَلَمْ	root	root	non-nominal-pos:NEG:root
71:26:4	لَا	root	root	non-nominal-pos:PRO:root
71:27:2	إِن	pred<<in>>	خبر إن	non-nominal-pos:COND:خبر إن
71:27:6	وَلَا	root	root	non-nominal-pos:NEG:root
71:27:8	إِلَّا	res	حصر	non-nominal-pos:RES:حصر
71:28:11	وَلَا	root	root	non-nominal-pos:PRO:root
71:28:14	إِلَّا	res	حصر	non-nominal-pos:RES:حصر
72:2:6	وَلَن	root	root	non-nominal-pos:NEG:root
72:3:5	مَا	root	root	non-nominal-pos:NEG:root
72:3:8	وَلَا	emph	توكيد	tabi-non-nominal:NEG:توكيد
72:5:3	أَن	Obj	مفعول به	non-nominal-pos:SUB:مفعول به
72:5:4	لَّن	sub	صلة	non-nominal-pos:NEG:صلة
72:7:3	كَمَا	gen	مجرور	non-nominal-pos:SUB:مجرور
72:7:5	أَن	Obj	مفعول به	non-nominal-pos:SUB:مفعول به
72:7:6	لَّن	sub	صلة	non-nominal-pos:NEG:صلة
72:9:7	فَمَن	root	root	non-nominal-pos:COND:root
72:10:2	لَا	pred<<an>>	خبر أن	non-nominal-pos:NEG:خبر أن
72:12:3	أَن	Obj	مفعول به	non-nominal-pos:SUB:مفعول به
72:12:4	لَّن	sub	صلة	non-nominal-pos:NEG:صلة
72:12:9	وَلَن	root	root	non-nominal-pos:NEG:root
72:13:7	فَمَن	root	root	non-nominal-pos:COND:root
72:13:10	فَلَا	rslt	جواب الشرط	non-nominal-pos:NEG:جواب الشرط
72:13:13	وَلَا	emph	توكيد	tabi-non-nominal:NEG:توكيد
72:14:6	فَمَنْ	root	root	non-nominal-pos:COND:root
72:14:8	فَأُو۟لَٰٓئِكَ	rslt	جواب الشرط	no-case:جواب الشرط:DEM
72:15:1	وَأَمَّا	root	root	non-nominal-pos:EXL:root
72:16:1	وَأَلَّوِ	root	root	non-nominal-pos:SUB:root
72:17:3	وَمَن	root	root	non-nominal-pos:COND:root
72:18:4	فَلَا	root	root	non-nominal-pos:PRO:root
72:20:5	وَلَآ	root	root	non-nominal-pos:NEG:root
72:21:3	لَآ	pred<<in>>	خبر إن	non-nominal-pos:NEG:خبر إن
72:21:7	وَلَا	emph	توكيد	tabi-non-nominal:NEG:توكيد
72:22:3	لَن	pred<<in>>	خبر إن	non-nominal-pos:NEG:خبر إن
72:22:8	وَلَنْ	conj	معطوف	tabi-non-nominal:NEG:معطوف
72:23:1	إِلَّا	root	root	non-nominal-pos:EXP:root
72:23:6	وَمَن	root	root	non-nominal-pos:COND:root
72:24:1	حَتَّىٰٓ	root	root	non-nominal-pos:INC:root
72:24:2	إِذَا	inc	ابتداء	no-case:ابتداء:T
72:24:7	مَنْ	Obj	مفعول به	non-nominal-pos:INTG:مفعول به
72:25:2	إِنْ	Obj	مفعول به	non-nominal-pos:NEG:مفعول به
72:26:3	فَلَا	root	root	non-nominal-pos:NEG:root
72:27:1	إِلَّا	root	root	non-nominal-pos:EXP:root
72:27:11	وَمِنْ	conj	معطوف	tabi-non-nominal:P:معطوف
72:28:2	أَن	Obj	مفعول به	non-nominal-pos:SUB:مفعول به
72:28:3	قَدْ	sub	صلة	non-nominal-pos:CERT:صلة
72:28:9	لَدَيْهِمْ	link	متعلق	no-case:متعلق:LOC
73:2:3	إِلَّا	root	root	non-nominal-pos:EXP:root
73:9:4	لَآ	root	root	non-nominal-pos:NEG:root
73:9:6	إِلَّا	exp	مستثني	non-nominal-pos:EXP:مستثني
73:12:2	لَدَيْنَآ	link	متعلق	no-case:متعلق:LOC
73:14:1	يَوْمَ	root	root	case-conflict:root
73:15:7	كَمَآ	gen	مجرور	non-nominal-pos:SUB:مجرور
73:17:1	فَكَيْفَ	circ	حال	non-nominal-pos:INTG:حال
73:17:3	إِن	root	root	non-nominal-pos:COND:root
73:19:4	فَمَن	root	root	non-nominal-pos:COND:root
73:20:21	أَن	Obj	مفعول به	non-nominal-pos:SUB:مفعول به
73:20:22	لَّن	sub	صلة	non-nominal-pos:NEG:صلة
73:20:32	أَن	Obj	مفعول به	non-nominal-pos:SUB:مفعول به
73:20:61	وَمَا	root	root	non-nominal-pos:COND:root
74:6:1	وَلَا	root	root	non-nominal-pos:PRO:root
74:9:1	فَذَٰلِكَ	rslt	جواب الشرط	no-case:جواب الشرط:DEM
74:9:2	يَوْمَئِذٍ	link	متعلق	no-case:متعلق:T
74:15:3	أَنْ	Obj	مفعول به	non-nominal-pos:SUB:مفعول به
74:16:1	كَلَّآ	root	root	non-nominal-pos:AVR:root
74:19:2	كَيْفَ	circ	حال	non-nominal-pos:INTG:حال
74:20:3	كَيْفَ	circ	حال	non-nominal-pos:INTG:حال
74:24:2	إِنْ	Obj	مفعول به	non-nominal-pos:NEG:مفعول به
74:24:3	هَٰذَآ	neg	نفي	no-case:نفي:DEM
74:24:4	إِلَّا	res	حصر	non-nominal-pos:RES:حصر
74:25:1	إِنْ	root	root	non-nominal-pos:NEG:root
74:25:2	هَٰذَآ	neg	نفي	no-case:نفي:DEM
74:25:3	إِلَّا	res	حصر	non-nominal-pos:RES:حصر
74:27:1	وَمَآ	root	root	non-nominal-pos:INTG:root
74:27:3	مَا	Subj	فاعل	non-nominal-pos:INTG:فاعل
74:28:1	لَا	root	root	non-nominal-pos:NEG:root
74:28:3	وَلَا	conj	معطوف	tabi-non-nominal:NEG:معطوف
74:30:2	تِسْعَةَ	Pred	خبر	case-conflict:خبر
74:31:1	وَمَا	root	root	non-nominal-pos:NEG:root
74:31:5	إِلَّا	res	حصر	non-nominal-pos:RES:حصر
74:31:7	وَمَا	root	root	non-nominal-pos:NEG:root
74:31:10	إِلَّا	res	حصر	non-nominal-pos:RES:حصر
74:31:22	وَلَا	neg	root	non-nominal-pos:NEG:root
74:31:34	مَاذَآ	Obj	مفعول به	non-nominal-pos:INTG:مفعول به
74:31:47	وَمَا	root	root	non-nominal-pos:NEG:root
74:31:51	إِلَّا	res	حصر	non-nominal-pos:RES:حصر
74:31:53	وَمَا	root	root	non-nominal-pos:NEG:root
74:31:54	هِىَ	neg	نفي	no-case:نفي:PRON
74:31:55	إِلَّا	res	حصر	non-nominal-pos:RES:حصر
74:32:1	كَلَّا	root	root	non-nominal-pos:AVR:root
74:33:2	إِذْ	link	متعلق	no-case:متعلق:T
74:34:2	إِذَآ	link	متعلق	no-case:متعلق:T
74:37:4	أَن	root	root	non-nominal-pos:SUB:root
74:39:1	إِلَّآ	root	root	non-nominal-pos:EXP:root
74:42:1	مَا	root	root	non-nominal-pos:INTG:root
74:43:2	لَمْ	Obj	مفعول به	non-nominal-pos:NEG:مفعول به
74:44:1	وَلَمْ	root	root	non-nominal-pos:NEG:root
74:47:1	حَتَّىٰٓ	root	root	non-nominal-pos:INC:root
74:47:3	ٱلْيَقِينُ	Subj	مفعول به	case-conflict:مفعول به
74:48:1	فَمَا	root	root	non-nominal-pos:NEG:root
74:49:1	فَمَا	root	root	non-nominal-pos:INTG:root
74:52:1	بَلْ	root	root	non-nominal-pos:RET:root
74:52:6	أَن	Obj	مفعول به	non-nominal-pos:SUB:مفعول به
74:53:1	كَلَّا	root	root	non-nominal-pos:AVR:root
74:53:2	بَل	avr	ردع	non-nominal-pos:RET:ردع
74:53:3	لَّا	ret	اضراب	non-nominal-pos:NEG:اضراب
74:54:1	كَلَّآ	root	root	non-nominal-pos:AVR:root
74:55:1	فَمَن	root	root	non-nominal-pos:COND:root
74:56:1	وَمَا	root	root	non-nominal-pos:NEG:root
74:56:3	إِلَّآ	res	حصر	non-nominal-pos:RES:حصر
74:56:4	أَن	root	root	non-nominal-pos:SUB:root
75:1:1	لَآ	root	root	non-nominal-pos:NEG:root
75:2:1	وَلَآ	conj	معطوف	tabi-non-nominal:NEG:معطوف
75:3:3	أَلَّن	Obj	مفعول به	non-nominal-pos:SUB:مفعول به
75:4:1	بَلَىٰ	root	root	non-nominal-pos:ANS:root
75:4:4	أَن	gen	مجرور	non-nominal-pos:SUB:مجرور
75:5:1	بَلْ	root	root	non-nominal-pos:RET:root
75:6:2	أَيَّانَ	link	متعلق	non-nominal-pos:INTG:متعلق
75:6:3	يَوْمُ	Obj	مفعول به	case-conflict:مفعول به
75:10:3	يَوْمَئِذٍ	link	متعلق	no-case:متعلق:T
75:10:4	أَيْنَ	link	متعلق	non-nominal-pos:INTG:متعلق
75:10:5	ٱلْمَفَرُّ	Obj	مفعول به	case-conflict:مفعول به
75:11:1	كَلَّا	root	root	non-nominal-pos:AVR:root
75:11:2	لَا	avr	ردع	non-nominal-pos:NEG:ردع
75:12:3	يَوْمَئِذٍ	link	متعلق	no-case:متعلق:T
75:13:3	يَوْمَئِذٍۭ	link	متعلق	no-case:متعلق:T
75:14:1	بَلِ	root	root	non-nominal-pos:RET:root
75:15:1	وَلَوْ	root	root	non-nominal-pos:SUB:root
75:16:1	لَا	root	root	non-nominal-pos:PRO:root
75:20:1	كَلَّا	root	root	non-nominal-pos:AVR:root
75:20:2	بَلْ	avr	ردع	non-nominal-pos:RET:ردع
75:22:2	يَوْمَئِذٍ	link	متعلق	no-case:متعلق:T
75:24:2	يَوْمَئِذٍۭ	link	متعلق	no-case:متعلق:T
75:25:2	أَن	Obj	مفعول به	non-nominal-pos:SUB:مفعول به
75:26:1	كَلَّآ	root	root	non-nominal-pos:AVR:root
75:26:2	إِذَا	avr	ردع	no-case:ردع:T
75:27:2	مَنْ	Pass	نائب فاعل	non-nominal-pos:INTG:نائب فاعل
75:30:3	يَوْمَئِذٍ	link	متعلق	no-case:متعلق:T
75:31:1	فَلَا	root	root	non-nominal-pos:NEG:root
75:31:3	وَلَا	conj	معطوف	tabi-non-nominal:NEG:معطوف
75:32:1	وَلَٰكِن	root	root	non-nominal-pos:AMD:root
75:36:3	أَن	Obj	مفعول به	non-nominal-pos:SUB:مفعول به
75:37:1	أَلَمْ	intg	استفهام	non-nominal-pos:NEG:استفهام
75:40:5	أَن	gen	مجرور	non-nominal-pos:SUB:مجرور
76:1:1	هَلْ	root	root	non-nominal-pos:INTG:root
76:1:8	لَمْ	circ	حال	non-nominal-pos:NEG:حال
76:3:4	إِمَّا	exl	تفصيل	non-nominal-pos:EXL:تفصيل
76:3:6	وَإِمَّا	exl	تفصيل	non-nominal-pos:EXL:تفصيل
76:9:5	لَا	root	root	non-nominal-pos:NEG:root
76:9:9	وَلَا	emph	توكيد	tabi-non-nominal:NEG:توكيد
76:13:5	لَا	root	root	non-nominal-pos:NEG:root
76:13:9	وَلَا	emph	توكيد	tabi-non-nominal:NEG:توكيد
76:20:3	ثَمَّ	link	متعلق	no-case:متعلق:LOC
76:21:11	رَبُّهُمْ	Subj	مفعول به	case-conflict:مفعول به
76:24:4	وَلَا	root	root	non-nominal-pos:PRO:root
76:29:4	فَمَن	root	root	non-nominal-pos:COND:root
76:30:1	وَمَا	root	root	non-nominal-pos:NEG:root
76:30:3	إِلَّآ	res	حصر	non-nominal-pos:RES:حصر
76:30:4	أَن	root	root	non-nominal-pos:SUB:root
77:14:1	وَمَآ	root	root	non-nominal-pos:INTG:root
77:14:3	مَا	Subj	فاعل	non-nominal-pos:INTG:فاعل
77:15:2	يَوْمَئِذٍ	link	متعلق	no-case:متعلق:T
77:16:1	أَلَمْ	intg	استفهام	non-nominal-pos:NEG:استفهام
77:19:2	يَوْمَئِذٍ	link	متعلق	no-case:متعلق:T
77:20:1	أَلَمْ	intg	استفهام	non-nominal-pos:NEG:استفهام
77:24:2	يَوْمَئِذٍ	link	متعلق	no-case:متعلق:T
77:25:1	أَلَمْ	intg	استفهام	non-nominal-pos:NEG:استفهام
77:28:2	يَوْمَئِذٍ	link	متعلق	no-case:متعلق:T
77:31:1	لَّا	neg	نفي	non-nominal-pos:NEG:نفي
77:31:3	وَلَا	Adj	صفة	tabi-non-nominal:NEG:صفة
77:34:2	يَوْمَئِذٍ	link	متعلق	no-case:متعلق:T
77:35:3	لَا	Poss	مضاف إليه	non-nominal-pos:NEG:مضاف إليه
77:36:1	وَلَا	root	root	non-nominal-pos:NEG:root
77:37:2	يَوْمَئِذٍ	link	متعلق	no-case:متعلق:T
77:39:1	فَإِن	root	root	non-nominal-pos:COND:root
77:40:2	يَوْمَئِذٍ	link	متعلق	no-case:متعلق:T
77:45:2	يَوْمَئِذٍ	link	متعلق	no-case:متعلق:T
77:47:2	يَوْمَئِذٍ	link	متعلق	no-case:متعلق:T
77:48:5	لَا	rslt	جواب الشرط	non-nominal-pos:NEG:جواب الشرط
77:49:2	يَوْمَئِذٍ	link	متعلق	no-case:متعلق:T
78:3:2	هُمْ	sub	صلة	no-case:صلة:PRON
78:4:1	كَلَّا	root	root	non-nominal-pos:AVR:root
78:5:2	كَلَّا	conj	معطوف	tabi-non-nominal:AVR:معطوف
78:6:1	أَلَمْ	intg	استفهام	non-nominal-pos:NEG:استفهام
78:24:1	لَّا	Adj	صفة	tabi-non-nominal:NEG:صفة
78:24:5	وَلَا	emph	توكيد	tabi-non-nominal:NEG:توكيد
78:25:1	إِلَّا	root	root	non-nominal-pos:EXP:root
78:27:3	لَا	pred <<kan>>	خبر كان	non-nominal-pos:NEG:خبر كان
78:30:2	فَلَن	root	root	non-nominal-pos:NEG:root
78:30:4	إِلَّا	res	حصر	non-nominal-pos:RES:حصر
78:35:1	لَّا	root	root	non-nominal-pos:NEG:root
78:35:5	وَلَا	emph	توكيد	tabi-non-nominal:NEG:توكيد
78:37:7	لَا	root	root	non-nominal-pos:NEG:root
78:38:1	يَوْمَ	root	root	case-conflict:root
78:38:6	لَّا	root	root	non-nominal-pos:NEG:root
78:38:8	إِلَّا	root	root	non-nominal-pos:EXP:root
78:39:4	فَمَن	root	root	non-nominal-pos:COND:root
79:8:2	يَوْمَئِذٍ	link	متعلق	no-case:متعلق:T
79:11:1	أَءِذَا	intg	استفهام	no-case:استفهام:T
79:12:2	تِلْكَ	ans	جواب	no-case:جواب:DEM
79:12:3	إِذًا	Obj	مفعول به	non-nominal-pos:ANS:مفعول به
79:14:1	فَإِذَا	root	root	non-nominal-pos:SUR:root
79:14:2	هُم	sur	فجاءة	no-case:فجاءة:PRON
79:15:1	هَلْ	root	root	non-nominal-pos:INTG:root
79:16:1	إِذْ	link	متعلق	no-case:متعلق:T
79:18:2	هَل	Obj	مفعول به	non-nominal-pos:INTG:مفعول به
79:18:5	أَن	gen	مجرور	non-nominal-pos:SUB:مجرور
79:27:1	ءَأَنتُمْ	intg	استفهام	no-case:استفهام:PRON
79:35:1	يَوْمَ	root	root	case-conflict:root
79:37:1	فَأَمَّا	root	root	non-nominal-pos:EXL:root
79:37:2	مَن	exl	تفصيل	non-nominal-pos:COND:تفصيل
79:40:1	وَأَمَّا	root	root	non-nominal-pos:EXL:root
79:40:2	مَنْ	exl	تفصيل	non-nominal-pos:COND:تفصيل
79:42:4	أَيَّانَ	link	متعلق	no-case:متعلق:T
79:42:5	مُرْسَىٰهَا	Obj	مفعول به	case-conflict:مفعول به
79:46:4	لَمْ	pred <<ka'ana>>	خبر كأن	non-nominal-pos:NEG:خبر كأن
79:46:6	إِلَّا	res	حصر	non-nominal-pos:RES:حصر
80:2:1	أَن	root	root	non-nominal-pos:SUB:root
80:3:1	وَمَا	root	root	non-nominal-pos:INTG:root
80:5:1	أَمَّا	root	root	non-nominal-pos:EXL:root
80:5:2	مَنِ	exl	تفصيل	non-nominal-pos:COND:تفصيل
80:6:1	فَأَنتَ	rslt	جواب الشرط	no-case:جواب الشرط:PRON
80:7:1	وَمَا	root	root	non-nominal-pos:NEG:root
80:7:3	أَلَّا	root	root	non-nominal-pos:SUB:root
80:8:1	وَأَمَّا	root	root	non-nominal-pos:EXL:root
80:8:2	مَن	exl	تفصيل	non-nominal-pos:COND:تفصيل
80:10:1	فَأَنتَ	rslt	جواب الشرط	no-case:جواب الشرط:PRON
80:11:1	كَلَّآ	root	root	non-nominal-pos:AVR:root
80:12:1	فَمَن	root	root	non-nominal-pos:COND:root
80:17:3	مَآ	root	root	non-nominal-pos:INTG:root
80:18:2	أَىِّ	gen	مجرور	case-conflict:مجرور
80:23:1	كَلَّا	root	root	non-nominal-pos:AVR:root
80:23:2	لَمَّا	avr	ردع	non-nominal-pos:NEG:ردع
80:34:1	يَوْمَ	root	root	case-conflict:root
80:37:4	يَوْمَئِذٍ	link	متعلق	no-case:متعلق:T
80:38:2	يَوْمَئِذٍ	link	متعلق	no-case:متعلق:T
80:40:2	يَوْمَئِذٍ	link	متعلق	no-case:متعلق:T
81:15:1	فَلَآ	root	root	non-nominal-pos:NEG:root
81:17:2	إِذَا	link	متعلق	no-case:متعلق:T
81:18:2	إِذَا	link	متعلق	no-case:متعلق:T
81:21:2	ثَمَّ	-	-	absent-from-treebank:LOC
81:22:1	وَمَا	root	root	non-nominal-pos:NEG:root
81:23:1	وَلَقَدْ	root	root	non-nominal-pos:CERT:root
81:24:1	وَمَا	root	root	non-nominal-pos:NEG:root
81:25:1	وَمَا	conj	معطوف	tabi-non-nominal:NEG:معطوف
81:26:1	فَأَيْنَ	Obj	مفعول به	non-nominal-pos:INTG:مفعول به
81:27:1	إِنْ	root	root	non-nominal-pos:NEG:root
81:27:2	هُوَ	neg	نفي	no-case:نفي:PRON
81:27:3	إِلَّا	res	حصر	non-nominal-pos:RES:حصر
81:28:4	أَن	Obj	مفعول به	non-nominal-pos:SUB:مفعول به
81:29:1	وَمَا	root	root	non-nominal-pos:NEG:root
81:29:3	إِلَّآ	res	حصر	non-nominal-pos:RES:حصر
81:29:4	أَن	root	root	non-nominal-pos:SUB:root
82:9:1	كَلَّا	root	root	non-nominal-pos:AVR:root
82:9:2	بَلْ	avr	ردع	non-nominal-pos:RET:ردع
82:14:1	وَإِنَّ	conj	معطوف	tabi-non-nominal:ACC:معطوف
82:16:1	وَمَا	root	root	non-nominal-pos:NEG:root
82:17:1	وَمَآ	root	root	non-nominal-pos:INTG:root
82:17:3	مَا	Obj	مفعول به	non-nominal-pos:INTG:مفعول به
82:18:2	مَآ	root	root	non-nominal-pos:INTG:root
82:18:4	مَا	Obj	مفعول به	non-nominal-pos:INTG:مفعول به
82:19:2	لَا	Poss	مضاف إليه	non-nominal-pos:NEG:مضاف إليه
82:19:8	يَوْمَئِذٍ	link	متعلق	no-case:متعلق:T
83:2:2	إِذَا	sub	صلة	no-case:صلة:T
83:4:1	أَلَا	intg	استفهام	non-nominal-pos:NEG:استفهام
83:6:1	يَوْمَ	root	root	case-conflict:root
83:7:1	كَلَّآ	root	root	non-nominal-pos:AVR:root
83:8:1	وَمَآ	root	root	non-nominal-pos:INTG:root
83:8:3	مَا	Obj	مفعول به	non-nominal-pos:INTG:مفعول به
83:10:2	يَوْمَئِذٍ	link	متعلق	no-case:متعلق:T
83:12:1	وَمَا	root	root	non-nominal-pos:NEG:root
83:12:4	إِلَّا	res	حصر	non-nominal-pos:RES:حصر
83:14:1	كَلَّا	root	root	non-nominal-pos:AVR:root
83:14:2	بَلْ	avr	ردع	non-nominal-pos:RET:ردع
83:15:1	كَلَّآ	root	root	non-nominal-pos:AVR:root
83:15:5	يَوْمَئِذٍ	link	متعلق	no-case:متعلق:T
83:18:1	كَلَّآ	root	root	non-nominal-pos:AVR:root
83:19:1	وَمَآ	root	root	non-nominal-pos:INTG:root
83:19:3	مَا	Obj	مفعول به	non-nominal-pos:INTG:مفعول به
83:23:1	عَلَى	pred<<in>>	خبر إن	prep-in-nominal-slot:خبر إن
83:33:1	وَمَآ	root	root	non-nominal-pos:NEG:root
83:36:1	هَلْ	root	root	non-nominal-pos:INTG:root
84:7:1	فَأَمَّا	root	root	non-nominal-pos:EXL:root
84:7:2	مَنْ	exl	تفصيل	non-nominal-pos:COND:تفصيل
84:8:1	فَسَوْفَ	fut	استقبال	non-nominal-pos:FUT:استقبال
84:10:1	وَأَمَّا	root	root	non-nominal-pos:EXL:root
84:10:2	مَنْ	exl	تفصيل	non-nominal-pos:COND:تفصيل
84:11:1	فَسَوْفَ	fut	استقبال	non-nominal-pos:FUT:استقبال
84:14:3	أَن	Obj	مفعول به	non-nominal-pos:SUB:مفعول به
84:14:4	لَّن	sub	صلة	non-nominal-pos:NEG:صلة
84:15:1	بَلَىٰٓ	root	root	non-nominal-pos:ANS:root
84:16:1	فَلَآ	root	root	non-nominal-pos:NEG:root
84:18:2	إِذَا	link	متعلق	no-case:متعلق:T
84:19:3	عَن	Adj	صفة	tabi-non-nominal:P:صفة
84:20:1	فَمَا	root	root	non-nominal-pos:INTG:root
84:20:3	لَا	circ	حال	non-nominal-pos:NEG:حال
84:21:5	لَا	rslt	جواب الشرط	non-nominal-pos:NEG:جواب الشرط
84:22:1	بَلِ	root	root	non-nominal-pos:RET:root
84:22:2	ٱلَّذِينَ	ret	اضراب	no-case:اضراب:REL
84:25:1	إِلَّا	root	root	non-nominal-pos:EXP:root
85:6:1	إِذْ	link	متعلق	no-case:متعلق:T
85:6:2	هُمْ	cond	شرط	no-case:شرط:PRON
85:8:1	وَمَا	root	root	non-nominal-pos:NEG:root
85:8:4	إِلَّآ	res	حصر	non-nominal-pos:RES:حصر
85:8:5	أَن	Obj	مفعول به	non-nominal-pos:SUB:مفعول به
85:10:7	لَمْ	conj	معطوف	tabi-non-nominal:NEG:معطوف
85:17:1	هَلْ	root	root	non-nominal-pos:INTG:root
85:19:1	بَلِ	root	root	non-nominal-pos:RET:root
85:19:2	ٱلَّذِينَ	ret	اضراب	no-case:اضراب:REL
86:2:1	وَمَآ	root	root	non-nominal-pos:INTG:root
86:2:3	مَا	Obj	مفعول به	non-nominal-pos:INTG:مفعول به
86:4:1	إِن	root	root	non-nominal-pos:NEG:root
86:4:4	لَّمَّا	exp	مستثني	non-nominal-pos:EXP:مستثني
86:9:1	يَوْمَ	root	root	case-conflict:root
86:10:1	فَمَا	root	root	non-nominal-pos:NEG:root
86:10:5	وَلَا	emph	توكيد	tabi-non-nominal:NEG:توكيد
86:14:1	وَمَا	root	root	non-nominal-pos:NEG:root
87:6:2	فَلَا	root	root	non-nominal-pos:NEG:root
87:7:1	إِلَّا	root	root	non-nominal-pos:EXP:root
87:9:2	إِن	root	root	non-nominal-pos:COND:root
87:13:2	لَا	root	root	non-nominal-pos:NEG:root
87:13:5	وَلَا	conj	معطوف	tabi-non-nominal:NEG:معطوف
87:14:1	قَدْ	root	root	non-nominal-pos:CERT:root
87:16:1	بَلْ	root	root	non-nominal-pos:RET:root
88:1:1	هَلْ	root	root	non-nominal-pos:INTG:root
88:2:2	يَوْمَئِذٍ	link	متعلق	no-case:متعلق:T
88:6:4	إِلَّا	exp	مستثني	non-nominal-pos:EXP:مستثني
88:7:1	لَّا	root	root	non-nominal-pos:NEG:root
88:7:3	وَلَا	conj	معطوف	tabi-non-nominal:NEG:معطوف
88:8:2	يَوْمَئِذٍ	link	متعلق	no-case:متعلق:T
88:11:1	لَّا	root	root	non-nominal-pos:NEG:root
88:17:1	أَفَلَا	intg	استفهام	non-nominal-pos:NEG:استفهام
88:17:5	كَيْفَ	circ	حال	non-nominal-pos:INTG:حال
88:18:3	كَيْفَ	circ	حال	non-nominal-pos:INTG:حال
88:19:3	كَيْفَ	circ	حال	non-nominal-pos:INTG:حال
88:20:3	كَيْفَ	circ	حال	non-nominal-pos:INTG:حال
88:23:1	إِلَّا	root	root	non-nominal-pos:EXP:root
89:4:2	إِذَا	link	متعلق	no-case:متعلق:T
89:5:1	هَلْ	root	root	non-nominal-pos:INTG:root
89:6:1	أَلَمْ	intg	استفهام	non-nominal-pos:NEG:استفهام
89:6:3	كَيْفَ	circ	حال	non-nominal-pos:INTG:حال
89:8:2	لَمْ	sub	صلة	non-nominal-pos:NEG:صلة
89:15:1	فَأَمَّا	root	root	non-nominal-pos:EXL:root
89:15:4	مَا	sup	زائد	non-nominal-pos:SUP:زائد
89:15:10	رَبِّىٓ	Obj	مفعول به	case-conflict:مفعول به
89:16:1	وَأَمَّآ	root	root	non-nominal-pos:EXL:root
89:16:2	إِذَا	exl	تفصيل	no-case:تفصيل:T
89:16:3	مَا	sup	زائد	non-nominal-pos:SUP:زائد
89:16:9	رَبِّىٓ	Obj	مفعول به	case-conflict:مفعول به
89:17:1	كَلَّا	root	root	non-nominal-pos:AVR:root
89:17:2	بَل	avr	ردع	non-nominal-pos:RET:ردع
89:17:3	لَّا	ret	اضراب	non-nominal-pos:NEG:اضراب
89:18:1	وَلَا	conj	معطوف	tabi-non-nominal:NEG:معطوف
89:21:1	كَلَّآ	root	root	non-nominal-pos:AVR:root
89:21:2	إِذَا	avr	ردع	no-case:ردع:T
89:23:2	يَوْمَئِذٍۭ	link	متعلق	no-case:متعلق:T
89:23:4	يَوْمَئِذٍ	link	متعلق	no-case:متعلق:T
89:23:7	وَأَنَّىٰ	link	متعلق	non-nominal-pos:INTG:متعلق
89:25:1	فَيَوْمَئِذٍ	link	متعلق	no-case:متعلق:T
89:25:2	لَّا	root	root	non-nominal-pos:NEG:root
89:26:1	وَلَا	conj	معطوف	tabi-non-nominal:NEG:معطوف
90:1:1	لَآ	root	root	non-nominal-pos:NEG:root
90:4:1	لَقَدْ	root	root	non-nominal-pos:CERT:root
90:5:2	أَن	Obj	مفعول به	non-nominal-pos:SUB:مفعول به
90:5:3	لَّن	sub	صلة	non-nominal-pos:NEG:صلة
90:7:2	أَن	Obj	مفعول به	non-nominal-pos:SUB:مفعول به
90:7:3	لَّمْ	sub	صلة	non-nominal-pos:NEG:صلة
90:8:1	أَلَمْ	intg	استفهام	non-nominal-pos:NEG:استفهام
90:11:1	فَلَا	root	root	non-nominal-pos:NEG:root
90:12:1	وَمَآ	root	root	non-nominal-pos:INTG:root
90:12:3	مَا	Obj	مفعول به	non-nominal-pos:INTG:مفعول به
91:2:2	إِذَا	link	متعلق	no-case:متعلق:T
91:3:2	إِذَا	link	متعلق	no-case:متعلق:T
91:4:2	إِذَا	link	متعلق	no-case:متعلق:T
91:9:1	قَدْ	root	root	non-nominal-pos:CERT:root
91:10:1	وَقَدْ	cert	تحقيق	non-nominal-pos:CERT:تحقيق
91:12:1	إِذِ	link	متعلق	no-case:متعلق:T
91:15:1	وَلَا	root	root	non-nominal-pos:NEG:root
92:1:2	إِذَا	link	متعلق	no-case:متعلق:T
92:2:2	إِذَا	link	متعلق	no-case:متعلق:T
92:5:1	فَأَمَّا	root	root	non-nominal-pos:EXL:root
92:5:2	مَنْ	exl	تفصيل	non-nominal-pos:COND:تفصيل
92:8:1	وَأَمَّا	root	root	non-nominal-pos:EXL:root
92:8:2	مَنۢ	exl	تفصيل	non-nominal-pos:COND:تفصيل
92:11:1	وَمَا	root	root	non-nominal-pos:NEG:root
92:13:1	وَإِنَّ	conj	معطوف	tabi-non-nominal:ACC:معطوف
92:15:1	لَا	root	root	non-nominal-pos:NEG:root
92:15:3	إِلَّا	res	حصر	non-nominal-pos:RES:حصر
92:19:1	وَمَا	root	root	non-nominal-pos:NEG:root
92:20:1	إِلَّا	root	root	non-nominal-pos:EXP:root
92:21:1	وَلَسَوْفَ	fut	استقبال	non-nominal-pos:FUT:استقبال
93:2:2	إِذَا	link	متعلق	no-case:متعلق:T
93:3:1	مَا	root	root	non-nominal-pos:NEG:root
93:3:4	وَمَا	conj	معطوف	tabi-non-nominal:NEG:معطوف
93:5:1	وَلَسَوْفَ	fut	استقبال	non-nominal-pos:FUT:استقبال
93:6:1	أَلَمْ	intg	استفهام	non-nominal-pos:NEG:استفهام
93:9:1	فَأَمَّا	exl	تفصيل	non-nominal-pos:EXL:تفصيل
93:9:3	فَلَا	root	root	non-nominal-pos:PRO:root
93:10:1	وَأَمَّا	exl	تفصيل	non-nominal-pos:EXL:تفصيل
93:10:3	فَلَا	root	root	non-nominal-pos:PRO:root
93:11:1	وَأَمَّا	exl	تفصيل	non-nominal-pos:EXL:تفصيل
94:1:1	أَلَمْ	intg	استفهام	non-nominal-pos:NEG:استفهام
94:5:2	مَعَ	pred<<in>>	خبر إن	prep-in-nominal-slot:خبر إن
94:6:2	مَعَ	pred<<in>>	خبر إن	prep-in-nominal-slot:خبر إن
95:4:1	لَقَدْ	root	root	non-nominal-pos:CERT:root
95:6:1	إِلَّا	root	root	non-nominal-pos:EXP:root
95:7:1	فَمَا	root	root	non-nominal-pos:INTG:root
95:7:3	بَعْدُ	link	متعلق	no-case:متعلق:T
96:5:4	لَمْ	sub	صلة	non-nominal-pos:NEG:صلة
96:6:1	كَلَّآ	root	root	non-nominal-pos:AVR:root
96:7:1	أَن	root	root	non-nominal-pos:SUB:root
96:11:2	إِن	Obj	مفعول به	non-nominal-pos:COND:مفعول به
96:13:2	إِن	Obj	مفعول به	non-nominal-pos:COND:مفعول به
96:14:1	أَلَمْ	intg	استفهام	non-nominal-pos:NEG:استفهام
96:15:1	كَلَّا	root	root	non-nominal-pos:AVR:root
96:15:2	لَئِن	avr	ردع	non-nominal-pos:COND:ردع
96:15:3	لَّمْ	cond	شرط	non-nominal-pos:NEG:شرط
96:19:1	كَلَّا	root	root	non-nominal-pos:AVR:root
96:19:2	لَا	avr	ردع	non-nominal-pos:PRO:ردع
97:2:1	وَمَآ	root	root	non-nominal-pos:INTG:root
97:2:3	مَا	Obj	مفعول به	non-nominal-pos:INTG:مفعول به
98:1:1	لَمْ	root	root	non-nominal-pos:NEG:root
98:4:1	وَمَا	root	root	non-nominal-pos:NEG:root
98:4:6	إِلَّا	root	root	non-nominal-pos:CERT:root
98:5:1	وَمَآ	root	root	non-nominal-pos:NEG:root
98:5:3	إِلَّا	link	متعلق	non-nominal-pos:CERT:متعلق
99:3:3	مَا	Obj	مفعول به	non-nominal-pos:INTG:مفعول به
99:4:1	يَوْمَئِذٍ	link	متعلق	no-case:متعلق:T
99:6:1	يَوْمَئِذٍ	link	متعلق	no-case:متعلق:T
99:7:1	فَمَن	root	root	non-nominal-pos:COND:root
99:8:1	وَمَن	conj	معطوف	tabi-non-nominal:COND:معطوف
100:7:1	وَإِنَّهُۥ	conj	معطوف	tabi-non-nominal:ACC:معطوف
100:8:1	وَإِنَّهُۥ	conj	معطوف	tabi-non-nominal:ACC:معطوف
100:9:1	أَفَلَا	intg	استفهام	non-nominal-pos:NEG:استفهام
100:11:4	يَوْمَئِذٍ	link	متعلق	no-case:متعلق:T
101:2:1	مَا	Pred	خبر	non-nominal-pos:INTG:خبر
101:3:1	وَمَآ	root	root	non-nominal-pos:INTG:root
101:3:3	مَا	Obj	مفعول به	non-nominal-pos:INTG:مفعول به
101:4:1	يَوْمَ	root	root	case-conflict:root
101:6:1	فَأَمَّا	root	root	non-nominal-pos:EXL:root
101:6:2	مَن	exl	تفصيل	non-nominal-pos:COND:تفصيل
101:7:1	فَهُوَ	rslt	جواب الشرط	no-case:جواب الشرط:PRON
101:8:1	وَأَمَّا	conj	معطوف	tabi-non-nominal:EXL:معطوف
101:8:2	مَنْ	exl	تفصيل	non-nominal-pos:COND:تفصيل
101:10:1	وَمَآ	root	root	non-nominal-pos:INTG:root
101:10:3	مَا	Obj	مفعول به	non-nominal-pos:INTG:مفعول به
102:2:1	حَتَّىٰ	root	root	non-nominal-pos:INC:root
102:3:1	كَلَّا	root	root	non-nominal-pos:AVR:root
102:3:2	سَوْفَ	fut	استقبال	non-nominal-pos:FUT:استقبال
102:4:2	كَلَّا	conj	معطوف	tabi-non-nominal:AVR:معطوف
102:4:3	سَوْفَ	fut	استقبال	non-nominal-pos:FUT:استقبال
102:5:1	كَلَّا	root	root	non-nominal-pos:AVR:root
102:5:2	لَوْ	avr	ردع	non-nominal-pos:COND:ردع
102:8:3	يَوْمَئِذٍ	link	متعلق	no-case:متعلق:T
103:3:1	إِلَّا	root	root	non-nominal-pos:EXP:root
104:4:1	كَلَّا	root	root	non-nominal-pos:AVR:root
104:5:1	وَمَآ	root	root	non-nominal-pos:INTG:root
104:5:3	مَا	Obj	مفعول به	non-nominal-pos:INTG:مفعول به
105:1:1	أَلَمْ	intg	استفهام	non-nominal-pos:NEG:استفهام
105:1:3	كَيْفَ	circ	حال	non-nominal-pos:INTG:حال
105:2:1	أَلَمْ	intg	استفهام	non-nominal-pos:NEG:استفهام
107:3:1	وَلَا	root	root	non-nominal-pos:NEG:root
107:5:2	هُمْ	sub	صلة	no-case:صلة:PRON
107:6:2	هُمْ	sub	صلة	no-case:صلة:PRON
109:2:1	لَآ	root	root	non-nominal-pos:NEG:root
109:3:1	وَلَآ	root	root	non-nominal-pos:NEG:root
109:3:2	أَنتُمْ	neg	نفي	no-case:نفي:PRON
109:4:1	وَلَآ	root	root	non-nominal-pos:NEG:root
109:4:2	أَنَا۠	neg	نفي	no-case:نفي:PRON
109:5:1	وَلَآ	root	root	non-nominal-pos:NEG:root
109:5:2	أَنتُمْ	neg	نفي	no-case:نفي:PRON
111:2:1	مَآ	root	root	non-nominal-pos:NEG:root
111:5:3	حَبْلٌ	circ	حال	case-conflict:حال
112:3:1	لَمْ	root	root	non-nominal-pos:NEG:root
112:3:3	وَلَمْ	conj	معطوف	tabi-non-nominal:NEG:معطوف
112:4:1	وَلَمْ	root	root	non-nominal-pos:NEG:root
113:3:1	وَمِن	conj	معطوف	tabi-non-nominal:P:معطوف
113:3:4	إِذَا	link	متعلق	no-case:متعلق:T
113:4:1	وَمِن	conj	معطوف	tabi-non-nominal:P:معطوف
113:5:1	وَمِن	conj	معطوف	tabi-non-nominal:P:معطوف
113:5:4	إِذَا	link	متعلق	no-case:متعلق:T
