root_normalized,root_raw,asl_text,asl_preamble,asl_count,asl_status,source,edition,confidence
اب,أب,المرعى ||| القصد والتهيؤ,اعلم أن للهمزة والباء في المضاعف أصلين,2,has_asl,maqayis_openiti,Harun_DarAlFikr,high
ابت,أبت,الهمزة والباء والتاء أصل واحد، وهو الحر وشدته,,1,has_asl,maqayis_openiti,Harun_DarAlFikr,high
ابث,أبث,,,0,no_asl,maqayis_openiti,Harun_DarAlFikr,high
ابد,أبد,الهمزة والباء والدال يدل بناؤها على طول المدة، وعلى التوحش,,1,has_asl,maqayis_openiti,Harun_DarAlFikr,high
ابر,أبر,الهمزة والباء والراء يدل بناؤها على نخس الشيء بشيء محدد,,1,has_asl,maqayis_openiti,Harun_DarAlFikr,high
ابز,أبز,الهمزة والباء والزاء يدل على القلق والسرعة وقلة الاستقرار,,1,has_asl,maqayis_openiti,Harun_DarAlFikr,high
ابس,أبس,الهمزة والباء والسين تدل على القهر، يقال منه أبس الرجل الرجل: إذا قهره,,1,has_asl,maqayis_openiti,Harun_DarAlFikr,high
ابش,أبش,الهمزة والباء والشين ليس بأصل، لأن الهمزة فيه مبدلة من هاء,,1,has_asl,maqayis_openiti,Harun_DarAlFikr,high
ابض,أبض,الهمزة والباء والضاد تدل على الدهر، وعلى شيء من أرفاغ البطن,,1,has_asl,maqayis_openiti,Harun_DarAlFikr,high
ابط,أبط,الهمزة والباء والطاء أصل واحد، وهو إبط الإنسان أو استعارة في غيره,,1,has_asl,maqayis_openiti,Harun_DarAlFikr,high
ابق,أبق,الهمزة والباء والقاف يدل على إباق العبد، والتشدد في الأمر,,1,has_asl,maqayis_openiti,Harun_DarAlFikr,high
ابك,أبك,الهمزة والباء والكاف أصل واحد، وهو السمن، يقال: أبك الرجل: إذا سمن,,1,has_asl,maqayis_openiti,Harun_DarAlFikr,high
ابل,أبل,الهمزة والباء واللام بناء على أصول ثلاثة: [على] الإبل، وعلى الاجتزاء، وعلى الثقل، و [على] الغلبة,,3,has_asl,maqayis_openiti,Harun_DarAlFikr,high
ابن,أبن,الهمزة والباء والنون يدل على الذكر، وعلى العقد، وقفو الشيء,,1,has_asl,maqayis_openiti,Harun_DarAlFikr,high
ابه,أبه,الهمزة والباء والهاء يدل على النباهة والسمو,,1,has_asl,maqayis_openiti,Harun_DarAlFikr,high
ابو,أبو,الهمزة والباء والواو يدل على التربية والغذو,,1,has_asl,maqayis_openiti,Harun_DarAlFikr,high
ابي,أبي,الهمزة والباء والياء يدل على الامتناع,,1,has_asl,maqayis_openiti,Harun_DarAlFikr,high
ات,أت,قال ابن دريد: أته يؤته:: إذا غلبه بالكلام، أو بكته بالحجة، ولم يأت في الباب غير هذا، وأحسب الهمزة منقلبة عن عين,,1,parse_uncertain,maqayis_openiti,Harun_DarAlFikr,low
اتب,أتب,الهمزة والتاء والباء أصل واحد، وهو شيء يشتمل به الإبط، قميص غير مخيط الجانبين,,1,has_asl,maqayis_openiti,Harun_DarAlFikr,high
اتل,أتل,الهمزة والتاء واللام يدل على أصل واحد، وهو البطء والتثاقل,,1,has_asl,maqayis_openiti,Harun_DarAlFikr,high
اتم,أتم,الهمزة والتاء والميم يدل على انضمام الشيء بعضه إلى بعض، الأتم في الخرز أن تتفتق خرزتان فتصيرا واحدة,,1,has_asl,maqayis_openiti,Harun_DarAlFikr,high
اتن,أتن,الهمزة والتاء والنون أصل واحد، وهو الأنثى من الحمر، أو شيء استعير له هذا الاسم,,1,has_asl,maqayis_openiti,Harun_DarAlFikr,high
اته,أته,الهمزة والتاء والهاء، يقال: إن التأته الكبر والخيلاء,,1,parse_uncertain,maqayis_openiti,Harun_DarAlFikr,low
اتو,أتو,الهمزة والتاء والواو والألف والياء يدل على مجيء الشيء وإصحابه وطاعته,,1,has_asl,maqayis_openiti,Harun_DarAlFikr,high
اتي,أتي,تقول: أتاني فلان إتيانا وأتيا وأتية وأتوة واحدة، ولا يقال: إتيانة واحدة إلا في اضطرار شاعر، وهو قبيح لأن المصادر كلها إذا جعلت واحدة ردت إلى بناء فعلها، وذلك إذا كان الفعل على فعل، فإذا دخلت في الفعل زيادات فوق ذلك أدخلت فيها زياداتها في الواحدة، كقولنا إقبالة واحدة,,1,parse_uncertain,maqayis_openiti,Harun_DarAlFikr,low
اث,أث,هذا باب يتفرع من الاجتماع واللين، وهو أصل و,,1,has_asl,maqayis_openiti,Harun_DarAlFikr,high
اثر,أثر,الهمزة والثاء والراء، له ثلاثة أصول: تقديم الشيء، وذكر الشيء، ورسم الشيء الباقي,,3,has_asl,maqayis_openiti,Harun_DarAlFikr,high
اثف,أثف,الهمزة والثاء والفاء يدل على التجمع والثبات,,1,has_asl,maqayis_openiti,Harun_DarAlFikr,high
اثل,أثل,الهمزة والثاء واللام يدل على أصل الشيء وتجمعه,,1,has_asl,maqayis_openiti,Harun_DarAlFikr,high
اثم,أثم,الهمزة والثاء والميم تدل على أصل واحد، وهو البطء والتأخر,,1,has_asl,maqayis_openiti,Harun_DarAlFikr,high
اثن,أثن,الهمزة والثاء والنون ليس بأصل، وإنما جاءت فيه كلمة من الإبدال، يقولون الأثن لغة في الوثن,,1,has_asl,maqayis_openiti,Harun_DarAlFikr,high
اثوى,أثوى,الهمزة والثاء والواو والياء أصل واحد، تختلط الواو فيه بالياء، ويقولون أثى عليه يأثي إثاوة وإثاية وأثوا وأثيا: إذا نم عليه,,1,has_asl,maqayis_openiti,Harun_DarAlFikr,high
اج,أج,وأما الهمزة والجيم فلها أصلان: الحفيف، والشدة إما حرا وإما ملوحة,,2,has_asl,maqayis_openiti,Harun_DarAlFikr,high
اجا,أجأ,جبل لطي,,1,parse_uncertain,maqayis_openiti,Harun_DarAlFikr,low
اجح,أجح,الهمزة والجيم والحاء فرع ليس بأصل، وذلك أن الهمزة فيه مبدلة من واو، فالأجاح: الستر، وأصله وجاح,,1,has_asl,maqayis_openiti,Harun_DarAlFikr,high
اجد,أجد,الهمزة والجيم والدال أصل واحد، وهو الشيء المعقود، وذلك أن الإجاد الطاق الذي يعقد في البناء، ولذلك قيل ناقة أجد,,1,has_asl,maqayis_openiti,Harun_DarAlFikr,high
اجر,أجر,الكراء على العمل ||| جبر العظم الكسير,الهمزة والجيم والراء أصلان يمكن الجمع بينهما بالمعنى,2,has_asl,maqayis_openiti,Harun_DarAlFikr,high
اجص,أجص,الهمزة والجيم والصاد ليست أصلا، لأنه لم يجئ عليها إلا الإجاص,,1,has_asl,maqayis_openiti,Harun_DarAlFikr,high
اجل,أجل,اعلم أن الهمزة والجيم واللام يدل على خمس كلمات متباينة، لا يكاد يمكن حمل واحدة على واحدة من جهة القياس، فكل واحدة أصل في نفسها,,1,has_asl,maqayis_openiti,Harun_DarAlFikr,high
اجم,أجم,الهمزة والجيم والميم لا يخلو من التجمع والشدة,,1,parse_uncertain,maqayis_openiti,Harun_DarAlFikr,low
اجن,أجن,الهمزة والجيم والنون كلمة واحدة,,1,parse_uncertain,maqayis_openiti,Harun_DarAlFikr,low
اح,أح,وللهمزة والحاء أصل واحد، وهو حكاية السعال وما أشبهه من عطش وغيظ، وكله قريب بعضه من بعض,,1,has_asl,maqayis_openiti,Harun_DarAlFikr,high
احد,أحد,الهمزة والحاء والدال فرع والأصل الواو: وحد، وقد ذكر في الواو,,1,has_asl,maqayis_openiti,Harun_DarAlFikr,high
احن,أحن,الهمزة والحاء والنون كلمة واحدة,,1,parse_uncertain,maqayis_openiti,Harun_DarAlFikr,low
اخ,أخ,] تأوه أو تكره ||| طعام بعينه,وأما الهمزة والخاء فأصلان: [,2,has_asl,maqayis_openiti,Harun_DarAlFikr,high
اخذ,أخذ,الهمزة والخاء والذال أصل واحد تتفرع منه فروع متقاربة في المعنى,,1,has_asl,maqayis_openiti,Harun_DarAlFikr,high
اخر,أخر,الهمزة والخاء والراء أصل واحد إليه ترجع فروعه، وهو خلاف التقدم,,1,has_asl,maqayis_openiti,Harun_DarAlFikr,high
اخو,أخو,الهمزة والخاء والواو ليس بأصل، لأن الهمزة عندنا مبدلة من واو، وقد ذكرت في كتاب الواو بشرحها، وكذلك الآخية,,1,has_asl,maqayis_openiti,Harun_DarAlFikr,high
اد,أد,عظم الشيء وشدته وتكرره ||| الندود,وأما الهمزة والدال في المضاعف فأصلان,2,has_asl,maqayis_openiti,Harun_DarAlFikr,high
ادب,أدب,الهمزة والدال والباء أصل واحد تتفرع مسائله وترجع إليه: فالأدب أن تجمع الناس إلى طعامك,,1,has_asl,maqayis_openiti,Harun_DarAlFikr,high
ادر,أدر,الهمزة والدال والراء كلمة واحدة، فهي الأدرة والأدرة، يقال: أدر يأدر، وهو آدر,,1,parse_uncertain,maqayis_openiti,Harun_DarAlFikr,low
ادل,أدل,الهمزة والدال واللام أصل واحد يتفرع منه كلمتان متقاربتان في المعنى، متباعدتان في الظاهر,,1,has_asl,maqayis_openiti,Harun_DarAlFikr,high
ادم,أدم,الهمزة والدال والميم أصل واحد، وهو الموافقة والملاءمة، وذلك قول النبي صلى الله عليه وآله وسلم للمغيرة بن شعبة - وخطب المرأة -: «لو نظرت إليها، فإنه أحرى أن يؤدم بينكما»,,1,has_asl,maqayis_openiti,Harun_DarAlFikr,high
ادو,أدو,الهمزة والدال والواو كلمة واحدة,,1,parse_uncertain,maqayis_openiti,Harun_DarAlFikr,low
ادي,أدي,الهمزة والدال والياء أصل واحد، وهو إيصال الشيء إلى الشيء أو وصوله إليه من تلقاء نفسه,,1,has_asl,maqayis_openiti,Harun_DarAlFikr,high
اذ,أذ,وأما الهمزة والذال فليس بأصل، وذلك أن الهمزة فيه محولة من هاء، وقد ذكر في الهاء,,1,has_asl,maqayis_openiti,Harun_DarAlFikr,high
اذن,أذن,أذن كل ذي أذن ||| العلم; وعنهما يتفرع الباب كله,الهمزة والذال والنون أصلان متقاربان في المعنى، متباعدان في اللفظ,2,has_asl,maqayis_openiti,Harun_DarAlFikr,high
اذي,أذي,الهمزة والذال والياء أصل واحد، وهو الشيء تتكرهه ولا تقر عليه,,1,has_asl,maqayis_openiti,Harun_DarAlFikr,high
ار,أر,أصل هذا الباب واحد، وهو هيج الشيء بتذكية وحمي، فالأر: الجماع، يقال أرها يؤرها أرا، والمئر: الكثير الجماع,,1,has_asl,maqayis_openiti,Harun_DarAlFikr,high
ارب,أرب,الهمزة والراء والباء لها أربعة أصول إليها ترجع الفروع: وهي الحاجة، والعقل، والنصيب، والعقد,,4,has_asl,maqayis_openiti,Harun_DarAlFikr,high
ارث,أرث,الهمزة والراء والثاء تدل على قدح نار أو شب عداوة,,1,has_asl,maqayis_openiti,Harun_DarAlFikr,high
ارج,أرج,الهمزة والراء والجيم كلمة واحدة وهي الأرج، وهو والأريج رائحة الطيب,,1,parse_uncertain,maqayis_openiti,Harun_DarAlFikr,low
ارخ,أرخ,الهمزة والراء والخاء كلمة واحدة عربية، وهي الإراخ لبقر الوحش,,1,parse_uncertain,maqayis_openiti,Harun_DarAlFikr,low
ارز,أرز,الهمزة والراء والزاء أصل واحد لا يخلف قياسه بتة، وهو التجمع والتضام,,1,has_asl,maqayis_openiti,Harun_DarAlFikr,high
ارس,أرس,الهمزة والراء والسين ليست عربية,,1,parse_uncertain,maqayis_openiti,Harun_DarAlFikr,low
ارش,أرش,الهمزة والراء والشين يمكن أن يكون أصلا، وقد جعلها بعض أهل العلم فرعا، وزعم أن الأصل الهرش، وأن الهمزة عوض من الهاء,,1,has_asl,maqayis_openiti,Harun_DarAlFikr,high
ارض,أرض,الهمزة والراء والضاد ثلاثة أصول، أصل يتفرع وتكثر مسائله، وأصلان لا ينقاسان بل كل واحد موضوع حيث وضعته العرب,,3,has_asl,maqayis_openiti,Harun_DarAlFikr,high
ارط,أرط,الهمزة والراء والطاء كلمة واحدة لا اشتقاق لها، وهي الأرطى الشجرة، الواحدة منها أرطاة، وأرطاتان وأرطيات,,1,parse_uncertain,maqayis_openiti,Harun_DarAlFikr,low
ارف,أرف,الهمزة والراء والفاء أصل واحد، لا يقاس عليه ولا يتفرع منه,,1,has_asl,maqayis_openiti,Harun_DarAlFikr,high
ارق,أرق,نفار النوم ليلا ||| لون من الألوان,الهمزة والراء والقاف أصلان,2,has_asl,maqayis_openiti,Harun_DarAlFikr,high
ارك,أرك,شجر ||| الإقامة,الهمزة والراء والكاف أصلان عنهما يتفرع المسائل,2,has_asl,maqayis_openiti,Harun_DarAlFikr,high
ارم,أرم,الهمزة والراء والميم أصل واحد، وهو نضد الشيء إلى الشيء في ارتفاع ثم يكون القياس في أعلاه وأسفله واحدا,,1,has_asl,maqayis_openiti,Harun_DarAlFikr,high
ارن,أرن,النشاط ||| مأوى يأوي إليه وحشي أو غيره,الهمزة والراء والنون أصلان,2,has_asl,maqayis_openiti,Harun_DarAlFikr,high
ارو,أرو,وأما الهمزة والراء والواو فليس إلا الأروى، وليس هو أصلا يشتق منه ولا يقاس عليه,,1,has_asl,maqayis_openiti,Harun_DarAlFikr,high
اري,أري,أما الهمزة والراء والياء فأصل يدل على التثبت والملازمة,,1,has_asl,maqayis_openiti,Harun_DarAlFikr,high
از,أز,والهمزة والزاء يدل على التحرك والتحريك والإزعاج,,1,has_asl,maqayis_openiti,Harun_DarAlFikr,high
ازب,أزب,الهمزة والزاء والباء أصلان: القصر والدقة ونحوهما، والأصل الآخر النشاط والصخب في بغي,,2,has_asl,maqayis_openiti,Harun_DarAlFikr,high
ازح,أزح,الهمزة والزاء والحاء,,1,parse_uncertain,maqayis_openiti,Harun_DarAlFikr,low
ازد,أزد,قبيلة، والأصل السين، وقد ذكر في بابه,,1,has_asl,maqayis_openiti,Harun_DarAlFikr,high
ازر,أزر,الهمزة والزاء والراء أصل واحد، وهو القوة والشدة، يقال: تأزر النبت: إذا قوي واشتد,,1,has_asl,maqayis_openiti,Harun_DarAlFikr,high
ازف,أزف,الهمزة والزاء والفاء يدل على الدنو والمقاربة، يقال: أزف الرحيل: إذا اقترب ودنا,,1,has_asl,maqayis_openiti,Harun_DarAlFikr,high
ازق,أزق,الهمزة والزاء والقاف قياس واحد وأصل واحد، وهو الضيق,,1,has_asl,maqayis_openiti,Harun_DarAlFikr,high
ازل,أزل,وأما الهمزة والزاء واللام فأصلان: الضيق والكذب,,2,has_asl,maqayis_openiti,Harun_DarAlFikr,high
ازم,أزم,وأما الهمزة والزاء والميم فأصل واحد، وهو الضيق وتداني الشيء من الشيء بشدة والتفاف,,1,has_asl,maqayis_openiti,Harun_DarAlFikr,high
ازى,أزى,انضمام الشيء بعضه إلى بعض ||| المحاذاة,الهمزة والزاء وما بعدهما من المعتل أصلان، إليهما ترجع فروع الباب كله بإعمال دقيق النظر,2,has_asl,maqayis_openiti,Harun_DarAlFikr,high
اس,أس,الهمزة والسين يدل على الأصل والشيء الوطيد الثابت، فالأس,,1,has_asl,maqayis_openiti,Harun_DarAlFikr,high
اسد,أسد,الهمزة والسين والدال، يدل على قوة الشيء، ولذلك سمي الأسد أسدا لقوته، ومنه اشتقاق كل ما أشبهه، يقال: استأسد النبت قوي,,1,has_asl,maqayis_openiti,Harun_DarAlFikr,high
اسر,أسر,الهمزة والسين والراء أصل واحد، وقياس مطرد، وهو الحبس، وهو الإمساك,,1,has_asl,maqayis_openiti,Harun_DarAlFikr,high
اسف,أسف,الهمزة والسين والفاء أصل واحد يدل على الفوت والتلهف وما أشبه ذلك,,1,has_asl,maqayis_openiti,Harun_DarAlFikr,high
اسك,أسك,الهمزة والسين والكاف بناؤه في الكتابين,,1,parse_uncertain,maqayis_openiti,Harun_DarAlFikr,low
اسل,أسل,الهمزة والسين واللام تدل على حدة الشيء وطوله في دقة,,1,has_asl,maqayis_openiti,Harun_DarAlFikr,high
اسم,أسم,الهمزة والسين والميم كلمة واحدة، وهو أسامة، اسم من أسماء الأسد,,1,parse_uncertain,maqayis_openiti,Harun_DarAlFikr,low
اسن,أسن,تغير الشيء ||| السبب,الهمزة والسين والنون أصلان,2,has_asl,maqayis_openiti,Harun_DarAlFikr,high
اسو,أسو,الهمزة والسين والواو أصل واحد يدل على المداواة والإصلاح، يقال: أسوت الجرح: إذا داويته، ولذلك يسمى الطبيب ال,,1,has_asl,maqayis_openiti,Harun_DarAlFikr,high
اسي,أسي,الهمزة والسين والياء كلمة واحدة، وهو الحزن; يقال: أسيت على الشيء آسى أسى، أي: حزنت عليه,,1,parse_uncertain,maqayis_openiti,Harun_DarAlFikr,low
اش,أش,الهمزة والشين يدل على الحركة للقاء,,1,has_asl,maqayis_openiti,Harun_DarAlFikr,high
اشا,أشا,الهمزة والشين والألف,,1,parse_uncertain,maqayis_openiti,Harun_DarAlFikr,low
اشب,أشب,الهمزة والشين والباء يدل على اختلاط والتفاف، يقال: عيص أشب، أي: ملتف، وجاء فلان في عدد أشب,,1,has_asl,maqayis_openiti,Harun_DarAlFikr,high
اشر,أشر,الهمزة والشين والراء، أصل واحد يدل على الحدة,,1,has_asl,maqayis_openiti,Harun_DarAlFikr,high
اشف,أشف,الهمزة والشين والفاء كلمة ليست بالأصلية فلذلك لم نذكرها,,1,has_asl,maqayis_openiti,Harun_DarAlFikr,high
اص,أص,وأما الهمزة والصاد فله معنيان، أحدهما أصل الشيء ومجتمعه، والأصل الآخر الرعدة,,1,has_asl,maqayis_openiti,Harun_DarAlFikr,high
اصد,أصد,الهمزة والصاد والدال، شيء يشتمل على الشيء,,1,parse_uncertain,maqayis_openiti,Harun_DarAlFikr,low
اصر,أصر,الهمزة والصاد والراء، أصل واحد يتفرع منه أشياء متقاربة,,1,has_asl,maqayis_openiti,Harun_DarAlFikr,high
اصل,أصل,,,0,no_asl,maqayis_openiti,Harun_DarAlFikr,high
اض,أض,وللهمزة والضاد معنيان: الاضطرار والكسر، وهما متقاربان,,1,parse_uncertain,maqayis_openiti,Harun_DarAlFikr,low
اضا,أضا,الهمزة والضاد مع اعتلال ما بعدهما كلمة واحدة، وهي الأضاة، مكان يستنقع فيه الماء كالغدير,,1,parse_uncertain,maqayis_openiti,Harun_DarAlFikr,low
اضم,أضم,الهمزة والضاد والميم أصل واحد وكلمة واحدة، وهو الحقد، يقال: أضم عليه: إذا حقد واغتاظ,,1,has_asl,maqayis_openiti,Harun_DarAlFikr,high
اط,أط,وللهمزة والطاء معنى واحد، وهو صوت الشيء إذا حن وأنقض، يقال: أط الرحل يئط أطيطا، وذلك إذ,,1,parse_uncertain,maqayis_openiti,Harun_DarAlFikr,low
اطر,أطر,الهمزة والطاء والراء أصل واحد، وهو عطف الشيء على الشيء أو إحاطته به,,1,has_asl,maqayis_openiti,Harun_DarAlFikr,high
اطل,أطل,الهمزة والطاء واللام، أصل واحد وكلمة واحدة، وهو الإطل والإطل، وهي الخاصرة; وجمعه آطال,,1,has_asl,maqayis_openiti,Harun_DarAlFikr,high
اطم,أطم,الهمزة والطاء والميم، يدل على الحبس والإحاطة بالشيء، يقال للحصن الأطم وجمعه آطام، قال امرؤ القيس: وتيماء لم يترك بها جذع نخلة,,1,has_asl,maqayis_openiti,Harun_DarAlFikr,high
اف,أف,وأما الهمزة والفاء في المضاعف فمعنيان، أحدهما تكره الشيء، والآخر الوقت الحاضر,,1,parse_uncertain,maqayis_openiti,Harun_DarAlFikr,low
افد,أفد,الهمزة والفاء والدال تدل على دنو الشيء وقربه، يقال: أفد الرحيل: قرب,,1,has_asl,maqayis_openiti,Harun_DarAlFikr,high
افر,أفر,الهمزة والفاء والراء يدل على خفة واختلاط,,1,has_asl,maqayis_openiti,Harun_DarAlFikr,high
افق,أفق,الهمزة والفاء والقاف أصل واحد، يدل على تباعد ما بين أطراف الشيء واتساعه، وعلى بلوغ النهاية,,1,has_asl,maqayis_openiti,Harun_DarAlFikr,high
افك,أفك,الهمزة والفاء والكاف أصل واحد، يدل على قلب الشيء وصرفه عن جهته,,1,has_asl,maqayis_openiti,Harun_DarAlFikr,high
افل,أفل,الغيبة ||| الصغار من الإبل,الهمزة والفاء واللام أصلان,2,has_asl,maqayis_openiti,Harun_DarAlFikr,high
افن,أفن,الهمزة والفاء والنون يدل على خلو الشيء وتفريغه,,1,has_asl,maqayis_openiti,Harun_DarAlFikr,high
اقر,أقر,أقر: موضع,,1,parse_uncertain,maqayis_openiti,Harun_DarAlFikr,low
اقط,أقط,الهمزة والقاف والطاء تدل على الخلط والاختلاط,,1,has_asl,maqayis_openiti,Harun_DarAlFikr,high
اقن,أقن,الهمزة والقاف والنون كلمة واحدة لا يقاس عليها,,1,parse_uncertain,maqayis_openiti,Harun_DarAlFikr,low
اك,أك,وأما الهمزة والكاف فمعنى الشدة من حر وغيره,,1,parse_uncertain,maqayis_openiti,Harun_DarAlFikr,low
اكد,أكد,الهمزة والكاف والدال ليست أصلا، لأن الهمزة مبدلة من واو، يقال: وكدت العقد,,1,has_asl,maqayis_openiti,Harun_DarAlFikr,high
اكف,أكف,الهمزة والكاف والفاء ليس أصلا، لأن الهمزة مبدلة من واو، يقال: وكاف وإكاف,,1,has_asl,maqayis_openiti,Harun_DarAlFikr,high
اكل,أكل,الهمزة والكاف واللام باب تكثر فروعه، والأصل كلمة واحدة، ومعناها التنقص,,1,has_asl,maqayis_openiti,Harun_DarAlFikr,high
اكم,أكم,الهمزة والكاف والميم أصل واحد، وهي تجمع الشيء وارتفاعه قليلا,,1,has_asl,maqayis_openiti,Harun_DarAlFikr,high
اكن,أكن,الهمزة والكاف والنون ليست أصلا، وذلك أن الهمزة فيه مبدلة من واو,,1,has_asl,maqayis_openiti,Harun_DarAlFikr,high
ال,أل,والهمزة واللام في المضاعف ثلاثة أصول: اللمعان في اهتزاز، والصوت، والسبب يحافظ عليه,,3,has_asl,maqayis_openiti,Harun_DarAlFikr,high
الب,ألب,الهمزة واللام والباء يكون من,,1,parse_uncertain,maqayis_openiti,Harun_DarAlFikr,low
الت,ألت,الهمزة واللام والتاء كلمة واحدة، تدل على النقصان، يقال: ألته يألته، أي: نقصه,,1,has_asl,maqayis_openiti,Harun_DarAlFikr,high
الس,ألس,الهمزة واللام والسين كلمة واحدة، وهي الخيانة,,1,parse_uncertain,maqayis_openiti,Harun_DarAlFikr,low
الف,ألف,الهمزة واللام والفاء أصل واحد، يدل على انضمام الشيء إلى الشيء، والأشياء الكثيرة أيضا,,1,has_asl,maqayis_openiti,Harun_DarAlFikr,high
الق,ألق,الهمزة واللام والقاف أصل يدل على الخفة والطيش، واللمعان بسرعة,,1,has_asl,maqayis_openiti,Harun_DarAlFikr,high
الك,ألك,الهمزة واللام والكاف أصل واحد، وهو تحمل الرسالة,,1,has_asl,maqayis_openiti,Harun_DarAlFikr,high
الم,ألم,الهمزة واللام والميم أصل واحد، وهو الوجع,,1,has_asl,maqayis_openiti,Harun_DarAlFikr,high
اله,أله,الهمزة واللام والهاء أصل واحد، وهو التعبد,,1,has_asl,maqayis_openiti,Harun_DarAlFikr,high
الوى,ألوى,الاجتهاد والمبالغة [ ||| التقصير] والثاني خلاف ذلك الأول,الهمزة واللام وما بعدهما في المعتل أصلان متباعدان,2,has_asl,maqayis_openiti,Harun_DarAlFikr,high
ام,أم,وأما الهمزة والميم فأصل واحد، يتفرع منه أربع أبواب، وهي الأصل والمرجع والجماعة والدين، وهذه الأربعة متقاربة، وبعد ذلك أصول ثلاثة، وهي القامة والحين والقصد، قال الخليل: الأم: الواحد، والجمع أمهات، وربما قالوا: أم وأمات,,4,has_asl,maqayis_openiti,Harun_DarAlFikr,high
امت,أمت,الهمزة والميم والتاء أصل واحد لا يقاس عليه، وهو الأمت، قال الله تعالى: {لا ترى فيها عوجا ولا أمتا} [طه: 107],,1,has_asl,maqayis_openiti,Harun_DarAlFikr,high
امد,أمد,الهمزة والميم والدال، الأمد: الغاية,,1,parse_uncertain,maqayis_openiti,Harun_DarAlFikr,low
امر,أمر,الهمزة والميم والراء أصول خمسة: الأمر من الأمور، والأمر ضد النهي، والأمر النماء والبركة بفتح الميم، والمعلم، والعجب,,5,has_asl,maqayis_openiti,Harun_DarAlFikr,high
امع,أمع,الهمزة والميم والعين، ليس بأصل، والذي جاء فيه رجل إمعة، وهو الضعيف الرأي، القائل لكل أحد أنا معك,,1,has_asl,maqayis_openiti,Harun_DarAlFikr,high
امل,أمل,الهمزة والميم واللام أصلان: الأول التثبت والانتظار، والثاني الحبل من الرمل,,2,has_asl,maqayis_openiti,Harun_DarAlFikr,high
امن,أمن,الأمانة التي هي ضد الخيانة، ومعناها سكون القلب ||| التصديق,الهمزة والميم والنون أصلان متقاربان,2,has_asl,maqayis_openiti,Harun_DarAlFikr,high
امه,أمه,وأما الهمزة والميم والهاء,,1,parse_uncertain,maqayis_openiti,Harun_DarAlFikr,low
اموى,أموى,وأما الهمزة والميم [وما] بعدهما من المعتل فأصل واحد,,1,has_asl,maqayis_openiti,Harun_DarAlFikr,high
ان,إن,تك خيلي قد أصيب صميمها,,1,parse_uncertain,maqayis_openiti,Harun_DarAlFikr,low
انب,أنب,الهمزة والنون والباء، حرف واحد، أنبته تأنيبا، أي: وبخته ولمته,,1,parse_uncertain,maqayis_openiti,Harun_DarAlFikr,low
انت,أنت,الهمزة والنون والتاء، شذ عن كتاب الخليل في هذا النسق، وكذلك عن ابن دريد,,1,parse_uncertain,maqayis_openiti,Harun_DarAlFikr,low
انث,أنث,وأما الهمزة والنون والثاء فقال الخليل وغيره: الأنثى خلاف الذكر,,1,parse_uncertain,maqayis_openiti,Harun_DarAlFikr,low
انح,أنح,الهمزة والنون والحاء أصل واحد، وهو صوت تنحنح وزحير، يقال: أنح يأنح أنحا: إذا تنحنح من مرض أو بهر ولم يئن,,1,has_asl,maqayis_openiti,Harun_DarAlFikr,high
انس,أنس,الهمزة والنون والسين أصل واحد، وهو ظهور الشيء، وكل شيء خالف طريقة التوحش,,1,has_asl,maqayis_openiti,Harun_DarAlFikr,high
انض,أنض,الهمزة والنون والضاد كلمة واحدة لا يقاس عليها، يقال: لحم أنيض: إذا بقي فيه نهوءة، أي: لم ينضج,,1,parse_uncertain,maqayis_openiti,Harun_DarAlFikr,low
انف,أنف,أخذ الشيء من أوله ||| أنف كل ذي أنف,الهمزة والنون والفاء أصلان منهما يتفرع مسائل الباب كلها,2,has_asl,maqayis_openiti,Harun_DarAlFikr,high
انق,أنق,الهمزة والنون والقاف يدل على أصل واحد، وهو المعجب والإعجاب,,1,has_asl,maqayis_openiti,Harun_DarAlFikr,high
انك,أنك,الهمزة والنون والكاف ليس فيه أصل، غير أنه قد ذكر الآنك,,1,has_asl,maqayis_openiti,Harun_DarAlFikr,high
انى,أنى,الهمزة والنون وما بعدهما من المعتل، له أصول أربعة: البطء وما أشبهه من الحلم وغيره، وساعة من الزمان، وإدراك الشيء، وظرف من الظروف,,4,has_asl,maqayis_openiti,Harun_DarAlFikr,high
اهب,أهب,الهمزة والهاء والباء كلمتان متباينتا الأصل، فالأولى الإهاب,,1,has_asl,maqayis_openiti,Harun_DarAlFikr,high
اهر,أهر,الهمزة والهاء والراء كلمة واحدة، ليست عند الخليل ولا ابن دريد,,1,parse_uncertain,maqayis_openiti,Harun_DarAlFikr,low
اهل,أهل,الأهل ||| الإهالة، قال الخليل: الإهالة الألية ونحوها، يؤخذ فيقطع ويذاب,الهمزة والهاء واللام أصلان متباعدان,2,has_asl,maqayis_openiti,Harun_DarAlFikr,high
اهن,أهن,الهمزة والهاء والنون كلمة واحدة لا يقاس عليها,,1,parse_uncertain,maqayis_openiti,Harun_DarAlFikr,low
او,أو,كلمة شك وإباحة,,1,parse_uncertain,maqayis_openiti,Harun_DarAlFikr,low
اوب,أوب,الهمزة والواو والباء أصل واحد، وهو الرجوع، ثم يشتق منه ما يبعد في السمع قليلا، والأصل واحد,,1,has_asl,maqayis_openiti,Harun_DarAlFikr,high
اود,أود,الهمزة والواو والدال أصل واحد، وهو العطف والانثناء,,1,has_asl,maqayis_openiti,Harun_DarAlFikr,high
اور,أور,الهمزة والواو والراء أصل واحد، وهو الحر,,1,has_asl,maqayis_openiti,Harun_DarAlFikr,high
اوس,أوس,الهمزة والواو والسين كلمة واحدة، وهي العطية,,1,parse_uncertain,maqayis_openiti,Harun_DarAlFikr,low
اوق,أوق,الهمزة والواو والقاف أصلان: ال,,2,has_asl,maqayis_openiti,Harun_DarAlFikr,high
اول,أول,وهو مبتدأ الشيء، والمؤنثة الأولى، مثل أفعل وفعلى، وجمع الأولى أوليات مثل الأخرى ||| قال الخليل: الأيل الذكر من الوعول، والجمع أيائل,الهمزة والواو واللام أصلان: ابتداء الأمر وانتهاؤه. أما الأول,2,has_asl,maqayis_openiti,Harun_DarAlFikr,high
اون,أون,الهمزة والواو والنون كلمة واحدة تدل على الرفق,,1,has_asl,maqayis_openiti,Harun_DarAlFikr,high
اوه,أوه,الهمزة والواو والهاء كلمة ليست أصلا يقاس عليها,,1,has_asl,maqayis_openiti,Harun_DarAlFikr,high
اوى,أوى,التجمع ||| الإشفاق,الهمزة والواو والياء أصلان,2,has_asl,maqayis_openiti,Harun_DarAlFikr,high
اي,أي,كلمة تعجب واستفهام، يقال: تأييت - على تفعلت - أي: تمكثت,,1,parse_uncertain,maqayis_openiti,Harun_DarAlFikr,low
ايد,أيد,الهمزة والياء والدال أصل واحد، يدل على القوة والحفظ,,1,has_asl,maqayis_openiti,Harun_DarAlFikr,high
اير,أير,الهمزة والياء والراء كلمة واحدة وهي الريح,,1,parse_uncertain,maqayis_openiti,Harun_DarAlFikr,low
ايس,أيس,الهمزة والياء والسين ليس أصل,,1,has_asl,maqayis_openiti,Harun_DarAlFikr,high
ايض,أيض,الهمزة والياء والضاد كلمة واحدة تدل على الرجوع والعود، يقال: آض يئيض: إذا رجع,,1,has_asl,maqayis_openiti,Harun_DarAlFikr,high
ايق,أيق,الهمزة والياء والقاف كلمة واحدة لا يقاس عليها,,1,parse_uncertain,maqayis_openiti,Harun_DarAlFikr,low
ايك,أيك,الهمزة والياء والكاف أصل واحد، وهي اجتماع شجر,,1,has_asl,maqayis_openiti,Harun_DarAlFikr,high
ايم,أيم,الهمزة والياء والميم ثلاثة أصول متب,,3,has_asl,maqayis_openiti,Harun_DarAlFikr,high
اين,أين,الهمزة والياء والنون يدل على الإعياء، وقرب الشيء,,1,has_asl,maqayis_openiti,Harun_DarAlFikr,high
ايه,أيه,وأما الهمزة والياء والهاء فهو حرف واحد، يقال: أيه تأييها: إذا صوت,,1,parse_uncertain,maqayis_openiti,Harun_DarAlFikr,low
ايى,أيى,الهمزة والياء والياء أصل واحد، وهو النظر,,1,has_asl,maqayis_openiti,Harun_DarAlFikr,high
باس,بأس,الباء والهمزة والسين أصل واحد، والشدة و [ما] ضارعها,,1,has_asl,maqayis_openiti,Harun_DarAlFikr,high
باو,بأو,الباء والهمزة والواو كلمة واحدة، وهو البأو، وهو العجب,,1,parse_uncertain,maqayis_openiti,Harun_DarAlFikr,low
بب,بب,الباء والباء في المضاعف ليس أصلا، لأنه حكاية صوت,,1,has_asl,maqayis_openiti,Harun_DarAlFikr,high
بة,بة,إذا لزمت، وأبن القوم بمحلة أقاموا,,1,parse_uncertain,maqayis_openiti,Harun_DarAlFikr,low
بت,بت,القطع ||| ضرب من اللباس,الباء والتاء له وجهان وأصلان,2,has_asl,maqayis_openiti,Harun_DarAlFikr,high
بتر,بتر,الباء والتاء والراء أصل واحد، وهو القطع قبل أن تتمه,,1,has_asl,maqayis_openiti,Harun_DarAlFikr,high
بتع,بتع,الباء والتاء والعين أصل واحد يدل على القوة والشدة,,1,has_asl,maqayis_openiti,Harun_DarAlFikr,high
بتك,بتك,الباء والتاء والكاف أصل واحد، وهو القطع,,1,has_asl,maqayis_openiti,Harun_DarAlFikr,high
بتل,بتل,الباء والتاء واللام أصل واحد، يدل على إبانة الشيء من غيره,,1,has_asl,maqayis_openiti,Harun_DarAlFikr,high
بث,بث,الباء والثاء أصل واحد، وهو تفريق الشيء وإظهاره; يقال: بثوا الخيل في الغارة,,1,has_asl,maqayis_openiti,Harun_DarAlFikr,high
بثا,بثا,الباء والثاء والألف كلمة واحدة لا يقاس عليها ولا يشتق منها، وهي البثاء: أرض سهلة,,1,parse_uncertain,maqayis_openiti,Harun_DarAlFikr,low
بثر,بثر,الباء والثاء والراء أصل واحد، وهو انقطاع الشيء مع دوام وسهولة وكثرة,,1,has_asl,maqayis_openiti,Harun_DarAlFikr,high
بثع,بثع,الباء والثاء والعين كلمة واحدة تدل على مثل الأصل الذي قبلها,,1,has_asl,maqayis_openiti,Harun_DarAlFikr,high
بثق,بثق,الباء والثاء والقاف يدل على التفتح في الماء وغيره,,1,has_asl,maqayis_openiti,Harun_DarAlFikr,high
بثن,بثن,الباء والثاء والنون أصل واحد يدل على السهولة واللين,,1,has_asl,maqayis_openiti,Harun_DarAlFikr,high
بج,بج,الباء والجيم يدل على أصل واحد وهو التفتح,,1,has_asl,maqayis_openiti,Harun_DarAlFikr,high
بجح,بجح,والباء والجيم والحاء كلمة واحدة,,1,parse_uncertain,maqayis_openiti,Harun_DarAlFikr,low
بجد,بجد,دخلة الأمر وباطنه ||| جنس من اللباس,الباء والجيم والدال أصلان,2,has_asl,maqayis_openiti,Harun_DarAlFikr,high
بجر,بجر,الباء والجيم والراء أصل واحد، وهو تعقد الشيء وتجمعه,,1,has_asl,maqayis_openiti,Harun_DarAlFikr,high
بجس,بجس,الباء والجيم والسين: تفتح الشيء بالماء خاصة,,1,parse_uncertain,maqayis_openiti,Harun_DarAlFikr,low
بجل,بجل,قولهم بجل بمعنى حسب ||| قولهم للرجل العظيم: بجال وبجيل ||| وهو عرق في باطن الذراع,الباء والجيم واللام أصول ثلاثة: أحدها الكفاف والاحتساب، والآخر الشيء العظيم، والثالث عرق,3,has_asl,maqayis_openiti,Harun_DarAlFikr,high
بجم,بجم,الباء والجيم والميم أصل واحد، وهو من الجمع,,1,has_asl,maqayis_openiti,Harun_DarAlFikr,high
بح,بح,أن لا يصفو صوت ذي الصوت ||| سعة الشيء وانفساحه,الباء والحاء أصلان,2,has_asl,maqayis_openiti,Harun_DarAlFikr,high
بحت,بحت,الباء والحاء والتاء، يدل على خلوص الشيء وألا يخلطه غيره,,1,has_asl,maqayis_openiti,Harun_DarAlFikr,high
بحث,بحث,الباء والحاء والثاء أصل واحد، يدل على إثارة الشيء,,1,has_asl,maqayis_openiti,Harun_DarAlFikr,high
بحر,بحر,الباء والحاء والراء,,1,parse_uncertain,maqayis_openiti,Harun_DarAlFikr,low
بحن,بحن,الباء والحاء والنون أصل واحد يدل على الضخم، يقال: جلة بحونة، أي: ضخمة,,1,has_asl,maqayis_openiti,Harun_DarAlFikr,high
بخ,بخ,الباء والخاء,,1,parse_uncertain,maqayis_openiti,Harun_DarAlFikr,low
بخت,بخت,الباء والخاء والتاء كلمة ذكرها ابن دريد، زعم أن البخت من الجمال عربية صحيحة، [وأنشد] : لبن البخت في قصاع الخلنج,,1,parse_uncertain,maqayis_openiti,Harun_DarAlFikr,low
بخد,بخد,باب الباء والخاء والدال,,1,parse_uncertain,maqayis_openiti,Harun_DarAlFikr,low
بخر,بخر,الباء والخاء والراء أصل واحد، وهي رائحة أو ريح تثور,,1,has_asl,maqayis_openiti,Harun_DarAlFikr,high
بخس,بخس,الباء والخاء والسين أصل واحد، وهو النقص,,1,has_asl,maqayis_openiti,Harun_DarAlFikr,high
بخص,بخص,الباء والخاء والصاد كلمة واحدة، وهي لحمة خاصة: يقال: للحمة العين بخصة,,1,parse_uncertain,maqayis_openiti,Harun_DarAlFikr,low
بخع,بخع,الباء والخاء والعين أصل واحد، وهو القتل وما داناه من إذلال وقهر,,1,has_asl,maqayis_openiti,Harun_DarAlFikr,high
بخق,بخق,الباء والخاء والقاف أصل واحد وكلمة واحدة، يقال: بخقت عينه إذا ضربتها حتى تعورها,,1,has_asl,maqayis_openiti,Harun_DarAlFikr,high
بخل,بخل,الباء والخاء واللام كلمة واحدة، وهي: البخل والبخل,,1,parse_uncertain,maqayis_openiti,Harun_DarAlFikr,low
بخو,بخو,الباء والخاء والواو، كلمة واحدة لا يقاس عليها,,1,parse_uncertain,maqayis_openiti,Harun_DarAlFikr,low
بد,بد,الباء والدال في المضاعف أصل واحد، وهو التفرق وتباعد ما بين الشيئين,,1,has_asl,maqayis_openiti,Harun_DarAlFikr,high
بدا,بدأ,الباء والدال والهمزة من افتتاح الشيء، يقال: بدأت بالأمر وابتدأت، من الابتداء,,1,parse_uncertain,maqayis_openiti,Harun_DarAlFikr,low
بدح,بدح,الباء والدال والحاء أصل واحد ترد إليه فروع متشابهة، وما بعد ذلك فكله محمول على غيره أو مبدل منه,,1,has_asl,maqayis_openiti,Harun_DarAlFikr,high
بدر,بدر,كمال الشيء وامتلاؤه ||| الإسراع إلى الشيء,الباء والدال والراء، أصلان,2,has_asl,maqayis_openiti,Harun_DarAlFikr,high
بدع,بدع,ابتداء الشيء وصنعه لا عن مثال ||| الانقطاع والكلال,الباء والدال والعين أصلان,2,has_asl,maqayis_openiti,Harun_DarAlFikr,high
بدغ,بدغ,الباء والدال والغين، ليست فيه كلمة أصلية، لأن الدال في أحد أصولها مبدلة من طاء، وهو قولهم بدغ الرجل: إذا تلطخ بالشر، وهو بدغ من الرجال,,2,has_asl,maqayis_openiti,Harun_DarAlFikr,high
بدل,بدل,الباء والدال واللام أصل واحد، وهو قيام الشيء مقام الشيء الذاهب,,1,has_asl,maqayis_openiti,Harun_DarAlFikr,high
بدن,بدن,الباء والدال والنون أصل واحد، وهو شخص الشيء دون شواه، وشواه أطرافه,,1,has_asl,maqayis_openiti,Harun_DarAlFikr,high
بده,بده,الباء والدال والهاء أصل واحد يدل على أول الشيء والذي يفاجئ منه,,1,has_asl,maqayis_openiti,Harun_DarAlFikr,high
بدو,بدو,الباء والدال والواو أصل واحد، وهو ظهور الشيء,,1,has_asl,maqayis_openiti,Harun_DarAlFikr,high
بذ,بذ,الباء والذال أصل واحد، وهو الغلبة والقهر والإذلال,,1,has_asl,maqayis_openiti,Harun_DarAlFikr,high
بذا,بذأ,الباء والذال والهمزة أصل واحد، وهو خروج الشيء عن طريقة الإحماد، تقول: هو بذيء اللسان، وقد بذأت على فلان أبذأ بذاء,,1,has_asl,maqayis_openiti,Harun_DarAlFikr,high
بذج,بذج,الباء والذال والجيم أصل واحد ليس من كلام العرب، بل هي كلمة معربة، وهي البذج من ولد الضأن، والجمع بذجان,,1,has_asl,maqayis_openiti,Harun_DarAlFikr,high
بذح,بذح,الباء والذال والحاء أصل واحد، وهو الشق والتشريح وما قارب ذلك,,1,has_asl,maqayis_openiti,Harun_DarAlFikr,high
بذخ,بذخ,الباء والذال والخاء أصل واحد، وهو العلو والتعظم,,1,has_asl,maqayis_openiti,Harun_DarAlFikr,high
بذر,بذر,الباء والذال والراء أصل واحد، وهو نثر الشيء وتفريقه,,1,has_asl,maqayis_openiti,Harun_DarAlFikr,high
بذع,بذع,الباء والذال والعين، كلمة واحدة فيها نظر ولا يقاس عليها، يقولون بذعته وأبذعته: إذا أفزعته,,1,parse_uncertain,maqayis_openiti,Harun_DarAlFikr,low
بذل,بذل,الباء والذال واللام كلمة واحدة، وهو ترك صيانة الشيء، يقال: بذلت الشيء بذلا، فأنا باذل وهو مبذول، وابتذلته ابتذالا,,1,parse_uncertain,maqayis_openiti,Harun_DarAlFikr,low
بر,بر,الباء والراء في المضاعف أربعة أصول: الصدق، وحكاية صوت، وخلاف البحر، ونبت,,4,has_asl,maqayis_openiti,Harun_DarAlFikr,high
برا,برأ,الخلق، يقال: برأ الله الخلق يبرؤهم برءا ||| التباعد من الشيء ومزايلته، من ذلك البرء وهو السلامة من السقم، يقال: برئت وبرأت,فأما الباء والراء والهمزة فأصلان إليهما ترجع فروع الباب,2,has_asl,maqayis_openiti,Harun_DarAlFikr,high
برت,برت,الباء والراء والتاء أصل واحد، وهو أن يغل الشيء وغولا,,1,has_asl,maqayis_openiti,Harun_DarAlFikr,high
برث,برث,الباء والراء والثاء أصل واحد، وهي الأرض السهلة، يقال للأرض السهلة برث، والجمع براث,,1,has_asl,maqayis_openiti,Harun_DarAlFikr,high
برج,برج,البروز والظهور ||| الوزر والملجأ,الباء والراء والجيم أصلان,2,has_asl,maqayis_openiti,Harun_DarAlFikr,high
برح,برح,الزوال والبروز والانكشاف ||| الشدة والعظم وما أشبههما,الباء والراء والحاء أصلان يتفرع عنهما فروع كثيرة,2,has_asl,maqayis_openiti,Harun_DarAlFikr,high
برخ,برخ,الباء والراء والخاء أصل واحد، إن كان عربيا فهو النماء والزيادة، ويقال: إنها من البركة وهي لغة نبطية,,1,has_asl,maqayis_openiti,Harun_DarAlFikr,high
برد,برد,الباء والراء والدال أصول أربعة: أحدها خلاف الحر، والآخر السكون والثبوت، والثالث الملبوس، والرابع الاضطراب والحركة,,4,has_asl,maqayis_openiti,Harun_DarAlFikr,high
برز,برز,الباء والراء والزاء أصل واحد، وهو ظهور الشيء وبدوه، قياس لا يخلف,,1,has_asl,maqayis_openiti,Harun_DarAlFikr,high
برس,برس,الباء والراء والسين أصل واحد، يدل على السهولة واللين,,1,has_asl,maqayis_openiti,Harun_DarAlFikr,high
برش,برش,الباء والراء والشين كلمة واحدة، وهو أن يكون الشيء ذا نقط متفرقة بيض,,1,parse_uncertain,maqayis_openiti,Harun_DarAlFikr,low
برص,برص,الباء والراء والصاد أصل واحد، وهو أن يكون في الشيء لمعة تخالف سائر لونه، من ذلك البرص,,1,has_asl,maqayis_openiti,Harun_DarAlFikr,high
برض,برض,الباء والراء والضاد أصل واحد، وهو يدل على قلة الشيء وأخذه قليلا قليلا,,1,has_asl,maqayis_openiti,Harun_DarAlFikr,high
برع,برع,التطوع بالشيء من غير وجوب ||| التبريز والفضل,الباء والراء والعين أصلان,2,has_asl,maqayis_openiti,Harun_DarAlFikr,high
برق,برق,لمعان الشيء; ||| اجتماع السواد والبياض في الشيء,الباء والراء والقاف أصلان تتفرع الفروع منهما,2,has_asl,maqayis_openiti,Harun_DarAlFikr,high
برك,برك,الباء والراء والكاف أصل واحد، وهو ثبات الشيء، ثم يتفرع فروعا يقارب بعضها بعضا,,1,has_asl,maqayis_openiti,Harun_DarAlFikr,high
برم,برم,الباء والراء والميم يدل على أربعة أصول: إحكام الشيء، والغرض به، واختلاف اللونين، وجنس من النبات,,4,has_asl,maqayis_openiti,Harun_DarAlFikr,high
بروى,بروى,تسوية الشيء نحتا ||| التعرض والمحاكاة,الباء والراء والحرف المعتل بعدهما وهو الواو والياء أصلان,2,has_asl,maqayis_openiti,Harun_DarAlFikr,high
بز,بز,الباء والزاء [أصل واحد] ، وهو الهيئة من لباس أو سلاح,,1,has_asl,maqayis_openiti,Harun_DarAlFikr,high
بزخ,بزخ,الباء والزاء والخاء أصل يقرب من الذي قبله,,1,has_asl,maqayis_openiti,Harun_DarAlFikr,high
بزر,بزر,شيء من الحبوب ||| من الآلات التي تستعمل عند دق الشيء,الباء والزاء والراء أصلان,2,has_asl,maqayis_openiti,Harun_DarAlFikr,high
بزع,بزع,الباء والزاء والعين أصل واحد وهو الظرف، يقال: للظريف بزيع، وتبزع الغلام ظرف، ولا يكون ذلك إلا من صفة الأحداث,,1,has_asl,maqayis_openiti,Harun_DarAlFikr,high
بزغ,بزغ,الباء والزاء والغين أصل واحد، وهو طلوع الشيء وظهوره,,1,has_asl,maqayis_openiti,Harun_DarAlFikr,high
بزق,بزق,الباء والزاء والقاف أصل واحد، وهو إلقاء الشيء، يقال: بزق الإنسان، مثل بصق,,1,has_asl,maqayis_openiti,Harun_DarAlFikr,high
بزل,بزل,الباء والزاء واللام أصلان: تفتح الشيء، والثاني الشدة والقوة,,2,has_asl,maqayis_openiti,Harun_DarAlFikr,high
بزم,بزم,الباء والزاء والميم أصل واحد: الإمساك والقبض,,1,has_asl,maqayis_openiti,Harun_DarAlFikr,high
بزو,بزو,الباء والزاء والواو أصل واحد، وهو هيئة من هيئات الجسم في خروج صدر، أو تطاول، أو ما أشبه ذلك,,1,has_asl,maqayis_openiti,Harun_DarAlFikr,high
بس,بس,السوق ||| فت الشيء وخلطه,الباء والسين أصلان,2,has_asl,maqayis_openiti,Harun_DarAlFikr,high
بسا,بسأ,الباء والسين والهمزة أصل واحد، وهو الأنس بالشيء، يقال: بسأت به وبسئت أيضا,,1,has_asl,maqayis_openiti,Harun_DarAlFikr,high
بسر,بسر,الطراءة وأن يكون الشيء قبل إناه ||| وقوف الشيء وقلة حركته,الباء والسين والراء أصلان,2,has_asl,maqayis_openiti,Harun_DarAlFikr,high
بسط,بسط,الباء والسين والطاء أصل واحد، وهو امتداد الشيء، في عرض أو غير عرض,,1,has_asl,maqayis_openiti,Harun_DarAlFikr,high
بسق,بسق,الباء والسين والقاف أصل واحد، وهو ارتفاع الشيء وعلوه,,1,has_asl,maqayis_openiti,Harun_DarAlFikr,high
بسل,بسل,الباء والسين واللام أصل واحد تتقارب فروعه، وهو المنع والحبس، وذلك قول العرب للحرام: بسل,,1,has_asl,maqayis_openiti,Harun_DarAlFikr,high
بسم,بسم,الباء والسين والميم أصل واحد، وهو إبداء مقدم الفم لمسرة; وهو دون الضحك يقال: بسم يبسم وتبسم وابتسم,,1,has_asl,maqayis_openiti,Harun_DarAlFikr,high
بش,بش,الباء والشين أصل واحد، وهو اللقاء الجميل,,1,has_asl,maqayis_openiti,Harun_DarAlFikr,high
بشر,بشر,الباء والشين والراء أصل واحد: ظهور الشيء مع حسن وجمال,,1,has_asl,maqayis_openiti,Harun_DarAlFikr,high
بشع,بشع,الباء والشين والعين أصل واحد وهو كراهة الشيء وقلة نفوذه,,1,has_asl,maqayis_openiti,Harun_DarAlFikr,high
بشك,بشك,الباء والشين والكاف أصل واحد، ومنه يتفرع ما يقرب من الخفة,,1,has_asl,maqayis_openiti,Harun_DarAlFikr,high
بشم,بشم,الباء والشين والميم أصل واحد، وهو جنس من السآمة لمأكول ما، ثم يحمل عليه غيره,,1,has_asl,maqayis_openiti,Harun_DarAlFikr,high
بص,بص,الباء والصاد أصل واحد وهو بريق الشيء ولمعانه في حركته,,1,has_asl,maqayis_openiti,Harun_DarAlFikr,high
بصر,بصر,الباء والصاد والراء أصلان: أحدهما العلم بالشيء; يقال: هو بصير به,,2,has_asl,maqayis_openiti,Harun_DarAlFikr,high
بصط,بصط,الباء والصاد والطاء ليس بأصل، لأن الصاد فيه سين في الأصل,,1,has_asl,maqayis_openiti,Harun_DarAlFikr,high
بصع,بصع,الباء والصاد والعين أصل واحد، وهو خروج الشيء بشدة وضيق,,1,has_asl,maqayis_openiti,Harun_DarAlFikr,high
بصق,بصق,الباء والصاد والقاف أصل واحد يشارك الباء والسين والقاف، والأمر بينهما قريب,,1,has_asl,maqayis_openiti,Harun_DarAlFikr,high
بصل,بصل,الباء والصاد واللام أصل واحد,,1,has_asl,maqayis_openiti,Harun_DarAlFikr,high
بض,بض,الباء والضاد أصل واحد، وهو تندي الشيء كأنه يعرق,,1,has_asl,maqayis_openiti,Harun_DarAlFikr,high
بضع,بضع,الباء والضاد والعين أصول ثلاثة: الأول الطائفة من الشيء عضوا أو غيره، والثاني بقعة، والثالث أن يشفى شيء بكلام أو غيره,,3,has_asl,maqayis_openiti,Harun_DarAlFikr,high
بط,بط,الباء والطاء أصل واحد، وهو البط والشق,,1,has_asl,maqayis_openiti,Harun_DarAlFikr,high
بطا,بطأ,الباء والطاء والهمزة أصل واحد وهو البطء في الأمر,,1,has_asl,maqayis_openiti,Harun_DarAlFikr,high
بطح,بطح,الباء والطاء والحاء أصل واحد، وهو تبسط الشيء وامتداده,,1,has_asl,maqayis_openiti,Harun_DarAlFikr,high
بطخ,بطخ,الباء والطاء والخاء كلمة واحدة، وهو البطيخ وما أراها أصلا، لأنها مقلوبة من الطبيخ، وهذا أقيس وأحسن اطرادا,,1,has_asl,maqayis_openiti,Harun_DarAlFikr,high
بطر,بطر,الباء والطاء والراء أصل واحد وهو الشق,,1,has_asl,maqayis_openiti,Harun_DarAlFikr,high
بطش,بطش,الباء والطاء والشين أصل واحد، وهو أخذ الشيء بقهر وغلبة وقوة,,1,has_asl,maqayis_openiti,Harun_DarAlFikr,high
بطغ,بطغ,الباء والطاء والغين أصل واحد، وهو التلطخ بالشيء,,1,has_asl,maqayis_openiti,Harun_DarAlFikr,high
بطل,بطل,الباء والطاء واللام أصل واحد، وهو ذهاب الشيء وقلة مكثه ولبثه,,1,has_asl,maqayis_openiti,Harun_DarAlFikr,high
بطن,بطن,الباء والطاء والنون أصل واحد لا يكاد يخلف، وهو إنسي الشيء والمقبل منه,,1,has_asl,maqayis_openiti,Harun_DarAlFikr,high
بظ,بظ,الباء والظاء يقال: إنهم يقولون بظ أوتاره للضرب: إذا هيأها,,1,parse_uncertain,maqayis_openiti,Harun_DarAlFikr,low
بظر,بظر,الباء والظاء والراء أصل واحد لا يقاس عليه,,1,has_asl,maqayis_openiti,Harun_DarAlFikr,high
بظى,بظى,الباء والظاء والحرف المعتل أصل واحد، وهو تمكن الشيء مع لين ونعمة فيه,,1,has_asl,maqayis_openiti,Harun_DarAlFikr,high
بع,بع,الباء والعين أصل واحد، على ما ذكره الخليل، وهو الثقل [و] الإلحاح,,1,has_asl,maqayis_openiti,Harun_DarAlFikr,high
بعث,بعث,الباء والعين والثاء أصل واحد، وهو الإثارة,,1,has_asl,maqayis_openiti,Harun_DarAlFikr,high
بعج,بعج,الباء والعين والجيم أصل واحد، وهو الشق والفتح,,1,has_asl,maqayis_openiti,Harun_DarAlFikr,high
بعد,بعد,الباء والعين والدال أصلان: خلاف القرب، ومقابل قبل,,2,has_asl,maqayis_openiti,Harun_DarAlFikr,high
بعر,بعر,الباء والعين والراء أصلان: الجمال، والبعر,,2,has_asl,maqayis_openiti,Harun_DarAlFikr,high
بعص,بعص,الباء والعين والصاد أصل واحد، وهو الاضطراب,,1,has_asl,maqayis_openiti,Harun_DarAlFikr,high
بعض,بعض,الباء والعين والضاد أصل واحد، وهو تجزئة للشيء,,1,has_asl,maqayis_openiti,Harun_DarAlFikr,high
بعط,بعط,الباء والعين والطاء ليس بأصل، وذلك أن الطاء في أبعط مبدلة من دال,,1,has_asl,maqayis_openiti,Harun_DarAlFikr,high
بعق,بعق,الباء والعين والقاف أصل واحد، وهو شق الشيء وفتحه,,1,has_asl,maqayis_openiti,Harun_DarAlFikr,high
بعك,بعك,الباء والعين والكاف أصل واحد، يجمع التجمع والازدحام والاختلاط,,1,has_asl,maqayis_openiti,Harun_DarAlFikr,high
بعل,بعل,الصاحب، يقال للزوج بعل، وكانوا يسمون بعض الأصنام بعلا ||| جنس من الحيرة والدهش، يقال: بعل الرجل: إذا دهش ||| البعل من الأرض: المرتفعة التي لا يصيبها المطر في السنة إلا مرة واحدة,الباء والعين واللام أصول ثلاثة,3,has_asl,maqayis_openiti,Harun_DarAlFikr,high
بعوي,بعوي,قولهم بعوت أبعو وأبعى: إذا اجترمت ||| البعو,الباء والعين والواو والياء أصلان: الجناية وأخذ الشيء عارية أو قمرا,2,has_asl,maqayis_openiti,Harun_DarAlFikr,high
بغ,بغ,البغبغة، وهي حكاية ضرب من الهدير، وأنشد الخليل: برجس بغباغ الهدير البهبه ||| ذكره ابن دريد قال: البغبغ وتصغيرها بغيبغ وهي الركية القريبة المنزع,الباء والغين في المضاعف أصلان متباينان عند الخليل وابن دريد,2,has_asl,maqayis_openiti,Harun_DarAlFikr,high
بغت,بغت,الباء والغين والتاء أصل واحد لا يقاس عليه، منه البغت، وهو أن يفجأ الشيء,,1,has_asl,maqayis_openiti,Harun_DarAlFikr,high
بغث,بغث,الباء والغين والثاء أصل واحد، يدل على ذل الشيء وضعفه,,1,has_asl,maqayis_openiti,Harun_DarAlFikr,high
بغر,بغر,الباء والغين والراء أصل واحد، وفيه كلمات متقاربة في الشرب ومعناه,,1,has_asl,maqayis_openiti,Harun_DarAlFikr,high
بغز,بغز,الباء والغين والزاء أصل، وهو كالنشاط والجراءة في الكلام,,1,has_asl,maqayis_openiti,Harun_DarAlFikr,high
بغش,بغش,الباء والغين والشين أصل واحد، وهو المطر الضعيف، ويقال له البغش,,1,has_asl,maqayis_openiti,Harun_DarAlFikr,high
بغض,بغض,الباء والغين والضاد أصل واحد، وهو يدل على خلاف الحب,,1,has_asl,maqayis_openiti,Harun_DarAlFikr,high
بغل,بغل,الباء والغين واللام يدل على قوة في الجسم,,1,has_asl,maqayis_openiti,Harun_DarAlFikr,high
بغم,بغم,الباء والغين والميم أصل يسير، وهو صوت وشبيه به لا يتحصل,,1,has_asl,maqayis_openiti,Harun_DarAlFikr,high
بغو,بغو,الباء والغين والواو ليس فيه إلا البغو,,1,parse_uncertain,maqayis_openiti,Harun_DarAlFikr,low
بغي,بغي,طلب الشيء ||| جنس من الفساد,الباء والغين والياء أصلان,2,has_asl,maqayis_openiti,Harun_DarAlFikr,high
بق,بق,التفتح في الشيء، قولا وفعلا ||| الشيء الطفيف اليسير,الباء والقاف في قول الخليل وابن دريد أصلان,2,has_asl,maqayis_openiti,Harun_DarAlFikr,high
بقع,بقع,الباء والقاف والعين أصل واحد ترجع إليه فروعها كلها، وإن كان في بعضها بعد فالجنس واحد، وهو مخالفة الألوان بعضها بعضا، وذلك مثل الغراب الأبقع، وهو الأسود في صدره بياض,,1,has_asl,maqayis_openiti,Harun_DarAlFikr,high
بقل,بقل,الباء والقاف واللام أصل واحد، وهو من النبات، وإليه ترجع فروع الباب كله,,1,has_asl,maqayis_openiti,Harun_DarAlFikr,high
بقي,بقي,الباء والقاف والياء أصل واحد، وهو الدوام,,1,has_asl,maqayis_openiti,Harun_DarAlFikr,high
بك,بك,الباء والكاف في المضاعف أصل يجمع التزاحم والمغالبة,,1,has_asl,maqayis_openiti,Harun_DarAlFikr,high
بكت,بكت,الباء والكاف والتاء كلمة واحدة لا يقاس عليها، وهو التبكيت والغلبة بالحجة,,1,parse_uncertain,maqayis_openiti,Harun_DarAlFikr,low
بكر,بكر,الباء والكاف والراء أصل واحد يرجع إليه فرعان هما منه,,1,has_asl,maqayis_openiti,Harun_DarAlFikr,high
بكع,بكع,الباء والكاف والعين أصل واحد، وهو ضرب متتابع، أو عطاء متتابع، أو ما أشبه ذلك,,1,has_asl,maqayis_openiti,Harun_DarAlFikr,high
بكل,بكل,الاختلاط وما أشبهه ||| إفادة الشيء وتغنمه,الباء والكاف واللام أصلان,2,has_asl,maqayis_openiti,Harun_DarAlFikr,high
بكم,بكم,الباء والكاف والميم أصل واحد قليل، وهو الخرس,,1,has_asl,maqayis_openiti,Harun_DarAlFikr,high
بكوء,بكوء,البكاء ||| نقصان الشيء وقلته,الباء والكاف والواو والهمزة أصلان,2,has_asl,maqayis_openiti,Harun_DarAlFikr,high
بل,بل,الباء واللام في المضاعف له أصول خمسة هي معظم الباب,,5,has_asl,maqayis_openiti,Harun_DarAlFikr,high
بلاص,بلأص,غير أصل، لأن الهمزة مبدلة [من هاء] والصاد مبدلة من سين,,1,has_asl,maqayis_openiti,Harun_DarAlFikr,high
بلت,بلت,الباء واللام والتاء أصل واحد، وهو الانقطاع,,1,has_asl,maqayis_openiti,Harun_DarAlFikr,high
بلج,بلج,الباء واللام والجيم أصل واحد منقاس، وهو وضوح الشيء وإشراقه,,1,has_asl,maqayis_openiti,Harun_DarAlFikr,high
بلح,بلح,الباء واللام والحاء أصل واحد، وهو فتور في الشيء وإعياء وقلة إحكام، وإليه ترجع فروع الباب كله، فالبلح الخلال، واحدته بلحة، وهو حمل النخل ما دام أخضر صغارا كحصرم العنب,,1,has_asl,maqayis_openiti,Harun_DarAlFikr,high
بلخ,بلخ,الباء واللام والخاء أصل واحد، وهو التكبر، يقال رجل أبلخ,,1,has_asl,maqayis_openiti,Harun_DarAlFikr,high
بلد,بلد,الباء واللام والدال أصل واحد يتقارب فروعه عند النظر في قياسه، والأصل الصدر,,1,has_asl,maqayis_openiti,Harun_DarAlFikr,high
بلز,بلز,الباء واللام والزاء ليس بأصل، وفيه كليمات، فالبلز المرأة القصيرة,,1,has_asl,maqayis_openiti,Harun_DarAlFikr,high
بلس,بلس,الباء واللام والسين أصل واحد، وما بعده فلا معول عليه,,1,has_asl,maqayis_openiti,Harun_DarAlFikr,high
بلص,بلص,الباء واللام والصاد، فيه كلمات أكثر ظني أن لا معول على مثلها، وهي مع ذلك تتقارب,,1,parse_uncertain,maqayis_openiti,Harun_DarAlFikr,low
بلط,بلط,الباء واللام والطاء أصل واحد، والأمر فيه قريب من الذي قبله,,1,has_asl,maqayis_openiti,Harun_DarAlFikr,high
بلع,بلع,الباء واللام والعين أصل واحد، وهو ازدراد الشيء,,1,has_asl,maqayis_openiti,Harun_DarAlFikr,high
بلغ,بلغ,الباء واللام والغين أصل واحد وهو الوصول إلى الشيء,,1,has_asl,maqayis_openiti,Harun_DarAlFikr,high
بلق,بلق,الباء واللام والقاف أصل واحد منقاس مطرد، وهو الفتح,,1,has_asl,maqayis_openiti,Harun_DarAlFikr,high
بلم,بلم,ورم أو ما يشبهه ||| نبت,الباء واللام والميم أصلان,2,has_asl,maqayis_openiti,Harun_DarAlFikr,high
بله,بله,الباء واللام والهاء أصل واحد، وهو شبه الغرارة والغفلة,,1,has_asl,maqayis_openiti,Harun_DarAlFikr,high
بلوي,بلوي,إخلاق الشيء ||| نوع من الاختبار، ويحمل عليه الإخبار أيضا,الباء واللام والواو والياء، أصلان,2,has_asl,maqayis_openiti,Harun_DarAlFikr,high
بن,بن,الباء والنون في المضاعف أصل واحد، هو اللزوم والإقامة، وإليه ترجع مسائل الباب كلها,,1,has_asl,maqayis_openiti,Harun_DarAlFikr,high
بنج,بنج,الباء والنون والجيم كلمة واحدة ليست عندي أصلا، وما أدري كيف هي في قياس اللغة، لكنها قد ذكرت,,1,has_asl,maqayis_openiti,Harun_DarAlFikr,high
بند,بند,الباء والنون والدال أصل فارسي لا وجه لذكره,,1,has_asl,maqayis_openiti,Harun_DarAlFikr,high
بنس,بنس,الباء والنون والسين كلمة واحدة، يقال بنس عن الشيء تبنيسا، إذا تأخر عنه,,1,parse_uncertain,maqayis_openiti,Harun_DarAlFikr,low
بنق,بنق,الباء والنون والقاف كلمة واحدة، وأراها من الحواشي غير واسطة,,1,parse_uncertain,maqayis_openiti,Harun_DarAlFikr,low
بنك,بنك,الباء والنون والكاف كلمة واحدة، وهو قولهم تبنك بالمكان أقام به، وهي شبه التي قبلها,,1,parse_uncertain,maqayis_openiti,Harun_DarAlFikr,low
بنو,بنو,الباء والنون والواو كلمة واحدة، وهو الشيء يتولد عن الشيء، كابن الإنسان وغيره,,1,parse_uncertain,maqayis_openiti,Harun_DarAlFikr,low
بني,بني,الباء والنون والياء أصل واحد، وهو بناء الشيء بضم بعضه إلى بعض,,1,has_asl,maqayis_openiti,Harun_DarAlFikr,high
به,به,الباء والهاء في المضاعف ليس بأصل، وذلك أنه حكاية صوت، أو حمل لفظ على لفظ,,1,has_asl,maqayis_openiti,Harun_DarAlFikr,high
بها,بهأ,الباء والهاء والهمزة أصل واحد، وهو الأنس,,1,has_asl,maqayis_openiti,Harun_DarAlFikr,high
بهت,بهت,الباء والهاء والتاء أصل واحد، وهو كالدهش والحيرة,,1,has_asl,maqayis_openiti,Harun_DarAlFikr,high
بهث,بهث,الباء والهاء والثاء ليس بأصل، وقد سمي الرجل بهثة,,1,has_asl,maqayis_openiti,Harun_DarAlFikr,high
بهج,بهج,الباء والهاء والجيم أصل واحد، وهو السرور والنضرة، يقال نبات بهيج، أي ناضر حسن,,1,has_asl,maqayis_openiti,Harun_DarAlFikr,high
بهر,بهر,الغلبة والعلو ||| وسط شيء,الباء والهاء والراء أصلان,2,has_asl,maqayis_openiti,Harun_DarAlFikr,high
بهز,بهز,الباء والهاء والزاء أصل واحد، وهو الغلبة والدفع بعنف,,1,has_asl,maqayis_openiti,Harun_DarAlFikr,high
بهس,بهس,الباء والهاء والسين كلمة واحدة، يقال إن الأسد يسمى بيهسا,,1,parse_uncertain,maqayis_openiti,Harun_DarAlFikr,low
بهش,بهش,الباء والهاء والشين,,1,parse_uncertain,maqayis_openiti,Harun_DarAlFikr,low
بهظ,بهظ,الباء والهاء والظاء كلمة واحدة، وهو قولهم بهظه الأمر، إذا ثقل عليه,,1,parse_uncertain,maqayis_openiti,Harun_DarAlFikr,low
بهق,بهق,الباء والهاء والقاف كلمة واحدة، وهو سواد يعتري الجلد، أو لون يخالف لونه,,1,parse_uncertain,maqayis_openiti,Harun_DarAlFikr,low
بهل,بهل,الباء والهاء واللام,,1,parse_uncertain,maqayis_openiti,Harun_DarAlFikr,low
بهم,بهم,الباء والهاء والميم: أن يبقى الشيء لا يعرف المأتى إليه,,1,parse_uncertain,maqayis_openiti,Harun_DarAlFikr,low
بهن,بهن,الباء والهاء والنون كلمة واحدة، وفيها أيضا ردة يقال البهنانة المرأة الضحاكة، ويقال الطيبة الريح,,1,parse_uncertain,maqayis_openiti,Harun_DarAlFikr,low
بهو,بهو,الباء والهاء والواو أصل واحد، وهو البيت وما أشبهه,,1,has_asl,maqayis_openiti,Harun_DarAlFikr,high
بهي,بهي,الباء والهاء والياء أصل واحد، وهو خلو الشيء وتعطله,,1,has_asl,maqayis_openiti,Harun_DarAlFikr,high
بو,بو,البو كلمة واحدة وهو جلد حوار يحشى وتعطف عليه الناقة إذا مات ولدها,,1,parse_uncertain,maqayis_openiti,Harun_DarAlFikr,low
بوا,بوأ,الرجوع إلى الشيء ||| تساوي الشيئين,الباء والواو والهمزة أصلان,2,has_asl,maqayis_openiti,Harun_DarAlFikr,high
بوب,بوب,الباء والواو والباء أصل واحد، وهو قولك تبوبت بوابا، أي اتخذت بوابا والباب أصل ألفه واو، فانقلبت ألفا,,1,has_asl,maqayis_openiti,Harun_DarAlFikr,high
بوث,بوث,الباء والواو والثاء أصل [ليس] بالقوي، لكنهم يقولون باث عن الأمر بوثا، إذا بحث عنه,,1,has_asl,maqayis_openiti,Harun_DarAlFikr,high
بوج,بوج,الباء والواو والجيم أصل حسن، وهو من اللمعان,,1,has_asl,maqayis_openiti,Harun_DarAlFikr,high
بوح,بوح,الباء والواو والحاء أصل واحد، وهو سعة الشيء وبروزه وظهوره، فالبوح جمع باحة، وهي عرصة الدار,,1,has_asl,maqayis_openiti,Harun_DarAlFikr,high
بوخ,بوخ,الباء والواو والخاء كلمة فصيحة، وهو السكون,,1,parse_uncertain,maqayis_openiti,Harun_DarAlFikr,low
بور,بور,هلاك الشيء وما يشبهه من تعطله وخلوه ||| ابتلاء الشيء وامتحانه,الباء والواو والراء أصلان,2,has_asl,maqayis_openiti,Harun_DarAlFikr,high
بوش,بوش,الباء والواو والشين أصل واحد، وهو التجمع من أصناف مختلفين,,1,has_asl,maqayis_openiti,Harun_DarAlFikr,high
بوص,بوص,شيء من الآراب ||| من السبق,الباء والواو والصاد أصلان,2,has_asl,maqayis_openiti,Harun_DarAlFikr,high
بوع,بوع,الباء والواو والعين أصل واحد، وهو امتداد الشيء,,1,has_asl,maqayis_openiti,Harun_DarAlFikr,high
بوغ,بوغ,الباء والواو والغين أصل واحد، وهو ثوران الشيء,,1,has_asl,maqayis_openiti,Harun_DarAlFikr,high
بوق,بوق,الباء والواو والقاف ليس بأصل معول عليه، ولا فيه عندي كلمة صحيحة,,1,has_asl,maqayis_openiti,Harun_DarAlFikr,high
بوك,بوك,الباء والواو والكاف ليس أصلا، وهو كناية عن الفعل,,1,has_asl,maqayis_openiti,Harun_DarAlFikr,high
بول,بول,ماء يتحلب ||| الروع,الباء والواو واللام أصلان,2,has_asl,maqayis_openiti,Harun_DarAlFikr,high
بوم,بوم,الباء والواو والميم كلمة واحدة لا يقاس عليها,,1,parse_uncertain,maqayis_openiti,Harun_DarAlFikr,low
بون,بون,الباء والواو والنون أصل واحد، وهو البعد,,1,has_asl,maqayis_openiti,Harun_DarAlFikr,high
بوه,بوه,الباء والواو والهاء ليس بأصل عندي، وهو كلام كالتهكم والهزء,,1,has_asl,maqayis_openiti,Harun_DarAlFikr,high
بيء,بيء,الباء والياء والباء والهمزة، ليست أصولا تقاس، لأنها كلمات مفردة,,2,has_asl,maqayis_openiti,Harun_DarAlFikr,high
بيت,بيت,الباء والياء والتاء أصل واحد، وهو المأوى والمآب ومجمع الشمل,,1,has_asl,maqayis_openiti,Harun_DarAlFikr,high
بيح,بيح,الباء والياء والحاء ليس بأصل ولا فرع، وليس فيه إلا البياح، وهو سمك,,1,has_asl,maqayis_openiti,Harun_DarAlFikr,high
بيد,بيد,الباء والياء والدال أصل [واحد] ، وهو أن يودي الشيء,,1,has_asl,maqayis_openiti,Harun_DarAlFikr,high
بيص,بيص,الباء والياء والصاد ليس بأصل,,1,has_asl,maqayis_openiti,Harun_DarAlFikr,high
بيض,بيض,الباء والياء والضاد أصل، ومشتق منه، ومشبه بالمشتق,,1,has_asl,maqayis_openiti,Harun_DarAlFikr,high
بيظ,بيظ,الباء والياء والظاء كلمة ما أعرفها في صحيح كلام العرب، ولو أنهم ذكروها ما كان لإثباتها وجه,,1,parse_uncertain,maqayis_openiti,Harun_DarAlFikr,low
بيع,بيع,الباء والياء والعين أصل واحد، وهو بيع الشيء، وربما سمي الشرى بيعا,,1,has_asl,maqayis_openiti,Harun_DarAlFikr,high
بيغ,بيغ,الباء والياء والغين ليس بأصل,,1,has_asl,maqayis_openiti,Harun_DarAlFikr,high
بين,بين,الباء والياء والنون أصل واحد، وهو بعد الشيء وانكشافه,,1,has_asl,maqayis_openiti,Harun_DarAlFikr,high
تار,تأر,التاء والهمزة والراء كلمة واحدة,,1,parse_uncertain,maqayis_openiti,Harun_DarAlFikr,low
تام,تأم,التاء والهمزة والميم كلمة واحدة، وهي التوأمان: الولدان في بطن تقول أتأمت المرأة، وهي متئم,,1,parse_uncertain,maqayis_openiti,Harun_DarAlFikr,low
تب,تب,التاء والباء كلمة واحدة، وهي التباب، وهو الخسران,,1,parse_uncertain,maqayis_openiti,Harun_DarAlFikr,low
تبر,تبر,الهلاك ||| [جوهر] من جواهر الأرض,التاء والباء والراء أصلان متباعد ما بينهما,2,has_asl,maqayis_openiti,Harun_DarAlFikr,high
تبع,تبع,التاء والباء والعين أصل واحد لا يشذ عنه من الباب شيء، وهو التلو والقفو,,1,has_asl,maqayis_openiti,Harun_DarAlFikr,high
تبل,تبل,التاء والباء واللام كلمات متقاربة لفظا ومعنى، وهي خلاف الصلاح والسلامة، فالتبل العداوة، والتبل غلبة الحب على القلب، يقال قلب متبول,,1,parse_uncertain,maqayis_openiti,Harun_DarAlFikr,low
تبن,تبن,التاء والباء والنون كلمات متفاوتة في المعنى جدا، وذلك دليل أن من كلام العرب موضوعا وضعا من غير قياس ولا اشتقاق,,1,parse_uncertain,maqayis_openiti,Harun_DarAlFikr,low
تجر,تجر,التاء والجيم والراء، التجارة معروفة,,1,parse_uncertain,maqayis_openiti,Harun_DarAlFikr,low
تحت,تحت,التاء والحاء والتاء كلمة واحدة، تحت الشيء,,1,parse_uncertain,maqayis_openiti,Harun_DarAlFikr,low
تحم,تحم,الأتحمي: ضرب من البرود:,,1,parse_uncertain,maqayis_openiti,Harun_DarAlFikr,low
تخ,تخ,التاء والخاء في المضاعف ليس أصلا يقاس عليه أو يفرع منه، والذي ذكر منه فليس بذلك المعول عليه,,1,has_asl,maqayis_openiti,Harun_DarAlFikr,high
تخذ,تخذ,التاء والخاء والذال كلمة واحدة، تخذت الشيء واتخذته,,1,parse_uncertain,maqayis_openiti,Harun_DarAlFikr,low
تخم,تخم,التاء والخاء والميم كلمة واحدة لا تتفرع,,1,parse_uncertain,maqayis_openiti,Harun_DarAlFikr,low
تر,تر,التاء والراء قريب من الذي قبله,,1,parse_uncertain,maqayis_openiti,Harun_DarAlFikr,low
ترب,ترب,التراب وما يشتق منه ||| تساوي الشيئين,التاء والراء والباء أصلان,2,has_asl,maqayis_openiti,Harun_DarAlFikr,high
ترج,ترج,"التاء والراء والجيم لا شيء فيه إلا "" ترج ""، وهو موضع",,1,parse_uncertain,maqayis_openiti,Harun_DarAlFikr,low
ترح,ترح,التاء والراء والحاء كلمتان متقاربتان,,1,parse_uncertain,maqayis_openiti,Harun_DarAlFikr,low
ترز,ترز,التاء والراء والزاء كلمة واحدة صحيحة,,1,parse_uncertain,maqayis_openiti,Harun_DarAlFikr,low
ترس,ترس,التاء والراء والسين كلمة واحدة، وهي الترس، وهو معروف، والجمع ترسة وتراس وتروس,,1,parse_uncertain,maqayis_openiti,Harun_DarAlFikr,low
ترش,ترش,التاء والراء والشين ليس أصلا ولا فرعا، سوى أن ابن دريد ذكر أن الترش خفة ونزق، يقال ترش يترش ترشا,,1,has_asl,maqayis_openiti,Harun_DarAlFikr,high
ترص,ترص,التاء والراء والصاد أصل واحد، وهو الإحكام,,1,has_asl,maqayis_openiti,Harun_DarAlFikr,high
ترع,ترع,التاء والراء والعين أصل مطرد قياسه، وهو تفتح الشيء,,1,has_asl,maqayis_openiti,Harun_DarAlFikr,high
ترف,ترف,التاء والراء والفاء كلمة واحدة، وهي الترفة,,1,parse_uncertain,maqayis_openiti,Harun_DarAlFikr,low
ترق,ترق,التاء والراء والقاف ليس فيه شيء غير الترقوة، فإن الخليل زعم أنها فعلوة، وهو عظم وصل ما بين ثغرة النحر والعاتق,,1,parse_uncertain,maqayis_openiti,Harun_DarAlFikr,low
ترك,ترك,التاء والراء والكاف: الترك التخلية عن الشيء، وهو قياس الباب، ولذلك تسمى البيضة بالعراء تريكة,,1,parse_uncertain,maqayis_openiti,Harun_DarAlFikr,low
تره,تره,التاء والراء والهاء كلمة ليست بأصل متفرع منه,,1,has_asl,maqayis_openiti,Harun_DarAlFikr,high
تسع,تسع,التاء والسين والعين كلمة واحدة، وهي التسعة في العدد,,1,parse_uncertain,maqayis_openiti,Harun_DarAlFikr,low
تع,تع,التاء والعين من الكلام الأصيل الصحيح، وقياسه القلق والإكراه,,1,parse_uncertain,maqayis_openiti,Harun_DarAlFikr,low
تعب,تعب,التاء والعين والباء كلمة واحدة، وهو الإعياء حتى يقال: تعب تعبا، وهو تعب، ولا يقال متعوب,,1,parse_uncertain,maqayis_openiti,Harun_DarAlFikr,low
تعر,تعر,التاء والعين والراء ليس بشيء، إلا تعار، وهو جبل,,1,parse_uncertain,maqayis_openiti,Harun_DarAlFikr,low
تعس,تعس,التاء والعين والسين كلمة واحدة وهو الكب، يقال تعسه الله وأتعسه,,1,parse_uncertain,maqayis_openiti,Harun_DarAlFikr,low
تعص,تعص,التاء والعين والصاد كلمة واحدة,,1,parse_uncertain,maqayis_openiti,Harun_DarAlFikr,low
تغ,تغ,التاء والغين ليس أصلا,,1,has_asl,maqayis_openiti,Harun_DarAlFikr,high
تف,تف,التاء والفاء كالذي قبله,,1,parse_uncertain,maqayis_openiti,Harun_DarAlFikr,low
تفث,تفث,التاء والفاء والثاء كلمة واحدة في قول الله تعالى: {ثم ليقضوا تفثهم} [الحج: 29],,1,parse_uncertain,maqayis_openiti,Harun_DarAlFikr,low
تفح,تفح,التاء والفاء والحاء كلمة واحدة، وهي التفاح,,1,parse_uncertain,maqayis_openiti,Harun_DarAlFikr,low
تفر,تفر,التاء والفاء والراء كلمة واحدة، وهي التفرة الدائرة التي تحت الأنف في وسط الشفة العليا,,1,parse_uncertain,maqayis_openiti,Harun_DarAlFikr,low
تفل,تفل,التاء والفاء واللام أصل واحد، وهو خبث الشيء وكراهته,,1,has_asl,maqayis_openiti,Harun_DarAlFikr,high
تفه,تفه,التاء والفاء والهاء أصل واحد، وهو قلة الشيء,,1,has_asl,maqayis_openiti,Harun_DarAlFikr,high
تق,تق,التاء والقاف كالذي قبله,,1,parse_uncertain,maqayis_openiti,Harun_DarAlFikr,low
تقد,تقد,التاء والقاف والدال,,1,parse_uncertain,maqayis_openiti,Harun_DarAlFikr,low
تقن,تقن,إحكام الشيء ||| الطين والحمأة,التاء والقاف والنون أصلان,2,has_asl,maqayis_openiti,Harun_DarAlFikr,high
تك,تك,التاء والكاف ليس أصلا,,1,has_asl,maqayis_openiti,Harun_DarAlFikr,high
تل,تل,التاء واللام في المضاعف أصل صحيح، وهو دليل الانتصاب وضد الانتصاب,,1,has_asl,maqayis_openiti,Harun_DarAlFikr,high
تلد,تلد,التاء واللام والدال أصل واحد، وهو الإقامة,,1,has_asl,maqayis_openiti,Harun_DarAlFikr,high
تلع,تلع,التاء واللام والعين أصل واحد، وهو الامتداد والطول صعدا,,1,has_asl,maqayis_openiti,Harun_DarAlFikr,high
تلف,تلف,التاء واللام والفاء كلمة واحدة، وهو ذهاب الشيء,,1,parse_uncertain,maqayis_openiti,Harun_DarAlFikr,low
تلم,تلم,التاء واللام والميم ليس بأصل، ولا فيه كلام صحيح ولا فصيح,,1,has_asl,maqayis_openiti,Harun_DarAlFikr,high
تله,تله,التاء واللام والهاء ليس أصلا في نفسه، وذلك أنهم يقولون تله إذا تحير، ثم يقولون إن التاء بدل من الواو,,1,has_asl,maqayis_openiti,Harun_DarAlFikr,high
تلو,تلو,التاء واللام والواو أصل واحد، وهو الاتباع,,1,has_asl,maqayis_openiti,Harun_DarAlFikr,high
تم,تم,التاء والميم أصل واحد منقاس، وهو دليل الكمال,,1,has_asl,maqayis_openiti,Harun_DarAlFikr,high
تمر,تمر,التاء والميم والراء كلمة واحدة، ثم يشتق منها، وهي التمر المأكول,,1,parse_uncertain,maqayis_openiti,Harun_DarAlFikr,low
تمك,تمك,التاء والميم والكاف كلمة واحدة، وهو ارتفاع الشيء,,1,parse_uncertain,maqayis_openiti,Harun_DarAlFikr,low
تمه,تمه,التاء والميم والهاء كلمة واحدة تدل على تغير الشيء,,1,has_asl,maqayis_openiti,Harun_DarAlFikr,high
تن,تن,التاء والنون كلمتان ما أدري ما أصلهما، إلا أنهم يسمون الترب: التن,,1,has_asl,maqayis_openiti,Harun_DarAlFikr,high
تنا,تنأ,التاء والنون والهمزة كلمة واحدة,,1,parse_uncertain,maqayis_openiti,Harun_DarAlFikr,low
تنخ,تنخ,التاء والنون والخاء كلمة واحدة، وهو الإقامة,,1,parse_uncertain,maqayis_openiti,Harun_DarAlFikr,low
تنف,تنف,التاء والنون والفاء كلمة واحدة، التنوفة المفازة، وكذلك التنوفية,,1,parse_uncertain,maqayis_openiti,Harun_DarAlFikr,low
ته,ته,التاء والهاء ليس بأصل، ولم يجئ فيه كلمة تتفرع,,1,has_asl,maqayis_openiti,Harun_DarAlFikr,high
تهم,تهم,التاء والهاء والميم أصل واحد، وهو فساد عن حر,,1,has_asl,maqayis_openiti,Harun_DarAlFikr,high
تو,تو,التاء والواو كلمة واحدة وهي التو، وهو الفرد,,1,parse_uncertain,maqayis_openiti,Harun_DarAlFikr,low
توب,توب,التاء والواو والباء كلمة واحدة تدل على الرجوع,,1,has_asl,maqayis_openiti,Harun_DarAlFikr,high
توت,توت,التاء والواو والتاء ليس أصلا,,1,has_asl,maqayis_openiti,Harun_DarAlFikr,high
توخ,توخ,التاء والواو والخاء ليس أصلا,,1,has_asl,maqayis_openiti,Harun_DarAlFikr,high
تور,تور,التاء والواو والراء ليس أصلا يعمل عليه,,1,has_asl,maqayis_openiti,Harun_DarAlFikr,high
توس,توس,التاء والواو والسين: الطبع، وليس أصلا، لأن التاء مبدلة من سين، وهو السوس,,1,has_asl,maqayis_openiti,Harun_DarAlFikr,high
توع,توع,التاء والواو والعين كلمة واحدة,,1,parse_uncertain,maqayis_openiti,Harun_DarAlFikr,low
توق,توق,التاء والواو والقاف أصل واحد، وهو نزاع النفس,,1,has_asl,maqayis_openiti,Harun_DarAlFikr,high
تول,تول,التاء والواو واللام كلمة ما أحسبها صحيحة، لكنها قد رويت قالوا: التولة جنس من السحر,,1,parse_uncertain,maqayis_openiti,Harun_DarAlFikr,low
توه,توه,التاء والواو والهاء ليس أصلا,,1,has_asl,maqayis_openiti,Harun_DarAlFikr,high
توي,توي,التاء والواو والياء كلمة واحدة,,1,parse_uncertain,maqayis_openiti,Harun_DarAlFikr,low
تيح,تيح,التاء والياء والحاء أصل واحد، وهو قولهم تاح في مشيته يتيح إذا تمايل,,1,has_asl,maqayis_openiti,Harun_DarAlFikr,high
تير,تير,التاء والياء والراء كلمة واحدة: التيار موج البحر الذي ينضح الماء,,1,parse_uncertain,maqayis_openiti,Harun_DarAlFikr,low
تيز,تيز,التاء والياء والزاء كلمة واحدة,,1,parse_uncertain,maqayis_openiti,Harun_DarAlFikr,low
تيس,تيس,التاء والياء والسين كلمة واحدة: التيس معروف من الظباء والمعز والوعول,,1,parse_uncertain,maqayis_openiti,Harun_DarAlFikr,low
تيع,تيع,التاء والياء والعين أصل واحد، وهو اضطراب الشيء,,1,has_asl,maqayis_openiti,Harun_DarAlFikr,high
تيم,تيم,التاء والياء والميم أصل واحد، وهو التعبيد,,1,has_asl,maqayis_openiti,Harun_DarAlFikr,high
تين,تين,التاء والياء والنون ليس أصلا، إلا التين، وهو معروف,,1,has_asl,maqayis_openiti,Harun_DarAlFikr,high
تيه,تيه,التاء والياء والهاء، كلمة صحيحة، وهي جنس من الحيرة، والتيه والتيهاء: المفازة يتيه فيها الإنسان,,1,parse_uncertain,maqayis_openiti,Harun_DarAlFikr,low
ثا,ثأ,الثاء والهمزة، كلمتان ليستا أصلا، يقال: ثأثأت بالإبل صحت بها، ولقيت فلانا فثأثأت منه، أي هبته,,1,has_asl,maqayis_openiti,Harun_DarAlFikr,high
ثاد,ثأد,الثاء والهمزة والدال كلمة واحدة يشتق منها، وهي الندى وما أشبهه,,1,parse_uncertain,maqayis_openiti,Harun_DarAlFikr,low
ثار,ثأر,الثاء والهمزة والراء أصل واحد، وهو الذحل المطلوب,,1,has_asl,maqayis_openiti,Harun_DarAlFikr,high
ثاط,ثأط,الثاء والهمزة والطاء كلمة واحدة ليست أصلا,,1,has_asl,maqayis_openiti,Harun_DarAlFikr,high
ثاي,ثأي,الثاء والهمزة والياء كلمة واحدة تدل على فساد وخرم,,1,has_asl,maqayis_openiti,Harun_DarAlFikr,high
ثب,ثب,الثاء والباء كلمة ليست في الكتابين، وإن صحت فهي تدل على تناهي الشيء,,1,has_asl,maqayis_openiti,Harun_DarAlFikr,high
ثبت,ثبت,الثاء والباء والتاء كلمة واحدة، وهي دوام الشيء,,1,parse_uncertain,maqayis_openiti,Harun_DarAlFikr,low
ثبج,ثبج,الثاء والباء والجيم كلمة واحدة تتفرع منها كلم، وهي معظم الشيء ووسطه,,1,parse_uncertain,maqayis_openiti,Harun_DarAlFikr,low
ثبر,ثبر,الثاء والباء والراء أصول ثلاثة: الأول السهولة، والثاني الهلاك، والثالث المواظبة على الشيء,,3,has_asl,maqayis_openiti,Harun_DarAlFikr,high
ثبن,ثبن,الثاء والباء والنون أصل واحد، وهو وعاء من الأوعية,,1,has_asl,maqayis_openiti,Harun_DarAlFikr,high
ثبي,ثبي,الثاء والباء والياء أصل واحد، وهو الدوام على الشيء,,1,has_asl,maqayis_openiti,Harun_DarAlFikr,high
ثتن,ثتن,الثاء والتاء والنون ليس أصلا,,1,has_asl,maqayis_openiti,Harun_DarAlFikr,high
ثج,ثج,الثاء والجيم أصل واحد، وهو صب الشيء,,1,has_asl,maqayis_openiti,Harun_DarAlFikr,high
ثجر,ثجر,الثاء والجيم والراء أصل واحد، يدل على متسع الشيء وعرضه,,1,has_asl,maqayis_openiti,Harun_DarAlFikr,high
ثجل,ثجل,الثاء والجيم واللام أصل يدل على عظم الشيء الأجوف، ثم يحمل عليه ما ليس بأجوف,,1,has_asl,maqayis_openiti,Harun_DarAlFikr,high
ثجم,ثجم,الثاء والجيم والميم ليس أصلا، وهو دوام المطر أياما,,1,has_asl,maqayis_openiti,Harun_DarAlFikr,high
ثحج,ثحج,الثاء والحاء والجيم,,1,parse_uncertain,maqayis_openiti,Harun_DarAlFikr,low
ثخن,ثخن,الثاء والخاء والنون يدل على رزانة الشيء في ثقل,,1,has_asl,maqayis_openiti,Harun_DarAlFikr,high
ثدق,ثدق,الثاء والدال والقاف كلمة واحدة,,1,parse_uncertain,maqayis_openiti,Harun_DarAlFikr,low
ثدم,ثدم,الثاء والدال والميم كلمة ليست أصلا,,1,has_asl,maqayis_openiti,Harun_DarAlFikr,high
ثدن,ثدن,الثاء والدال والنون كلمة,,1,parse_uncertain,maqayis_openiti,Harun_DarAlFikr,low
ثدي,ثدي,الثاء والدال والياء كلمة واحدة، وهي ثدي المرأة,,1,parse_uncertain,maqayis_openiti,Harun_DarAlFikr,low
ثر,ثر,الثاء والراء قياس لا يخلف، وهو غزر الشيء الغزير,,1,parse_uncertain,maqayis_openiti,Harun_DarAlFikr,low
ثرب,ثرب,الثاء والراء والباء كلمتان متباينتا الأصل، لا فروع لهما,,1,has_asl,maqayis_openiti,Harun_DarAlFikr,high
ثرد,ثرد,الثاء والراء والدال أصل واحد، وهو فت الشيء، وما أشبهه,,1,has_asl,maqayis_openiti,Harun_DarAlFikr,high
ثرم,ثرم,الثاء والراء والميم كلمة واحدة يشتق منها، يقال ثرمت الرجل فثرم، وثرمت ثنيته فانثرمت,,1,parse_uncertain,maqayis_openiti,Harun_DarAlFikr,low
ثروى,ثروى,الثاء والراء والحرف المعتل أصل واحد، وهو الكثرة، وخلاف اليبس,,1,has_asl,maqayis_openiti,Harun_DarAlFikr,high
ثط,ثط,الثاء والطاء كلمة واحدة، فالثطط خفة اللحية,,1,parse_uncertain,maqayis_openiti,Harun_DarAlFikr,low
ثطا,ثطأ,الثاء والطاء والهمزة كلمة لا معول عليها,,1,parse_uncertain,maqayis_openiti,Harun_DarAlFikr,low
ثطع,ثطع,الثاء والطاء والعين شبيه بما قبله، إلا أنهم يقولون ثطع الرجل أبدى,,1,parse_uncertain,maqayis_openiti,Harun_DarAlFikr,low
ثع,ثع,الثاء والعين كلمة واحدة: الثع القيء، يقال ثع ثعة، إذا قاء قيئة,,1,parse_uncertain,maqayis_openiti,Harun_DarAlFikr,low
ثعب,ثعب,الثاء والعين والباء أصل يدل على امتداد الشيء وانبساطه، يكون ذلك في ماء وغيره,,1,has_asl,maqayis_openiti,Harun_DarAlFikr,high
ثعر,ثعر,التاء والعين والراء بناء إن صح دل على قماءة وصغر,,1,parse_uncertain,maqayis_openiti,Harun_DarAlFikr,low
ثعط,ثعط,الثاء والعين والطاء كلمة صحيحة,,1,parse_uncertain,maqayis_openiti,Harun_DarAlFikr,low
ثعل,ثعل,الثاء والعين واللام أصل واحد، وهو تزيد واختلاف حال,,1,has_asl,maqayis_openiti,Harun_DarAlFikr,high
ثعم,ثعم,,,0,no_asl,maqayis_openiti,Harun_DarAlFikr,high
ثغا,ثغا,الثاء والغين والحرف المعتل أصل يدل على الصوت,,1,has_asl,maqayis_openiti,Harun_DarAlFikr,high
ثغب,ثغب,الثاء والغين والباء أصل واحد، وهو غدير في غلظ من أرض,,1,has_asl,maqayis_openiti,Harun_DarAlFikr,high
ثغر,ثغر,الثاء والغين والراء أصل واحد يدل على تفتح وانفراج,,1,has_asl,maqayis_openiti,Harun_DarAlFikr,high
ثغم,ثغم,الثاء والغين والميم مستعمل في كلمة واحدة، وهي الثغامة، وهي شجرة بيضاء الثمر والزهر، يشبه الشيب به,,1,parse_uncertain,maqayis_openiti,Harun_DarAlFikr,low
ثفر,ثفر,الثاء والفاء والراء كلمة واحدة تدل على المؤخر,,1,has_asl,maqayis_openiti,Harun_DarAlFikr,high
ثفل,ثفل,الثاء والفاء واللام أصل واحد، وهو الشيء يستقر تحت الشيء، يكون ذلك من الكدر وغيره,,1,has_asl,maqayis_openiti,Harun_DarAlFikr,high
ثفن,ثفن,الثاء والفاء والنون أصل واحد، وهو ملازمة الشيء الشيء,,1,has_asl,maqayis_openiti,Harun_DarAlFikr,high
ثفي,ثفي,الثاء والفاء والحرف المعتل أصل واحد، وهو الأثفية، والجمع أثافي,,1,has_asl,maqayis_openiti,Harun_DarAlFikr,high
ثقب,ثقب,الثاء والقاف والباء كلمة واحدة، وهو أن ينفذ الشيء,,1,parse_uncertain,maqayis_openiti,Harun_DarAlFikr,low
ثقف,ثقف,الثاء والقاف والفاء كلمة واحدة إليها يرجع الفروع، وهو إقامة درء الشيء,,1,parse_uncertain,maqayis_openiti,Harun_DarAlFikr,low
ثقل,ثقل,الثاء والقاف واللام أصل واحد يتفرع منه كلمات متقاربة، وهو ضد الخفة، ولذلك سمي الجن والإنس الثقلين، لكثرة العدد,,1,has_asl,maqayis_openiti,Harun_DarAlFikr,high
ثكل,ثكل,الثاء والكاف واللام كلمة واحدة تدل على فقدان الشيء، وكأنه يختص بذلك فقدان الولد,,1,has_asl,maqayis_openiti,Harun_DarAlFikr,high
ثكم,ثكم,الثاء والكاف والميم كلمة واحدة، وهو مجتمع الشيء,,1,parse_uncertain,maqayis_openiti,Harun_DarAlFikr,low
ثكن,ثكن,الثاء والكاف والنون كلمة واحدة تدل على مجتمع الشيء,,1,has_asl,maqayis_openiti,Harun_DarAlFikr,high
ثل,ثل,التجمع ||| السقوط والهدم والذل,الثاء واللام أصلان متباينان,2,has_asl,maqayis_openiti,Harun_DarAlFikr,high
ثلب,ثلب,الثاء واللام والباء كلمة صحيحة مطردة القياس في خور الشيء وتشعثه,,1,parse_uncertain,maqayis_openiti,Harun_DarAlFikr,low
ثلث,ثلث,الثاء واللام والثاء كلمة واحدة، وهي في العدد، يقال اثنان وثلاثة,,1,parse_uncertain,maqayis_openiti,Harun_DarAlFikr,low
ثلج,ثلج,الثاء واللام والجيم أصل واحد، وهو الثلج المعروف,,1,has_asl,maqayis_openiti,Harun_DarAlFikr,high
ثلط,ثلط,الثاء واللام والطاء كلمة واحدة، وهو ثلط البعير والبقرة,,1,parse_uncertain,maqayis_openiti,Harun_DarAlFikr,low
ثلغ,ثلغ,الثاء واللام والغين كلمة واحدة، وهو شدخ الشيء,,1,parse_uncertain,maqayis_openiti,Harun_DarAlFikr,low
ثلم,ثلم,الثاء واللام والميم أصل واحد، وهو تشرم يقع في طرف الشيء، كالثلمة تكون في طرف الإناء,,1,has_asl,maqayis_openiti,Harun_DarAlFikr,high
ثم,ثم,الثاء والميم أصل واحد، هو اجتماع في لين,,1,has_asl,maqayis_openiti,Harun_DarAlFikr,high
ثما,ثمأ,الثاء والميم والهمزة كلمة واحدة ليست أصلا، بل هي فرع لما قبلها,,1,has_asl,maqayis_openiti,Harun_DarAlFikr,high
ثمد,ثمد,الثاء والميم والدال أصل واحد، وهو القليل من الشيء، فالثمد الماء القليل لا مادة له,,1,has_asl,maqayis_openiti,Harun_DarAlFikr,high
ثمر,ثمر,الثاء والميم والراء أصل واحد، وهو شيء يتولد عن شيء متجمعا، ثم يحمل عليه غيره استعارة,,1,has_asl,maqayis_openiti,Harun_DarAlFikr,high
ثمغ,ثمغ,الثاء والميم والغين كلمة واحدة لا يقاس عليها ولا يفرع منها,,1,parse_uncertain,maqayis_openiti,Harun_DarAlFikr,low
ثمل,ثمل,الثاء والميم واللام أصل ينقاس مطردا، وهو الشيء يبقى ويثبت، ويكون ذلك في القليل والكثير,,1,has_asl,maqayis_openiti,Harun_DarAlFikr,high
ثمن,ثمن,عوض ما يباع ||| جزء من ثمانية,الثاء والميم والنون أصلان,2,has_asl,maqayis_openiti,Harun_DarAlFikr,high
ثن,ثن,الثاء والنون أصل واحد، وهو نبات من شعر أو غيره,,1,has_asl,maqayis_openiti,Harun_DarAlFikr,high
ثنت,ثنت,الثاء والنون والتاء كلمة واحدة,,1,parse_uncertain,maqayis_openiti,Harun_DarAlFikr,low
ثني,ثني,الثاء والنون والياء أصل واحد، وهو تكرير الشيء مرتين، أو جعله شيئين متواليين أو متباينين، وذلك قولك ثنيت الشيء ثنيا,,1,has_asl,maqayis_openiti,Harun_DarAlFikr,high
ثهل,ثهل,الثاء والهاء واللام كلمة واحدة وهو جبل يقال له ثهلان، وهو مشهور,,1,parse_uncertain,maqayis_openiti,Harun_DarAlFikr,low
ثوب,ثوب,الثاء والواو والباء قياس صحيح من أصل واحد، وهو العود والرجوع,,1,has_asl,maqayis_openiti,Harun_DarAlFikr,high
ثوخ,ثوخ,الثاء والواو والخاء ليس أصلا ; لأن قولهم ثاخت الإصبع إنما هي مبدلة من ساخت ; وربما قالوا بالتاء: تاخت,,1,has_asl,maqayis_openiti,Harun_DarAlFikr,high
ثور,ثور,انبعاث الشيء ||| جنس من الحيوان,الثاء والواو والراء أصلان قد يمكن الجمع بينهما بأدنى نظر,2,has_asl,maqayis_openiti,Harun_DarAlFikr,high
ثول,ثول,الثاء والواو واللام كلمة واحدة تدل على الاضطراب، وإليها يرجع الفروع,,1,has_asl,maqayis_openiti,Harun_DarAlFikr,high
ثوم,ثوم,الثاء والواو والميم كلمة واحدة، وهي الثومة من النبات,,1,parse_uncertain,maqayis_openiti,Harun_DarAlFikr,low
ثوي,ثوي,الثاء والواو والياء كلمة واحدة صحيحة تدل على الإقامة,,1,has_asl,maqayis_openiti,Harun_DarAlFikr,high
ثيل,ثيل,الثاء والياء واللام كلمة واحدة، وهي الثيل، وهو وعاء قضيب البعير,,1,parse_uncertain,maqayis_openiti,Harun_DarAlFikr,low
جا,جأ,الجيم والهمزة ليس أصلا لأنه حكاية صوت,,1,has_asl,maqayis_openiti,Harun_DarAlFikr,high
جاب,جأب,الجيم والهمزة والباء حرفان: أحدهما يدل على الكسب، يقال جأبت جأبا، أي كسبت وعملت,,1,has_asl,maqayis_openiti,Harun_DarAlFikr,high
جاث,جأث,الجيم والهمزة والثاء كلمة واحدة تدل على الفزع,,1,has_asl,maqayis_openiti,Harun_DarAlFikr,high
جاز,جأز,الجيم والهمزة والزاء جنس من الأدواء,,1,parse_uncertain,maqayis_openiti,Harun_DarAlFikr,low
جاف,جأف,الجيم والهمزة والفاء كلمة واحدة تدل على الفزع,,1,has_asl,maqayis_openiti,Harun_DarAlFikr,high
جب,جب,القطع ||| تجمع الشيء,الجيم والباء في المضاعف أصلان,2,has_asl,maqayis_openiti,Harun_DarAlFikr,high
جبا,جبأ,الجيم والباء والهمزة أصلان: أحدهما التنحي عن الشيء,,2,has_asl,maqayis_openiti,Harun_DarAlFikr,high
جبت,جبت,الجيم والباء والتاء كلمة واحدة,,1,parse_uncertain,maqayis_openiti,Harun_DarAlFikr,low
جبذ,جبذ,الجيم والباء والذال ليس أصلا ; لأنه كلمة واحدة مقلوبة، يقال جبذت الشيء بمعنى جذبته,,1,has_asl,maqayis_openiti,Harun_DarAlFikr,high
جبر,جبر,الجيم والباء والراء أصل واحد، وهو جنس من العظمة والعلو والاستقامة,,1,has_asl,maqayis_openiti,Harun_DarAlFikr,high
جبز,جبز,الجيم والباء والزاء ليس عندي أصلا، وإن كانوا يقولون: الجبيز الخبز اليابس,,1,has_asl,maqayis_openiti,Harun_DarAlFikr,high
جبس,جبس,الجيم والباء والسين كلمة واحدة: الجبس، وهو اللئيم، ويقال الجبان,,1,parse_uncertain,maqayis_openiti,Harun_DarAlFikr,low
جبع,جبع,الجيم والباء والعين، يقال إن فيه كلمتين: إحداهما الجباع من السهام: الذي ليس له ريش وليس له نصل,,1,parse_uncertain,maqayis_openiti,Harun_DarAlFikr,low
جبل,جبل,الجيم والباء واللام أصل يطرد ويقاس، وهو تجمع الشيء في ارتفاع,,1,has_asl,maqayis_openiti,Harun_DarAlFikr,high
جبن,جبن,الجيم والباء والنون ثلاث كلمات لا يقاس بعضها ببعض,,1,parse_uncertain,maqayis_openiti,Harun_DarAlFikr,low
جبه,جبه,الجيم والباء والهاء كلمة واحدة، ثم يشبه بها,,1,parse_uncertain,maqayis_openiti,Harun_DarAlFikr,low
جبي,جبي,الجيم والباء وما بعده من المعتل أصل واحد يدل على جمع الشيء والتجمع,,1,has_asl,maqayis_openiti,Harun_DarAlFikr,high
جث,جث,الجيم والثاء يدل على تجمع الشيء,,1,has_asl,maqayis_openiti,Harun_DarAlFikr,high
جثر,جثر,الجيم والثاء والراء كلمة فيها نظر,,1,parse_uncertain,maqayis_openiti,Harun_DarAlFikr,low
جثل,جثل,الجيم والثاء واللام أصل صحيح يدل على لين الشيء,,1,has_asl,maqayis_openiti,Harun_DarAlFikr,high
جثم,جثم,الجيم والثاء والميم أصل صحيح يدل على تجمع الشيء,,1,has_asl,maqayis_openiti,Harun_DarAlFikr,high
جح,جح,في المضاعف,,1,parse_uncertain,maqayis_openiti,Harun_DarAlFikr,low
جحد,جحد,الجيم والحاء والدال أصل يدل على قلة الخير,,1,has_asl,maqayis_openiti,Harun_DarAlFikr,high
جحر,جحر,الجيم والحاء والراء أصل يدل على ضيق الشيء والشدة,,1,has_asl,maqayis_openiti,Harun_DarAlFikr,high
جحس,جحس,الجيم والحاء والسين ليس أصلا,,1,has_asl,maqayis_openiti,Harun_DarAlFikr,high
جحش,جحش,الجيم والحاء والشين متباعدة جدا,,1,parse_uncertain,maqayis_openiti,Harun_DarAlFikr,low
جحظ,جحظ,الجيم [والحاء] والظاء كلمة واحدة: جحظت العين إذا عظمت مقلتها وبرزت,,1,parse_uncertain,maqayis_openiti,Harun_DarAlFikr,low
جحف,جحف,الجيم والحاء والفاء [أصل] واحد، قياسه الذهاب بالشيء مستوعبا,,1,has_asl,maqayis_openiti,Harun_DarAlFikr,high
جحل,جحل,الجيم والحاء واللام يدل على عظم الشيء,,1,has_asl,maqayis_openiti,Harun_DarAlFikr,high
جحم,جحم,الجيم والحاء والميم عظمها به الحرارة وشدتها,,1,parse_uncertain,maqayis_openiti,Harun_DarAlFikr,low
جحن,جحن,الجيم والحاء والنون أصل واحد، وهو سوء النماء وصغر الشيء في نفسه,,1,has_asl,maqayis_openiti,Harun_DarAlFikr,high
جخ,جخ,الجيم والخاء,,1,parse_uncertain,maqayis_openiti,Harun_DarAlFikr,low
جخر,جخر,الجيم والخاء والراء: قبح في الشيء إذا اتسع,,1,parse_uncertain,maqayis_openiti,Harun_DarAlFikr,low
جخف,جخف,الجيم والخاء والفاء كلمة واحدة، وهو التكبر، يقال: فلان ذو جخف وجخيف إذا كان متكبرا كثير التوعد,,1,parse_uncertain,maqayis_openiti,Harun_DarAlFikr,low
جد,جد,العظمة، قال الله جل ثناؤه إخبارا عمن قال: {وأنه تعالى جد ربنا} [الجن: 3] ||| الغنى والحظ، قال رسول الله صلى الله عليه وآله وسلم في دعائه: «لا ينفع ذا الجد منك الجد» ، يريد لا ينفع ذا الغنى منك غناه، إنما ينفعه العمل بطاعتك ||| يقال جددت الشيء جدا، وهو مجدود وجديد، أي مقطوع,الجيم والدال أصول ثلاثة: الأول العظمة، والثاني الحظ، والثالث القطع,3,has_asl,maqayis_openiti,Harun_DarAlFikr,high
جدب,جدب,الجيم والدال والباء أصل واحد يدل على قلة الشيء,,1,has_asl,maqayis_openiti,Harun_DarAlFikr,high
جدث,جدث,الجيم والدال والثاء كلمة واحدة: الجدث القبر، وجمعه أجداث,,1,parse_uncertain,maqayis_openiti,Harun_DarAlFikr,low
جدح,جدح,الجيم والدال والحاء أصل واحد، وهي خشبة يجدح بها الدواء، [لها] ثلاثة أعيار,,3,has_asl,maqayis_openiti,Harun_DarAlFikr,high
جدر,جدر,الجدار، وهو الحائط وجمعه جدر وجدران ||| ظهور الشيء، نباتا وغيره,الجيم والدال والراء أصلان,2,has_asl,maqayis_openiti,Harun_DarAlFikr,high
جدس,جدس,الجيم والدال والسين,,1,parse_uncertain,maqayis_openiti,Harun_DarAlFikr,low
جدع,جدع,الجيم والدال والعين أصل واحد، وهو جنس من القطع يقال جدع أنفه يجدعه جدعا,,1,has_asl,maqayis_openiti,Harun_DarAlFikr,high
جدل,جدل,الجيم والدال واللام أصل واحد، وهو من باب استحكام الشيء في استرسال يكون فيه، وامتداد الخصومة ومراجعة الكلام,,1,has_asl,maqayis_openiti,Harun_DarAlFikr,high
جدم,جدم,الجيم والدال والميم يدل على القماءة والقصر,,1,has_asl,maqayis_openiti,Harun_DarAlFikr,high
جدوى,جدوى,الجيم والدال والحرف المعتل خمسة أصول متباينة,,5,has_asl,maqayis_openiti,Harun_DarAlFikr,high
جذ,جذ,الجيم والذال أصل واحد، إما كسر وإما قطع,,1,has_asl,maqayis_openiti,Harun_DarAlFikr,high
جذب,جذب,الجيم والذال والباء أصل واحد يدل على بتر الشيء,,1,has_asl,maqayis_openiti,Harun_DarAlFikr,high
جذر,جذر,الجيم والذال والراء أصل واحد، وهو الأصل من كل شيء، حتى يقال لأصل اللسان: جذر,,1,has_asl,maqayis_openiti,Harun_DarAlFikr,high
جذع,جذع,الجيم والذال والعين ثلاثة أصول: أحدها يدل على حدوث السن وطراوته,,3,has_asl,maqayis_openiti,Harun_DarAlFikr,high
جذف,جذف,الجيم والذال والفاء كلمة واحدة تدل على الإسراع والقطع، يقال جذفت الشيء قطعته,,1,has_asl,maqayis_openiti,Harun_DarAlFikr,high
جذل,جذل,الجيم والذال واللام أصل واحد، وهو أصل الشيء الثابت والمنتصب,,1,has_asl,maqayis_openiti,Harun_DarAlFikr,high
جذم,جذم,الجيم والذال والميم أصل واحد، وهو القطع,,1,has_asl,maqayis_openiti,Harun_DarAlFikr,high
جذو,جذو,الجيم والذال والواو أصل يدل على الانتصاب,,1,has_asl,maqayis_openiti,Harun_DarAlFikr,high
جر,جر,الجيم والراء أصل واحد ; وهو مد الشيء وسحبه,,1,has_asl,maqayis_openiti,Harun_DarAlFikr,high
جرب,جرب,الشيء البسيط يعلوه كالنبات من جنسه ||| شيء يحوي شيئا,الجيم والراء والباء أصلان,2,has_asl,maqayis_openiti,Harun_DarAlFikr,high
جرج,جرج,الجيم والراء والجيم كلمة واحدة، وهي الجادة، يقال لها جرجة,,1,parse_uncertain,maqayis_openiti,Harun_DarAlFikr,low
جرح,جرح,الكسب ||| شق الجلد,الجيم والراء والحاء أصلان,2,has_asl,maqayis_openiti,Harun_DarAlFikr,high
جرد,جرد,الجيم والراء والدال أصل واحد، وهو بدو ظاهر الشيء حيث لا يستره ساتر,,1,has_asl,maqayis_openiti,Harun_DarAlFikr,high
جرذ,جرذ,الجيم والراء والذال كلمة واحدة: الجرذ الواحد من الجرذان، وبه سمي الجرذ الذي يأخذ في قوائم الدابة,,1,parse_uncertain,maqayis_openiti,Harun_DarAlFikr,low
جرز,جرز,الجيم والراء والزاء أصل واحد، وهو القطع,,1,has_asl,maqayis_openiti,Harun_DarAlFikr,high
جرس,جرس,الجيم والراء والسين أصل واحد، وهو من الصوت، وما بعد ذلك فمحمول عليه,,1,has_asl,maqayis_openiti,Harun_DarAlFikr,high
جرش,جرش,الجيم والراء والشين أصل واحد وهو جرش الشيء: أن يدق ولا ينعم دقه,,1,has_asl,maqayis_openiti,Harun_DarAlFikr,high
جرض,جرض,جنس من الغصص ||| من العظم,الجيم والراء والضاد أصلان,2,has_asl,maqayis_openiti,Harun_DarAlFikr,high
جرع,جرع,الجيم والراء والعين يدل على قلة الشيء المشروب,,1,has_asl,maqayis_openiti,Harun_DarAlFikr,high
جرف,جرف,الجيم والراء والفاء أصل واحد، هو أخذ الشيء كله هبشا,,1,has_asl,maqayis_openiti,Harun_DarAlFikr,high
جرل,جرل,الحجارة ||| لون من الألوان,الجيم والراء واللام أصلان,2,has_asl,maqayis_openiti,Harun_DarAlFikr,high
جرم,جرم,الجيم والراء والميم أصل واحد يرجع إليه الفروع,,1,has_asl,maqayis_openiti,Harun_DarAlFikr,high
جرن,جرن,الجيم والراء والنون أصل واحد، يدل على اللين والسهولة,,1,has_asl,maqayis_openiti,Harun_DarAlFikr,high
جره,جره,الجيم والراء والهاء كلمة واحدة، وهي الجراهية,,1,parse_uncertain,maqayis_openiti,Harun_DarAlFikr,low
جرو,جرو,الجيم والراء والواو أصل واحد، وهو الصغير من ولد الكلب، ثم يحمل عليه غيره تشبيها,,1,has_asl,maqayis_openiti,Harun_DarAlFikr,high
جري,جري,الجيم والراء والياء أصل واحد، وهو انسياح الشيء,,1,has_asl,maqayis_openiti,Harun_DarAlFikr,high
جز,جز,الجيم والزاء أصل واحد، وهو قطع الشيء ذي القوى الكثيرة الضعيفة,,1,has_asl,maqayis_openiti,Harun_DarAlFikr,high
جزا,جزأ,الجيم والزاء والهمزة أصل واحد، هو الاكتفاء بالشيء,,1,has_asl,maqayis_openiti,Harun_DarAlFikr,high
جزح,جزح,الجيم والزاء والحاء كلمة واحدة لا تتفرع ولا يقاس عليها,,1,parse_uncertain,maqayis_openiti,Harun_DarAlFikr,low
جزر,جزر,الجيم والزاء والراء أصل واحد، وهو القطع,,1,has_asl,maqayis_openiti,Harun_DarAlFikr,high
جزع,جزع,الانقطاع ||| جوهر من الجواهر,الجيم والزاء والعين أصلان,2,has_asl,maqayis_openiti,Harun_DarAlFikr,high
جزل,جزل,عظم الشيء من الأشياء ||| القطع,الجيم والزاء واللام أصلان,2,has_asl,maqayis_openiti,Harun_DarAlFikr,high
جزم,جزم,الجيم والزاء والميم أصل واحد، وهو القطع,,1,has_asl,maqayis_openiti,Harun_DarAlFikr,high
جزي,جزي,الجيم والزاء والياء: قيام الشيء مقام غيره ومكافأته إياه,,1,parse_uncertain,maqayis_openiti,Harun_DarAlFikr,low
جس,جس,الجيم والسين أصل واحد، وهو تعرف الشيء بمس لطيف,,1,has_asl,maqayis_openiti,Harun_DarAlFikr,high
جسا,جسأ,الجيم والسين والهمزة يدل على صلابة وشدة,,1,has_asl,maqayis_openiti,Harun_DarAlFikr,high
جسد,جسد,الجيم والسين والدال يدل على تجمع الشيء أيضا واشتداده,,1,has_asl,maqayis_openiti,Harun_DarAlFikr,high
جسر,جسر,الجيم والسين والراء يدل على قوة وجرأة,,1,has_asl,maqayis_openiti,Harun_DarAlFikr,high
جسم,جسم,الجيم والسين والميم يدل على تجمع الشيء,,1,has_asl,maqayis_openiti,Harun_DarAlFikr,high
جش,جش,الجيم والشين أصل واحد، وهو التكسر، يقال منه جششت الحب أجشه,,1,has_asl,maqayis_openiti,Harun_DarAlFikr,high
جشا,جشأ,الجيم والشين والهمزة أصل واحد، وهو ارتفاع الشيء,,1,has_asl,maqayis_openiti,Harun_DarAlFikr,high
جشب,جشب,الجيم والشين والباء يدل على خشونة الشيء,,1,has_asl,maqayis_openiti,Harun_DarAlFikr,high
جشر,جشر,الجيم والشين والراء أصل واحد يدل على انتشار الشيء وبروزه,,1,has_asl,maqayis_openiti,Harun_DarAlFikr,high
جشع,جشع,الجيم والشين والعين أصل واحد، وهو الحرص الشديد,,1,has_asl,maqayis_openiti,Harun_DarAlFikr,high
جشم,جشم,الجيم والشين والميم أصل واحد، وهو مجموع الجسم,,1,has_asl,maqayis_openiti,Harun_DarAlFikr,high
جص,جص,الجيم والصاد لا يصلح أن يكون كلاما صحيحا,,1,parse_uncertain,maqayis_openiti,Harun_DarAlFikr,low
جض,جض,الجيم والضاد قريب من الذي قبله,,1,parse_uncertain,maqayis_openiti,Harun_DarAlFikr,low
جظ,جظ,الجيم والظاء إن صح فهو جنس من ال,,1,parse_uncertain,maqayis_openiti,Harun_DarAlFikr,low
جع,جع,الجيم والعين أصل واحد، وهو المكان غير المرضي,,1,has_asl,maqayis_openiti,Harun_DarAlFikr,high
جعب,جعب,الجيم والعين والباء أصل واحد، هو الجمع,,1,has_asl,maqayis_openiti,Harun_DarAlFikr,high
جعد,جعد,الجيم والعين والدال أصل واحد، وهو تقبض في الشيء,,1,has_asl,maqayis_openiti,Harun_DarAlFikr,high
جعر,جعر,ذو البطن، يقال رجل مجعار ||| الجعار الحبل الذي يشد به المستقي من البئر وسطه، لئلا يقع في البئر,الجيم والعين والراء أصلان متباينان,2,has_asl,maqayis_openiti,Harun_DarAlFikr,high
جعس,جعس,الجيم والعين والسين يدل على خساسة وحقارة ولؤم,,1,has_asl,maqayis_openiti,Harun_DarAlFikr,high
جعش,جعش,الجيم والعين والشين قياس ما قبله,,1,parse_uncertain,maqayis_openiti,Harun_DarAlFikr,low
جعظ,جعظ,الجيم والعين والظاء أصل واحد يدل على سوء خلق وامتناع [و] دفع,,1,has_asl,maqayis_openiti,Harun_DarAlFikr,high
جعف,جعف,الجيم والعين والفاء أصل واحد، وهو قلع الشيء وصرعه,,1,has_asl,maqayis_openiti,Harun_DarAlFikr,high
جعل,جعل,الجيم والعين واللام كلمات غير منقاسة، لا يشبه بعضها بعضا,,1,parse_uncertain,maqayis_openiti,Harun_DarAlFikr,low
جعم,جعم,قول الخليل: الجعماء من النساء: التي أنكر عقلها هرما، ولا يقال رجل أجعم ||| قول الخليل وغيره: جعمت الإبل، إذا لم تجد حمضا ولا عضاها فقضمت العظام، وذلك من حرصها على ما تأكله,الجيم والعين والميم أصلان: الكبر والحرص على الأكل,2,has_asl,maqayis_openiti,Harun_DarAlFikr,high
جعن,جعن,,,0,no_asl,maqayis_openiti,Harun_DarAlFikr,high
جف,جف,قولك جف الشيء جفوفا يجف ||| الجف جف الطلعة، وهو وعاؤها,الجيم والفاء أصلان,2,has_asl,maqayis_openiti,Harun_DarAlFikr,high
جفر,جفر,نعت شيء أجوف ||| ترك الشيء,الجيم والفاء والراء أصلان,2,has_asl,maqayis_openiti,Harun_DarAlFikr,high
جفز,جفز,الجيم والفاء والزاء لا يصلح أن يكون كلاما إلا كالذي يأتي به ابن دريد، من أن الجفز السرعة,,1,parse_uncertain,maqayis_openiti,Harun_DarAlFikr,low
جفل,جفل,الجيم والفاء واللام أصل واحد، وهو تجمع الشيء، وقد يكون بعضه مجتمعا في ذهاب أو فرار,,1,has_asl,maqayis_openiti,Harun_DarAlFikr,high
جفن,جفن,الجيم والفاء والنون أصل واحد، وهو شيء يطيف بشيء ويحويه,,1,has_asl,maqayis_openiti,Harun_DarAlFikr,high
جفو,جفو,الجيم والفاء والحرف المعتل يدل على أصل واحد: نبو الشيء عن الشيء,,1,has_asl,maqayis_openiti,Harun_DarAlFikr,high
جل,جل,الجيم واللام أصول ثلاثة: جل الشيء: عظم، وجل الشيء معظمه,,3,has_asl,maqayis_openiti,Harun_DarAlFikr,high
جلب,جلب,الإتيان بالشيء من موضع إلى موضع ||| شيء يغشي شيئا,الجيم واللام والباء [أصلان],2,has_asl,maqayis_openiti,Harun_DarAlFikr,high
جلج,جلج,الجيم واللام والجيم ليس أصلا ; لأن فيه كلمتين,,1,has_asl,maqayis_openiti,Harun_DarAlFikr,high
جلح,جلح,الجيم واللام والحاء أصل واحد، وهو التجرد وانكشاف الشيء عن الشيء,,1,has_asl,maqayis_openiti,Harun_DarAlFikr,high
جلخ,جلخ,الجيم واللام والخاء ليس أصلا، ولا فيه عربية صحيحة,,1,has_asl,maqayis_openiti,Harun_DarAlFikr,high
جلد,جلد,الجيم واللام والدال أصل واحد وهو يدل على قوة وصلابة,,1,has_asl,maqayis_openiti,Harun_DarAlFikr,high
جلذ,جلذ,الجيم واللام والذال يدل على ما يدل عليه ما قبله من القوة,,1,has_asl,maqayis_openiti,Harun_DarAlFikr,high
جلس,جلس,الجيم واللام والسين كلمة واحدة وأصل واحد، وهو الارتفاع في الشيء، يقال جلس الرجل جلوسا، وذلك يكون عن نوم واضطجاع ; وإذا كان قائما كانت الحال التي تخالفها القعود,,1,has_asl,maqayis_openiti,Harun_DarAlFikr,high
جلط,جلط,الجيم واللام والطاء أصل على قلته مطرد القياس، وهو تجرد الشيء,,1,has_asl,maqayis_openiti,Harun_DarAlFikr,high
جلع,جلع,الجيم واللام والعين أصل واحد، وهو قريب من الذي قبله,,1,has_asl,maqayis_openiti,Harun_DarAlFikr,high
جلف,جلف,الجيم واللام والفاء أصل واحد يدل على القطع وعلى القشر,,1,has_asl,maqayis_openiti,Harun_DarAlFikr,high
جلق,جلق,الجيم واللام والقاف ليس أصلا ولا فرعا,,1,has_asl,maqayis_openiti,Harun_DarAlFikr,high
جلم,جلم,القطع ||| جمع الشيء,الجيم واللام والميم أصلان,2,has_asl,maqayis_openiti,Harun_DarAlFikr,high
جله,جله,الجيم واللام والهاء أصل واحد يدل على انكشاف الشيء,,1,has_asl,maqayis_openiti,Harun_DarAlFikr,high
جلو,جلو,الجيم واللام والحرف المعتل أصل واحد، وقياس مطرد، وهو انكشاف الشيء وبروزه,,1,has_asl,maqayis_openiti,Harun_DarAlFikr,high
جم,جم,الجم وهو الكثير، قال الله جل ثناؤه: {وتحبون المال حبا جما} [الفجر: 20] ، والجمام: الملء، يقال إناء [جمان، إذا بلغ] جمامه ||| الأجم، وهو الذي لا رمح معه في الحرب,الجيم والميم في المضاعف له أصلان: الأول كثرة الشيء واجتماعه، والثاني عدم السلاح,2,has_asl,maqayis_openiti,Harun_DarAlFikr,high
جمح,جمح,الجيم والميم والحاء أصل واحد مطرد، وهو ذهاب الشيء قدما بغلبة وقوة,,1,has_asl,maqayis_openiti,Harun_DarAlFikr,high
جمخ,جمخ,الجيم والميم والخاء كلمة واحدة لعلها في باب الإبدال,,1,parse_uncertain,maqayis_openiti,Harun_DarAlFikr,low
جمد,جمد,الجيم والميم والدال أصل واحد، وهو جمود الشيء المائع من برد أو غيره,,1,has_asl,maqayis_openiti,Harun_DarAlFikr,high
جمر,جمر,الجيم والميم والراء أصل واحد يدل على التجمع,,1,has_asl,maqayis_openiti,Harun_DarAlFikr,high
جمز,جمز,الجيم والميم والزاء أصل واحد، وهو ضرب من السير,,1,has_asl,maqayis_openiti,Harun_DarAlFikr,high
جمس,جمس,الجيم والميم والسين أصل واحد، من جموس الشيء,,1,has_asl,maqayis_openiti,Harun_DarAlFikr,high
جمش,جمش,الجيم والميم والشين أصل واحد، وهو جنس من الحلق,,1,has_asl,maqayis_openiti,Harun_DarAlFikr,high
جمع,جمع,الجيم والميم والعين أصل واحد، يدل على تضام الشيء,,1,has_asl,maqayis_openiti,Harun_DarAlFikr,high
جمل,جمل,تجمع وعظم الخلق ||| حسن,الجيم والميم واللام أصلان,2,has_asl,maqayis_openiti,Harun_DarAlFikr,high
جمن,جمن,الجيم والميم والنون ليس فيه غير الجمان، وهو الدر,,1,parse_uncertain,maqayis_openiti,Harun_DarAlFikr,low
جمي,جمي,الجيم والميم والحرف المعتل كلمة واحدة، وهو الجماء، وهو الشخص,,1,parse_uncertain,maqayis_openiti,Harun_DarAlFikr,low
جن,جن,الجيم والنون أصل واحد، وهو [الستر و] التستر,,1,has_asl,maqayis_openiti,Harun_DarAlFikr,high
جنا,جنأ,الجيم والنون والهمزة أصل واحد، وهو العطف على الشيء والحنو عليه,,1,has_asl,maqayis_openiti,Harun_DarAlFikr,high
جنب,جنب,الناحية ||| البعد,الجيم والنون والباء أصلان متقاربان,2,has_asl,maqayis_openiti,Harun_DarAlFikr,high
جنث,جنث,الجيم والنون والثاء أصل واحد، وهو الأصل والإحكام,,1,has_asl,maqayis_openiti,Harun_DarAlFikr,high
جنح,جنح,الجيم والنون والحاء أصل واحد يدل على الميل والعدوان,,1,has_asl,maqayis_openiti,Harun_DarAlFikr,high
جند,جند,الجيم والنون والدال يدل على التجمع والنصرة,,1,has_asl,maqayis_openiti,Harun_DarAlFikr,high
جنز,جنز,الجيم والنون والزاء كلمة واحدة,,1,parse_uncertain,maqayis_openiti,Harun_DarAlFikr,low
جنس,جنس,الجيم والنون والسين أصل واحد وهو الضرب من الشيء,,1,has_asl,maqayis_openiti,Harun_DarAlFikr,high
جنف,جنف,الجيم والنون والفاء أصل واحد وهو الميل,,1,has_asl,maqayis_openiti,Harun_DarAlFikr,high
جنه,جنه,الجيم والنون والهاء ليس أصلا، ولا هو عندي من كلام العرب، إلا أن ناسا زعموا أن الجنه الخيزران,,1,has_asl,maqayis_openiti,Harun_DarAlFikr,high
جني,جني,الجيم والنون والياء أصل واحد، وهو أخذ الثمرة من شجرها، ثم يحمل على ذلك، تقول جنيت الثمرة أجنيها، واجتنيتها,,1,has_asl,maqayis_openiti,Harun_DarAlFikr,high
جه,جه,الجيم والهاء ليس أصلا ; لأنه صوت,,1,has_asl,maqayis_openiti,Harun_DarAlFikr,high
جهد,جهد,الجيم والهاء والدال أصله المشقة، ثم يحمل عليه ما يقاربه,,1,has_asl,maqayis_openiti,Harun_DarAlFikr,high
جهر,جهر,الجيم والهاء والراء أصل واحد، وهو إعلان الشيء وكشفه وعلوه,,1,has_asl,maqayis_openiti,Harun_DarAlFikr,high
جهز,جهز,الجيم والهاء والزاء أصل واحد، وهو شيء يعتقد ويحوى، نحو الجهاز، وهو متاع البيت,,1,has_asl,maqayis_openiti,Harun_DarAlFikr,high
جهش,جهش,الجيم والهاء والشين أصل واحد، وهو التهيؤ للبكاء,,1,has_asl,maqayis_openiti,Harun_DarAlFikr,high
جهض,جهض,الجيم والهاء والضاد أصل واحد، وهو زوال الشيء عن مكانه بسرعة,,1,has_asl,maqayis_openiti,Harun_DarAlFikr,high
جهف,جهف,الجيم والهاء والفاء ليس أصلا، إنما هو من باب الإبدال,,1,has_asl,maqayis_openiti,Harun_DarAlFikr,high
جهل,جهل,خلاف العلم ||| الخفة وخلاف الطمأنينة,الجيم والهاء واللام أصلان,2,has_asl,maqayis_openiti,Harun_DarAlFikr,high
جهم,جهم,الجيم والهاء والميم يدل على خلاف البشاشة والطلاقة,,1,has_asl,maqayis_openiti,Harun_DarAlFikr,high
جهن,جهن,الجيم والهاء والنون كلمة واحدة,,1,parse_uncertain,maqayis_openiti,Harun_DarAlFikr,low
جهو,جهو,الجيم والهاء والحرف المعتل يدل على انكشاف الشيء,,1,has_asl,maqayis_openiti,Harun_DarAlFikr,high
جو,جو,الجيم والواو شيء واحد يحتوي على شيء من جوانبه,,1,parse_uncertain,maqayis_openiti,Harun_DarAlFikr,low
جوب,جوب,الجيم والواو والباء أصل واحد، وهو خرق الشيء,,1,has_asl,maqayis_openiti,Harun_DarAlFikr,high
جوت,جوت,الجيم والواو والتاء ليس أصلا ; لأنه حكاية صوت، والأصوات لا تقاس ولا يقاس عليها,,1,has_asl,maqayis_openiti,Harun_DarAlFikr,high
جوح,جوح,الجيم والواو والحاء أصل واحد، وهو الاستئصال,,1,has_asl,maqayis_openiti,Harun_DarAlFikr,high
جوخ,جوخ,الجيم والواو والخاء ليس أصلا هو عندي ; لأن بعضه معرب، وفي بعضه نظر,,1,has_asl,maqayis_openiti,Harun_DarAlFikr,high
جود,جود,الجيم والواو والدال أصل واحد، وهو التسمح بالشيء، وكثرة العطاء,,1,has_asl,maqayis_openiti,Harun_DarAlFikr,high
جور,جور,[الجيم والواو والراء] أصل واحد، وهو الميل عن الطريق,,1,has_asl,maqayis_openiti,Harun_DarAlFikr,high
جوز,جوز,قطع الشيء ||| وسط الشيء,الجيم والواو والزاء أصلان,2,has_asl,maqayis_openiti,Harun_DarAlFikr,high
جوس,جوس,الجيم والواو والسين أصل واحد، وهو تخلل الشيء,,1,has_asl,maqayis_openiti,Harun_DarAlFikr,high
جوظ,جوظ,الجيم والواو والظاء أصل واحد لنعت قبيح لا يمدح به,,1,has_asl,maqayis_openiti,Harun_DarAlFikr,high
جوع,جوع,الجيم والواو والعين، كلمة واحدة,,1,parse_uncertain,maqayis_openiti,Harun_DarAlFikr,low
جوف,جوف,الجيم والواو والفاء كلمة واحدة، وهي جوف الشيء,,1,parse_uncertain,maqayis_openiti,Harun_DarAlFikr,low
جول,جول,الجيم والواو واللام أصل واحد، وهو الدوران,,1,has_asl,maqayis_openiti,Harun_DarAlFikr,high
جون,جون,الجيم والواو والنون أصل واحد,,1,has_asl,maqayis_openiti,Harun_DarAlFikr,high
جوي,جوي,الجيم والواو والياء أصل يدل على كراهة الشيء,,1,has_asl,maqayis_openiti,Harun_DarAlFikr,high
جيا,جيأ,الجيم والياء والهمزة كلمتان من غير قياس بينهما,,1,parse_uncertain,maqayis_openiti,Harun_DarAlFikr,low
جيب,جيب,الجيم والياء والباء أصل يجوز أن يكون من باب الإبدال,,1,has_asl,maqayis_openiti,Harun_DarAlFikr,high
جيد,جيد,الجيم والياء والدال أصل واحد، وهو العنق,,1,has_asl,maqayis_openiti,Harun_DarAlFikr,high
جير,جير,الجيم والياء والراء كلمة واحدة,,1,parse_uncertain,maqayis_openiti,Harun_DarAlFikr,low
جيز,جيز,الجيم والياء والزاء أصل يائه واو، وقد مضى ذكره,,1,has_asl,maqayis_openiti,Harun_DarAlFikr,high
جيس,جيس,الجيم والياء والسين أصل يائه واو، وقد مضى ذكره,,1,has_asl,maqayis_openiti,Harun_DarAlFikr,high
جيش,جيش,الجيم والياء والشين أصل واحد، وهو الثوران والغليان,,1,has_asl,maqayis_openiti,Harun_DarAlFikr,high
جيض,جيض,الجيم والياء والضاد كلام قليل يدل على جنس من المشي,,1,has_asl,maqayis_openiti,Harun_DarAlFikr,high
جيل,جيل,الجيم والياء واللام يدل على التجمع,,1,has_asl,maqayis_openiti,Harun_DarAlFikr,high
حا,حأ,الحاء والهمزة قبيلة,,1,parse_uncertain,maqayis_openiti,Harun_DarAlFikr,low
حب,حب,الحاء والباء أصول ثلاثة، أحدها اللزوم والثبات، والآخر الحبة من الشيء ذي الحب، والثالث وصف القصر,,3,has_asl,maqayis_openiti,Harun_DarAlFikr,high
حبج,حبج,الحاء والباء والجيم ليس عندي أصلا يعول عليه ولا يفرع منه، وما أدري ما صحة قولهم: حبج العلم بدا، وحبجت النار: بدت بغتة,,1,has_asl,maqayis_openiti,Harun_DarAlFikr,high
حبر,حبر,الحاء والباء والراء أصل واحد منقاس مطرد، وهو الأثر في حسن وبهاء,,1,has_asl,maqayis_openiti,Harun_DarAlFikr,high
حبس,حبس,الحاء والباء والسين,,1,parse_uncertain,maqayis_openiti,Harun_DarAlFikr,low
حبش,حبش,الحاء والباء والشين كلمة واحدة تدل على التجمع,,1,has_asl,maqayis_openiti,Harun_DarAlFikr,high
حبص,حبص,الحاء والباء والصاد ليس أصلا,,1,has_asl,maqayis_openiti,Harun_DarAlFikr,high
حبض,حبض,التحرك ||| النقص,الحاء والباء والضاد أصلان,2,has_asl,maqayis_openiti,Harun_DarAlFikr,high
حبط,حبط,الحاء والباء والطاء أصل واحد يدل على بطلان أو ألم,,1,has_asl,maqayis_openiti,Harun_DarAlFikr,high
حبق,حبق,الحاء والباء والقاف ليس عندي بأصل يؤخذ به ولا معنى له,,1,has_asl,maqayis_openiti,Harun_DarAlFikr,high
حبك,حبك,الحاء والباء والكاف أصل منقاس مطرد ; وهو إحكام الشيء في امتداد واطراد,,1,has_asl,maqayis_openiti,Harun_DarAlFikr,high
حبل,حبل,الحاء والباء واللام أصل واحد يدل على امتداد الشيء,,1,has_asl,maqayis_openiti,Harun_DarAlFikr,high
حبن,حبن,الحاء والباء والنون أصل واحد، فيه كلمتان محمولة إحداهما على الأخرى,,1,has_asl,maqayis_openiti,Harun_DarAlFikr,high
حبو,حبو,الحاء والباء والحرف المعتل أصل واحد، وهو القرب والدنو ; وكل دان حاب,,1,has_asl,maqayis_openiti,Harun_DarAlFikr,high
حت,حت,الحاء والتاء أصل واحد، وهو تساقط الشيء، كالورق ونحوه ويحمل عليه ما يقاربه,,1,has_asl,maqayis_openiti,Harun_DarAlFikr,high
حتا,حتا,الحاء والتاء والهمزة كلمة واحدة ليست أصلا، وأظنها من باب الإبدال وأنها مبدلة من كاف,,1,has_asl,maqayis_openiti,Harun_DarAlFikr,high
حتد,حتد,الحاء والتاء والدال أصل واحد، وهو استقرار الشيء وثباته,,1,has_asl,maqayis_openiti,Harun_DarAlFikr,high
حتر,حتر,إطافة الشيء بالشيء واستدارة منه حوله ||| تقليل شيء وتزهيده,الحاء والتاء والراء أصلان,2,has_asl,maqayis_openiti,Harun_DarAlFikr,high
حتف,حتف,الحاء والتاء والفاء كلمة واحدة لا يقاس عليها ; وذلك أنه إلا يبنى منها فعل، وهو الحتف، وجمعه حتوف، وهو الهلاك,,1,parse_uncertain,maqayis_openiti,Harun_DarAlFikr,low
حتك,حتك,الحاء والتاء والكاف يدل على مقاربة وصغر,,1,has_asl,maqayis_openiti,Harun_DarAlFikr,high
حتل,حتل,الحاء والتاء واللام ليس هو عندي أصلا، وما أحق أيضا ما حكوه فيه، وهو يدل على القلة والصغر,,1,has_asl,maqayis_openiti,Harun_DarAlFikr,high
حتم,حتم,الحاء والتاء والميم، ليس عندي أصلا، وأكثر ظني أنه أيضا من باب إبدال التاء من الكاف، إلا أن الذي فيه من إحكام الشيء,,1,has_asl,maqayis_openiti,Harun_DarAlFikr,high
حتن,حتن,الحاء والتاء والنون أصل واحد يدل على تساوي الأشياء,,1,has_asl,maqayis_openiti,Harun_DarAlFikr,high
حتو,حتو,الحاء والتاء والحرف المعتل بعده أصل واحد، يدل على شدة,,1,has_asl,maqayis_openiti,Harun_DarAlFikr,high
حث,حث,الحض على الشيء ||| يبيس من يبيس الشيء,الحاء والثاء أصلان,2,has_asl,maqayis_openiti,Harun_DarAlFikr,high
حثر,حثر,الحاء والثاء والراء أصل واحد، يدل على تحبب في الشيء وغلظ,,1,has_asl,maqayis_openiti,Harun_DarAlFikr,high
حثل,حثل,الحاء والثاء واللام أصل واحد يدل على سوء وحقارة,,1,has_asl,maqayis_openiti,Harun_DarAlFikr,high
حثم,حثم,الحاء والثاء والميم يدل على شدة,,1,has_asl,maqayis_openiti,Harun_DarAlFikr,high
حج,حج,القصد، وكل قصد حج ||| الحجة وهي السنة ||| الحجاج، وهو العظم المستدير حول العين ||| الحجحجة النكوص,الحاء والجيم أصول أربعة,4,has_asl,maqayis_openiti,Harun_DarAlFikr,high
حجا,حجا,إطافة الشيء بالشيء وملازمته ||| القصد والتعمد,الحاء والجيم والحرف المعتل أصلان متقاربان,2,has_asl,maqayis_openiti,Harun_DarAlFikr,high
حجب,حجب,الحاء والجيم والباء أصل واحد، وهو المنع,,1,has_asl,maqayis_openiti,Harun_DarAlFikr,high
حجر,حجر,الحاء والجيم والراء أصل واحد مطرد، وهو المنع والإحاطة على الشيء,,1,has_asl,maqayis_openiti,Harun_DarAlFikr,high
حجز,حجز,الحاء والجيم والزاء أصل واحد مطرد القياس، وهو الحول بين الشيئين,,1,has_asl,maqayis_openiti,Harun_DarAlFikr,high
حجف,حجف,الحاء والجيم والفاء كلمة واحدة لا قياس، وهي الحجفة، وهي الترس الصغير يطارق بين جلدين وتجعل منهما حجفة,,1,parse_uncertain,maqayis_openiti,Harun_DarAlFikr,low
حجل,حجل,الحاء والجيم واللام ليس يتقارب الكلام فيه إلا من جهة واحدة فيها ضعف، يقال على طريقة الاحتمال والإمكان إنه شيء يطيف بشيء,,1,parse_uncertain,maqayis_openiti,Harun_DarAlFikr,low
حجم,حجم,الحاء والجيم والميم أصل واحد، وهو ضرب من المنع والصدف,,1,has_asl,maqayis_openiti,Harun_DarAlFikr,high
حجن,حجن,الحاء والجيم والنون أصل واحد يدل على ميل,,1,has_asl,maqayis_openiti,Harun_DarAlFikr,high
حد,حد,الحاء والدال أصلان: الأول المنع، والثاني طرف الشيء,,2,has_asl,maqayis_openiti,Harun_DarAlFikr,high
حدا,حدا,الحاء والدال والحرف المعتل أصل واحد، وهو السوق,,1,has_asl,maqayis_openiti,Harun_DarAlFikr,high
حدب,حدب,الحاء والدال والباء أصل واحد، وهو ارتفاع الشيء,,1,has_asl,maqayis_openiti,Harun_DarAlFikr,high
حدث,حدث,الحاء والدال والثاء أصل واحد، وهو كون الشيء لم يكن,,1,has_asl,maqayis_openiti,Harun_DarAlFikr,high
حدج,حدج,الحاء والدال والجيم أصل واحد يقرب من حدق بالشيء إذا أحاط به,,1,has_asl,maqayis_openiti,Harun_DarAlFikr,high
حدر,حدر,حدرت الشيء إذا أنزلته ||| قولهم للشيء الممتلئ حادر,الحاء والدال والراء أصلان: الهبوط، والامتلاء,2,has_asl,maqayis_openiti,Harun_DarAlFikr,high
حدس,حدس,الحاء والدال والسين أصل واحد يشبه الرمي والسرعة وما أشبه ذلك,,1,has_asl,maqayis_openiti,Harun_DarAlFikr,high
حدق,حدق,الحاء والدال والقاف أصل واحد، [وهو الشيء] يحيط بشيء,,1,has_asl,maqayis_openiti,Harun_DarAlFikr,high
حدل,حدل,الحاء والدال واللام أصل واحد، وهو الميل,,1,has_asl,maqayis_openiti,Harun_DarAlFikr,high
حدم,حدم,الحاء والدال والميم أصل واحد، هو اشتداد الحر,,1,has_asl,maqayis_openiti,Harun_DarAlFikr,high
حذ,حذ,الحاء والذال أصل واحد يدل على القطع والخفة والسرعة، لا يشذ منه شيء,,1,has_asl,maqayis_openiti,Harun_DarAlFikr,high
حذر,حذر,الحاء والذال والراء أصل واحد، وهو من التحرز والتيقظ,,1,has_asl,maqayis_openiti,Harun_DarAlFikr,high
حذق,حذق,الحاء والذال والقاف أصل واحد، وهو القطع,,1,has_asl,maqayis_openiti,Harun_DarAlFikr,high
حر,حر,ما خالف العبودية وبرئ من العيب والنقص ||| خلاف البرد، يقال هذا يوم ذو حر، ويوم حار,الحاء والراء في المضاعف له أصلان,2,has_asl,maqayis_openiti,Harun_DarAlFikr,high
حرب,حرب,الحاء والراء والباء أصول ثلاثة: أحدها السلب، والآخر دويبة، والثالث بعض المجالس,,3,has_asl,maqayis_openiti,Harun_DarAlFikr,high
حرت,حرت,الحاء والراء والتاء أصل واحد، وهو الدلك، يقال حرته حرتا، إذا دلكه دلكا شديدا,,1,has_asl,maqayis_openiti,Harun_DarAlFikr,high
حرث,حرث,الجمع والكسب ||| أن يهزل الشيء,الحاء والراء والثاء أصلان متفاوتان,2,has_asl,maqayis_openiti,Harun_DarAlFikr,high
حرج,حرج,الحاء والراء والجيم أصل واحد، وهو معظم الباب وإليه مرجع فروعه، وذلك تجمع الشيء وضيقه,,1,has_asl,maqayis_openiti,Harun_DarAlFikr,high
حرد,حرد,القصد ||| الغضب ; يقال حرد الرجل غضب حردا، بسكون الراء ||| التنحي والعدول,الحاء والراء والدال أصول ثلاثة: القصد، والغضب، والتنحي,3,has_asl,maqayis_openiti,Harun_DarAlFikr,high
حرذ,حرذ,الحاء والراء والذال ليس أصلا، وليست فيه عربية صحيحة,,1,has_asl,maqayis_openiti,Harun_DarAlFikr,high
حرز,حرز,الحاء والراء والزاء أصل واحد، وهو من الحفظ والتحفظ يقال حرزته واحترز هو، أي تحفظ,,1,has_asl,maqayis_openiti,Harun_DarAlFikr,high
حرس,حرس,الحفظ ||| زمان,الحاء والراء والسين أصلان,2,has_asl,maqayis_openiti,Harun_DarAlFikr,high
حرش,حرش,الحاء والراء والشين أصل واحد يرجع إليه فروع الباب,,1,has_asl,maqayis_openiti,Harun_DarAlFikr,high
حرص,حرص,الشق ||| الجشع,الحاء والراء والصاد أصلان,2,has_asl,maqayis_openiti,Harun_DarAlFikr,high
حرض,حرض,نبت ||| دليل الذهاب والتلف والهلاك والضعف وشبه ذلك,الحاء والراء والضاد أصلان,2,has_asl,maqayis_openiti,Harun_DarAlFikr,high
حرف,حرف,الحاء الراء والفاء ثلاثة أصول: حد الشيء، والعدول، وتقدير الشيء,,3,has_asl,maqayis_openiti,Harun_DarAlFikr,high
حرق,حرق,حك الشيء بالشيء مع حرارة والتهاب، وإليه يرجع فروع كثيرة ||| شيء من البدن,الحاء والراء والقاف أصلان,2,has_asl,maqayis_openiti,Harun_DarAlFikr,high
حرك,حرك,الحاء والراء والكاف أصل واحد، فالحركة ضد السكون,,1,has_asl,maqayis_openiti,Harun_DarAlFikr,high
حرم,حرم,الحاء والراء والميم أصل واحد، وهو المنع والتشديد,,1,has_asl,maqayis_openiti,Harun_DarAlFikr,high
حرن,حرن,الحاء والراء والنون أصل واحد، وهو لزوم الشيء للشيء لا يكاد يفارقه,,1,has_asl,maqayis_openiti,Harun_DarAlFikr,high
حروى,حروى,الحاء والراء وما بعدها معتل,,1,parse_uncertain,maqayis_openiti,Harun_DarAlFikr,low
حز,حز,الحاء والزاء أصل واحد، وهو الفرض في الشيء بحديدة أو غيرها، ثم يشتق منه,,1,has_asl,maqayis_openiti,Harun_DarAlFikr,high
حزب,حزب,الحاء والزاء والباء أصل واحد، وهو تجمع الشيء,,1,has_asl,maqayis_openiti,Harun_DarAlFikr,high
حزر,حزر,اشتداد الشيء ||| جنس من إعمال الرأي,الحاء والزاء والراء أصلان,2,has_asl,maqayis_openiti,Harun_DarAlFikr,high
حزق,حزق,الحاء والزاء والقاف أصل واحد، وهو تجمع الشيء,,1,has_asl,maqayis_openiti,Harun_DarAlFikr,high
حزك,حزك,الحاء والزاء والكاف كلمة واحدة أراها من باب الإبدال وأنها ليست أصلا,,1,has_asl,maqayis_openiti,Harun_DarAlFikr,high
حزل,حزل,الحاء والزاء واللام أصل واحد، وهو ارتفاع الشيء,,1,has_asl,maqayis_openiti,Harun_DarAlFikr,high
حزم,حزم,الحاء والزاء والميم أصل واحد، وهو شد الشيء وجمعه، قياس مطرد,,1,has_asl,maqayis_openiti,Harun_DarAlFikr,high
حزن,حزن,الحاء والزاء والنون أصل واحد، وهو خشونة الشيء وشدة فيه,,1,has_asl,maqayis_openiti,Harun_DarAlFikr,high
حزوى,حزوى,الحاء والزاء والحرف المعتل أصل قليل الكلم، وهو الارتفاع,,1,has_asl,maqayis_openiti,Harun_DarAlFikr,high
حس,حس,غلبة الشيء بقتل أو غيره ||| حكاية صوت عند توجع وشبهه,الحاء والسين أصلان,2,has_asl,maqayis_openiti,Harun_DarAlFikr,high
حسب,حسب,العد ||| الكفاية ||| الحسبان، وهي جمع حسبانة، وهي الوسادة الصغيرة ||| الأحسب الذي ابيضت جلدته من داء ففسدت شعرته، كأنه أبرص,الحاء والسين والباء أصول أربعة,4,has_asl,maqayis_openiti,Harun_DarAlFikr,high
حسد,حسد,الحاء والسين والدال أصل واحد، وهو الحسد,,1,has_asl,maqayis_openiti,Harun_DarAlFikr,high
حسر,حسر,الحاء والسين والراء أصل واحد، وهو من كشف الشيء,,1,has_asl,maqayis_openiti,Harun_DarAlFikr,high
حسف,حسف,الحاء والسين والفاء أصل واحد، وهو شيء يتقشر عن شيء ويسقط,,1,has_asl,maqayis_openiti,Harun_DarAlFikr,high
حسك,حسك,الحاء والسين والكاف من خشونة الشيء، لا يخرج مسائله عنه,,1,parse_uncertain,maqayis_openiti,Harun_DarAlFikr,low
حسل,حسل,الحاء والسين واللام أصل واحد قليل الكلم، وهو ولد الضب، يقال له الحسل والجمع حسول,,1,has_asl,maqayis_openiti,Harun_DarAlFikr,high
حسم,حسم,الحاء والسين والميم أصل واحد، وهو قطع الشيء عن آخره,,1,has_asl,maqayis_openiti,Harun_DarAlFikr,high
حسن,حسن,الحاء والسين والنون أصل واحد,,1,has_asl,maqayis_openiti,Harun_DarAlFikr,high
حسوى,حسوى,الحاء والسين والحرف المعتل أصل واحد، ثم يشتق منه,,1,has_asl,maqayis_openiti,Harun_DarAlFikr,high
حش,حش,الحاء والشين أصل واحد، وهو نبات أو غيره يجف، ثم يستعار هذا في غيره والمعنى واحد,,1,has_asl,maqayis_openiti,Harun_DarAlFikr,high
حشب,حشب,الحاء والشين والباء قريب المعنى مما قبله,,1,parse_uncertain,maqayis_openiti,Harun_DarAlFikr,low
حشد,حشد,الحاء والشين والدال قريب المعنى من الذي قبله,,1,parse_uncertain,maqayis_openiti,Harun_DarAlFikr,low
حشر,حشر,الحاء والشين والراء قريب المعنى من الذي قبله، وفيه زيادة معنى، وهو السوق والبعث والانبعاث,,1,parse_uncertain,maqayis_openiti,Harun_DarAlFikr,low
حشف,حشف,الحاء والشين والفاء أصل واحد يدل على رخاوة وضعف وخلوقة,,1,has_asl,maqayis_openiti,Harun_DarAlFikr,high
حشك,حشك,الحاء والشين والكاف أصل واحد، وهو تجمع الشيء,,1,has_asl,maqayis_openiti,Harun_DarAlFikr,high
حشم,حشم,الحاء والشين والميم أصل مشترك، وهو الغضب أو قريب منه,,1,has_asl,maqayis_openiti,Harun_DarAlFikr,high
حشن,حشن,الحاء والشين والنون أصل واحد، وهو تغير الشيء بما يتعلق به من درن,,1,has_asl,maqayis_openiti,Harun_DarAlFikr,high
حشوى,حشوى,الحاء والشين وما بعدها معتل أصل واحد، وربما همز فيكون المعنيان متقاربين أيضا,,1,has_asl,maqayis_openiti,Harun_DarAlFikr,high
حص,حص,الحصة، وهي النصيب، يقال أحصصت الرجل إذا أعطيته حصته ||| قولهم حصحص الشيء: وضح ||| الحص والحصاص، وهو العدو,الحاء والصاد في المضاعف أصول ثلاثة: أحدها النصيب، والآخر وضوح الشيء وتمكنه، والثالث ذهاب الشيء وقلته,3,has_asl,maqayis_openiti,Harun_DarAlFikr,high
حصب,حصب,الحاء والصاد والباء أصل واحد، وهو جنس من أجزاء الأرض، ثم يشتق منه، وهو الحصباء، وذلك جنس من الحصى,,1,has_asl,maqayis_openiti,Harun_DarAlFikr,high
حصد,حصد,] قطع الشيء ||| إحكامه,الحاء والصاد والدال أصلان: [,2,has_asl,maqayis_openiti,Harun_DarAlFikr,high
حصر,حصر,الحاء والصاد والراء أصل واحد، وهو الجمع والحبس والمنع,,1,has_asl,maqayis_openiti,Harun_DarAlFikr,high
حصف,حصف,الحاء والصاد والفاء أصل واحد، وهو تشدد يكون في الشيء وصلابة وقوة,,1,has_asl,maqayis_openiti,Harun_DarAlFikr,high
حصل,حصل,الحاء والصاد واللام أصل واحد منقاس، وهو جمع الشيء، ولذلك سميت حوصلة الطائر ; لأنه يجمع فيها,,1,has_asl,maqayis_openiti,Harun_DarAlFikr,high
حصم,حصم,الحاء والصاد والميم أصل قليل الكلم، إلا أنه تكسر في الشيء، يقال: انحصم العود، إذا انكسر,,1,has_asl,maqayis_openiti,Harun_DarAlFikr,high
حصن,حصن,الحاء والصاد والنون أصل واحد منقاس، وهو الحفظ والحياطة والحرز,,1,has_asl,maqayis_openiti,Harun_DarAlFikr,high
حصوى,حصوى,الحصو ||| أحصيت الشيء، إذا عددته وأطقته ||| الحصى، وهو معروف,الحاء والصاد والحرف المعتل ثلاثة أصول: الأول المنع، والثاني العد والإطاقة، والثالث شيء من أجزاء الأرض,3,has_asl,maqayis_openiti,Harun_DarAlFikr,high
حض,حض,البعث على الشيء ||| القرار المستفل,الحاء والضاد أصلان,2,has_asl,maqayis_openiti,Harun_DarAlFikr,high
حضب,حضب,الحاء والضاد والباء أصلان: الأول ما تسعر به النار، والثاني جنس من الصوت,,2,has_asl,maqayis_openiti,Harun_DarAlFikr,high
حضج,حضج,الحاء والضاد والجيم أصل واحد يدل على دناءة الشيء وسقوطه وذهابه عن طريقة الاختيار,,1,has_asl,maqayis_openiti,Harun_DarAlFikr,high
حضر,حضر,الحاء والضاد والراء إيراد الشيء، ووروده ومشاهدته,,1,parse_uncertain,maqayis_openiti,Harun_DarAlFikr,low
حضل,حضل,الحاء والضاد واللام كلمة واحدة ليست أصلا ولا يقاس عليها ; يقال حضلت النخلة، إذا فسد أصول سعفها,,2,has_asl,maqayis_openiti,Harun_DarAlFikr,high
حضن,حضن,الحاء والضاد والنون أصل واحد يقاس، وهو حفظ الشيء وصيانته,,1,has_asl,maqayis_openiti,Harun_DarAlFikr,high
حضى,حضى,الحاء والضاد والحرف المعتل أصل واحد، وهو هيج الشيء، ويكون في النار خاصة,,1,has_asl,maqayis_openiti,Harun_DarAlFikr,high
حط,حط,الحاء والطاء أصل واحد، وهو إنزال الشيء من علو,,1,has_asl,maqayis_openiti,Harun_DarAlFikr,high
حطا,حطأ,الحاء والطاء والهمزة أصل منقاس، وهو تطامن الشيء وسقوطه,,1,has_asl,maqayis_openiti,Harun_DarAlFikr,high
حطب,حطب,الحاء والطاء والباء أصل واحد، وهو الوقود، ثم يحمل عليه ما يشبه به,,1,has_asl,maqayis_openiti,Harun_DarAlFikr,high
حطم,حطم,الحاء والطاء والميم أصل واحد، وهو كسر الشيء,,1,has_asl,maqayis_openiti,Harun_DarAlFikr,high
حظ,حظ,الحاء والظاء أصل واحد، وهو النصيب والجد,,1,has_asl,maqayis_openiti,Harun_DarAlFikr,high
حظر,حظر,الحاء والظاء والراء أصل واحد يدل على المنع,,1,has_asl,maqayis_openiti,Harun_DarAlFikr,high
حظل,حظل,الحاء والظاء واللام أصل واحد، وهو قريب من الذي قبله,,1,has_asl,maqayis_openiti,Harun_DarAlFikr,high
حظوى,حظوى,القرب من الشيء والمنزلة ||| جنس من السلاح,الحاء والظاء وما بعده [من] حرف معتل أصلان,2,has_asl,maqayis_openiti,Harun_DarAlFikr,high
حف,حف,الحاء والفاء ثلاثة أصول: الأول ضرب من الصوت، والثاني أن يطيف الشيء بالشيء، والثالث شدة في العيش,,3,has_asl,maqayis_openiti,Harun_DarAlFikr,high
حفت,حفت,الحاء والفاء والتاء ليس أصلا، والكلام فيه يقل,,1,has_asl,maqayis_openiti,Harun_DarAlFikr,high
حفث,حفث,الحاء والفاء والثاء شيء يدل على رخاوة ولين,,1,has_asl,maqayis_openiti,Harun_DarAlFikr,high
حفد,حفد,الحاء والفاء والدال أصل يدل على الخفة في العمل، والتجمع,,1,has_asl,maqayis_openiti,Harun_DarAlFikr,high
حفر,حفر,حفر الشيء، وهو قلعه سفلا ; ||| أول الأمر,الحاء والفاء والراء أصلان,2,has_asl,maqayis_openiti,Harun_DarAlFikr,high
حفز,حفز,الحاء والفاء والزاءكلمة واحدة تدل على الحث وما قرب منه,,1,has_asl,maqayis_openiti,Harun_DarAlFikr,high
حفس,حفس,الحاء والفاء والسين ليس أصلا,,1,has_asl,maqayis_openiti,Harun_DarAlFikr,high
حفش,حفش,الحاء والفاء والشين أصل واحد يدل على الجمع,,1,has_asl,maqayis_openiti,Harun_DarAlFikr,high
حفص,حفص,الحاء والفاء والصاد ليس أصلا، ولا فيه لغة تنقاس,,1,has_asl,maqayis_openiti,Harun_DarAlFikr,high
حفض,حفض,الحاء والفاء والضاد أصل واحد، وهو يدل على سقوط الشيء وخفوفه,,1,has_asl,maqayis_openiti,Harun_DarAlFikr,high
حفظ,حفظ,الحاء والفاء والظاء أصل واحد يدل على مراعاة الشيء,,1,has_asl,maqayis_openiti,Harun_DarAlFikr,high
حفل,حفل,الحاء والفاء واللام أصل واحد، وهو الجمع,,1,has_asl,maqayis_openiti,Harun_DarAlFikr,high
حفن,حفن,الحاء والفاء والنون كلمة واحدة، منقاس، وهو جمع الشيء في كف أو غير ذلك,,1,parse_uncertain,maqayis_openiti,Harun_DarAlFikr,low
حفى,حفى,الحاء والفاء وما بعدهما معتل ثلاثة أصول: المنع، واستقصاء السؤال، والحفاء خلاف الانتعال,,3,has_asl,maqayis_openiti,Harun_DarAlFikr,high
حفي,حفي,ل,,1,parse_uncertain,maqayis_openiti,Harun_DarAlFikr,low
حق,حق,الحاء والقاف أصل واحد، وهو يدل على إ,,1,has_asl,maqayis_openiti,Harun_DarAlFikr,high
حقب,حقب,الحاء والقاف والباء أصل واحد، وهو يدل على الحبس,,1,has_asl,maqayis_openiti,Harun_DarAlFikr,high
حقد,حقد,الضغن ||| ألا يوجد ما يطلب,الحاء والقاف والدال أصلان,2,has_asl,maqayis_openiti,Harun_DarAlFikr,high
حقر,حقر,الحاء والقاف والراء أصل واحد، استصغار الشيء,,1,has_asl,maqayis_openiti,Harun_DarAlFikr,high
حقط,حقط,الحاء والقاف والطاء ليس أصلا، ولا أحسب الحيقطان، وهو ذكر الدراج، صحيحا,,1,has_asl,maqayis_openiti,Harun_DarAlFikr,high
حقف,حقف,الحاء والقاف والفاء أصل واحد، وهو يدل على ميل الشيء وعوجه: يقال احقوقف الشيء، إذا مال، فهو محقوقف وحاقف,,1,has_asl,maqayis_openiti,Harun_DarAlFikr,high
حقل,حقل,الحاء والقاف واللام أصل واحد، وهو الأرض وما قاربه,,1,has_asl,maqayis_openiti,Harun_DarAlFikr,high
حقم,حقم,الحاء والقاف والميم لا أصل ولا فرع,,1,has_asl,maqayis_openiti,Harun_DarAlFikr,high
حقن,حقن,الحاء والقاف والنون أصل واحد، وهو جمع الشيء,,1,has_asl,maqayis_openiti,Harun_DarAlFikr,high
حقو,حقو,الحاء والقاف والحرف المعتل أصل واحد، وهو بعض أعضاء البدن,,1,has_asl,maqayis_openiti,Harun_DarAlFikr,high
حك,حك,الحاء والكاف أصل واحد، وهو أن يلتقي شيئان يتمرس كل واحد منهما بصاحبه,,1,has_asl,maqayis_openiti,Harun_DarAlFikr,high
حكد,حكد,الحاء والكاف والدال حرف من باب الإبدال,,1,parse_uncertain,maqayis_openiti,Harun_DarAlFikr,low
حكر,حكر,الحاء والكاف والراء أصل واحد، وهو الحبس,,1,has_asl,maqayis_openiti,Harun_DarAlFikr,high
حكل,حكل,الحاء والكاف واللام أصل صحيح منقاس، وهو الشيء لا يبين,,1,has_asl,maqayis_openiti,Harun_DarAlFikr,high
حكم,حكم,الحاء والكاف والميم أصل واحد، وهو المنع,,1,has_asl,maqayis_openiti,Harun_DarAlFikr,high
حكى,حكى,الحاء والكاف وما بعدها معتل أصل واحد، وفيه جنس من المهموز يقارب معنى المعتل والمهموز منه، هو إحكام الشيء بعقد أو تقرير,,1,has_asl,maqayis_openiti,Harun_DarAlFikr,high
حكي,حكي,ما منعته عما يريد,,1,parse_uncertain,maqayis_openiti,Harun_DarAlFikr,low
حل,حل,الحاء واللام له فروع كثيرة ومسائل، وأصلها كلها عندي فتح الشيء، لا يشذ عنه شيء,,1,has_asl,maqayis_openiti,Harun_DarAlFikr,high
حلب,حلب,الحاء واللام والباء أصل واحد، وهو استمداد الشيء,,1,has_asl,maqayis_openiti,Harun_DarAlFikr,high
حلت,حلت,الحاء واللام والتاء ليس عندي بأصل صحيح,,1,has_asl,maqayis_openiti,Harun_DarAlFikr,high
حلج,حلج,الحاء واللام والجيم ليس عندي أصلا,,1,has_asl,maqayis_openiti,Harun_DarAlFikr,high
حلز,حلز,الحاء واللام والزاء أصل صحيح,,1,has_asl,maqayis_openiti,Harun_DarAlFikr,high
حلس,حلس,الحاء واللام والسين أصل واحد، وهو الشيء يلزم الشيء,,1,has_asl,maqayis_openiti,Harun_DarAlFikr,high
حلط,حلط,الحاء واللام والطاء أصل واحد: وهو الاجتهاد في الشيء بحلف أو ضجر,,1,has_asl,maqayis_openiti,Harun_DarAlFikr,high
حلف,حلف,الحاء واللام والفاء أصل واحد، وهو الملازمة,,1,has_asl,maqayis_openiti,Harun_DarAlFikr,high
حلق,حلق,تنحية الشعر عن الرأس، ثم يحمل عليه غيره ||| يدل على شيء من الآلات مستدير ||| يدل على العلو,الحاء واللام والقاف أصول ثلاثة,3,has_asl,maqayis_openiti,Harun_DarAlFikr,high
حلك,حلك,الحاء واللام والكاف حرف يدل على السواد,,1,has_asl,maqayis_openiti,Harun_DarAlFikr,high
حلم,حلم,الحلم خلاف الطيش ||| قولهم حلم الأديم إذا تثقب وفسد ; وذلك أن يقع فيه دواب تفسده ||| قد حلم في نومه حلما وحلما,الحاء واللام والميم، أصول ثلاثة: الأول ترك العجلة، والثاني تثقب الشيء، والثالث رؤية الشيء في المنام. وهي متباينة جدا، تدل على أن بعض اللغة ليس قياسا، وإن كان أكثره منقاسا,3,has_asl,maqayis_openiti,Harun_DarAlFikr,high
حلن,حلن,الحاء واللام والنون إن جعلت النون زائدة فقد ذكرناه فيما مضى، وإن جعلت النون أصلية فهو فعال، وهو الجدي، وليست الكلمة أصلا يقاس,,1,has_asl,maqayis_openiti,Harun_DarAlFikr,high
حلو,حلو,طيب الشيء في ميل من النفس إليه ||| تحسين الشيء ||| وهو مهموز - تنحية الشيء,الحاء واللام وما بعدها معتل، ثلاثة أصول,3,has_asl,maqayis_openiti,Harun_DarAlFikr,high
حم,حم,الحاء والميم فيه تفاوت ; لأنه متشعب الأبواب جدا,,1,parse_uncertain,maqayis_openiti,Harun_DarAlFikr,low
حمد,حمد,الحاء والميم والدال كلمة واحدة وأصل واحد يدل على خلاف الذم,,1,has_asl,maqayis_openiti,Harun_DarAlFikr,high
حمر,حمر,الحاء والميم والراء أصل واحد عندي، وهو من الذي يعرف بالحمرة,,1,has_asl,maqayis_openiti,Harun_DarAlFikr,high
حمز,حمز,الحاء والميم والزاء أصل واحد، وهو حدة في الشيء كالحرافة وما أشبهها,,1,has_asl,maqayis_openiti,Harun_DarAlFikr,high
حمس,حمس,الحاء والميم والسين أصل واحد يدل على الشدة,,1,has_asl,maqayis_openiti,Harun_DarAlFikr,high
حمش,حمش,التهاب الشيء وهيجه ||| الدقة,الحاء والميم والشين أصلان,2,has_asl,maqayis_openiti,Harun_DarAlFikr,high
حمص,حمص,الحاء والميم والصاد ليس أصلا يقاس عليه، وما فيه قياس ويجوز أن يكون من جفاف في الشيء,,1,has_asl,maqayis_openiti,Harun_DarAlFikr,high
حمض,حمض,الحاء والميم والضاد أصل واحد صحيح، وهو شيء من الطعوم,,1,has_asl,maqayis_openiti,Harun_DarAlFikr,high
حمط,حمط,الحاء والميم والطاء ليس أصلا ولا فرعا، ولا فيه لغة صحيحة، إلا شيء من النبت أو الشجر,,1,has_asl,maqayis_openiti,Harun_DarAlFikr,high
حمق,حمق,الحاء والميم والقاف أصل واحد يدل على كساد الشيء,,1,has_asl,maqayis_openiti,Harun_DarAlFikr,high
حمل,حمل,الحاء والميم واللام أصل واحد يدل على إقلال الشيء,,1,has_asl,maqayis_openiti,Harun_DarAlFikr,high
حن,حن,الحاء والنون أصل واحد، وهو الإشفاق والرقة,,1,has_asl,maqayis_openiti,Harun_DarAlFikr,high
حنب,حنب,الحاء والنون والباء أصل واحد يدل على الذي دل عليه ما قبله، وهو الاعوجاج في الشيء,,1,has_asl,maqayis_openiti,Harun_DarAlFikr,high
حنث,حنث,الحاء والنون والثاء أصل واحد، وهو الإثم والحرج,,1,has_asl,maqayis_openiti,Harun_DarAlFikr,high
حنج,حنج,الحاء والنون والجيم أصل واحد يدل على الميل والاعوجاج,,1,has_asl,maqayis_openiti,Harun_DarAlFikr,high
حنذ,حنذ,الحاء والنون والذال أصل واحد، وهو إنضاج الشيء,,1,has_asl,maqayis_openiti,Harun_DarAlFikr,high
حنر,حنر,الحاء والنون والراء كلمة واحدة، لولا أنها جاءت في الحديث لما كان لذكرها وجه,,1,parse_uncertain,maqayis_openiti,Harun_DarAlFikr,low
حنش,حنش,الحاء والنون والشين أصل واحد صحيح وهو من باب الصيد إذا صدته,,1,has_asl,maqayis_openiti,Harun_DarAlFikr,high
حنط,حنط,الحاء والنون والطاء ليس بذلك الأصل الذي يقاس منه أو عليه، وفيه أنه حب أو شبيه به,,1,has_asl,maqayis_openiti,Harun_DarAlFikr,high
حنف,حنف,الحاء والنون والفاء أصل مستقيم، وهو الميل,,1,has_asl,maqayis_openiti,Harun_DarAlFikr,high
حنق,حنق,الحاء والنون والقاف أصل واحد، وهو تضايق الشيء,,1,has_asl,maqayis_openiti,Harun_DarAlFikr,high
حنك,حنك,الحاء والنون والكاف أصل واحد، وهو عضو من الأعضاء ثم يحمل عليه ما يقاربه من طريقة الاشتقاق,,1,has_asl,maqayis_openiti,Harun_DarAlFikr,high
حنو,حنو,الحاء والنون والحرف المعتل أصل واحد يدل على تعطف وتعوج,,1,has_asl,maqayis_openiti,Harun_DarAlFikr,high
حوب,حوب,الحاء والواو والباء أصل واحد يتشعب إلى إثم، أو حاجة أو مسكنة، وكلها متقاربة,,1,has_asl,maqayis_openiti,Harun_DarAlFikr,high
حوت,حوت,الحاء والواو والتاء أصل صحيح منقاس، وهو من الاضطراب والروغان، فالحوت العظيم من السمك، وهو مضطرب أبدا غير مستقر,,1,has_asl,maqayis_openiti,Harun_DarAlFikr,high
حوث,حوث,الحاء والواو والثاء قليل غير مطرد ولا متفرع,,1,parse_uncertain,maqayis_openiti,Harun_DarAlFikr,low
حوج,حوج,الحاء والواو والجيم أصل واحد، وهو الاضطرار إلى الشيء، فالحاجة واحدة الحاجات,,1,has_asl,maqayis_openiti,Harun_DarAlFikr,high
حوذ,حوذ,الحاء والواو والذال أصل واحد، وهو من الخفة والسرعة وانكماش في الأمر,,1,has_asl,maqayis_openiti,Harun_DarAlFikr,high
حور,حور,الحاء والواو والراء ثلاثة أصول: أحدها لون، والآخر الرجوع، والثالث أن يدور الشيء دورا,,3,has_asl,maqayis_openiti,Harun_DarAlFikr,high
حوز,حوز,الحاء والواو والزاء أصل واحد، وهو الجمع والتجمع، يقال لكل مجمع وناحية حوز وحوزة,,1,has_asl,maqayis_openiti,Harun_DarAlFikr,high
حوس,حوس,الحاء والواو والسين أصل واحد: مخالطة الشيء ووطؤه,,1,has_asl,maqayis_openiti,Harun_DarAlFikr,high
حوش,حوش,الحاء والواو والشين كلمة واحدة,,1,parse_uncertain,maqayis_openiti,Harun_DarAlFikr,low
حوص,حوص,الحاء والواو والصاد كلمة واحدة تدل على ضيق الشيء,,1,has_asl,maqayis_openiti,Harun_DarAlFikr,high
حوض,حوض,الحاء والواو والضاد كلمة واحدة، وهو الهزم في الأرض,,1,parse_uncertain,maqayis_openiti,Harun_DarAlFikr,low
حوط,حوط,الحاء والواو والطاء كلمة واحدة، وهو الشيء يطيف بالشيء,,1,parse_uncertain,maqayis_openiti,Harun_DarAlFikr,low
حوق,حوق,الحاء والواو والقاف أصل واحد يقرب من الذي قبله,,1,has_asl,maqayis_openiti,Harun_DarAlFikr,high
حوك,حوك,الحاء والواو والكاف، ضم الشيء إلى الشيء,,1,parse_uncertain,maqayis_openiti,Harun_DarAlFikr,low
حول,حول,الحاء والواو واللام أصل واحد، وهو تحرك في دور,,1,has_asl,maqayis_openiti,Harun_DarAlFikr,high
حوم,حوم,الحاء والواو والميم كلمة واحدة تقرب من الذي قبلها، وهو الدور بالشيء يقال حام الطائر حول الشيء يحوم,,1,parse_uncertain,maqayis_openiti,Harun_DarAlFikr,low
حوى,حوى,الحاء والواو وما بعده معتل أصل واحد، وهو الجمع يقال حويت الشيء أحويه حيا، إذا جمعته,,1,has_asl,maqayis_openiti,Harun_DarAlFikr,high
حي,حي,خلاف الموت ||| الاستحياء الذي [هو] ضد الوقاحة,الحاء والياء والحرف المعتل أصلان,2,has_asl,maqayis_openiti,Harun_DarAlFikr,high
حيث,حيث,الحاء والياء والثاء ليست أصلا ; لأنها كلمة موضوعة لكل مكان، وهي مبهمة، تقول اقعد حيث شئت، وتكون مضمومة,,1,has_asl,maqayis_openiti,Harun_DarAlFikr,high
حيد,حيد,الحاء والياء والدال أصل واحد، وهو الميل والعدول عن طريق الاستواء,,1,has_asl,maqayis_openiti,Harun_DarAlFikr,high
حير,حير,الحاء والياء والراء أصل واحد، وهو التردد في الشيء,,1,has_asl,maqayis_openiti,Harun_DarAlFikr,high
حيز,حيز,الحاء والياء والزاء ليس أصلا ; لأن ياءه في الحقيقة واو,,1,has_asl,maqayis_openiti,Harun_DarAlFikr,high
حيس,حيس,الحاء والياء والسين أصل واحد، وهو الخليط,,1,has_asl,maqayis_openiti,Harun_DarAlFikr,high
حيص,حيص,الحاء والياء والصاد أصل واحد، وهو الميل في جور وتلدد,,1,has_asl,maqayis_openiti,Harun_DarAlFikr,high
حيض,حيض,الحاء والياء والضاد كلمة واحدة,,1,parse_uncertain,maqayis_openiti,Harun_DarAlFikr,low
حيط,حيط,الحاء والياء والطاء ليس أصلا، وذلك أن أصله في الحياطة والحيطة والحائط كله الواو,,1,has_asl,maqayis_openiti,Harun_DarAlFikr,high
حيف,حيف,الحاء والياء والفاء أصل واحد، وهو الميل,,1,has_asl,maqayis_openiti,Harun_DarAlFikr,high
حيق,حيق,الحاء والياء والقاف كلمة واحدة، وهو نزول الشيء بالشيء، يقال حاق به السوء يحيق,,1,parse_uncertain,maqayis_openiti,Harun_DarAlFikr,low
حيك,حيك,الحاء والياء والكاف أصل واحد، وهو جنس من المشي، يقال حاك هو يحيك في مشيه حيكانا، إذا حرك منكبيه وجسده,,1,has_asl,maqayis_openiti,Harun_DarAlFikr,high
حين,حين,الحاء والياء والنون أصل واحد، ثم يحمل عليه، والأصل الزمان,,1,has_asl,maqayis_openiti,Harun_DarAlFikr,high
خا,خأ,الخاء والهمزة الممدودة ليست أصلا ينقاس، بل ذكر فيه حرف واحد لا يعرف صحته,,1,has_asl,maqayis_openiti,Harun_DarAlFikr,high
خام,خام,وأما الخاء والألف والميم فمن المنقلب عن الياء,,1,parse_uncertain,maqayis_openiti,Harun_DarAlFikr,low
خب,خب,الخاء والباء أصلان: الأول [أن] يمتد [الشيء] طولا، والثاني جنس من الخداع,,2,has_asl,maqayis_openiti,Harun_DarAlFikr,high
خبا,خبأ,الخاء والباء والحرف المعتل والهمزة يدل على ستر الشيء,,1,has_asl,maqayis_openiti,Harun_DarAlFikr,high
خبت,خبت,الخاء والباء والتاء أصل واحد يدل على خشوع: يقال أخبت يخبت إخباتا، إذا خشع,,1,has_asl,maqayis_openiti,Harun_DarAlFikr,high
خبث,خبث,الخاء والباء والثاء أصل واحد يدل على خلاف الطيب,,1,has_asl,maqayis_openiti,Harun_DarAlFikr,high
خبج,خبج,الخاء والباء والجيم ليس أصلا يقاس عليه، وما أحسب فيه كلاما صحيحا,,1,has_asl,maqayis_openiti,Harun_DarAlFikr,high
خبر,خبر,العلم ||| يدل على لين ورخاوة وغزر,الخاء والباء والراء أصلان,2,has_asl,maqayis_openiti,Harun_DarAlFikr,high
خبز,خبز,الخاء والباء والزاء أصل واحد يدل على خبط الشيء باليد,,1,has_asl,maqayis_openiti,Harun_DarAlFikr,high
خبس,خبس,الخاء والباء والسين أصل واحد يدل على أخذ الشيء قهرا وغلبة,,1,has_asl,maqayis_openiti,Harun_DarAlFikr,high
خبش,خبش,الخاء والباء والشين ليس أصلا,,1,has_asl,maqayis_openiti,Harun_DarAlFikr,high
خبص,خبص,الخاء والباء والصاد قريب من الذي قبله,,1,parse_uncertain,maqayis_openiti,Harun_DarAlFikr,low
خبط,خبط,الخاء والباء والطاء أصل واحد يدل على وطء وضرب,,1,has_asl,maqayis_openiti,Harun_DarAlFikr,high
خبع,خبع,الخاء والباء والعين ليس أصلا ; وذلك أن العين فيه مبدلة من همزة,,1,has_asl,maqayis_openiti,Harun_DarAlFikr,high
خبق,خبق,الخاء والباء والقاف أصيل يدل على الترفع,,1,has_asl,maqayis_openiti,Harun_DarAlFikr,high
خبل,خبل,الخاء والباء واللام أصل واحد يدل على فساد الأعضاء,,1,has_asl,maqayis_openiti,Harun_DarAlFikr,high
خبن,خبن,الخاء والباء والنون أصيل واحد يدل على قبض ونقص,,1,has_asl,maqayis_openiti,Harun_DarAlFikr,high
خت,خت,الخاء والتاء ليس أصلا ; لأن تاءه مبدلة من سين,,1,has_asl,maqayis_openiti,Harun_DarAlFikr,high
ختا,ختا,الخاء والتاء والحرف المعتل والمهموز ليس أصلا، وربما قالوا: اختتأت له اختتاء، إذا ختلته,,1,has_asl,maqayis_openiti,Harun_DarAlFikr,high
ختر,ختر,الخاء والتاء والراء أصل يدل على توان وفتور,,1,has_asl,maqayis_openiti,Harun_DarAlFikr,high
ختع,ختع,الخاء والتاء والعين أصل واحد يدل على الهجوم والدخول فيما يغيب الداخل فيه,,1,has_asl,maqayis_openiti,Harun_DarAlFikr,high
ختل,ختل,الخاء والتاء واللام أصيل فيه كلمة واحدة، وهي الختل، قال قوم: هو الخدع,,1,parse_uncertain,maqayis_openiti,Harun_DarAlFikr,low
ختم,ختم,الخاء والتاء والميم أصل واحد، وهو بلوغ آخر الشيء,,1,has_asl,maqayis_openiti,Harun_DarAlFikr,high
ختن,ختن,الخاء والتاء والنون كلمتان: إحداهما ختن الغلام الذي يعذر,,1,parse_uncertain,maqayis_openiti,Harun_DarAlFikr,low
خث,خث,الخاء والثاء ليس أصلا ولا فرعا صحيحا يعرج عليه، ولكنا نذكر ما يذكرونه,,1,has_asl,maqayis_openiti,Harun_DarAlFikr,high
خثا,خثا,الخاء والثاء والحرف المعتل ليس أصلا,,1,has_asl,maqayis_openiti,Harun_DarAlFikr,high
خثر,خثر,الخاء والثاء والراء أصل يدل على غلظ في الشيء مع استرخاء,,1,has_asl,maqayis_openiti,Harun_DarAlFikr,high
خثل,خثل,الخاء والثاء واللام كلمة واحدة لا يقاس عليها,,1,parse_uncertain,maqayis_openiti,Harun_DarAlFikr,low
خثم,خثم,الخاء والثاء والميم ليس أصلا,,1,has_asl,maqayis_openiti,Harun_DarAlFikr,high
خج,خج,الخاء والجيم أصل يدل على اضطراب وخفة في غير استواء,,1,has_asl,maqayis_openiti,Harun_DarAlFikr,high
خجا,خجا,الخاء والجيم والحرف المعتل أو المهموز ليس أصلا,,1,has_asl,maqayis_openiti,Harun_DarAlFikr,high
خجل,خجل,الخاء والجيم واللام أصل يدل على اضطراب وتردد,,1,has_asl,maqayis_openiti,Harun_DarAlFikr,high
خد,خد,الخاء والدال أصل واحد، وهو تأسل الشيء وامتداده إلى السفل,,1,has_asl,maqayis_openiti,Harun_DarAlFikr,high
خدب,خدب,اضطراب في الشيء ولين ||| شق في الشيء,الخاء والدال والباء أصلان,2,has_asl,maqayis_openiti,Harun_DarAlFikr,high
خدج,خدج,الخاء والدال والجيم أصل واحد يدل على النقصان,,1,has_asl,maqayis_openiti,Harun_DarAlFikr,high
خدر,خدر,الخداري الليل المظلم ||| أخدر فلان في أهله: أقام فيهم,الخاء والدال والراء أصلان: الظلمة والستر، والبطء والإقامة,2,has_asl,maqayis_openiti,Harun_DarAlFikr,high
خدش,خدش,الخاء والدال والشين أصل واحد، وهو خدش الشيء للشيء,,1,has_asl,maqayis_openiti,Harun_DarAlFikr,high
خدع,خدع,الخاء والدال والعين أصل واحد، ذكر الخليل قياسه,,1,has_asl,maqayis_openiti,Harun_DarAlFikr,high
خدف,خدف,الخاء والدال والفاء أصل واحد,,1,has_asl,maqayis_openiti,Harun_DarAlFikr,high
خدل,خدل,الخاء والدال واللام أصل واحد يدل على الدقة واللين,,1,has_asl,maqayis_openiti,Harun_DarAlFikr,high
خدم,خدم,الخاء والدال والميم أصل واحد منقاس، وهو إطافة الشيء بالشيء,,1,has_asl,maqayis_openiti,Harun_DarAlFikr,high
خدن,خدن,الخاء والدال والنون أصل واحد، وهو المصاحبة,,1,has_asl,maqayis_openiti,Harun_DarAlFikr,high
خذا,خذا,الخاء والذال والحرف المعتل والمهموز يدل على الضعف واللين,,1,has_asl,maqayis_openiti,Harun_DarAlFikr,high
خذع,خذع,الخاء والذال والعين يدل على قطع الشيء ; يقال خذعه بالسيف، إذا ضربه,,1,has_asl,maqayis_openiti,Harun_DarAlFikr,high
خذف,خذف,الخاء والذال والفاء أصل واحد يدل على الرمي,,1,has_asl,maqayis_openiti,Harun_DarAlFikr,high
خذق,خذق,الخاء والذال والقاف ليس أصلا، وإنما فيه كلمة من باب الإبدال,,1,has_asl,maqayis_openiti,Harun_DarAlFikr,high
خذل,خذل,الخاء والذال واللام أصل واحد يدل على ترك الشيء والقعود عنه,,1,has_asl,maqayis_openiti,Harun_DarAlFikr,high
خذم,خذم,الخاء والذال والميم يدل على القطع,,1,has_asl,maqayis_openiti,Harun_DarAlFikr,high
خر,خر,الخاء والراء أصل واحد، وهو اضطراب وسقوط مع صوت,,1,has_asl,maqayis_openiti,Harun_DarAlFikr,high
خرب,خرب,الخاء والراء والباء أصل يدل على التثلم والتثقب,,1,has_asl,maqayis_openiti,Harun_DarAlFikr,high
خرت,خرت,الخاء والراء والتاء أصل يدل على تثقب وشبهه,,1,has_asl,maqayis_openiti,Harun_DarAlFikr,high
خرث,خرث,الخاء والراء والثاء كلمة واحدة، وهو أسقاط الشيء,,1,parse_uncertain,maqayis_openiti,Harun_DarAlFikr,low
خرج,خرج,النفاذ عن الشيء ||| اختلاف لونين,الخاء والراء والجيم أصلان، وقد يمكن الجمع بينهما، إلا أنا سلكنا الطريق الواضح,2,has_asl,maqayis_openiti,Harun_DarAlFikr,high
خرد,خرد,الخاء والراء والدال أصل واحد، وهو صون الشيء عن المسيس,,1,has_asl,maqayis_openiti,Harun_DarAlFikr,high
خرز,خرز,الخاء والراء والزاء يدل على جمع الشيء إلى الشيء وضمه إليه,,1,has_asl,maqayis_openiti,Harun_DarAlFikr,high
خرس,خرس,الخرس بسكون الراء، وهو الدن، ويقال لصانعه الخراس ||| الخرس في اللسان، وهو ذهاب النطق ||| الخرس والخرسة، وهو طعام يتخذ للوالد من النساء، وتلك خرستها,الخاء والراء والسين أصول ثلاثة: الأول جنس من الآنية، والثاني عدم النطق، والثالث نوع من الطعام,3,has_asl,maqayis_openiti,Harun_DarAlFikr,high
خرش,خرش,الخاء والراء والشين أصل واحد، يدل على انتفاخ في الشيء وخروق,,1,has_asl,maqayis_openiti,Harun_DarAlFikr,high
خرص,خرص,الخاء والراء والصاد أصول متباينة جدا,,2,has_asl,maqayis_openiti,Harun_DarAlFikr,high
خرض,خرض,الخاء والراء والضاد,,1,parse_uncertain,maqayis_openiti,Harun_DarAlFikr,low
خرط,خرط,الخاء والراء والطاء أصل واحد منقاس مطرد، وهو مضي الشيء، وانسلاله,,1,has_asl,maqayis_openiti,Harun_DarAlFikr,high
خرع,خرع,الخاء والراء والعين أصل واحد، وهو يدل على الرخاوة، ثم يحمل عليه,,1,has_asl,maqayis_openiti,Harun_DarAlFikr,high
خرف,خرف,أن يجتنى الشيء ||| الطريق,الخاء والراء والفاء أصلان,2,has_asl,maqayis_openiti,Harun_DarAlFikr,high
خرق,خرق,الخاء والراء والقاف أصل واحد، وهو مزق الشيء وجوبه، إلى ذلك يرجع فروعه,,1,has_asl,maqayis_openiti,Harun_DarAlFikr,high
خرم,خرم,الخاء والراء والميم أصل واحد، وهو ضرب من الاقتطاع,,1,has_asl,maqayis_openiti,Harun_DarAlFikr,high
خز,خز,أن يرز شيء في آخر ||| جنس من الحيوان,الخاء والزاء أصلان,2,has_asl,maqayis_openiti,Harun_DarAlFikr,high
خزب,خزب,الخاء والزاء والباء يدل على ورم ونتو في اللحم,,1,has_asl,maqayis_openiti,Harun_DarAlFikr,high
خزر,خزر,جنس [من] الطبيخ ||| ضيق في الشيء,الخاء والزاء والراء أصلان,2,has_asl,maqayis_openiti,Harun_DarAlFikr,high
خزع,خزع,الخاء والزاء والعين أصل واحد يدل على القطع والانقطاع,,1,has_asl,maqayis_openiti,Harun_DarAlFikr,high
خزف,خزف,الخاء والزاء والفاء ليس بشيء,,1,parse_uncertain,maqayis_openiti,Harun_DarAlFikr,low
خزق,خزق,الخاء والزاء والقاف أصل، وهو يدل على نفاذ الشيء المرمي به أو ارتزازه,,1,has_asl,maqayis_openiti,Harun_DarAlFikr,high
خزل,خزل,الخاء والزاء واللام أصل واحد يدل على الانقطاع والضعف,,1,has_asl,maqayis_openiti,Harun_DarAlFikr,high
خزم,خزم,الخاء والزاء والميم أصل يدل على انثقاب الشيء,,1,has_asl,maqayis_openiti,Harun_DarAlFikr,high
خزن,خزن,الخاء والزاء والنون أصل يدل على صيانة الشيء,,1,has_asl,maqayis_openiti,Harun_DarAlFikr,high
خزو,خزو,السياسة ||| الإبعاد,الخاء والزاء والحرف المعتل أصلان,2,has_asl,maqayis_openiti,Harun_DarAlFikr,high
خس,خس,حقارة الشيء ||| تداول الشيء,الخاء والسين أصلان,2,has_asl,maqayis_openiti,Harun_DarAlFikr,high
خسا,خسأ,الخاء والسين والهمزة يدل على الإبعاد,,1,has_asl,maqayis_openiti,Harun_DarAlFikr,high
خسر,خسر,الخاء والسين والراء أصل واحد يدل على النقص,,1,has_asl,maqayis_openiti,Harun_DarAlFikr,high
خسف,خسف,الخاء والسين والفاء أصل واحد يدل على غموض وغؤور، وإليه يرجع فروع الباب,,1,has_asl,maqayis_openiti,Harun_DarAlFikr,high
خسق,خسق,الخاء والسين والقاف ليس أصلا ; لأن السين فيه مبدلة من الزاء، وإنما يغير اللفظ ليغير بعض المعنى,,1,has_asl,maqayis_openiti,Harun_DarAlFikr,high
خسل,خسل,الخاء والسين واللام أصل واحد يدل على ضعف وقلة خطر,,1,has_asl,maqayis_openiti,Harun_DarAlFikr,high
خش,خش,الخاء والشين أصل واحد، وهو الولوج والدخول,,1,has_asl,maqayis_openiti,Harun_DarAlFikr,high
خشب,خشب,الخاء والشين والباء أصل واحد يدل على خشونة وغلظ,,1,has_asl,maqayis_openiti,Harun_DarAlFikr,high
خشر,خشر,الخاء والشين والراء يدل على رداءة ودون,,1,has_asl,maqayis_openiti,Harun_DarAlFikr,high
خشع,خشع,الخاء والشين والعين أصل واحد، يدل على التطامن,,1,has_asl,maqayis_openiti,Harun_DarAlFikr,high
خشف,خشف,الخاء والشين والفاء يدل على الغموض والستر وما قارب ذلك,,1,has_asl,maqayis_openiti,Harun_DarAlFikr,high
خشل,خشل,الخاء والشين واللام أصل واحد يدل على حقارة وصغر,,1,has_asl,maqayis_openiti,Harun_DarAlFikr,high
خشم,خشم,الخاء والشين والميم أصل واحد يدل على ارتفاع,,1,has_asl,maqayis_openiti,Harun_DarAlFikr,high
خشن,خشن,الخاء والشين والنون أصل واحد، وهو خلاف اللين,,1,has_asl,maqayis_openiti,Harun_DarAlFikr,high
خشي,خشي,الخاء والشين والحرف المعتل يدل على خوف وذعر، ثم يحمل عليه المجاز,,1,has_asl,maqayis_openiti,Harun_DarAlFikr,high
خص,خص,الخاء والصاد أصل مطرد منقاس، وهو يدل على الفرجة والثلمة,,1,has_asl,maqayis_openiti,Harun_DarAlFikr,high
خصب,خصب,الخاء والصاد والباء أصل واحد، وهو ضد الجدب,,1,has_asl,maqayis_openiti,Harun_DarAlFikr,high
خصر,خصر,البرد ||| وسط الشيء,الخاء والصاد والراء أصلان,2,has_asl,maqayis_openiti,Harun_DarAlFikr,high
خصف,خصف,الخاء والصاد والفاء أصل واحد يدل على اجتماع شيء إلى شيء,,1,has_asl,maqayis_openiti,Harun_DarAlFikr,high
خصل,خصل,الخاء والصاد واللام أصل واحد يدل على القطع والقطعة من الشيء، ثم يحمل عليها تشبيها ومجازا,,1,has_asl,maqayis_openiti,Harun_DarAlFikr,high
خصم,خصم,المنازعة ||| جانب وعاء,الخاء والصاد والميم أصلان,2,has_asl,maqayis_openiti,Harun_DarAlFikr,high
خصن,خصن,الخاء والصاد والنون ليس أصلا,,1,has_asl,maqayis_openiti,Harun_DarAlFikr,high
خصى,خصى,الخاء والصاد والحرف المعتل كلمة واحدة لا يقاس عليها إلا مجازا، وهي قولهم خصيت الفحل خصيا,,1,parse_uncertain,maqayis_openiti,Harun_DarAlFikr,low
خصي,خصي,لة: كل لحمة فيها عصب,,1,parse_uncertain,maqayis_openiti,Harun_DarAlFikr,low
خض,خض,قلة الشيء وسخافته ||| الاضطراب في الشيء مع رطوبة,الخاء والضاد أصلان,2,has_asl,maqayis_openiti,Harun_DarAlFikr,high
خضب,خضب,الخاء والضاد والباء أصل واحد، وهو خضب الشيء,,1,has_asl,maqayis_openiti,Harun_DarAlFikr,high
خضد,خضد,الخاء والضاد والدال أصل واحد مطرد، وهو يدل على تثن في شيء لين,,1,has_asl,maqayis_openiti,Harun_DarAlFikr,high
خضر,خضر,الخاء والضاد والراء أصل واحد مستقيم، ومحمول عليه,,1,has_asl,maqayis_openiti,Harun_DarAlFikr,high
خضع,خضع,تطامن في الشيء ||| جنس من الصوت,الخاء والضاد والعين أصلان,2,has_asl,maqayis_openiti,Harun_DarAlFikr,high
خضف,خضف,الخاء والضاد والفاء ليس أصلا ولا شغل به,,1,has_asl,maqayis_openiti,Harun_DarAlFikr,high
خضل,خضل,الخاء والضاد واللام أصل واحد يدل على نعمة وندى,,1,has_asl,maqayis_openiti,Harun_DarAlFikr,high
خضم,خضم,الخضم، وهو المضغ بأقصى الأضراس ||| الخضم: الرجل الكثير العطية,الخاء والضاد والميم أصلان: جنس من الأكل، والآخر يدل على كثرة وامتلاء,2,has_asl,maqayis_openiti,Harun_DarAlFikr,high
خضن,خضن,الخاء والضاد والنون أصل واحد صحيح,,1,has_asl,maqayis_openiti,Harun_DarAlFikr,high
خط,خط,الخاء والطاء أصل واحد ; وهو أثر يمتد امتدادا,,1,has_asl,maqayis_openiti,Harun_DarAlFikr,high
خطب,خطب,الخاء والطاء والباء أصلان: أحدهما الكلام بين اثنين، يقال خاطبه يخاطبه خطابا، والخطبة من ذلك,,2,has_asl,maqayis_openiti,Harun_DarAlFikr,high
خطر,خطر,القدر والمكانة ||| اضطراب وحركة,الخاء والطاء والراء أصلان,2,has_asl,maqayis_openiti,Harun_DarAlFikr,high
خطف,خطف,الخاء والطاء والفاء أصل واحد مطرد منقاس، وهو استلاب في خفة,,1,has_asl,maqayis_openiti,Harun_DarAlFikr,high
خطل,خطل,الخاء والطاء واللام أصل واحد يدل على استرخاء واضطراب، قياس مطرد,,1,has_asl,maqayis_openiti,Harun_DarAlFikr,high
خطم,خطم,الخاء والطاء والميم يدل على تقدم شيء في نتو يكون فيه,,1,has_asl,maqayis_openiti,Harun_DarAlFikr,high
خطوا,خطوأ,الخاء والطاء والحرف المعتل والمهموز، يدل على تعدي الشيء، والذهاب عنه,,1,has_asl,maqayis_openiti,Harun_DarAlFikr,high
خظى,خظى,الخاء والظاء والياء ليس في الباب غيره، وهو يدل على اكتناز الشيء,,1,has_asl,maqayis_openiti,Harun_DarAlFikr,high
خف,خف,الخاء والفاء أصل واحد، وهو شيء يخالف الثقل والرزانة,,1,has_asl,maqayis_openiti,Harun_DarAlFikr,high
خفت,خفت,الخاء والفاء والتاء أصل واحد، وهو إسرار وكتمان,,1,has_asl,maqayis_openiti,Harun_DarAlFikr,high
خفج,خفج,الخاء والفاء والجيم أصل واحد يدل على خلاف الاستقامة,,1,has_asl,maqayis_openiti,Harun_DarAlFikr,high
خفد,خفد,الخاء والفاء والدال أصل واحد، وهو من الإسراع,,1,has_asl,maqayis_openiti,Harun_DarAlFikr,high
خفر,خفر,الحياء ||| المحافظة أو ضدها,الخاء والفاء والراء أصلان,2,has_asl,maqayis_openiti,Harun_DarAlFikr,high
خفع,خفع,الخاء والفاء والعين أصل واحد يدل على التزاق شيء بشيء لضر يكون,,1,has_asl,maqayis_openiti,Harun_DarAlFikr,high
خفق,خفق,الخاء والفاء والقاف أصل واحد يرجع إليه فروعه، وهو الاضطراب في الشيء,,1,has_asl,maqayis_openiti,Harun_DarAlFikr,high
خفي,خفي,الستر ||| الإظهار,الخاء والفاء والياء أصلان متباينان متضادان,2,has_asl,maqayis_openiti,Harun_DarAlFikr,high
خق,خق,الخاء والقاف أصل واحد، وهو الهزم في الشيء والخرق,,1,has_asl,maqayis_openiti,Harun_DarAlFikr,high
خل,خل,الخاء واللام أصل واحد يتقارب فروعه، ومرجع ذلك إما إلى دقة أو فرجة,,1,has_asl,maqayis_openiti,Harun_DarAlFikr,high
خلب,خلب,الخاء واللام والباء أصول ثلاثة: أحدها إمالة الشيء إلى نفسك، والآخر شيء يشمل شيئا، والثالث فساد في الشيء,,3,has_asl,maqayis_openiti,Harun_DarAlFikr,high
خلج,خلج,الخاء واللام والجيم أصل واحد يدل على لي وفتل وقلة استقامة,,1,has_asl,maqayis_openiti,Harun_DarAlFikr,high
خلد,خلد,الخاء واللام والدال أصل واحد يدل على الثبات والملازمة، فيقال: خلد: أقام، وأخلد أيضا,,1,has_asl,maqayis_openiti,Harun_DarAlFikr,high
خلس,خلس,الخاء واللام والسين أصل واحد، وهو الاختطاف والالتماع,,1,has_asl,maqayis_openiti,Harun_DarAlFikr,high
خلص,خلص,الخاء واللام والصاد أصل واحد مطرد، وهو تنقية الشيء وتهذيبه,,1,has_asl,maqayis_openiti,Harun_DarAlFikr,high
خلط,خلط,الخاء واللام والطاء أصل واحد مخالف للباب الذي قبله، بل هو مضاد له,,1,has_asl,maqayis_openiti,Harun_DarAlFikr,high
خلع,خلع,الخاء واللام والعين أصل واحد مطرد، وهو مزايلة الشيء الذي كان يشتمل به أو عليه,,1,has_asl,maqayis_openiti,Harun_DarAlFikr,high
خلف,خلف,الخاء واللام والفاء أصول ثلاثة: أحدها أن يجيء شيء بعد شيء يقوم مقامه، والثاني خلاف قدام، والثالث التغير,,3,has_asl,maqayis_openiti,Harun_DarAlFikr,high
خلق,خلق,تقدير الشيء ||| ملاسة الشيء,الخاء واللام والقاف أصلان,2,has_asl,maqayis_openiti,Harun_DarAlFikr,high
خلم,خلم,الخاء واللام والميم أصل واحد يدل على الإلف والملازمة,,1,has_asl,maqayis_openiti,Harun_DarAlFikr,high
خلو,خلو,الخاء واللام والحرف المعتل أصل واحد يدل على تعري الشيء من الشيء,,1,has_asl,maqayis_openiti,Harun_DarAlFikr,high
خم,خم,تغير رائحة ||| تنقية شيء,الخاء والميم أصلان,2,has_asl,maqayis_openiti,Harun_DarAlFikr,high
خمج,خمج,الخاء والميم والجيم يدل على فتور وتغير,,1,has_asl,maqayis_openiti,Harun_DarAlFikr,high
خمد,خمد,الخاء والميم والدال أصل واحد، يدل على سكون الحركة والسقوط,,1,has_asl,maqayis_openiti,Harun_DarAlFikr,high
خمر,خمر,الخاء والميم والراء أصل واحد يدل على التغطية، والمخالطة في ستر,,1,has_asl,maqayis_openiti,Harun_DarAlFikr,high
خمس,خمس,الخاء والميم والسين أصل واحد، وهو في العدد,,1,has_asl,maqayis_openiti,Harun_DarAlFikr,high
خمش,خمش,الخاء والميم والشين أصل واحد، وهو الخدش وما قاربه,,1,has_asl,maqayis_openiti,Harun_DarAlFikr,high
خمص,خمص,الخاء والميم والصاد أصل واحد يدل على الضمر والتطامن,,1,has_asl,maqayis_openiti,Harun_DarAlFikr,high
خمط,خمط,الانجراد والملاسة ||| التسلط والصيال,الخاء والميم والطاء أصلان,2,has_asl,maqayis_openiti,Harun_DarAlFikr,high
خمع,خمع,الخاء والميم والعين أصل واحد يدل على قلة الاستقامة، [و] على الاعوجاج,,1,has_asl,maqayis_openiti,Harun_DarAlFikr,high
خمل,خمل,الخاء والميم واللام أصل واحد يدل على انخفاض واسترسال وسقوط,,1,has_asl,maqayis_openiti,Harun_DarAlFikr,high
خن,خن,الخاء والنون أصل واحد، وهو حكاية شيء من الأصوات بضعف,,1,has_asl,maqayis_openiti,Harun_DarAlFikr,high
خنا,خنا,الخاء والنون وما بعدها معتل، يدل على فساد وهلاك,,1,has_asl,maqayis_openiti,Harun_DarAlFikr,high
خنب,خنب,الخاء والنون والباء أصل واحد، وهو يدل على لين ورخاوة,,1,has_asl,maqayis_openiti,Harun_DarAlFikr,high
خنث,خنث,الخاء والنون والثاء أصل واحد يدل على تكسر وتثن,,1,has_asl,maqayis_openiti,Harun_DarAlFikr,high
خنز,خنز,الخاء والنون والزاء كلمة واحدة من باب المقلوب، ليست أصلا,,1,has_asl,maqayis_openiti,Harun_DarAlFikr,high
خنس,خنس,الخاء والنون والسين أصل واحد يدل على استخفاء وتستر,,1,has_asl,maqayis_openiti,Harun_DarAlFikr,high
خنط,خنط,الخاء والنون والطاء كلمة ليست أصلا، وهي من باب الإبدال,,1,has_asl,maqayis_openiti,Harun_DarAlFikr,high
خنع,خنع,الخاء والنون والعين أصل واحد يدل على ذل وخضوع وضعة، فيقال: خضع له وخنع,,1,has_asl,maqayis_openiti,Harun_DarAlFikr,high
خنف,خنف,الخاء والنون والفاء أصل واحد يدل على ميل ولين,,1,has_asl,maqayis_openiti,Harun_DarAlFikr,high
خنق,خنق,الخاء والنون والقاف أصل واحد يدل على ضيق,,1,has_asl,maqayis_openiti,Harun_DarAlFikr,high
خوب,خوب,الخاء والواو والباء أصيل يدل على خلو وشبهه,,1,has_asl,maqayis_openiti,Harun_DarAlFikr,high
خوت,خوت,الخاء والواو والتاء أصل واحد يدل على نفاذ ومرور بإقدام,,1,has_asl,maqayis_openiti,Harun_DarAlFikr,high
خوث,خوث,الخاء والواو والثاء أصيل ليس بمطرد ولا يقاس عليه,,1,parse_uncertain,maqayis_openiti,Harun_DarAlFikr,low
خوخ,خوخ,الخاء والواو والخاء ليس بشيء,,1,parse_uncertain,maqayis_openiti,Harun_DarAlFikr,low
خود,خود,الخاء والواو والدال أصيل فيه كلمة واحدة,,1,parse_uncertain,maqayis_openiti,Harun_DarAlFikr,low
خوذ,خوذ,الخاء والواو والذال ليس أصلا يطرد، ولا يقاس عليه، وإنما فيه كلمة واحدة مختلف في تأويلها,,1,has_asl,maqayis_openiti,Harun_DarAlFikr,high
خور,خور,يدل على صوت ||| على ضعف,الخاء والواو والراء أصلان,2,has_asl,maqayis_openiti,Harun_DarAlFikr,high
خوس,خوس,الخاء والواو والسين أصل واحد يدل على فساد,,1,has_asl,maqayis_openiti,Harun_DarAlFikr,high
خوش,خوش,الخاء والواو والشين أصل يدل على ضمر وشبهه,,1,has_asl,maqayis_openiti,Harun_DarAlFikr,high
خوص,خوص,الخاء والواو والصاد أصل واحد يدل على قلة ودقة وضيق,,1,has_asl,maqayis_openiti,Harun_DarAlFikr,high
خوض,خوض,الخاء والواو والضاد أصل واحد يدل على توسط شيء ودخول,,1,has_asl,maqayis_openiti,Harun_DarAlFikr,high
خوط,خوط,الخاء والواو والطاء أصيل يدل على تشعب أغصان,,1,has_asl,maqayis_openiti,Harun_DarAlFikr,high
خوع,خوع,الخاء والواو والعين أصل يدل على نقص وميل,,1,has_asl,maqayis_openiti,Harun_DarAlFikr,high
خوف,خوف,الخاء والواو والفاء أصل واحد يدل على الذعر والفزع,,1,has_asl,maqayis_openiti,Harun_DarAlFikr,high
خوق,خوق,الخاء والواو والقاف أصيل يدل على خلو الشيء,,1,has_asl,maqayis_openiti,Harun_DarAlFikr,high
خول,خول,الخاء والواو واللام أصل واحد يدل على تعهد الشيء,,1,has_asl,maqayis_openiti,Harun_DarAlFikr,high
خون,خون,الخاء والواو والنون أصل واحد، وهو التنقص,,1,has_asl,maqayis_openiti,Harun_DarAlFikr,high
خوى,خوى,الخاء والواو والياء أصل واحد يدل على الخلو والسقوط,,1,has_asl,maqayis_openiti,Harun_DarAlFikr,high
خيب,خيب,الخاء والياء والباء أصل واحد يدل على عدم فائدة وحرمان,,1,has_asl,maqayis_openiti,Harun_DarAlFikr,high
خير,خير,الخاء والياء والراء أصله العطف والميل، ثم يحمل عليه,,1,has_asl,maqayis_openiti,Harun_DarAlFikr,high
خيس,خيس,الخاء والياء والسين أصيل يدل على تذليل وتليين,,1,has_asl,maqayis_openiti,Harun_DarAlFikr,high
خيص,خيص,الخاء والياء والصاد كلمة مشتركة أيضا ; لأن للواو فيها حظا، وقد ذكرت في الخوص,,1,parse_uncertain,maqayis_openiti,Harun_DarAlFikr,low
خيط,خيط,الخاء والياء والطاء أصل واحد يدل على امتداد الشيء في دقة، ثم يحمل عليه فيقال في بعض ما يكون منتصبا,,1,has_asl,maqayis_openiti,Harun_DarAlFikr,high
خيف,خيف,الخاء والياء والفاء أصل واحد يدل على اختلاف,,1,has_asl,maqayis_openiti,Harun_DarAlFikr,high
خيل,خيل,الخاء والياء واللام أصل واحد يدل على حركة في تلون,,1,has_asl,maqayis_openiti,Harun_DarAlFikr,high
خيم,خيم,الخاء والياء والميم أصل واحد يدل على الإقامة والثبات,,1,has_asl,maqayis_openiti,Harun_DarAlFikr,high
داب,دأب,الدال والهمزة والباء أصل واحد يدل على ملازمة ودوام,,1,has_asl,maqayis_openiti,Harun_DarAlFikr,high
داث,دأث,الدال والهمزة والثاء ليس أصلا; لأن الدأثاء - وهي الأمة - مقلوبة من الثأداء,,1,has_asl,maqayis_openiti,Harun_DarAlFikr,high
داظ,دأظ,الدال والهمزة والظاء كلمة واحدة,,1,parse_uncertain,maqayis_openiti,Harun_DarAlFikr,low
دال,دأل,الدال والهمزة واللام يدل على خفة ونشطة,,1,has_asl,maqayis_openiti,Harun_DarAlFikr,high
دام,دأم,الدال والهمزة والميم يدل على توال وتنضد,,1,has_asl,maqayis_openiti,Harun_DarAlFikr,high
داى,دأى,يدل على ختل ||| عظم متصل بمثله، ويشبه به غيره، ويكون من خشب,الدال والهمزة والياء أصلان,2,has_asl,maqayis_openiti,Harun_DarAlFikr,high
دب,دب,الدال والباء أصل واحد صحيح منقاس، وهو حركة على الأرض أخف من المشي,,1,has_asl,maqayis_openiti,Harun_DarAlFikr,high
دبج,دبج,الدال والباء والجيم أصل واحد يدل على شيء ذي صفحة حسنة,,1,has_asl,maqayis_openiti,Harun_DarAlFikr,high
دبح,دبح,الدال والباء والحاء أصيل، وهو الإقبال على الشيء بالجسم حتى تحنو عليه كل الحنو,,1,parse_uncertain,maqayis_openiti,Harun_DarAlFikr,low
دبر,دبر,الدال والباء والراء,,1,parse_uncertain,maqayis_openiti,Harun_DarAlFikr,low
دبس,دبس,الدال والباء والسين أصل يدل على عصارة في لون ليس بناصع,,1,has_asl,maqayis_openiti,Harun_DarAlFikr,high
دبش,دبش,الدال والباء والشين ليس بشيء,,1,parse_uncertain,maqayis_openiti,Harun_DarAlFikr,low
دبغ,دبغ,الدال والباء والغين كلمة,,1,parse_uncertain,maqayis_openiti,Harun_DarAlFikr,low
دبق,دبق,الدال والباء والقاف ليس بشيء,,1,parse_uncertain,maqayis_openiti,Harun_DarAlFikr,low
دبل,دبل,الدال والباء واللام أصل يدل على جمع وتجمع وإصلاح لمرمة,,1,has_asl,maqayis_openiti,Harun_DarAlFikr,high
دبى,دبى,الدال والباء والياء ليس أصلا، وإنما [هو] كلمة واحدة، ثم يحمل عليها تشبيها,,1,has_asl,maqayis_openiti,Harun_DarAlFikr,high
دث,دث,الدال والثاء كلمة واحدة، وهو المطر الضعيف,,1,parse_uncertain,maqayis_openiti,Harun_DarAlFikr,low
دثا,دثأ,الدال والثاء والهمزة ليس أصلا; لأنه من باب الإبدال,,1,has_asl,maqayis_openiti,Harun_DarAlFikr,high
دثر,دثر,الدال والثاء والراء أصل واحد منقاس مطرد,,1,has_asl,maqayis_openiti,Harun_DarAlFikr,high
دثن,دثن,الدال والثاء والنون كلام لعله أن يكون صحيحا,,1,parse_uncertain,maqayis_openiti,Harun_DarAlFikr,low
دج,دج,كشبه الدبيب ||| شيء يغشي ويغطي,الدال والجيم أصلان,2,has_asl,maqayis_openiti,Harun_DarAlFikr,high
دجر,دجر,الدال والجيم والراء أصل يدل على لبس,,1,has_asl,maqayis_openiti,Harun_DarAlFikr,high
دجل,دجل,الدال والجيم واللام أصل واحد منقاس، يدل على التغطية والستر,,1,has_asl,maqayis_openiti,Harun_DarAlFikr,high
دجم,دجم,الدال والجيم والميم كلمة واحدة,,1,parse_uncertain,maqayis_openiti,Harun_DarAlFikr,low
دجن,دجن,الدال والجيم والنون قياسه قياس الدال والجيم واللام,,1,parse_uncertain,maqayis_openiti,Harun_DarAlFikr,low
دح,دح,الدال والحاء أصل واحد يدل على اتساع وتبسط,,1,has_asl,maqayis_openiti,Harun_DarAlFikr,high
دحر,دحر,الدال والحاء والراء أصل واحد، وهو الطرد والإبعاد,,1,has_asl,maqayis_openiti,Harun_DarAlFikr,high
دحز,دحز,الدال والحاء والزاء ليس بشيء,,1,parse_uncertain,maqayis_openiti,Harun_DarAlFikr,low
دحس,دحس,الدال والحاء والسين أصل مطرد منقاس، وهو تخلل الشيء بالشيء في خفاء ورفق,,1,has_asl,maqayis_openiti,Harun_DarAlFikr,high
دحص,دحص,الدال والحاء والصاد كلمة واحدة,,1,parse_uncertain,maqayis_openiti,Harun_DarAlFikr,low
دحض,دحض,الدال والحاء والضاد أصل يدل على زوال وزلق,,1,has_asl,maqayis_openiti,Harun_DarAlFikr,high
دحق,دحق,الدال والحاء والقاف قياس يقرب من الذي قبله,,1,parse_uncertain,maqayis_openiti,Harun_DarAlFikr,low
دحل,دحل,الدال والحاء واللام يدل على تلجف في الشيء وتطامن,,1,has_asl,maqayis_openiti,Harun_DarAlFikr,high
دحم,دحم,الدال والحاء والميم ليس بشيء,,1,parse_uncertain,maqayis_openiti,Harun_DarAlFikr,low
دحن,دحن,الدال والحاء والنون ليس بأصل، لأنه من باب الإبدال,,1,has_asl,maqayis_openiti,Harun_DarAlFikr,high
دحو,دحو,الدال والحاء والواو أصل واحد يدل على بسط وتمهيد,,1,has_asl,maqayis_openiti,Harun_DarAlFikr,high
دخ,دخ,الدال والخاء ليس أصلا يفرع منه، لكنهم يقولون: دخدخنا القوم: أذللناهم، دخدخة,,1,has_asl,maqayis_openiti,Harun_DarAlFikr,high
دخر,دخر,الدال والخاء والراء أصل يدل على الذل,,1,has_asl,maqayis_openiti,Harun_DarAlFikr,high
دخس,دخس,الدال والخاء والسين أصل واحد، يدل على اكتناز واندساس في تراب أو غيره,,1,has_asl,maqayis_openiti,Harun_DarAlFikr,high
دخش,دخش,الدال والخاء والشين ليس بشيء,,1,parse_uncertain,maqayis_openiti,Harun_DarAlFikr,low
دخص,دخص,الدال والخاء والصاد كالذي قبله,,1,parse_uncertain,maqayis_openiti,Harun_DarAlFikr,low
دخل,دخل,الدال والخاء واللام أصل مطرد منقاس، وهو الولوج,,1,has_asl,maqayis_openiti,Harun_DarAlFikr,high
دخن,دخن,الدال والخاء والنون أصل واحد، وهو الذي يكون عن الوقود، ثم يشبه به كل شيء يشبهه من عداوة ونظيرها,,1,has_asl,maqayis_openiti,Harun_DarAlFikr,high
دد,دد,الدال والدال كلمة واحدة,,1,parse_uncertain,maqayis_openiti,Harun_DarAlFikr,low
ددن,ددن,الدال والدال والنون كلمتان: إحداهما اللهو واللعب، يقال ددن ودد,,1,parse_uncertain,maqayis_openiti,Harun_DarAlFikr,low
در,در,تولد شيء عن شيء ||| اضطراب في شيء,الدال والراء في المضاعف يدل على أصلين,2,has_asl,maqayis_openiti,Harun_DarAlFikr,high
درب,درب,الدال والراء والباء الصحيح منه أصل واحد، وهو أن يغرى بالشيء ويلزمه,,1,has_asl,maqayis_openiti,Harun_DarAlFikr,high
درج,درج,الدال والراء والجيم أصل واحد يدل على مضي الشيء والمضي في الشيء,,1,has_asl,maqayis_openiti,Harun_DarAlFikr,high
درح,درح,الدال والراء والحاء أصيل أيضا,,1,parse_uncertain,maqayis_openiti,Harun_DarAlFikr,low
درد,درد,الدال والراء والدال أصيل فيه كلام يسير,,1,parse_uncertain,maqayis_openiti,Harun_DarAlFikr,low
درز,درز,الدال والراء والزاء ليس بشيء، ولا أحسب العرب قالت فيه,,1,parse_uncertain,maqayis_openiti,Harun_DarAlFikr,low
درس,درس,الدال والراء والسين أصل واحد يدل على خفاء وخفض وعفاء,,1,has_asl,maqayis_openiti,Harun_DarAlFikr,high
درص,درص,الدال والراء والصاد ليس أصلا يقاس عليه ولا يفرع منه، لكنهم يقولون الدرص ولد الفأرة، وجمعه درصة,,1,has_asl,maqayis_openiti,Harun_DarAlFikr,high
درع,درع,الدال والراء والعين أصل واحد، وهو شيء [من اللباس] ، ثم يحمل عليه تشبيها,,1,has_asl,maqayis_openiti,Harun_DarAlFikr,high
درق,درق,الدال والراء والقاف ليس هو عندي أصلا يقاس عليه,,1,has_asl,maqayis_openiti,Harun_DarAlFikr,high
درك,درك,الدال والراء والكاف أصل واحد، وهو لحوق الشيء بالشيء ووصوله إليه,,1,has_asl,maqayis_openiti,Harun_DarAlFikr,high
درم,درم,الدال والراء والميم أصل يدل على مقاربة ولين,,1,has_asl,maqayis_openiti,Harun_DarAlFikr,high
درن,درن,الدال والراء والنون أصل صحيح، وهو تقادم في الشيء مع تغير لون,,1,has_asl,maqayis_openiti,Harun_DarAlFikr,high
دره,دره,الدال والراء والهاء ليس أصلا; لأن الهاء مبدلة من همزة,,1,has_asl,maqayis_openiti,Harun_DarAlFikr,high
درى,درى,الدال والراء والحرف المعتل والمهموز,,1,parse_uncertain,maqayis_openiti,Harun_DarAlFikr,low
دس,دس,الدال والسين في المضاعف والمطابق أصل واحد يدل على دخول الشيء تحت خفاء وسر,,1,has_asl,maqayis_openiti,Harun_DarAlFikr,high
دست,دست,الدال والسين والتاء ليس أصلا، لأن الدست الصحراء وهو فارسي معرب,,1,has_asl,maqayis_openiti,Harun_DarAlFikr,high
دسر,دسر,الدال والسين والراء أصل واحد يدل على الدفع,,1,has_asl,maqayis_openiti,Harun_DarAlFikr,high
دسع,دسع,الدال والسين والعين أصل يدل على الدفع,,1,has_asl,maqayis_openiti,Harun_DarAlFikr,high
دسق,دسق,الدال والسين والقاف أصيل يدل على الامتلاء,,1,has_asl,maqayis_openiti,Harun_DarAlFikr,high
دسم,دسم,يدل على سد الشيء ||| يدل على تلطخ الشيء بالشيء,الدال والسين والميم أصلان,2,has_asl,maqayis_openiti,Harun_DarAlFikr,high
دسوا,دسوا,الدال والسين والحرف المعتل أصل واحد يدل على خفاء وستر,,1,has_asl,maqayis_openiti,Harun_DarAlFikr,high
دظ,دظ,الدال والظاء ليس أصلا يعول عليه ولا ينقاس منه,,1,has_asl,maqayis_openiti,Harun_DarAlFikr,high
دع,دع,الدال والعين أصل واحد منقاس مطرد، وهو يدل على حركة ودفع واضطراب,,1,has_asl,maqayis_openiti,Harun_DarAlFikr,high
دعب,دعب,الدال والعين والباء أصل يدل على امتداد في الشيء وتبسط,,1,has_asl,maqayis_openiti,Harun_DarAlFikr,high
دعث,دعث,الدال والعين والثاء كلمة واحدة وهي الدعث وهو الحقد,,1,parse_uncertain,maqayis_openiti,Harun_DarAlFikr,low
دعج,دعج,الدال والعين والجيم أصل واحد يدل على لون أسود,,1,has_asl,maqayis_openiti,Harun_DarAlFikr,high
دعد,دعد,الدال والعين والدال ليس بشيء,,1,parse_uncertain,maqayis_openiti,Harun_DarAlFikr,low
دعر,دعر,الدال والعين والراء أصل واحد يدل على كراهة وأذى، وأصله الدخان; يقال عود دعر، إذا كان كثير الدخان,,1,has_asl,maqayis_openiti,Harun_DarAlFikr,high
دعز,دعز,الدال والعين والزاء ليس بشيء، ولا معول على قول من يقول: إنه الدفع والنكاح,,1,parse_uncertain,maqayis_openiti,Harun_DarAlFikr,low
دعس,دعس,الدال والعين والسين أصيل,,1,parse_uncertain,maqayis_openiti,Harun_DarAlFikr,low
دعص,دعص,الدال والعين والصاد أصل يدل على دقة ولين,,1,has_asl,maqayis_openiti,Harun_DarAlFikr,high
دعض,دعض,الدال والعين والضاد ليس بشيء,,1,parse_uncertain,maqayis_openiti,Harun_DarAlFikr,low
دعظ,دعظ,الدال والعين والظاء ليس بشيء,,1,parse_uncertain,maqayis_openiti,Harun_DarAlFikr,low
دعق,دعق,الدال والعين والقاف أصل واحد يدل على التأثير في الشيء والإذلال له,,1,has_asl,maqayis_openiti,Harun_DarAlFikr,high
دعك,دعك,الدال والعين والكاف أصل واحد يدل على تمريس الشيء,,1,has_asl,maqayis_openiti,Harun_DarAlFikr,high
دعم,دعم,الدال والعين والميم أصل واحد، وهو شيء يكون قياما لشيء ومساكا,,1,has_asl,maqayis_openiti,Harun_DarAlFikr,high
دعو,دعو,الدال والعين والحرف المعتل أصل واحد، وهو أن تميل الشيء إليك بصوت وكلام يكون منك,,1,has_asl,maqayis_openiti,Harun_DarAlFikr,high
دغر,دغر,"الدال والغين والراء أصل واحد، وهو الدفع والتقحم في الشيء، قال رسول الله صلى الله عليه وآله وسلم للنساء: «لا تعذبن أولادكن بالدغر» """,,1,has_asl,maqayis_openiti,Harun_DarAlFikr,high
دغش,دغش,الدال والغين والشين ليس بشيء,,1,parse_uncertain,maqayis_openiti,Harun_DarAlFikr,low
دغص,دغص,الدال والغين والصاد، كلمة تقال للحمة التي تموج فوق ركبة البعير: الداغصة,,1,parse_uncertain,maqayis_openiti,Harun_DarAlFikr,low
دغف,دغف,الدال والغين والفاء ليس بشيء، إلا أن ابن دريد زعم أن الدغف الإكثار من أخذ الشيء,,1,parse_uncertain,maqayis_openiti,Harun_DarAlFikr,low
دغل,دغل,الدال والغين واللام أصل يدل على التباس والتواء من شيئين يتداخلان,,1,has_asl,maqayis_openiti,Harun_DarAlFikr,high
دغم,دغم,من باب الألوان ||| دخول شيء في مدخل ما,الدال والغين والميم أصلان,2,has_asl,maqayis_openiti,Harun_DarAlFikr,high
دف,دف,[يدل] على عرض في الشيء ||| على سرعة,الدال والفاء أصلان,2,has_asl,maqayis_openiti,Harun_DarAlFikr,high
دفا,دفأ,الدال والفاء والهمزة أصل واحد يدل على خلاف البرد,,1,has_asl,maqayis_openiti,Harun_DarAlFikr,high
دفر,دفر,الدال والفاء والراء أصل واحد، وهو تغير رائحة,,1,has_asl,maqayis_openiti,Harun_DarAlFikr,high
دفع,دفع,الدال والفاء والعين أصل واحد مشهور، يدل على تنحية الشيء,,1,has_asl,maqayis_openiti,Harun_DarAlFikr,high
دفق,دفق,الدال والفاء والقاف أصل واحد مطرد قياسه، وهو دفع الشيء قدما,,1,has_asl,maqayis_openiti,Harun_DarAlFikr,high
دفل,دفل,الدال والفاء واللام ليس أصلا، وإن كان قد جاء فيه الدفلى، وهو شجر,,1,has_asl,maqayis_openiti,Harun_DarAlFikr,high
دفن,دفن,الدال والفاء والنون أصل واحد يدل على استخفاء وغموض,,1,has_asl,maqayis_openiti,Harun_DarAlFikr,high
دق,دق,الدال والقاف أصل واحد ي,,1,has_asl,maqayis_openiti,Harun_DarAlFikr,high
دقر,دقر,الدال والقاف والراء أصل يدل على ضعف ونقصان,,1,has_asl,maqayis_openiti,Harun_DarAlFikr,high
دقس,دقس,الدال والقاف والسين قريب، إلا أنهم يقولون: الدقسة: دويبة,,1,parse_uncertain,maqayis_openiti,Harun_DarAlFikr,low
دقع,دقع,الدال والقاف والعين أصل واحد، وهو يدل على الذل,,1,has_asl,maqayis_openiti,Harun_DarAlFikr,high
دقل,دقل,الدال والقاف واللام ليس بأصل يقاس عليه، ولا له فروع,,1,has_asl,maqayis_openiti,Harun_DarAlFikr,high
دقم,دقم,الدال والقاف والميم أصيل فيه كلمة,,1,parse_uncertain,maqayis_openiti,Harun_DarAlFikr,low
دقي,دقي,الدال والقاف والياء كلمة واحدة,,1,parse_uncertain,maqayis_openiti,Harun_DarAlFikr,low
دك,دك,يدل على تطامن وانسطاح ||| يقرب من باب الإبدال، فكأن الكاف فيه قائمة مقام القاف,الدال والكاف أصلان,2,has_asl,maqayis_openiti,Harun_DarAlFikr,high
دكا,دكأ,الدال والكاف والهمزة كلمة [واحدة] تداكأ القوم، إذا ازدحموا,,1,parse_uncertain,maqayis_openiti,Harun_DarAlFikr,low
دكس,دكس,الدال والكاف والسين أصيل يدل على غشيان الشيء بالشيء,,1,has_asl,maqayis_openiti,Harun_DarAlFikr,high
دكع,دكع,الدال والكاف والعين كلمة واحدة، وهي قولهم لداء يأخذ الخيل والإبل في صدورها,,1,parse_uncertain,maqayis_openiti,Harun_DarAlFikr,low
دكل,دكل,الدال والكاف واللام أصيل يدل على تعظم,,1,has_asl,maqayis_openiti,Harun_DarAlFikr,high
دكن,دكن,الدال والكاف والنون أصيل يدل على تنضيد شيء إلى شيء,,1,has_asl,maqayis_openiti,Harun_DarAlFikr,high
دل,دل,إبانة الشيء بأمارة تتعلمها ||| اضطراب في الشيء,الدال واللام أصلان,2,has_asl,maqayis_openiti,Harun_DarAlFikr,high
دلب,دلب,الدال واللام والباء ليس بشيء,,1,parse_uncertain,maqayis_openiti,Harun_DarAlFikr,low
دلث,دلث,الدال واللام والثاء أصل يدل على الاندفاع,,1,has_asl,maqayis_openiti,Harun_DarAlFikr,high
دلج,دلج,الدال اللام والجيم أصل يدل على سير ومجيء وذهاب,,1,has_asl,maqayis_openiti,Harun_DarAlFikr,high
دلح,دلح,الدال واللام والحاء أصيل يدل على مشي وثقل المحمول,,1,has_asl,maqayis_openiti,Harun_DarAlFikr,high
دلس,دلس,الدال واللام والسين أصل ي,,1,has_asl,maqayis_openiti,Harun_DarAlFikr,high
دلص,دلص,الدال واللام والصاد تدل على لين ونعمة,,1,has_asl,maqayis_openiti,Harun_DarAlFikr,high
دلظ,دلظ,الدال واللام والظاء أصيل يدل على الدفع,,1,has_asl,maqayis_openiti,Harun_DarAlFikr,high
دلع,دلع,الدال واللام والعين أصيل يدل على خروج,,1,has_asl,maqayis_openiti,Harun_DarAlFikr,high
دلف,دلف,الدال واللام والفاء أصل واحد يدل على تقدم في رفق فالدليف: المشي الرويد,,1,has_asl,maqayis_openiti,Harun_DarAlFikr,high
دلق,دلق,الدال واللام والقاف أصل واحد مطرد، يدل على خروج الشيء وتقدمه,,1,has_asl,maqayis_openiti,Harun_DarAlFikr,high
دلك,دلك,الدال واللام والكاف أصل واحد يدل على زوال شيء عن شيء، ولا يكون إلا برفق,,1,has_asl,maqayis_openiti,Harun_DarAlFikr,high
دلم,دلم,الدال واللام أصل يدل على طول وتهدل في سواد,,1,has_asl,maqayis_openiti,Harun_DarAlFikr,high
دله,دله,الدال واللام والهاء أصيل يدل على ذهاب الشيء,,1,has_asl,maqayis_openiti,Harun_DarAlFikr,high
دلى,دلى,الدال واللام والحرف المعتل أصل يدل على مقاربة الشيء ومداناته بسهولة ورفق,,1,has_asl,maqayis_openiti,Harun_DarAlFikr,high
دم,دم,الدال والميم أصل واحد يدل على غشيان الشيء من ناحية أن يطلى به,,1,has_asl,maqayis_openiti,Harun_DarAlFikr,high
دمث,دمث,الدال والميم والثاء أصل واحد يدل على لين وسهولة,,1,has_asl,maqayis_openiti,Harun_DarAlFikr,high
دمج,دمج,الدال والميم والجيم أصل واحد يدل على الانطواء والستر,,1,has_asl,maqayis_openiti,Harun_DarAlFikr,high
دمخ,دمخ,الدال والميم والخاء ليس أصلا,,1,has_asl,maqayis_openiti,Harun_DarAlFikr,high
دمر,دمر,الدال والميم والراء أصل واحد يدل على الدخول في البيت وغيره,,1,has_asl,maqayis_openiti,Harun_DarAlFikr,high
دمس,دمس,الدال والميم والسين أصل واحد يدل على خفاء الشيء,,1,has_asl,maqayis_openiti,Harun_DarAlFikr,high
دمص,دمص,الدال والميم والصاد ليس عندي أصلا,,1,has_asl,maqayis_openiti,Harun_DarAlFikr,high
دمع,دمع,الدال والميم والعين أصل واحد يدل على ماء أو عبرة,,1,has_asl,maqayis_openiti,Harun_DarAlFikr,high
دمغ,دمغ,الدال والميم والغين كلمة واحدة لا تتفرع ولا يقاس عليها,,1,parse_uncertain,maqayis_openiti,Harun_DarAlFikr,low
دمق,دمق,الدال والميم والقاف ليس أصلا، وإن كانوا قد قالوا دمق في البيت واندمق، إذا دخل، وإنما القاف فيما يرى مبدلة من جيم، والأصل دمج، وقد مضى ذكره,,1,has_asl,maqayis_openiti,Harun_DarAlFikr,high
دمك,دمك,الدال والميم والكاف يدل على معنيين: أحدهما الشدة، والآخر السرعة; وربما اجتمع المعنيان,,1,has_asl,maqayis_openiti,Harun_DarAlFikr,high
دمل,دمل,الدال والميم واللام أصيل يدل على تجمع شيء في لين وسهولة,,1,has_asl,maqayis_openiti,Harun_DarAlFikr,high
دمن,دمن,الدال والميم والنون أصل واحد يدل على ثبات ولزوم,,1,has_asl,maqayis_openiti,Harun_DarAlFikr,high
دن,دن,الدال والنون أصل واحد يدل على تطامن وانخفاض,,1,has_asl,maqayis_openiti,Harun_DarAlFikr,high
دنب,دنب,,,0,no_asl,maqayis_openiti,Harun_DarAlFikr,high
دنخ,دنخ,الدال والنون والخاء ليس أصلا يعول عليه,,1,has_asl,maqayis_openiti,Harun_DarAlFikr,high
دنر,دنر,الدال والنون والراء كلمة واحدة، وهي الدينار,,1,parse_uncertain,maqayis_openiti,Harun_DarAlFikr,low
دنس,دنس,الدال والنون والسين كلمة واحدة، وهي الدنس، وهو اللطخ بقبيح,,1,parse_uncertain,maqayis_openiti,Harun_DarAlFikr,low
دنع,دنع,الدال والنون والعين أصل يدل على ضعف وقلة ودناءة,,1,has_asl,maqayis_openiti,Harun_DarAlFikr,high
دنف,دنف,الدال والنون والفاء أصل يدل على مشارفة ذهاب الشيء,,1,has_asl,maqayis_openiti,Harun_DarAlFikr,high
دنق,دنق,الدال والنون والقاف قريب من الذي قبله,,1,parse_uncertain,maqayis_openiti,Harun_DarAlFikr,low
دنقش,دنقش,الرجل دنقشة، إذا نظر وكسر عينه,,1,parse_uncertain,maqayis_openiti,Harun_DarAlFikr,low
دنم,دنم,الدال والنون والميم أصل يدل على ضعف وقلة,,1,has_asl,maqayis_openiti,Harun_DarAlFikr,high
دنى,دنى,الدال والنون والحرف المعتل أصل واحد يقاس بعضه على بعض، وهو المقاربة,,1,has_asl,maqayis_openiti,Harun_DarAlFikr,high
ده,ده,الدال والهاء ليس أصلا يقاس عليه ولا يفرع منه، وإنما يجيء في قولهم تدهده الشيء، إذا تدحرج; فكأن الدهدهة الصوت التي يكون منه هناك,,1,has_asl,maqayis_openiti,Harun_DarAlFikr,high
دهر,دهر,الدال والهاء والراء أصل واحد، وهو الغلبة والقهر,,1,has_asl,maqayis_openiti,Harun_DarAlFikr,high
دهس,دهس,الدال والهاء والسين أصل واحد يدل على لين في مكان,,1,has_asl,maqayis_openiti,Harun_DarAlFikr,high
دهش,دهش,الدال والهاء والشين كلمة واحدة لا يقاس عليها,,1,parse_uncertain,maqayis_openiti,Harun_DarAlFikr,low
دهق,دهق,الدال والهاء والقاف يدل على امتلاء في مجيء وذهاب واضطراب,,1,has_asl,maqayis_openiti,Harun_DarAlFikr,high
دهك,دهك,الدال والهاء والكاف ليس بشيء,,1,parse_uncertain,maqayis_openiti,Harun_DarAlFikr,low
دهل,دهل,الدال والهاء واللام ليس بشيء,,1,parse_uncertain,maqayis_openiti,Harun_DarAlFikr,low
دهم,دهم,الدال والهاء والميم أصل يدل على غشيان الشيء في ظلام، ثم يتفرع فيستوي الظلام وغيره يقال: مر دهم من الليل، أي طائفة,,1,has_asl,maqayis_openiti,Harun_DarAlFikr,high
دهن,دهن,الدال والهاء والنون أصل واحد يدل على لين وسهولة وقلة,,1,has_asl,maqayis_openiti,Harun_DarAlFikr,high
دهى,دهى,الدال والهاء والحرف المعتل يدل على إصابة الشيء بالشيء بما لا يسر,,1,has_asl,maqayis_openiti,Harun_DarAlFikr,high
دو,دو,الدال والحرف المعتل بعدها أو المهموز قريب من الباب الذي قبله,,1,parse_uncertain,maqayis_openiti,Harun_DarAlFikr,low
دوح,دوح,الدال والواو والحاء كلمة واحدة، وهي الدوحة: [الشجرة] العظيمة، والجمع الدوح,,1,parse_uncertain,maqayis_openiti,Harun_DarAlFikr,low
دوخ,دوخ,الدال والواو والخاء أصل واحد يدل على التذليل,,1,has_asl,maqayis_openiti,Harun_DarAlFikr,high
دود,دود,الدال والواو والدال ليس أصلا يفرع منه,,1,has_asl,maqayis_openiti,Harun_DarAlFikr,high
دور,دور,الدال والواو والراء أصل واحد يدل على إحداق الشيء بالشيء من حواليه,,1,has_asl,maqayis_openiti,Harun_DarAlFikr,high
دوس,دوس,الدال والواو والسين أصيل، وهو دوس الشيء,,1,parse_uncertain,maqayis_openiti,Harun_DarAlFikr,low
دوش,دوش,الدال والواو والشين كلمة واحدة لا يفرع منها,,1,parse_uncertain,maqayis_openiti,Harun_DarAlFikr,low
دوف,دوف,الدال والواو والفاء كلمة واحدة,,1,parse_uncertain,maqayis_openiti,Harun_DarAlFikr,low
دوق,دوق,الدال والواو والقاف ليس أصلا ولا فيه ما يعد لغة، لكنهم يقولون: مائق دائق,,1,has_asl,maqayis_openiti,Harun_DarAlFikr,high
دوك,دوك,الدال والواو والكاف أصل واحد يدل على ضغط وتزاحم,,1,has_asl,maqayis_openiti,Harun_DarAlFikr,high
دول,دول,يدل على تحول شيء من مكان إلى مكان ||| يدل على ضعف واسترخاء,الدال والواو واللام أصلان,2,has_asl,maqayis_openiti,Harun_DarAlFikr,high
دوم,دوم,الدال والواو والميم أصل واحد يدل على السكون واللزوم,,1,has_asl,maqayis_openiti,Harun_DarAlFikr,high
دون,دون,الدال والواو والنون أصل واحد يدل على المداناة والمقاربة,,1,has_asl,maqayis_openiti,Harun_DarAlFikr,high
دوه,دوه,الدال والواو والهاء ليس بشيء,,1,parse_uncertain,maqayis_openiti,Harun_DarAlFikr,low
دوى,دوى,الدال والواو والحرف المعتل,,1,parse_uncertain,maqayis_openiti,Harun_DarAlFikr,low
ديث,ديث,الدال والياء والثاء يدل على التذليل، يقال ديثته، إذا أذللته، من قولهم طريق مديث: مذلل,,1,has_asl,maqayis_openiti,Harun_DarAlFikr,high
دير,دير,الدال والياء والراء أظنه منقلبا عن الواو، من الدار والدور,,1,parse_uncertain,maqayis_openiti,Harun_DarAlFikr,low
ديص,ديص,الدال والياء والصاد أصل واحد يدل على روغان وتفلت,,1,has_asl,maqayis_openiti,Harun_DarAlFikr,high
ديف,ديف,الدال والياء والفاء ليس بشيء,,1,parse_uncertain,maqayis_openiti,Harun_DarAlFikr,low
ديك,ديك,الدال والياء والكاف ليس أصلا يتفرع منه، إنما هو الديك,,1,has_asl,maqayis_openiti,Harun_DarAlFikr,high
ديل,ديل,الدال والياء واللام ليس ينقاس,,1,parse_uncertain,maqayis_openiti,Harun_DarAlFikr,low
دين,دين,الدال والياء والنون أصل واحد إليه يرجع فروعه كلها,,1,has_asl,maqayis_openiti,Harun_DarAlFikr,high
ذاب,ذأب,ال,,1,parse_uncertain,maqayis_openiti,Harun_DarAlFikr,low
ذار,ذأر,الذال والهمزة والراء أصل واحد يدل على تجنب وتقال,,1,has_asl,maqayis_openiti,Harun_DarAlFikr,high
ذال,ذأل,الذال والهمزة واللام أصل يقل كلمه، ولكنه منقاس يدل على سرعة,,1,has_asl,maqayis_openiti,Harun_DarAlFikr,high
ذام,ذأم,الذال والهمزة والميم أصل يدل على كراهة وعيب,,1,has_asl,maqayis_openiti,Harun_DarAlFikr,high
ذاى,ذأى,الذال والهمزة والحرف المعتل يدل على ضرب من السير,,1,has_asl,maqayis_openiti,Harun_DarAlFikr,high
ذب,ذب,الذال والباء في المضاعف أصول ثلاثة: أحدها طويئر، ثم يحمل عليه ويشبه به غيره، والآخر الحد والحدة، والثالث الاضطراب والحركة,,3,has_asl,maqayis_openiti,Harun_DarAlFikr,high
ذبح,ذبح,الذال والباء والحاء أصل واحد، وهو يدل على الشق,,1,has_asl,maqayis_openiti,Harun_DarAlFikr,high
ذبل,ذبل,الذال والباء واللام أصل واحد يدل على ضمر في الشيء,,1,has_asl,maqayis_openiti,Harun_DarAlFikr,high
ذحق,ذحق,الذال والحاء والقاف ليس أصلا,,1,has_asl,maqayis_openiti,Harun_DarAlFikr,high
ذحل,ذحل,الذال والحاء واللام أصل واحد يدل على مقابلة بمثل الجناية، يقال طلب بذحله,,1,has_asl,maqayis_openiti,Harun_DarAlFikr,high
ذخر,ذخر,الذال والخاء والراء يدل على إحراز شيء يحفظه,,1,has_asl,maqayis_openiti,Harun_DarAlFikr,high
ذر,ذر,الذال والراء المشددة أصل واحد يدل على لطافة وانتشار,,1,has_asl,maqayis_openiti,Harun_DarAlFikr,high
ذرا,ذرأ,لون إلى البياض ||| كالشيء يبذر ويزرع,الذال والراء والهمزة أصلان,2,has_asl,maqayis_openiti,Harun_DarAlFikr,high
ذرب,ذرب,الذال والراء والباء أصل واحد يدل على خلاف الصلاح في تصرفه، من إقدام وجرأة على ما لا ينبغي,,1,has_asl,maqayis_openiti,Harun_DarAlFikr,high
ذرح,ذرح,الذال والراء والحاء معظم بابه أصل واحد، وهو تفريق الشيء على الشيء يكسوه صبغا,,1,has_asl,maqayis_openiti,Harun_DarAlFikr,high
ذرع,ذرع,الذال والراء والعين أصل واحد يدل على امتداد وتحرك إلى قدم، ثم ترجع الفروع إلى هذا الأصل,,1,has_asl,maqayis_openiti,Harun_DarAlFikr,high
ذرف,ذرف,الذال والراء والفاء ثلاث كلمات، لا ينقاس,,1,parse_uncertain,maqayis_openiti,Harun_DarAlFikr,low
ذرق,ذرق,الذال والراء والقاف ليس بشيء,,1,parse_uncertain,maqayis_openiti,Harun_DarAlFikr,low
ذرو,ذرو,الشيء يشرف على الشيء ويظله ||| الشيء يتساقط متفرقا,الذال والراء والحرف المعتل أصلان,2,has_asl,maqayis_openiti,Harun_DarAlFikr,high
ذع,ذع,الذال والعين في المطابق أصل واحد يدل على تفريق الشيء,,1,has_asl,maqayis_openiti,Harun_DarAlFikr,high
ذعر,ذعر,الذال والعين والراء أصل واحد يدل على فزع، وهو الذعر,,1,has_asl,maqayis_openiti,Harun_DarAlFikr,high
ذعط,ذعط,الذال والعين والطاء كلمة واحدة,,1,parse_uncertain,maqayis_openiti,Harun_DarAlFikr,low
ذعف,ذعف,الذال والعين والفاء كلمة واحدة: الذعاف: السم القاتل,,1,parse_uncertain,maqayis_openiti,Harun_DarAlFikr,low
ذعق,ذعق,الذال والعين والقاف، ليس أصلا ولا فيه لغة، لكن الخليل زعم أن الذعاف لغة في الذعاق، ثم قال: ما أدري ألغة هي أم لثغة,,1,has_asl,maqayis_openiti,Harun_DarAlFikr,high
ذعن,ذعن,الذال والعين والنون أصل واحد يدل على الإصحاب والانقياد,,1,has_asl,maqayis_openiti,Harun_DarAlFikr,high
ذف,ذف,الذال والفاء أصل واحد يدل على خفة وسرعة,,1,has_asl,maqayis_openiti,Harun_DarAlFikr,high
ذفر,ذفر,الذال والفاء والراء كلمة تدل على رائحة,,1,has_asl,maqayis_openiti,Harun_DarAlFikr,high
ذفل,ذفل,الذال والفاء واللام ليس أصلا,,1,has_asl,maqayis_openiti,Harun_DarAlFikr,high
ذقن,ذقن,الذال والقاف والنون كلمة واحدة إليها يرجع سائر ما يشتق من الباب,,1,parse_uncertain,maqayis_openiti,Harun_DarAlFikr,low
ذكا,ذكا,الذال والكاف والحرف المعتل أصل واحد مطرد منقاس يدل على حدة [في] الشيء ونفاذ,,1,has_asl,maqayis_openiti,Harun_DarAlFikr,high
ذكر,ذكر,الذال والكاف والراء أصلان، عنهما يتفرع كلم الباب,,2,has_asl,maqayis_openiti,Harun_DarAlFikr,high
ذل,ذل,الذال واللام في التضعيف والمطابقة أصل واحد يدل على الخضوع، والاستكانة، واللين,,1,has_asl,maqayis_openiti,Harun_DarAlFikr,high
ذلف,ذلف,الذال واللام والفاء كلمة واحدة لا يقاس عليها، وهي الذلف: استواء في طرف الأنف ليس بحد غليظ، وهو أحسن الأنوف,,1,parse_uncertain,maqayis_openiti,Harun_DarAlFikr,low
ذلق,ذلق,الذال واللام والقاف أصل واحد يدل على حدة,,1,has_asl,maqayis_openiti,Harun_DarAlFikr,high
ذم,ذم,الذال والميم في المضاعف أصل واحد يدل كله على خلاف الحمد,,1,has_asl,maqayis_openiti,Harun_DarAlFikr,high
ذمر,ذمر,الذال والميم والراء أصل واحد يدل على شدة في خلق وخلق، من غضب وما أشبهه,,1,has_asl,maqayis_openiti,Harun_DarAlFikr,high
ذمل,ذمل,الذال والميم واللام كلمة واحدة في ضرب من السير,,1,parse_uncertain,maqayis_openiti,Harun_DarAlFikr,low
ذمه,ذمه,الذال والميم والهاء ليس أصلا، ولا منه ما يصح ; إلا أنهم يقولون ذمه، إذا تحير; ويقال ذمهته الشمس: آلمت دماغه,,1,has_asl,maqayis_openiti,Harun_DarAlFikr,high
ذمى,ذمى,الذال والميم والحرف المعتل أصل واحد يدل على حركة,,1,has_asl,maqayis_openiti,Harun_DarAlFikr,high
ذن,ذن,الذال والنون في المضاعف أصل يدل على سيلان,,1,has_asl,maqayis_openiti,Harun_DarAlFikr,high
ذنب,ذنب,الذال والنون والباء أصول ثلاثة: أحدها الجرم، والآخر مؤخر الشيء، والثالث كالحظ والنصيب,,3,has_asl,maqayis_openiti,Harun_DarAlFikr,high
ذهب,ذهب,الذال والهاء والباء أصيل يدل على حسن ونضارة,,1,has_asl,maqayis_openiti,Harun_DarAlFikr,high
ذهر,ذهر,الذال والهاء والراء ليس بأصل,,1,has_asl,maqayis_openiti,Harun_DarAlFikr,high
ذهل,ذهل,الذال والهاء واللام أصل واحد يدل على شغل عن شيء بذعر أو غيره,,1,has_asl,maqayis_openiti,Harun_DarAlFikr,high
ذهن,ذهن,الذال والهاء والنون أصل يدل على قوة,,1,has_asl,maqayis_openiti,Harun_DarAlFikr,high
ذوب,ذوب,الذال والواو والباء أصل واحد، وهو الذوب، ثم يحمل عليه ما قاربه في المعنى مجازا,,1,has_asl,maqayis_openiti,Harun_DarAlFikr,high
ذود,ذود,تنحية الشيء عن الشيء ||| جماعة الإبل,الذال والواو والدال أصلان,2,has_asl,maqayis_openiti,Harun_DarAlFikr,high
ذوق,ذوق,الذال والواو والقاف أصل واحد، وهو اختبار الشيء من جهة تطعم، ثم يشتق منه مجازا فيقال: ذقت المأكول أذوقه ذوقا,,1,has_asl,maqayis_openiti,Harun_DarAlFikr,high
ذوى,ذوى,الذال والواو والياء كلمة واحدة تدل على يبس وجفوف,,1,has_asl,maqayis_openiti,Harun_DarAlFikr,high
ذيا,ذيأ,الذال والياء والهمزة كلمة واحدة,,1,parse_uncertain,maqayis_openiti,Harun_DarAlFikr,low
ذيخ,ذيخ,الذال والياء والخاء كلمة واحدة لا قياس لها,,1,parse_uncertain,maqayis_openiti,Harun_DarAlFikr,low
ذير,ذير,الذال والياء والراء ليس أصلا,,1,has_asl,maqayis_openiti,Harun_DarAlFikr,high
ذيع,ذيع,الذال والياء والعين أصل يدل على إظهار الشيء وظهوره وانتشاره,,1,has_asl,maqayis_openiti,Harun_DarAlFikr,high
ذيف,ذيف,الذال والياء والفاء كلمة واحدة لا قياس لها، وهي الذيفان وهو السم القاتل,,1,parse_uncertain,maqayis_openiti,Harun_DarAlFikr,low
ذيل,ذيل,الذال والياء واللام أصيل واحد مطرد منقاس، وهو شيء يسفل في إطافة,,1,parse_uncertain,maqayis_openiti,Harun_DarAlFikr,low
ذيم,ذيم,الذال والياء والميم كلمة واحدة، لا يقاس ولا يتفرع,,1,parse_uncertain,maqayis_openiti,Harun_DarAlFikr,low
را,رأ,الراء والهمزة أصل يدل على اضطراب، يقال رأرأت العين: إذا تحركت من ضعفها,,1,has_asl,maqayis_openiti,Harun_DarAlFikr,high
راب,رأب,الراء والهمزة والباء أصل واحد يدل على ضم وجمع,,1,has_asl,maqayis_openiti,Harun_DarAlFikr,high
راد,رأد,الراء والهمزة والدال أصيل يدل على اضطراب وحركة,,1,has_asl,maqayis_openiti,Harun_DarAlFikr,high
راس,رأس,الراء والهمزة والسين أصل يدل على تجمع وارتفاع,,1,has_asl,maqayis_openiti,Harun_DarAlFikr,high
راف,رأف,الراء والهمزة والفاء كلمة واحدة تدل على رقة ورحمة، وهي الرأفة,,1,has_asl,maqayis_openiti,Harun_DarAlFikr,high
رال,رأل,الراء والهمزة واللام كلمة واحدة تدل على فراخ النعام، وهي الرأل، والجمع رئال، والأنثى رألة,,1,has_asl,maqayis_openiti,Harun_DarAlFikr,high
رام,رأم,الراء والهمزة والميم أصل يدل على مضامة وقرب وعطف,,1,has_asl,maqayis_openiti,Harun_DarAlFikr,high
راى,رأى,الراء والهمزة والياء أصل يدل على نظر وإبصار بعين أو بصيرة,,1,has_asl,maqayis_openiti,Harun_DarAlFikr,high
رب,رب,إصلاح الشيء والقيام عليه ||| لزوم الشيء والإقامة عليه، وهو مناسب للأصل الأول,الراء والباء يدل على أصول,2,has_asl,maqayis_openiti,Harun_DarAlFikr,high
ربت,ربت,الراء والباء والتاء ليس أصلا، لكنه من باب الإبدال يقال ربته تربيتا، إذا رببه,,1,has_asl,maqayis_openiti,Harun_DarAlFikr,high
ربث,ربث,الراء والباء والثاء أصل واحد، يدل على اختلاط واحتباس,,1,has_asl,maqayis_openiti,Harun_DarAlFikr,high
ربج,ربج,الراء والباء والجيم كلمة واحدة، إن صحت; تدل على التحير,,1,has_asl,maqayis_openiti,Harun_DarAlFikr,high
ربح,ربح,الراء والباء والحاء أصل واحد، يدل على شف في مبايعة,,1,has_asl,maqayis_openiti,Harun_DarAlFikr,high
ربخ,ربخ,الراء والباء والخاء أصيل يدل على فترة واسترخاء,,1,has_asl,maqayis_openiti,Harun_DarAlFikr,high
ربد,ربد,لون من الألوان ||| الإقامة,الراء والباء والدال أصلان,2,has_asl,maqayis_openiti,Harun_DarAlFikr,high
ربذ,ربذ,الراء والباء والذال أصل يدل على خفة في شيء,,1,has_asl,maqayis_openiti,Harun_DarAlFikr,high
ربس,ربس,الراء والباء والسين أصل واحد ذكره ابن دريد; قال: أصل الربس الضرب باليدين,,1,has_asl,maqayis_openiti,Harun_DarAlFikr,high
ربص,ربص,الراء والباء والصاد أصل واحد يدل على الانتظار,,1,has_asl,maqayis_openiti,Harun_DarAlFikr,high
ربض,ربض,الراء والباء والضاد أصل يدل على سكون واستقرار,,1,has_asl,maqayis_openiti,Harun_DarAlFikr,high
ربط,ربط,الراء والباء والطاء أصل واحد يدل على شد وثبات,,1,has_asl,maqayis_openiti,Harun_DarAlFikr,high
ربع,ربع,الراء والباء والعين أصول ثلاثة، أحدها جزء من أربعة أشياء، والآخر الإقامة، والثالث الإشالة والرفع,,4,has_asl,maqayis_openiti,Harun_DarAlFikr,high
ربغ,ربغ,الراء والباء والغين كلمة واحدة إن صحت,,1,parse_uncertain,maqayis_openiti,Harun_DarAlFikr,low
ربق,ربق,الراء والباء والقاف أصل واحد، وهو شيء يدور بشيء,,1,has_asl,maqayis_openiti,Harun_DarAlFikr,high
ربك,ربك,الراء والباء والكاف كلمة تدل على خلط واختلاط,,1,has_asl,maqayis_openiti,Harun_DarAlFikr,high
ربل,ربل,الراء والباء واللام أصل واحد يدل على تجمع وكثرة في انضمام,,1,has_asl,maqayis_openiti,Harun_DarAlFikr,high
ربن,ربن,الراء والباء والنون إن جعلت النون فيه أصلية فكلمة واحدة، وهي الربان,,1,has_asl,maqayis_openiti,Harun_DarAlFikr,high
رت,رت,الراء والتاء ليس أصلا، لكنهم يقولون: الرتة: العجلة في الكلام,,1,has_asl,maqayis_openiti,Harun_DarAlFikr,high
رتب,رتب,ومن هذا الباب قولهم: أمر ترتب; كأنه تفعل، من رتب إذا دام,,1,parse_uncertain,maqayis_openiti,Harun_DarAlFikr,low
رتج,رتج,الراء والتاء والجيم أصل واحد، وهو يدل على إغلاق وضيق,,1,has_asl,maqayis_openiti,Harun_DarAlFikr,high
رتخ,رتخ,الراء والتاء والخاء ليس بشيء,,1,parse_uncertain,maqayis_openiti,Harun_DarAlFikr,low
رتع,رتع,الراء والتاء والعين كلمة واحدة; وهي تدل على الاتساع في المأكل,,1,has_asl,maqayis_openiti,Harun_DarAlFikr,high
رث,رث,الراء والثاء أصل واحد يدل على إخلاق وسقوط,,1,has_asl,maqayis_openiti,Harun_DarAlFikr,high
رثد,رثد,الراء والثاء والدال أصل واحد يدل على نضد وجمع,,1,has_asl,maqayis_openiti,Harun_DarAlFikr,high
رثع,رثع,الراء والثاء والعين أصل صحيح يدل على جشع وطمع,,1,has_asl,maqayis_openiti,Harun_DarAlFikr,high
رثم,رثم,الراء والثاء والميم أصيل يدل على لطخ شيء بشيء,,1,has_asl,maqayis_openiti,Harun_DarAlFikr,high
رثن,رثن,الراء والثاء والنون ليس بشيء,,1,parse_uncertain,maqayis_openiti,Harun_DarAlFikr,low
رثى,رثى,الراء والثاء والحرف المعتل أصيل على رقة وإشفاق,,1,parse_uncertain,maqayis_openiti,Harun_DarAlFikr,low
رج,رج,الراء والجيم أصل يدل على الاضطراب، وهو مطرد منقاس ويقال كتيبة رجراجة: تمخض لا تكاد تسير,,1,has_asl,maqayis_openiti,Harun_DarAlFikr,high
رجب,رجب,الراء والجيم والباء أصل يدل على دعم شيء بشيء وتقويته,,1,has_asl,maqayis_openiti,Harun_DarAlFikr,high
رجح,رجح,الراء والجيم والحاء أصل واحد، يدل على رزانة وزيادة,,1,has_asl,maqayis_openiti,Harun_DarAlFikr,high
رجد,رجد,الراء والجيم والدال ذكرت فيه كلمة,,1,parse_uncertain,maqayis_openiti,Harun_DarAlFikr,low
رجز,رجز,الراء والجيم والزاء أصل يدل على اضطراب,,1,has_asl,maqayis_openiti,Harun_DarAlFikr,high
رجس,رجس,الراء والجيم والسين أصل يدل على اختلاط,,1,has_asl,maqayis_openiti,Harun_DarAlFikr,high
رجع,رجع,الراء والجيم والعين أصل كبير مطرد منقاس، يدل على رد وتكرار,,1,has_asl,maqayis_openiti,Harun_DarAlFikr,high
رجف,رجف,الراء والجيم والفاء أصل يدل على اضطراب,,1,has_asl,maqayis_openiti,Harun_DarAlFikr,high
رجل,رجل,الراء والجيم واللام معظم بابه يدل على العضو الذي هو رجل كل ذي رجل,,1,has_asl,maqayis_openiti,Harun_DarAlFikr,high
رجم,رجم,الراء والجيم والميم أصل واحد يرجع إلى وجه واحد، وهي [الرمي ب] الحجارة، ثم يستعار ذلك,,1,has_asl,maqayis_openiti,Harun_DarAlFikr,high
رجن,رجن,المقام ||| الاختلاط,الراء والجيم والنون أصلان,2,has_asl,maqayis_openiti,Harun_DarAlFikr,high
رجى,رجى,على الأمل ||| على ناحية الشيء,الراء والجيم والحرف المعتل أصلان متباينان، يدل,2,has_asl,maqayis_openiti,Harun_DarAlFikr,high
رح,رح,الراء والحاء أصل يدل على السعة والانبساط,,1,has_asl,maqayis_openiti,Harun_DarAlFikr,high
رحب,رحب,الراء والحاء والباء أصل واحد مطرد، يدل على السعة,,1,has_asl,maqayis_openiti,Harun_DarAlFikr,high
رحض,رحض,الراء والحاء والضاد أصل يدل على غسل الشيء,,1,has_asl,maqayis_openiti,Harun_DarAlFikr,high
رحق,رحق,الراء والحاء والقاف كلمة واحدة,,1,parse_uncertain,maqayis_openiti,Harun_DarAlFikr,low
رحل,رحل,الراء والحاء واللام أصل واحد يدل على مضي في سفر,,1,has_asl,maqayis_openiti,Harun_DarAlFikr,high
رحم,رحم,الراء والحاء والميم أصل واحد يدل على الرقة والعطف والرأفة,,1,has_asl,maqayis_openiti,Harun_DarAlFikr,high
رحى,رحى,الراء والحاء والحرف المعتل أصل واحد، وهي الرحى الدائرة,,1,has_asl,maqayis_openiti,Harun_DarAlFikr,high
رخ,رخ,الراء والخاء قليل، إلا أنه يدل على لين,,1,has_asl,maqayis_openiti,Harun_DarAlFikr,high
رخد,رخد,الراء والخاء والدال كلمة واحدة ليس لها قياس,,1,parse_uncertain,maqayis_openiti,Harun_DarAlFikr,low
رخص,رخص,الراء والخاء والصاد أصل يدل على لين وخلاف شدة,,1,has_asl,maqayis_openiti,Harun_DarAlFikr,high
رخف,رخف,الراء والخاء والفاء أصيل يدل على رخاوة ولين,,1,has_asl,maqayis_openiti,Harun_DarAlFikr,high
رخل,رخل,الراء والخاء واللام كلمة واحدة، وهي الرخل: الأنثى من أولاد الضأن، والذكر حمل، ويجمع الرخل رخالا,,1,parse_uncertain,maqayis_openiti,Harun_DarAlFikr,low
رخم,رخم,الراء والخاء والميم أصل يدل على رقة وإشفاق,,1,has_asl,maqayis_openiti,Harun_DarAlFikr,high
رخو,رخو,الراء والخاء والحرف المعتل أصل يدل على لين وسخافة عقل,,1,has_asl,maqayis_openiti,Harun_DarAlFikr,high
رد,رد,الراء والدال أصل واحد مطرد منقاس، وهو رجع الشيء,,1,has_asl,maqayis_openiti,Harun_DarAlFikr,high
ردب,ردب,الراء والدال والباء ليس بشيء,,1,parse_uncertain,maqayis_openiti,Harun_DarAlFikr,low
ردج,ردج,الراء والدال والجيم ليس بشيء,,1,parse_uncertain,maqayis_openiti,Harun_DarAlFikr,low
ردح,ردح,الراء والدال والحاء أصل فيه ابن دريد أصلا,,1,has_asl,maqayis_openiti,Harun_DarAlFikr,high
ردخ,ردخ,الراء والدال والخاء ليس بشيء,,1,parse_uncertain,maqayis_openiti,Harun_DarAlFikr,low
ردس,ردس,الراء والدال والسين أصيل يدل على ضرب شيء بشيء,,1,has_asl,maqayis_openiti,Harun_DarAlFikr,high
ردع,ردع,الراء والدال والعين أصل واحد يدل على منع وصرع,,1,has_asl,maqayis_openiti,Harun_DarAlFikr,high
ردغ,ردغ,الراء والدال والغين أصيل يدل على استرخاء واضطراب,,1,has_asl,maqayis_openiti,Harun_DarAlFikr,high
ردف,ردف,الراء والدال والفاء أصل واحد مطرد، يدل على اتباع الشيء,,1,has_asl,maqayis_openiti,Harun_DarAlFikr,high
ردك,ردك,الراء والدال والكاف ليس أصلا، لكنهم يقولون: خلق مرودك; أي سمين,,1,has_asl,maqayis_openiti,Harun_DarAlFikr,high
ردم,ردم,الراء والدال والميم أصل واحد يدل على سد ثلمة,,1,has_asl,maqayis_openiti,Harun_DarAlFikr,high
ردن,ردن,الراء والدال والنون هذا باب متفاوت الكلم لا تكاد تلتقي منه كلمتان في قياس واحد، فكتبناه على ما به، ولم نعرض لاشتقاق أصله ولا قياسه,,1,has_asl,maqayis_openiti,Harun_DarAlFikr,high
رده,رده,الراء والدال والهاء أصيل يدل على هزم في صخرة أو غيرها,,1,has_asl,maqayis_openiti,Harun_DarAlFikr,high
ردى,ردى,الراء والدال والياء أصل واحد يدل على رمي أو ترام وما أشبه ذلك,,1,has_asl,maqayis_openiti,Harun_DarAlFikr,high
رذ,رذ,الراء والذال كلمة واحدة تدل على مطر ضعيف,,1,has_asl,maqayis_openiti,Harun_DarAlFikr,high
رذا,رذا,الراء والذال والحرف المعتل يدل على ضعف وهزال,,1,has_asl,maqayis_openiti,Harun_DarAlFikr,high
رذل,رذل,الراء والذال واللام قريب من الذي قبله,,1,parse_uncertain,maqayis_openiti,Harun_DarAlFikr,low
رذم,رذم,الراء والذال والميم أصيل يدل على سيلان شيء,,1,has_asl,maqayis_openiti,Harun_DarAlFikr,high
رز,رز,جنس من الاضطراب ||| إثبات شيء,الراء والزاء أصلان,2,has_asl,maqayis_openiti,Harun_DarAlFikr,high
رزا,رزأ,الراء والزاء [والهمزة] أصل واحد يدل على إصابة الشيء والذهاب به,,1,has_asl,maqayis_openiti,Harun_DarAlFikr,high
رزب,رزب,الراء والزاء والباء، إن كان صحيحا فهو يدل على قصر وضخم,,1,has_asl,maqayis_openiti,Harun_DarAlFikr,high
رزح,رزح,الراء والزاء والحاء أصل يدل على ضعف وفتور,,1,has_asl,maqayis_openiti,Harun_DarAlFikr,high
رزغ,رزغ,الراء والزاء والغين أصيل يدل على لثق وطين,,1,has_asl,maqayis_openiti,Harun_DarAlFikr,high
رزف,رزف,الراء والزاء والفاء كلمتان تدل إحداهما على الإسراع، والأخرى على الهزال,,1,has_asl,maqayis_openiti,Harun_DarAlFikr,high
رزق,رزق,الراء والزاء والقاف أصيل واحد يدل على عطاء لوقت، ثم يحمل عليه غير الموقوت,,1,has_asl,maqayis_openiti,Harun_DarAlFikr,high
رزم,رزم,جمع الشيء وضم بعضه إلى بعض تباعا ||| صوت يتابع; فلذلك قلنا إنهما متقاربان,الراء والزاء والميم أصلان متقاربان,2,has_asl,maqayis_openiti,Harun_DarAlFikr,high
رزن,رزن,الراء والزاء والنون أصل يدل على تجمع وثبات,,1,has_asl,maqayis_openiti,Harun_DarAlFikr,high
رس,رس,الراء والسين أصل واحد يدل على ثبات,,1,has_asl,maqayis_openiti,Harun_DarAlFikr,high
رسب,رسب,الراء والسين والباء أصل واحد، هو ذهاب الشيء سفلا من ثقل,,1,has_asl,maqayis_openiti,Harun_DarAlFikr,high
رسح,رسح,الراء والسين والحاء أصيل فيه كلمة واحدة,,1,parse_uncertain,maqayis_openiti,Harun_DarAlFikr,low
رسخ,رسخ,الراء والسين والخاء أصل واحد يدل على الثبات,,1,has_asl,maqayis_openiti,Harun_DarAlFikr,high
رسع,رسع,الراء والسين والعين أصل يدل على فساد,,1,has_asl,maqayis_openiti,Harun_DarAlFikr,high
رسغ,رسغ,الراء والسين والغين كلمة واحدة، [الرسغ] : وهو موصل الكف في الذراع، والقدم في الساق,,1,parse_uncertain,maqayis_openiti,Harun_DarAlFikr,low
رسف,رسف,الراء والسين والفاء أصيل يدل على مقاربة المشي، فالرسف: مشي المقيد، ولا يكون ذلك إلا بمقاربة,,1,has_asl,maqayis_openiti,Harun_DarAlFikr,high
رسل,رسل,الراء والسين واللام أصل واحد مطرد منقاس، يدل على الانبعاث والامتداد,,1,has_asl,maqayis_openiti,Harun_DarAlFikr,high
رسم,رسم,الأثر ||| ضرب من السير,الراء والسين والميم أصلان,2,has_asl,maqayis_openiti,Harun_DarAlFikr,high
رسن,رسن,الراء والسين والنون أصل واحد اشترك فيه العرب والعجم، وهو الرسن، والجمع أرسان,,1,has_asl,maqayis_openiti,Harun_DarAlFikr,high
رسى,رسى,الراء والسين والحرف المعتل أصل يدل على ثبات,,1,has_asl,maqayis_openiti,Harun_DarAlFikr,high
رش,رش,الراء والشين أصل واحد يدل على تفريق الشيء ذي الندى,,1,has_asl,maqayis_openiti,Harun_DarAlFikr,high
رشا,رشأ,الراء والشين والهمزة كلمة واحدة وهي الرشأ، مهموز، وهو ولد الظبية,,1,parse_uncertain,maqayis_openiti,Harun_DarAlFikr,low
رشح,رشح,الراء والشين والحاء أصل واحد; وهو الندى يبدو من الشيء,,1,has_asl,maqayis_openiti,Harun_DarAlFikr,high
رشد,رشد,الراء والشين والدال أصل واحد يدل على استقامة الطريق,,1,has_asl,maqayis_openiti,Harun_DarAlFikr,high
رشف,رشف,الراء والشين والفاء أصل واحد، وهو تقصي شرب الشيء,,1,has_asl,maqayis_openiti,Harun_DarAlFikr,high
رشق,رشق,الراء والشين والقاف أصل واحد، وهو رمي الشيء بسهم وما أشبهه في خفة,,1,has_asl,maqayis_openiti,Harun_DarAlFikr,high
رشم,رشم,الراء والشين والميم كلمة واحدة لا يقاس عليها، وليس في الباب غيرها,,1,parse_uncertain,maqayis_openiti,Harun_DarAlFikr,low
رشن,رشن,الراء والشين والنون ليس أصلا ولا فيه ما يؤخذ به,,1,has_asl,maqayis_openiti,Harun_DarAlFikr,high
رشى,رشى,الراء والشين والحرف المعتل أصل يدل على سبب أو تسبب لشيء برفق وملاينة,,1,has_asl,maqayis_openiti,Harun_DarAlFikr,high
رشي,رشي,ق: الخفيف الجسم، كأنه شبه بالسهم الذي يرشق به,,1,parse_uncertain,maqayis_openiti,Harun_DarAlFikr,low
رص,رص,الراء والصاد أصل واحد يدل على انضمام الشيء إلى الشيء بقوة وتداخل,,1,has_asl,maqayis_openiti,Harun_DarAlFikr,high
رصد,رصد,الراء والصاد والدال أصل واحد، وهو التهيؤ لرقبة شيء على مسلكه، ثم يحمل عليه ما يشاكله,,1,has_asl,maqayis_openiti,Harun_DarAlFikr,high
رصع,رصع,الراء والصاد والعين أصل واحد يدل على عقد شيء بشيء كالتزيين له به,,1,has_asl,maqayis_openiti,Harun_DarAlFikr,high
رصغ,رصغ,الراء والصاد والغين ليس أصلا,,1,has_asl,maqayis_openiti,Harun_DarAlFikr,high
رصف,رصف,الراء والصاد والفاء أصل واحد منقاس مطرد، وهو ضم الشيء بعضه إلى بعض,,1,has_asl,maqayis_openiti,Harun_DarAlFikr,high
رصن,رصن,الراء والصاد والنون أصل واحد يدل على ثبات وكمال وإحكام,,1,has_asl,maqayis_openiti,Harun_DarAlFikr,high
رض,رض,الراء والضاد أصل واحد يدل على دق شيء,,1,has_asl,maqayis_openiti,Harun_DarAlFikr,high
رضب,رضب,الراء والضاد والباء كلمة واحدة تدل على ندى قليل,,1,has_asl,maqayis_openiti,Harun_DarAlFikr,high
رضح,رضح,الراء والضاد والحاء كلمة واحدة تدل على كسر الشيء,,1,has_asl,maqayis_openiti,Harun_DarAlFikr,high
رضخ,رضخ,الراء والضاد والخاء كلمة تدل على كسر,,1,has_asl,maqayis_openiti,Harun_DarAlFikr,high
رضع,رضع,الراء والضاد والعين أصل واحد، وهو شرب اللبن من الضرع أو الثدي,,1,has_asl,maqayis_openiti,Harun_DarAlFikr,high
رضف,رضف,الراء والضاد والفاء أصل واحد يدل على إطباق شيء على شيء,,1,has_asl,maqayis_openiti,Harun_DarAlFikr,high
رضم,رضم,الراء والضاد والميم قريب من الباب الذي [قبله] ، كأنه رمي الحجارة بعضها على بعض,,1,parse_uncertain,maqayis_openiti,Harun_DarAlFikr,low
رضن,رضن,الراء والضاد والنون تشبه الباب الذي قبلها,,1,parse_uncertain,maqayis_openiti,Harun_DarAlFikr,low
رضي,رضي,الراء والضاد والحرف المعتل أصل واحد يدل على خلاف السخط,,1,has_asl,maqayis_openiti,Harun_DarAlFikr,high
رط,رط,الراء والطاء ليس هو بأصل عندنا,,1,has_asl,maqayis_openiti,Harun_DarAlFikr,high
رطب,رطب,الراء والطاء والباء أصل واحد يدل على خلاف اليبس,,1,has_asl,maqayis_openiti,Harun_DarAlFikr,high
رطع,رطع,الراء والطاء والعين ليس بشيء، إلا أن ابن دريد ذكر أنهم يقولون: رطعها، إذا نكحها,,1,parse_uncertain,maqayis_openiti,Harun_DarAlFikr,low
رطل,رطل,الراء والطاء واللام كالذي قبله، إلا أنهم يقولون للشيء يكال به رطل,,1,parse_uncertain,maqayis_openiti,Harun_DarAlFikr,low
رطم,رطم,الراء والطاء والميم كلمة تدل على ارتباك واحتباس,,1,has_asl,maqayis_openiti,Harun_DarAlFikr,high
رطن,رطن,الراء والطاء والنون بناء ليس بالمحكم ولا له قياس في كلامهم، إلا أنهم يقولون: تراطنوا، إذا أتوا بكلام لا يفهم; ويخص بذلك العجم,,1,parse_uncertain,maqayis_openiti,Harun_DarAlFikr,low
رطو,رطو,الراء والطاء والواو ليس بشيء,,1,parse_uncertain,maqayis_openiti,Harun_DarAlFikr,low
رع,رع,الراء والعين أصل مطرد يدل على حركة واضطراب,,1,has_asl,maqayis_openiti,Harun_DarAlFikr,high
رعب,رعب,الرعب وهو الخوف، رعبته رعبا، والاسم الرعب ||| قولهم: سيل راعب، إذا ملأ الوادي ||| قولهم للشيء المقطع: مرعب,الراء والعين والباء أصول ثلاثة: أحدها الخوف، والثاني الملء، والآخر القطع,3,has_asl,maqayis_openiti,Harun_DarAlFikr,high
رعث,رعث,الراء والعين والثاء أصل واحد، وهو تزين شيء بشيء,,1,has_asl,maqayis_openiti,Harun_DarAlFikr,high
رعج,رعج,الراء والعين والجيم أصل يدل على نضارة وحسن وخصب وامتلاء,,1,has_asl,maqayis_openiti,Harun_DarAlFikr,high
رعد,رعد,الراء والعين والدال أصل واحد يدل على حركة واضطراب,,1,has_asl,maqayis_openiti,Harun_DarAlFikr,high
رعز,رعز,الراء والعين والزاء ليس بشيء,,1,parse_uncertain,maqayis_openiti,Harun_DarAlFikr,low
رعس,رعس,الراء والعين والسين أصيل يدل على ضعف,,1,has_asl,maqayis_openiti,Harun_DarAlFikr,high
رعش,رعش,الراء والعين والشين في معنى الباب قبله من الاضطراب والارتعاد,,1,parse_uncertain,maqayis_openiti,Harun_DarAlFikr,low
رعص,رعص,الراء والعين والصاد في معنى الباب الذي قبله,,1,parse_uncertain,maqayis_openiti,Harun_DarAlFikr,low
رعظ,رعظ,الراء والعين والظاء كلمة واحدة لا يقاس ولا يتفرع,,1,parse_uncertain,maqayis_openiti,Harun_DarAlFikr,low
رعف,رعف,الراء والعين والفاء أصل واحد يدل على سبق وتقدم,,1,has_asl,maqayis_openiti,Harun_DarAlFikr,high
رعق,رعق,الراء والعين والقاف ليس أصلا، بل هو صوت من الأصوات,,1,has_asl,maqayis_openiti,Harun_DarAlFikr,high
رعك,رعك,الراء والعين والكاف كلمة واحدة,,1,parse_uncertain,maqayis_openiti,Harun_DarAlFikr,low
رعل,رعل,جماعة ||| شيء ينوس ويضطرب,الراء والعين واللام معظم بابه أصلان,2,has_asl,maqayis_openiti,Harun_DarAlFikr,high
رعم,رعم,الراء والعين والميم كلمتان متباينتان، بعيد ما بينهما,,1,parse_uncertain,maqayis_openiti,Harun_DarAlFikr,low
رعن,رعن,يدل على تقدم في شيء ||| يدل على هوج واضطراب,الراء والعين والنون أصلان,2,has_asl,maqayis_openiti,Harun_DarAlFikr,high
رعى,رعى,المراقبة والحفظ ||| الرجوع,الراء والعين والحرف المعتل أصلان,2,has_asl,maqayis_openiti,Harun_DarAlFikr,high
رغ,رغ,الراء والغين أصل يدل على,,1,has_asl,maqayis_openiti,Harun_DarAlFikr,high
رغب,رغب,طلب لشيء ||| سعة في شيء,الراء والغين والباء أصلان,2,has_asl,maqayis_openiti,Harun_DarAlFikr,high
رغث,رغث,الراء والغين والثاء أصل يدل على الرضاع,,1,has_asl,maqayis_openiti,Harun_DarAlFikr,high
رغد,رغد,أطيب العيش ||| خلافه,الراء والغين والدال أصلان,2,has_asl,maqayis_openiti,Harun_DarAlFikr,high
رغس,رغس,الراء والغين والسين أصل واحد يدل على بركة ونماء,,1,has_asl,maqayis_openiti,Harun_DarAlFikr,high
رغف,رغف,الراء والغين والفاء كلمة واحدة,,1,parse_uncertain,maqayis_openiti,Harun_DarAlFikr,low
رغل,رغل,الراء والغين واللام أصل واحد، وهو اغتفال شيء وأخذه,,1,has_asl,maqayis_openiti,Harun_DarAlFikr,high
رغم,رغم,التراب ||| المذهب,الراء والغين والميم أصلان,2,has_asl,maqayis_openiti,Harun_DarAlFikr,high
رغن,رغن,الراء والغين والنون فيه كلام إن صح,,1,parse_uncertain,maqayis_openiti,Harun_DarAlFikr,low
رغو,رغو,شيء يعلو الشيء ||| صوت,الراء والغين والحرف المعتل أصلان,2,has_asl,maqayis_openiti,Harun_DarAlFikr,high
رف,رف,المص وما أشبهه ||| الحركة والريق,الراء والفاء أصلان,2,has_asl,maqayis_openiti,Harun_DarAlFikr,high
رفت,رفت,الراء والفاء والتاء أصل واحد يدل على فت ولي,,1,has_asl,maqayis_openiti,Harun_DarAlFikr,high
رفث,رفث,الراء والفاء والثاء أصل واحد، وهو كل كلام يستحيا من إظهاره,,1,has_asl,maqayis_openiti,Harun_DarAlFikr,high
رفد,رفد,الراء والفاء والدال أصل واحد مطرد منقاس، وهو المعاونة والمظاهرة بالعطاء وغيره,,1,has_asl,maqayis_openiti,Harun_DarAlFikr,high
رفز,رفز,الراء والفاء والزاء ليس هو عندنا أصلا، لكنهم قالوا: إن الرفز الضرب; يقال ما يرفز منه عرق: أي ما يضرب,,1,has_asl,maqayis_openiti,Harun_DarAlFikr,high
رفس,رفس,الراء والفاء والسين قريب من الباب الذي قبله، إلا أن في كتاب الخليل: الرفس: الصدمة في الصدر بالرجل,,1,parse_uncertain,maqayis_openiti,Harun_DarAlFikr,low
رفش,رفش,الراء والفاء والشين ليس شيئا,,1,parse_uncertain,maqayis_openiti,Harun_DarAlFikr,low
رفص,رفص,الراء والفاء والصاد فيه كلمة واحدة,,1,parse_uncertain,maqayis_openiti,Harun_DarAlFikr,low
رفض,رفض,الراء والفاء والضاد أصل واحد، وهو الترك، ثم يشتق منه,,1,has_asl,maqayis_openiti,Harun_DarAlFikr,high
رفع,رفع,الراء والفاء والعين أصل واحد، يدل على خلاف الوضع,,1,has_asl,maqayis_openiti,Harun_DarAlFikr,high
رفغ,رفغ,الراء والفاء والغين كلمة تدل على ضعة ودناءة,,1,has_asl,maqayis_openiti,Harun_DarAlFikr,high
رفق,رفق,الراء والفاء والقاف أصل واحد يدل على موافقة ومقاربة بلا عنف,,1,has_asl,maqayis_openiti,Harun_DarAlFikr,high
رفل,رفل,الراء والفاء واللام أصل واحد يدل على سعة ووفور,,1,has_asl,maqayis_openiti,Harun_DarAlFikr,high
رفن,رفن,[الراء والفاء والنون ليس أصلا] ، وإنما النون [في رفن] مبدلة من لام; لأنه في الأصل رفل,,1,has_asl,maqayis_openiti,Harun_DarAlFikr,high
رفه,رفه,الراء والفاء والهاء أصل واحد يدل على نعمة وسعة مطلب,,1,has_asl,maqayis_openiti,Harun_DarAlFikr,high
رق,رق,صفة تكون مخالفة للجفاء ||| اضطراب شيء مائع,الراء والقاف أصلان,2,has_asl,maqayis_openiti,Harun_DarAlFikr,high
رقا,رقأ,الراء والقاف والهمزة كلمة واحدة,,1,parse_uncertain,maqayis_openiti,Harun_DarAlFikr,low
رقب,رقب,الراء والقاف والباء أصل واحد مطرد، يدل على انتصاب لمراعاة شيء,,1,has_asl,maqayis_openiti,Harun_DarAlFikr,high
رقح,رقح,الراء والقاف والحاء أصل واحد، يدل على الاكتساب والإصلاح للمال,,1,has_asl,maqayis_openiti,Harun_DarAlFikr,high
رقد,رقد,الراء والقاف والدال أصل واحد يدل على النوم; ويشتق منه,,1,has_asl,maqayis_openiti,Harun_DarAlFikr,high
رقش,رقش,الراء والقاف والشين أصل يدل على خطوط مختلفة,,1,has_asl,maqayis_openiti,Harun_DarAlFikr,high
رقص,رقص,الراء والقاف والصاد أصل يدل على النقزان,,1,has_asl,maqayis_openiti,Harun_DarAlFikr,high
رقط,رقط,الراء والقاف والطاء يدل على اختلاط لون بلون,,1,has_asl,maqayis_openiti,Harun_DarAlFikr,high
رقع,رقع,الراء والقاف والعين أصل يدل على سد خلل بشيء,,1,has_asl,maqayis_openiti,Harun_DarAlFikr,high
رقل,رقل,طول في شيء ||| ضرب من المشي,الراء والقاف واللام أصلان,2,has_asl,maqayis_openiti,Harun_DarAlFikr,high
رقم,رقم,الراء والقاف والميم أصل واحد يدل على خط وكتابة وما أشبه ذلك,,1,has_asl,maqayis_openiti,Harun_DarAlFikr,high
رقن,رقن,الراء والقاف والنون باب يقرب من الباب الذي قبله,,1,parse_uncertain,maqayis_openiti,Harun_DarAlFikr,low
رقى,رقى,الصعود ||| عوذة يتعوذ بها ||| بقعة من الأرض,الراء والقاف والحرف المعتل أصول ثلاثة متباينة,3,has_asl,maqayis_openiti,Harun_DarAlFikr,high
رك,رك,وهو معظم الباب رقة الشيء وضعفه ||| تراكم بعض الشيء على بعض,الراء والكاف أصلان,2,has_asl,maqayis_openiti,Harun_DarAlFikr,high
ركب,ركب,الراء والكاف والباء أصل واحد مطرد منقاس، وهو علو شيء شيئا,,1,has_asl,maqayis_openiti,Harun_DarAlFikr,high
ركح,ركح,الراء والكاف والحاء أصل واحد، وهو يدل على إنابة إلى شيء ورجوع إليه,,1,has_asl,maqayis_openiti,Harun_DarAlFikr,high
ركد,ركد,الراء والكاف والدال أصل يدل على سكون,,1,has_asl,maqayis_openiti,Harun_DarAlFikr,high
ركز,ركز,إثبات شيء في شيء يذهب سفلا ||| صوت,الراء والكاف والزاء أصلان,2,has_asl,maqayis_openiti,Harun_DarAlFikr,high
ركس,ركس,الراء والكاف والسين أصل واحد، وهو قلب الشيء على رأسه ورد أوله على آخره,,1,has_asl,maqayis_openiti,Harun_DarAlFikr,high
ركض,ركض,الراء والكاف والضاد أصل واحد يدل على حركة إلى قدم أو تحريك,,1,has_asl,maqayis_openiti,Harun_DarAlFikr,high
ركع,ركع,الراء والكاف والعين أصل واحد يدل على انحناء في الإنسان وغيره,,1,has_asl,maqayis_openiti,Harun_DarAlFikr,high
ركل,ركل,الراء والكاف واللام أصل يدل على جنس من الضرب بالرجل,,1,has_asl,maqayis_openiti,Harun_DarAlFikr,high
ركم,ركم,الراء والكاف والميم أصل واحد يدل على [تجمع] الشيء,,1,has_asl,maqayis_openiti,Harun_DarAlFikr,high
ركن,ركن,الراء والكاف والنون أصل واحد يدل على قوة,,1,has_asl,maqayis_openiti,Harun_DarAlFikr,high
ركو,ركو,الراء والكاف والحرف المعتل أصول ثلاثة: أحدها حمل الشيء على شيء وضمه إليه، والآخر إصلاح شيء، والثالث وعاء الشيء,,3,has_asl,maqayis_openiti,Harun_DarAlFikr,high
رم,رم,الراء والميم أربعة أصول، أصلان متضادان: أحدهما [لم] الشيء وإصلاحه، والآخر بلاؤه,,4,has_asl,maqayis_openiti,Harun_DarAlFikr,high
رما,رمأ,[أما] الراء والميم والهمزة فأصل برأسه غير الأول، وهو قليل,,1,has_asl,maqayis_openiti,Harun_DarAlFikr,high
رمث,رمث,الراء والميم والثاء أصل واحد يدل على إصلاح شيء وضم بعض إلى بعض,,1,has_asl,maqayis_openiti,Harun_DarAlFikr,high
رمج,رمج,الراء والميم والجيم ليس أصلا، وفيه ما يقبل ويعتمد عليه، لكنهم يقولون: رمج الأثر بالتراب; ورمج السطور: أفسدها,,1,has_asl,maqayis_openiti,Harun_DarAlFikr,high
رمح,رمح,الراء والميم والحاء كلمة واحدة، ثم يصرف منها,,1,parse_uncertain,maqayis_openiti,Harun_DarAlFikr,low
رمخ,رمخ,الراء والميم والخاء ليس بشيء,,1,parse_uncertain,maqayis_openiti,Harun_DarAlFikr,low
رمد,رمد,الرمد رمد العين، يقال رمد يرمد رمدا، وهو رمد وأرمد ||| الرماد، وهو معروف، فإذا كان أرق ما يكون فهو رمدد ||| الارمداد: شدة العدو,الراء والميم والدال ثلاثة أصول: أحدها مرض من الأمراض، والآخر لون من الألوان، والثالث جنس من السعي,3,has_asl,maqayis_openiti,Harun_DarAlFikr,high
رمز,رمز,الراء والميم والزاء أصل واحد يدل على حركة واضطراب,,1,has_asl,maqayis_openiti,Harun_DarAlFikr,high
رمس,رمس,الراء والميم والسين أصل واحد يدل على تغطية وستر,,1,has_asl,maqayis_openiti,Harun_DarAlFikr,high
رمش,رمش,الراء والميم والشين ليس من محض اللغة، ولا مما جاء في صحيح أشعارهم,,1,parse_uncertain,maqayis_openiti,Harun_DarAlFikr,low
رمص,رمص,الراء والميم والصاد أصيل يدل على إلقاء قذى,,1,has_asl,maqayis_openiti,Harun_DarAlFikr,high
رمض,رمض,الراء والميم والضاد أصل مطرد يدل على حدة في شيء من حر وغيره,,1,has_asl,maqayis_openiti,Harun_DarAlFikr,high
رمط,رمط,الراء والميم والطاء ليس أصلا، لكنهم يسمون ما اجتمع من العرفط وغيره من شجر العضاه رمطا,,1,has_asl,maqayis_openiti,Harun_DarAlFikr,high
رمع,رمع,الراء والميم والعين أصل يدل على اضطراب وحركة,,1,has_asl,maqayis_openiti,Harun_DarAlFikr,high
رمغ,رمغ,,,0,no_asl,maqayis_openiti,Harun_DarAlFikr,high
رمق,رمق,الراء والميم والقاف أصل يدل على ضعف وقلة,,1,has_asl,maqayis_openiti,Harun_DarAlFikr,high
رمك,رمك,لون من الألوان ||| لبث بمكان,الراء والميم والكاف أصلان,2,has_asl,maqayis_openiti,Harun_DarAlFikr,high
رمل,رمل,الراء والميم واللام أصل يدل على رقة في شيء يتضام بعضه إلى بعض,,1,has_asl,maqayis_openiti,Harun_DarAlFikr,high
رمن,رمن,الراء والميم والنون كلمة واحدة، وهي ال,,1,parse_uncertain,maqayis_openiti,Harun_DarAlFikr,low
رمى,رمى,الراء والميم والحرف المعتل أصل واحد، وهو نبذ الشيء,,1,has_asl,maqayis_openiti,Harun_DarAlFikr,high
رن,رن,ال,,1,parse_uncertain,maqayis_openiti,Harun_DarAlFikr,low
رنب,رنب,الراء والنون والباء كلمة واحدة لا يشتق منها ولا يقاس عليها، لكن يشبه بها,,1,parse_uncertain,maqayis_openiti,Harun_DarAlFikr,low
رنح,رنح,الراء والنون والحاء أصل يدل على تمايل,,1,has_asl,maqayis_openiti,Harun_DarAlFikr,high
رنخ,رنخ,الراء والنون والخاء ليس أصلا، إلا أن يكون شيء من باب الإبدال يحمل على الباب الذي قبله، فيدل على فتور وضعف,,1,has_asl,maqayis_openiti,Harun_DarAlFikr,high
رند,رند,الراء والنون والدال أصيل يدل على جنس من النبت,,1,has_asl,maqayis_openiti,Harun_DarAlFikr,high
رنع,رنع,الراء والنون والعين كلمة واحدة صحيحة، وهي المرنعة لأصوات تكون لعبا ولهوا,,1,parse_uncertain,maqayis_openiti,Harun_DarAlFikr,low
رنف,رنف,الراء والنون والفاء أصيل واحد يدل على ناحية من شيء,,1,has_asl,maqayis_openiti,Harun_DarAlFikr,high
رنق,رنق,الراء والنون والقاف أصل واحد يدل على اضطراب شيء متغير له صفوه إن كان صافيا,,1,has_asl,maqayis_openiti,Harun_DarAlFikr,high
رنم,رنم,الراء والنون والميم أصيل صحيح في الأصوات,,1,parse_uncertain,maqayis_openiti,Harun_DarAlFikr,low
رنى,رنى,الراء والنون والحرف المعتل أصل واحد، يدل على النظر: يقال رنا يرنو، إذا نظر، رنوا,,1,has_asl,maqayis_openiti,Harun_DarAlFikr,high
ره,ره,الراء والهاء إن كان صحيحا في الكلام فهو يدل على بصيص,,1,has_asl,maqayis_openiti,Harun_DarAlFikr,high
رها,رهأ,الراء والهاء والهمزة لا تكون إلا بدخيل، وهي الرهيأة، وذلك يدل على قلة اعتدال في الشيء,,1,has_asl,maqayis_openiti,Harun_DarAlFikr,high
رهب,رهب,يدل على خوف ||| على دقة وخفة,الراء والهاء والباء أصلان,2,has_asl,maqayis_openiti,Harun_DarAlFikr,high
رهج,رهج,الراء والهاء والجيم أصيل يدل على إثارة غبار وشبهه,,1,has_asl,maqayis_openiti,Harun_DarAlFikr,high
رهد,رهد,الراء والهاء والدال أصيل يدل على نعمة، وهي الرهادة,,1,has_asl,maqayis_openiti,Harun_DarAlFikr,high
رهز,رهز,الراء والهاء والزاء كلمة تدل على الرهز، وهو التحرك,,1,has_asl,maqayis_openiti,Harun_DarAlFikr,high
رهس,رهس,الامتلاء والكثرة ||| الوطء,الراء والهاء والسين أصلان,2,has_asl,maqayis_openiti,Harun_DarAlFikr,high
رهش,رهش,الراء والهاء والشين أصل يدل على اضطراب وتحرك,,1,has_asl,maqayis_openiti,Harun_DarAlFikr,high
رهص,رهص,الراء والهاء والصاد أصل يدل على ضغط وعصر وثبات,,1,has_asl,maqayis_openiti,Harun_DarAlFikr,high
رهط,رهط,الراء والهاء والطاء أصل يدل على تجمع في الناس وغيرهم,,1,has_asl,maqayis_openiti,Harun_DarAlFikr,high
رهق,رهق,غشيان الشيء الشيء ||| العجلة والتأخير,الراء والهاء والقاف أصلان متقاربان: ف,2,has_asl,maqayis_openiti,Harun_DarAlFikr,high
رهك,رهك,الراء والهاء والكاف أصل يدل على استرخاء,,1,has_asl,maqayis_openiti,Harun_DarAlFikr,high
رهل,رهل,الراء والهاء واللام كلمة تدل على استرخاء,,1,has_asl,maqayis_openiti,Harun_DarAlFikr,high
رهم,رهم,الراء والهاء والميم يدل على خصب وندى,,1,has_asl,maqayis_openiti,Harun_DarAlFikr,high
رهن,رهن,الراء والهاء والنون أصل يدل على ثبات شيء يمسك بحق أو غيره,,1,has_asl,maqayis_openiti,Harun_DarAlFikr,high
رهو,رهو,على دعة وخفض وسكون ||| على مكان قد ينخفض ويرتفع,الراء والهاء والحرف المعتل أصلان، يدل,2,has_asl,maqayis_openiti,Harun_DarAlFikr,high
روث,روث,الراء والواو والثاء كلمتان متباينتان جدا,,1,parse_uncertain,maqayis_openiti,Harun_DarAlFikr,low
روج,روج,الراء والواو والجيم ليس أصلا,,1,has_asl,maqayis_openiti,Harun_DarAlFikr,high
روح,روح,الراء والواو والحاء أصل كبير مطرد، يدل على سعة وفسحة واطراد,,1,has_asl,maqayis_openiti,Harun_DarAlFikr,high
رود,رود,الراء والواو والدال معظم بابه [يدل] على مجيء وذهاب من انطلاق في جهة واحدة,,1,has_asl,maqayis_openiti,Harun_DarAlFikr,high
روز,روز,الراء والواو والزاء كلمة واحدة، وهي تدل على اختبار وتجريب,,1,has_asl,maqayis_openiti,Harun_DarAlFikr,high
روض,روض,يدل على اتساع ||| على تليين وتسهيل,الراء والواو والضاد أصلان متقاربان في القياس,2,has_asl,maqayis_openiti,Harun_DarAlFikr,high
روع,روع,الراء والواو والعين أصل واحد يدل على فزع أو مستقر فزع,,1,has_asl,maqayis_openiti,Harun_DarAlFikr,high
روغ,روغ,الراء والواو والغين أصل واحد يدل على ميل وقلة استقرار,,1,has_asl,maqayis_openiti,Harun_DarAlFikr,high
روق,روق,على تقدم شيء ||| على حسن وجمال,الراء والواو والقاف أصلان، يدل,2,has_asl,maqayis_openiti,Harun_DarAlFikr,high
رول,رول,الراء والواو واللام أصل يدل على لطخ شيء بشيء,,1,has_asl,maqayis_openiti,Harun_DarAlFikr,high
روم,روم,الراء والواو والميم أصل يدل على طلب الشيء,,1,has_asl,maqayis_openiti,Harun_DarAlFikr,high
رون,رون,الراء والواو والنون يدل على شدة حر أو صوت,,1,has_asl,maqayis_openiti,Harun_DarAlFikr,high
روه,روه,الراء والواو والهاء ليس بشيء، على أن بعضهم يقول الروه مصدر راه يروه روها,,1,parse_uncertain,maqayis_openiti,Harun_DarAlFikr,low
روى,روى,الراء والواو والياء أصل واحد، ثم يشتق منه,,1,has_asl,maqayis_openiti,Harun_DarAlFikr,high
ريب,ريب,الراء والياء والباء أصيل يدل على شك، أو شك وخوف، فالريب: الشك,,1,has_asl,maqayis_openiti,Harun_DarAlFikr,high
ريث,ريث,الراء والياء والثاء أصل واحد، يدل على البطء، وهو الريث: خلاف العجل,,1,has_asl,maqayis_openiti,Harun_DarAlFikr,high
ريح,ريح,الراء والياء والحاء,,1,parse_uncertain,maqayis_openiti,Harun_DarAlFikr,low
ريخ,ريخ,الراء والياء والخاء كلمة واحدة فيها نظر,,1,parse_uncertain,maqayis_openiti,Harun_DarAlFikr,low
ريد,ريد,الراء والياء والدال كلمتان: الريد: أنف الجبل,,1,parse_uncertain,maqayis_openiti,Harun_DarAlFikr,low
رير,رير,الراء والياء والراء كلمة واحدة لا يقاس عليها ولا يفرع منها,,1,parse_uncertain,maqayis_openiti,Harun_DarAlFikr,low
ريس,ريس,الراء والياء والسين كلمتان متفاوت ما بينهما,,1,parse_uncertain,maqayis_openiti,Harun_DarAlFikr,low
ريش,ريش,الراء والياء والشين أصل واحد يدل على حسن الحال، وما يكتسب الإنسان من خير,,1,has_asl,maqayis_openiti,Harun_DarAlFikr,high
ريط,ريط,الراء والياء والطاء كلمة واحدة، وهي الريطة، وهي كل ملاءة لم تك لفقين; والجمع ريط ورياط,,1,parse_uncertain,maqayis_openiti,Harun_DarAlFikr,low
ريع,ريع,الارتفاع والعلو ||| الرجوع,الراء والياء والعين أصلان,2,has_asl,maqayis_openiti,Harun_DarAlFikr,high
ريف,ريف,الراء والياء والفاء كلمة واحدة تدل على خصب,,1,has_asl,maqayis_openiti,Harun_DarAlFikr,high
ريق,ريق,الراء والياء والقاف، وقد يدخل فيه ما كان من ذوات الواو أيضا، وهو أصل واحد يدل على تردد شيء مائع، كالماء وغيره، ثم يشتق من ذلك,,1,has_asl,maqayis_openiti,Harun_DarAlFikr,high
ريم,ريم,الراء والياء والميم كلمات متفاوتة الأصول، حتى لا يكاد يجتمع منها ثنتان واشتقاق واحد,,2,has_asl,maqayis_openiti,Harun_DarAlFikr,high
رين,رين,الراء والياء والنون أصل يدل على غطاء وستر,,1,has_asl,maqayis_openiti,Harun_DarAlFikr,high
ريه,ريه,الراء والياء والهاء كلمة من باب الإبدال,,1,parse_uncertain,maqayis_openiti,Harun_DarAlFikr,low
زاب,زأب,الزاء والهمزة والباء كلمتان,,1,parse_uncertain,maqayis_openiti,Harun_DarAlFikr,low
زاد,زأد,الزاء والهمزة والدال كلمة واحدة، تدل على الفزع,,1,has_asl,maqayis_openiti,Harun_DarAlFikr,high
زار,زأر,الزاء والهمزة والراء أصل واحد,,1,has_asl,maqayis_openiti,Harun_DarAlFikr,high
زام,زأم,الزاء والهمزة والميم أصل يدل على صوت وكلام,,1,has_asl,maqayis_openiti,Harun_DarAlFikr,high
زب,زب,يدل على وفور في شعر، ثم يحمل عليه ||| الزبيب، وهو معروف، ثم يشبه به، فيقال للنكتتين السوداوين فوق عيني الحية زبيبتان ; وهو أخبث ما يكون من الحيات: وفي الحديث: «يجيء كنز أحدهم يوم القيامة شجاعا أقرع له زبيبتان»,الزاء والباء أصلان,2,has_asl,maqayis_openiti,Harun_DarAlFikr,high
زبد,زبد,الزاء والباء والدال أصل واحد يدل على تولد شيء عن شيء,,1,has_asl,maqayis_openiti,Harun_DarAlFikr,high
زبر,زبر,يدل على إحكام الشيء وتوثيقه ||| يدل على قراءة وكتابة وما أشبه ذلك,الزاء والباء والراء أصلان,2,has_asl,maqayis_openiti,Harun_DarAlFikr,high
زبع,زبع,الزاء والباء والعين قريب من الذي قبله، وهو يدل على تغيظ وعزيمة شر,,1,has_asl,maqayis_openiti,Harun_DarAlFikr,high
زبق,زبق,الزاء والباء والقاف ليس من الأصول التي يعول على صحتها، وما أدري ألما قيل فيه حقيقة أم لا؟ لكنهم يقولون: زبق شعره، إذا نتفه,,2,has_asl,maqayis_openiti,Harun_DarAlFikr,high
زبل,زبل,الزاء والباء واللام كلمة واحدة,,1,parse_uncertain,maqayis_openiti,Harun_DarAlFikr,low
زبن,زبن,الزاء والباء والنون أصل واحد يدل على الدفع,,1,has_asl,maqayis_openiti,Harun_DarAlFikr,high
زبي,زبي,الزاء والباء والياء يدل على شر لا خير,,1,has_asl,maqayis_openiti,Harun_DarAlFikr,high
زت,زت,الزاء والتاء كلمة لا قياس لها,,1,parse_uncertain,maqayis_openiti,Harun_DarAlFikr,low
زج,زج,الزاء والجيم أصل يدل على رقة في شيء، من ذلك زج الرمح والسهم، وجمعه زجاج بكسر الزاء,,1,has_asl,maqayis_openiti,Harun_DarAlFikr,high
زجر,زجر,الزاء والجيم والراء كلمة تدل على الانتهار,,1,has_asl,maqayis_openiti,Harun_DarAlFikr,high
زجل,زجل,الزاء والجيم واللام أصل يدل على الرمي بالشيء والدفع له,,1,has_asl,maqayis_openiti,Harun_DarAlFikr,high
زجم,زجم,الزاء والجيم والميم أصل واحد يدل على صوت ضعيف,,1,has_asl,maqayis_openiti,Harun_DarAlFikr,high
زجى,زجى,الزاء والجيم والحرف المعتل يدل على الرمي بالشيء وتسييره من غير حبس,,1,has_asl,maqayis_openiti,Harun_DarAlFikr,high
زح,زح,الزاء والحاء يدل على البعد,,1,has_asl,maqayis_openiti,Harun_DarAlFikr,high
زحر,زحر,الزاء والحاء والراء تنفس بشدة ليس إلا هذا,,1,parse_uncertain,maqayis_openiti,Harun_DarAlFikr,low
زحف,زحف,الزاء والحاء والفاء أصل واحد يدل على الاندفاع والمضي قدما,,1,has_asl,maqayis_openiti,Harun_DarAlFikr,high
زحل,زحل,الزاء والحاء واللام أصل يدل على التنحي,,1,has_asl,maqayis_openiti,Harun_DarAlFikr,high
زحم,زحم,الزاء والحاء والميم أصل يدل على انضمام في شدة,,1,has_asl,maqayis_openiti,Harun_DarAlFikr,high
زحن,زحن,الزاء والحاء والنون أصل يدل على الإبطاء,,1,has_asl,maqayis_openiti,Harun_DarAlFikr,high
زخ,زخ,الزاء والخاء أصيل يدل على الدفع والمباينة,,1,has_asl,maqayis_openiti,Harun_DarAlFikr,high
زخر,زخر,الزاء والخاء والراء أصل صحيح، يدل على ارتفاع,,1,has_asl,maqayis_openiti,Harun_DarAlFikr,high
زر,زر,الزاء والراء أصيل يدل على شدة,,1,has_asl,maqayis_openiti,Harun_DarAlFikr,high
زرب,زرب,الزاء والراء والباء أصل يدل على بعض المأوى,,1,has_asl,maqayis_openiti,Harun_DarAlFikr,high
زرح,زرح,الزاء والراء والحاء كلمة واحدة,,1,parse_uncertain,maqayis_openiti,Harun_DarAlFikr,low
زرد,زرد,الزاء والراء والدال حرف واحد، وهو يدل على الابتلاع، والزاء فيه مبدلة من سين,,1,has_asl,maqayis_openiti,Harun_DarAlFikr,high
زرع,زرع,الزاء والراء والعين أصل يدل على تنمية الشيء,,1,has_asl,maqayis_openiti,Harun_DarAlFikr,high
زرف,زرف,الزاء والراء والفاء أصل يدل على سعي وحركة,,1,has_asl,maqayis_openiti,Harun_DarAlFikr,high
زرم,زرم,الزاء والراء والميم أصل يدل على انقطاع وقلة,,1,has_asl,maqayis_openiti,Harun_DarAlFikr,high
زرى,زرى,الزاء والراء والحرف المعتل يدل على احتقار الشيء والتهاون به,,1,has_asl,maqayis_openiti,Harun_DarAlFikr,high
زط,زط,الزاء والطاء ليس بشيء,,1,parse_uncertain,maqayis_openiti,Harun_DarAlFikr,low
زع,زع,الزاء والعين أصل يدل على اهتزاز وحركة,,1,has_asl,maqayis_openiti,Harun_DarAlFikr,high
زعب,زعب,الزاء والعين والباء أصل واحد يدل على الدفع والتدافع,,1,has_asl,maqayis_openiti,Harun_DarAlFikr,high
زعج,زعج,الزاء والعين والجيم أصل واحد، يدل على الإقلاق وقلة الاستقرار,,1,has_asl,maqayis_openiti,Harun_DarAlFikr,high
زعر,زعر,الزاء والعين والراء أصيل يدل على سوء خلق وقلة خير,,1,has_asl,maqayis_openiti,Harun_DarAlFikr,high
زعف,زعف,الزاء والعين والفاء أصيل,,1,parse_uncertain,maqayis_openiti,Harun_DarAlFikr,low
زعق,زعق,الزاء والعين والقاف أصل يدل على شدة في صياح أو مرارة أو ملوحة,,1,has_asl,maqayis_openiti,Harun_DarAlFikr,high
زعك,زعك,الزاء والعين والكاف أصيل إن صح يدل على تلبث وحقارة ولؤم,,1,has_asl,maqayis_openiti,Harun_DarAlFikr,high
زعل,زعل,الزاء والعين واللام أصيل يدل على مرح وقلة استقرار، لنشاط يكون,,1,has_asl,maqayis_openiti,Harun_DarAlFikr,high
زعم,زعم,القول من غير صحة ولا يقين ||| التكفل بالشيء,الزاء والعين والميم أصلان,2,has_asl,maqayis_openiti,Harun_DarAlFikr,high
زغ,زغ,الزاء والغين ليس بشيء,,1,parse_uncertain,maqayis_openiti,Harun_DarAlFikr,low
زغب,زغب,الزاء والغين والباء أصيل صحيح، وهو الزغب، أول ما ينبت من الريش,,1,parse_uncertain,maqayis_openiti,Harun_DarAlFikr,low
زغد,زغد,الزاء والغين والدال أصيل يدل على تعصر في صوت,,1,has_asl,maqayis_openiti,Harun_DarAlFikr,high
زغر,زغر,الزاء والغين والراء أصيل,,1,parse_uncertain,maqayis_openiti,Harun_DarAlFikr,low
زغف,زغف,الزاء والغين والفاء أصيل صحيح يدل على سعة وفضل,,1,has_asl,maqayis_openiti,Harun_DarAlFikr,high
زغل,زغل,الزاء والغين واللام أصل يدل على رضاع وزق وما أشبهه,,1,has_asl,maqayis_openiti,Harun_DarAlFikr,high
زغم,زغم,الزاء والغين والميم أصيل يدل على ترديد صوت خفي,,1,has_asl,maqayis_openiti,Harun_DarAlFikr,high
زف,زف,الزاء والفاء أصل يدل على خفة في كل شيء,,1,has_asl,maqayis_openiti,Harun_DarAlFikr,high
زفت,زفت,الزاء والفاء والتاء ليس بشيء، إلا الزفت، ولا أدري أعربي أم غيره,,1,parse_uncertain,maqayis_openiti,Harun_DarAlFikr,low
زفر,زفر,يدل على حمل ||| على صوت من الأصوات,الزاء والفاء والراء أصلان,2,has_asl,maqayis_openiti,Harun_DarAlFikr,high
زفل,زفل,الزاء والفاء واللام هي الأزفلة، وهي الجماعة,,1,parse_uncertain,maqayis_openiti,Harun_DarAlFikr,low
زفن,زفن,الزاء والفاء والنون ليس عندي أصلا، ولا فيه ما يحتاج إليه,,1,has_asl,maqayis_openiti,Harun_DarAlFikr,high
زفى,زفى,الزاء والفاء والحرف المعتل يدل على خفة وسرعة,,1,has_asl,maqayis_openiti,Harun_DarAlFikr,high
زق,زق,الزاء والقاف أصل يدل على تضايق,,1,has_asl,maqayis_openiti,Harun_DarAlFikr,high
زقب,زقب,الزاء القاف والباء كلمة,,1,parse_uncertain,maqayis_openiti,Harun_DarAlFikr,low
زقل,زقل,الزاء والقاف واللام ليس بشيء,,1,parse_uncertain,maqayis_openiti,Harun_DarAlFikr,low
زقم,زقم,الزاء والقاف والميم أصيل يدل على جنس من الأكل,,1,has_asl,maqayis_openiti,Harun_DarAlFikr,high
زقن,زقن,الزاء والقاف والنون ليس بشيء، على أنهم ربما قالوا: زقنت الحمل أزقنه، إذا حملته,,1,parse_uncertain,maqayis_openiti,Harun_DarAlFikr,low
زقو,زقو,الزاء والقاف والحرف المعتل أصيل يدل على صوت من الأصوات,,1,has_asl,maqayis_openiti,Harun_DarAlFikr,high
زكت,زكت,الزاء والكاف والتاء أصل إن صح,,1,has_asl,maqayis_openiti,Harun_DarAlFikr,high
زكر,زكر,الزاء والكاف والراء أصيل إن كان صحيحا يدل على وعاء يسمى الزكرة,,1,has_asl,maqayis_openiti,Harun_DarAlFikr,high
زكل,زكل,الزاء والكاف واللام ليس بأصل، وقد جاءت فيه كلمة: الزونكل من الرجال: القصير,,1,has_asl,maqayis_openiti,Harun_DarAlFikr,high
زكم,زكم,الزاء والكاف والميم ليس فيه إلا الزكمة والزكام، ويستعيرون ذلك فيقولون: فلان زكمة أبويه، وهو آخر أولادهما,,1,parse_uncertain,maqayis_openiti,Harun_DarAlFikr,low
زكن,زكن,الزاء والكاف والنون أصل يختلف في معناه,,1,has_asl,maqayis_openiti,Harun_DarAlFikr,high
زكى,زكى,الزاء والكاف والحرف المعتل أصل يدل على نماء وزيادة,,1,has_asl,maqayis_openiti,Harun_DarAlFikr,high
زل,زل,الزاء واللام أصل مطرد منقاس في المضاعف، وكذلك في كل زاء بعدها لام في الثلاثي,,1,has_asl,maqayis_openiti,Harun_DarAlFikr,high
زلج,زلج,الزاء واللام والجيم أصيل يدل على الاندفاع والدفع,,1,has_asl,maqayis_openiti,Harun_DarAlFikr,high
زلح,زلح,الزاء واللام والحاء ليس بأصل في اللغة منقاس، وقد جاءت فيه كلمات الله أعلم بصحتها، يقولون: قصعة زلحلحة، وهي التي لا قعر لها,,1,has_asl,maqayis_openiti,Harun_DarAlFikr,high
زلخ,زلخ,الزاء واللام والخاء أصل إن صح يدل على تزلق الشيء,,1,has_asl,maqayis_openiti,Harun_DarAlFikr,high
زلع,زلع,الزاء واللام والعين أصل يدل على تفطر وزوال شيء عن مكانه,,1,has_asl,maqayis_openiti,Harun_DarAlFikr,high
زلف,زلف,الزاء واللام والفاء يدل على اندفاع وتقدم في قرب إلى شيء,,1,has_asl,maqayis_openiti,Harun_DarAlFikr,high
زلق,زلق,الزاء واللام والقاف أصل واحد يدل على تزلج الشيء عن مقامه,,1,has_asl,maqayis_openiti,Harun_DarAlFikr,high
زلم,زلم,الزاء واللام والميم أصل يدل على نحافة ودقة في ملاسة,,1,has_asl,maqayis_openiti,Harun_DarAlFikr,high
زم,زم,الزاء والميم أصل واحد، وهو يدل على تقدم في استقامة وقصد، من ذلك الزمام لأنه يتقدم إذا مد به، قاصدا في استقامة,,1,has_asl,maqayis_openiti,Harun_DarAlFikr,high
زمت,زمت,الزاء والميم والتاء ليس أصلا ; لأن فيه كلمة وهي من باب الإبدال,,1,has_asl,maqayis_openiti,Harun_DarAlFikr,high
زمج,زمج,الزاء والميم والجيم ليس بشيء,,1,parse_uncertain,maqayis_openiti,Harun_DarAlFikr,low
زمح,زمح,الزاء والميم والحاء كلمة واحدة,,1,parse_uncertain,maqayis_openiti,Harun_DarAlFikr,low
زمخ,زمخ,الزاء والميم والخاء ليس بأصل,,1,has_asl,maqayis_openiti,Harun_DarAlFikr,high
زمر,زمر,يدل على قلة الشيء ||| جنس من الأصوات,الزاء والميم والراء أصلان,2,has_asl,maqayis_openiti,Harun_DarAlFikr,high
زمع,زمع,الزاء والميم والعين أصل واحد يدل على الدون والقلة والذلة,,1,has_asl,maqayis_openiti,Harun_DarAlFikr,high
زمق,زمق,الزاء والميم والقاف ليس بشيء، وإن كانوا يقولون: زمق شعره، إذا نتفه,,1,parse_uncertain,maqayis_openiti,Harun_DarAlFikr,low
زمك,زمك,الزاء والميم والكاف,,1,parse_uncertain,maqayis_openiti,Harun_DarAlFikr,low
زمل,زمل,يدل على حمل ثقل من الأثقال ||| صوت,الزاء والميم واللام أصلان,2,has_asl,maqayis_openiti,Harun_DarAlFikr,high
زمن,زمن,الزاء والميم والنون أصل واحد يدل على وقت من الوقت,,1,has_asl,maqayis_openiti,Harun_DarAlFikr,high
زن,زن,الزاء والنون كلمة واحدة لا يتفرع ولا يقاس عليها,,1,parse_uncertain,maqayis_openiti,Harun_DarAlFikr,low
زنج,زنج,الزاء والنون والجيم ليس بشيء,,1,parse_uncertain,maqayis_openiti,Harun_DarAlFikr,low
زنح,زنح,الزاء والنون والحاء كالذي قبله,,1,parse_uncertain,maqayis_openiti,Harun_DarAlFikr,low
زند,زند,عضو من الأعضاء، ثم يشبه به ||| دليل ضيق في شيء,الزاء والنون والدال أصلان,2,has_asl,maqayis_openiti,Harun_DarAlFikr,high
زنر,زنر,الزاء والنون والراء ليس بأصل ; لأن النون لا يكون بعدها راء,,1,has_asl,maqayis_openiti,Harun_DarAlFikr,high
زنق,زنق,الزاء والنون والقاف أصل يدل على ضيق أو تضييق,,1,has_asl,maqayis_openiti,Harun_DarAlFikr,high
زنك,زنك,الزاء والنون والكاف ليس أصلا ولا قياس له,,1,has_asl,maqayis_openiti,Harun_DarAlFikr,high
زنم,زنم,الزاء والنون والميم أصل يدل على تعليق شيء بشيء,,1,has_asl,maqayis_openiti,Harun_DarAlFikr,high
زنى,زنى,الزاء والنون والحرف المعتل لا تتضايف، ولا قياس فيها لواحدة على أخرى,,1,parse_uncertain,maqayis_openiti,Harun_DarAlFikr,low
زهد,زهد,الزاء والهاء والدال أصل يدل على قلة الشيء,,1,has_asl,maqayis_openiti,Harun_DarAlFikr,high
زهر,زهر,الزاء والهاء والراء أصل واحد يدل على حسن وضياء وصفاء,,1,has_asl,maqayis_openiti,Harun_DarAlFikr,high
زهف,زهف,الزاء والهاء والفاء أصل يدل على ذهاب الشيء,,1,has_asl,maqayis_openiti,Harun_DarAlFikr,high
زهق,زهق,الزاء والهاء والقاف أصل واحد يدل على تقدم ومضي وتجاوز,,1,has_asl,maqayis_openiti,Harun_DarAlFikr,high
زهك,زهك,الزاء والهاء والكاف ليس فيه شيء إلا أن ابن دريد ذكر أنهم يقولون: زهكت الريح التراب، مثل سهكت,,1,parse_uncertain,maqayis_openiti,Harun_DarAlFikr,low
زهل,زهل,الزاء والهاء واللام كلمة تدل على ملاسة الشيء,,1,has_asl,maqayis_openiti,Harun_DarAlFikr,high
زهم,زهم,الزاء والهاء والميم أصل واحد يدل على سمن وشحم وما أشبه ذلك,,1,has_asl,maqayis_openiti,Harun_DarAlFikr,high
زهو,زهو,الزهو، وهو الفخر ||| الزهو، وهو المنظر الحسن,الزاء والهاء والحرف المعتل أصلان: أحدها يدل على كبر وفخر، والآخر على حسن,2,has_asl,maqayis_openiti,Harun_DarAlFikr,high
زوج,زوج,الزاء والواو والجيم أصل يدل على مقارنة شيء لشيء,,1,has_asl,maqayis_openiti,Harun_DarAlFikr,high
زوح,زوح,الزاء والواو والحاء أصل يدل على تنح وزوال,,1,has_asl,maqayis_openiti,Harun_DarAlFikr,high
زود,زود,الزاء والواو والدال أصل يدل على انتقال بخير، من عمل أو كسب,,1,has_asl,maqayis_openiti,Harun_DarAlFikr,high
زور,زور,الزاء والواو والراء أصل واحد يدل على الميل والعدول,,1,has_asl,maqayis_openiti,Harun_DarAlFikr,high
زوع,زوع,الزاء والواو والعين كلمة واحدة,,1,parse_uncertain,maqayis_openiti,Harun_DarAlFikr,low
زوف,زوف,الزاء والواو والفاء ليس بشيء، إلا أنهم يقولون موت زواف: وحي,,1,parse_uncertain,maqayis_openiti,Harun_DarAlFikr,low
زوق,زوق,الزاء والواو والقاف ليس بشيء,,1,parse_uncertain,maqayis_openiti,Harun_DarAlFikr,low
زوك,زوك,الزاء والواو والكاف كلمة إن صحت,,1,parse_uncertain,maqayis_openiti,Harun_DarAlFikr,low
زول,زول,الزاء والواو واللام أصل واحد يدل على تنحي الشيء عن مكانه,,1,has_asl,maqayis_openiti,Harun_DarAlFikr,high
زون,زون,الزاء والواو والنون ليس هو عندي أصلا,,1,has_asl,maqayis_openiti,Harun_DarAlFikr,high
زوي,زوي,الزاء والواو والياء أصل يدل على انضمام وتجمع,,1,has_asl,maqayis_openiti,Harun_DarAlFikr,high
زيب,زيب,الزاي والياء والباء أصل يدل على خفة ونشاط وما يشبه ذلك,,1,has_asl,maqayis_openiti,Harun_DarAlFikr,high
زيت,زيت,الزاء والياء والتاء كلمة واحدة، وهي الزيت، معروف,,1,parse_uncertain,maqayis_openiti,Harun_DarAlFikr,low
زيج,زيج,الزاء والياء والجيم ليس بشيء,,1,parse_uncertain,maqayis_openiti,Harun_DarAlFikr,low
زيح,زيح,الزاء والياء والحاء أصل واحد، وهو زوال الشيء وتنحيه,,1,has_asl,maqayis_openiti,Harun_DarAlFikr,high
زيد,زيد,الزاء والياء والدال أصل يدل على الفضل,,1,has_asl,maqayis_openiti,Harun_DarAlFikr,high
زير,زير,الزاء والياء والراء ليس بأصل,,1,has_asl,maqayis_openiti,Harun_DarAlFikr,high
زيغ,زيغ,الزاء والياء والغين أصل يدل على ميل الشيء,,1,has_asl,maqayis_openiti,Harun_DarAlFikr,high
زيف,زيف,الزاء والياء والفاء فيه كلام، وما أظن شيئا منه صحيحا,,1,parse_uncertain,maqayis_openiti,Harun_DarAlFikr,low
زيل,زيل,الزاء والياء واللام ليس أصلا، لكن الياء فيه مبدلة من واو، وقد مضى ذكره، وذكرت هنالك كلمات اللفظ,,1,has_asl,maqayis_openiti,Harun_DarAlFikr,high
زيم,زيم,الزاء والياء والميم أصل يدل على تجمع,,1,has_asl,maqayis_openiti,Harun_DarAlFikr,high
زين,زين,الزاء والياء والنون أصل صحيح يدل على حسن الشيء وتحسينه,,1,has_asl,maqayis_openiti,Harun_DarAlFikr,high
ساب,سأب,السين والهمزة والباء ليس أصلا يتفرع، لكنهم يقولون سأبه سأبا، إذا خنقه,,1,has_asl,maqayis_openiti,Harun_DarAlFikr,high
ساد,سأد,السين والهمزة والدال كلمتان لا ينقاسان,,1,parse_uncertain,maqayis_openiti,Harun_DarAlFikr,low
سال,سأل,السين والهمزة واللام كلمة واحدة,,1,parse_uncertain,maqayis_openiti,Harun_DarAlFikr,low
ساو,سأو,السين والهمزة والواو كلمة مختلف في معناها,,1,parse_uncertain,maqayis_openiti,Harun_DarAlFikr,low
سب,سب,السين والباء حده بعض أهل اللغة وأظنه ابن دريد أن أصل هذا الباب القطع، ثم اشتق منه الشتم,,1,has_asl,maqayis_openiti,Harun_DarAlFikr,high
سبت,سبت,السين والباء والتاء أصل واحد يدل على راحة وسكون,,1,has_asl,maqayis_openiti,Harun_DarAlFikr,high
سبج,سبج,السين والباء والجيم ليس بشيء ولا له في اللغة العربية أصل,,1,has_asl,maqayis_openiti,Harun_DarAlFikr,high
سبح,سبح,جنس من العبادة ||| جنس من السعي,السين والباء والحاء أصلان,2,has_asl,maqayis_openiti,Harun_DarAlFikr,high
سبخ,سبخ,السين والباء والخاء أصل واحد يدل على خفة في الشيء,,1,has_asl,maqayis_openiti,Harun_DarAlFikr,high
سبد,سبد,السين والباء والدال عظم بابه نبات شعر أو ما أشبهه,,1,parse_uncertain,maqayis_openiti,Harun_DarAlFikr,low
سبر,سبر,السين والباء والراء، فيه ثلاث كلمات متباينة القياس، لا يشبه بعضها بعضا,,1,parse_uncertain,maqayis_openiti,Harun_DarAlFikr,low
سبط,سبط,السين والباء والطاء أصل يدل على امتداد شيء، وكأنه مقارب لباب الباء والسين والطاء، يقال شعر سبط وسبط، إذا لم يكن جعدا,,1,has_asl,maqayis_openiti,Harun_DarAlFikr,high
سبع,سبع,في العدد ||| شيء من الوحوش,السين والباء والعين أصلان مطردان صحيحان,2,has_asl,maqayis_openiti,Harun_DarAlFikr,high
سبغ,سبغ,السين والباء والغين أصل واحد يدل على تمام الشيء وكماله,,1,has_asl,maqayis_openiti,Harun_DarAlFikr,high
سبق,سبق,السين والباء والقاف أصل واحد صحيح يدل على التقديم,,1,has_asl,maqayis_openiti,Harun_DarAlFikr,high
سبك,سبك,السين والباء والكاف أصيل يدل على التناهي في إمهاء الشيء,,1,has_asl,maqayis_openiti,Harun_DarAlFikr,high
سبل,سبل,السين والباء واللام أصل واحد يدل على إرسال شيء من علو إلى سفل، وعلى امتداد شيء,,1,has_asl,maqayis_openiti,Harun_DarAlFikr,high
سبه,سبه,السين والباء والهاء كلمة، وهي تدل على ضعف العقل أو ذهابه,,1,has_asl,maqayis_openiti,Harun_DarAlFikr,high
سبي,سبي,السين والباء والياء أصل واحد يدل على أخذ شيء من بلد إلى بلد آخر كرها,,1,has_asl,maqayis_openiti,Harun_DarAlFikr,high
ست,ست,السين والتاء ليس فيه إلا ستة وأصل التاء دال,,6,has_asl,maqayis_openiti,Harun_DarAlFikr,high
ستر,ستر,السين والتاء والراء كلمة تدل على الغطاء,,1,has_asl,maqayis_openiti,Harun_DarAlFikr,high
ستن,ستن,السين والتاء والنون ليس بأصل يتفرع، لأنه نبت، ويقال له الأستن,,1,has_asl,maqayis_openiti,Harun_DarAlFikr,high
سج,سج,السين والجيم أصل يدل على اعتدال في الشيء واستواء,,1,has_asl,maqayis_openiti,Harun_DarAlFikr,high
سجح,سجح,السين والجيم والحاء أصل منقاس، يدل على استقامة وحسن,,1,has_asl,maqayis_openiti,Harun_DarAlFikr,high
سجد,سجد,السين والجيم والدال أصل واحد مطرد يدل على تطامن وذل,,1,has_asl,maqayis_openiti,Harun_DarAlFikr,high
سجر,سجر,السين والجيم والراء أصول ثلاثة: الملء، والمخالطة، والإيقاد,,3,has_asl,maqayis_openiti,Harun_DarAlFikr,high
سجع,سجع,السين والجيم والعين أصل يدل على صوت متوازن,,1,has_asl,maqayis_openiti,Harun_DarAlFikr,high
سجف,سجف,السين والجيم والفاء أصل واحد، وهو إسبال شيء ساتر,,1,has_asl,maqayis_openiti,Harun_DarAlFikr,high
سجل,سجل,السين والجيم واللام أصل واحد يدل على انصباب شيء بعد امتلائه,,1,has_asl,maqayis_openiti,Harun_DarAlFikr,high
سجم,سجم,السين والجيم والميم أصل واحد، وهو صب الشيء من الماء والدمع,,1,has_asl,maqayis_openiti,Harun_DarAlFikr,high
سجن,سجن,السين والجيم والنون أصل واحد، وهو الحبس,,1,has_asl,maqayis_openiti,Harun_DarAlFikr,high
سجو,سجو,السين والجيم والواو أصل يدل على سكون وإطباق,,1,has_asl,maqayis_openiti,Harun_DarAlFikr,high
سح,سح,السين والحاء أصل واحد يدل على الصب، يقال سححت [الماء] أسح سحا,,1,has_asl,maqayis_openiti,Harun_DarAlFikr,high
سحب,سحب,السين والحاء والباء أصل صحيح يدل على جر شيء مبسوط ومده,,1,has_asl,maqayis_openiti,Harun_DarAlFikr,high
سحت,سحت,السين والحاء والتاء أصل صحيح منقاس,,1,has_asl,maqayis_openiti,Harun_DarAlFikr,high
سحج,سحج,السين والحاء والجيم أصل صحيح يدل على قشر الشيء,,1,has_asl,maqayis_openiti,Harun_DarAlFikr,high
سحر,سحر,السين والحاء والراء أصول ثلاثة متباينة: أحدها عضو من الأعضاء، والآخر خدع وشبهه، والثالث وقت من الأوقات,,3,has_asl,maqayis_openiti,Harun_DarAlFikr,high
سحط,سحط,السين والحاء والطاء كلمة,,1,parse_uncertain,maqayis_openiti,Harun_DarAlFikr,low
سحف,سحف,السين والحاء والفاء أصل واحد صحيح، وهو تنحية الشيء عن الشيء، وكشفه,,1,has_asl,maqayis_openiti,Harun_DarAlFikr,high
سحق,سحق,البعد ||| إنهاك الشيء حتى يبلغ به إلى حال البلى,السين والحاء والقاف أصلان,2,has_asl,maqayis_openiti,Harun_DarAlFikr,high
سحل,سحل,قولهم: سحلت الرياح الأرض، إذا كشطت عنها أدمتها ||| السحيل: نهاق الحمار، وكذلك السحال ||| قولهم سحله مائة، إذا عجل له نقدها,السين والحاء واللام ثلاثة أصول: أحدها كشط شيء عن شيء، والآخر من الصوت، والآخر تسهيل شيء وتعجيله,3,has_asl,maqayis_openiti,Harun_DarAlFikr,high
سحم,سحم,السين والحاء والميم أصل واحد يدل على سواد,,1,has_asl,maqayis_openiti,Harun_DarAlFikr,high
سحن,سحن,السين والحاء والنون ثلاثة أصول: أحدها الكسر، والآخر اللون والهيئة، والثالث المخالطة,,3,has_asl,maqayis_openiti,Harun_DarAlFikr,high
سحو,سحو,السين والحاء والحرف المعتل أصل يدل على قشر شيء عن شيء، أو أخذ شيء يسير,,1,has_asl,maqayis_openiti,Harun_DarAlFikr,high
سخ,سخ,السين والخاء أصل فيه كلمة واحدة,,1,has_asl,maqayis_openiti,Harun_DarAlFikr,high
سخب,سخب,السين والخاء والباء كلمة لا يقاس عليها,,1,parse_uncertain,maqayis_openiti,Harun_DarAlFikr,low
سخت,سخت,السين والخاء والتاء ليس أصلا، وما أحسب الكلام الذي فيه من محض اللغة,,1,has_asl,maqayis_openiti,Harun_DarAlFikr,high
سخد,سخد,السين والخاء والدال أصل,,1,has_asl,maqayis_openiti,Harun_DarAlFikr,high
سخر,سخر,السين والخاء والراء أصل مطرد مستقيم يدل على احتقار واستذلال,,1,has_asl,maqayis_openiti,Harun_DarAlFikr,high
سخف,سخف,السين والخاء والفاء أصل مطرد يدل على خفة,,1,has_asl,maqayis_openiti,Harun_DarAlFikr,high
سخل,سخل,السين والخاء واللام أصل مطرد صحيح ينقاس، يدل على حقارة وضعف,,1,has_asl,maqayis_openiti,Harun_DarAlFikr,high
سخم,سخم,السين والخاء والميم أصل مطرد مستقيم، يدل على اللين والسواد,,1,has_asl,maqayis_openiti,Harun_DarAlFikr,high
سخن,سخن,السين والخاء والنون أصل صحيح مطرد منقاس، يدل على حرارة في الشيء,,1,has_asl,maqayis_openiti,Harun_DarAlFikr,high
سخي,سخي,السين والخاء والحرف المعتل أصل واحد، يدل على اتساع في شيء وانفراج,,1,has_asl,maqayis_openiti,Harun_DarAlFikr,high
سد,سد,السين والدال أصل واحد، وهو يدل على ردم شيء وملاءمته,,1,has_asl,maqayis_openiti,Harun_DarAlFikr,high
سدج,سدج,السين والدال والجيم، يقولون إن المستعمل منه حرف واحد، وهو التسدج، يقال [رجل] سداج، إذا قال الأباطيل وألفها,,1,parse_uncertain,maqayis_openiti,Harun_DarAlFikr,low
سدح,سدح,السين والدال والحاء أصل واحد يدل على بسط على الأرض، وذلك كسدح القربة المملوءة، إذا طرحها بالأرض,,1,has_asl,maqayis_openiti,Harun_DarAlFikr,high
سدخ,سدخ,,,0,no_asl,maqayis_openiti,Harun_DarAlFikr,high
سدر,سدر,السين والدال والراء أصل واحد يدل على شبه الحيرة واضطراب الرأي,,1,has_asl,maqayis_openiti,Harun_DarAlFikr,high
سدس,سدس,السين والدال والسين أصل في العدد، وهو قولهم السدس: جزء من ستة أجزاء,,6,has_asl,maqayis_openiti,Harun_DarAlFikr,high
سدع,سدع,السين والدال والعين ليس بأصل يعول عليه ولا يقاس عليه، لكن الخليل ذكر الرجل المسدع، قال: وهو الماضي لوجهه,,1,has_asl,maqayis_openiti,Harun_DarAlFikr,high
سدف,سدف,السين والدال والفاء أصل صحيح يدل على إرسال شيء على شيء غطاء له,,1,has_asl,maqayis_openiti,Harun_DarAlFikr,high
سدك,سدك,السين والدال والكاف كلمة واحدة لا يقاس عليها,,1,parse_uncertain,maqayis_openiti,Harun_DarAlFikr,low
سدل,سدل,السين والدال واللام أصل واحد يدل على نزول الشيء من علو إلى سفل ساترا له,,1,has_asl,maqayis_openiti,Harun_DarAlFikr,high
سدم,سدم,السين والدال والميم أصل في شيء لا يهتدى لوجهه,,1,has_asl,maqayis_openiti,Harun_DarAlFikr,high
سدن,سدن,السين والدال والنون أصل واحد لشيء مخصوص,,1,has_asl,maqayis_openiti,Harun_DarAlFikr,high
سدو,سدو,,,0,no_asl,maqayis_openiti,Harun_DarAlFikr,high
سر,سر,السين والراء يجمع فروعه إخفاء الشيء,,1,parse_uncertain,maqayis_openiti,Harun_DarAlFikr,low
سرب,سرب,السين والراء والباء أصل مطرد، وهو يدل على الاتساع والذهاب في الأرض,,1,has_asl,maqayis_openiti,Harun_DarAlFikr,high
سرج,سرج,السين والراء والجيم أصل صحيح يدل على الحسن والزينة والجمال,,1,has_asl,maqayis_openiti,Harun_DarAlFikr,high
سرح,سرح,السين والراء والحاء أصل مطرد واحد، وهو يدل على الانطلاق,,1,has_asl,maqayis_openiti,Harun_DarAlFikr,high
سرد,سرد,السين والراء والدال أصل مطرد منقاس، وهو يدل على توالي أشياء كثيرة يتصل بعضها ببعض,,1,has_asl,maqayis_openiti,Harun_DarAlFikr,high
سرط,سرط,السين والراء والطاء أصل صحيح واحد، يدل على غيبة في مر وذهاب,,1,has_asl,maqayis_openiti,Harun_DarAlFikr,high
سرع,سرع,السين والراء والعين أصل صحيح يدل على خلاف البطء,,1,has_asl,maqayis_openiti,Harun_DarAlFikr,high
سرف,سرف,السين والراء والفاء أصل واحد يدل على تعدي الحد والإغفال أيضا للشيء,,1,has_asl,maqayis_openiti,Harun_DarAlFikr,high
سرق,سرق,السين والراء والقاف أصل يدل على أخذ شيء في خفاء وستر,,1,has_asl,maqayis_openiti,Harun_DarAlFikr,high
سرو,سرو,السين والراء والحرف المعتل باب متفاوت جدا، لا تكاد كلمتان منه تجتمعان في قياس واحد,,1,parse_uncertain,maqayis_openiti,Harun_DarAlFikr,low
سطا,سطا,السين والطاء والحرف المعتل أصل يدل على القهر والعلو,,1,has_asl,maqayis_openiti,Harun_DarAlFikr,high
سطح,سطح,السين والطاء والحاء أصل يدل على بسط الشيء ومده، من ذلك السطح معروف,,1,has_asl,maqayis_openiti,Harun_DarAlFikr,high
سطر,سطر,السين والطاء والراء أصل مطرد يدل على اصطفاف الشيء، كالكتاب والشجر، وكل شيء اصطف,,1,has_asl,maqayis_openiti,Harun_DarAlFikr,high
سطع,سطع,السين والطاء والعين أصل يدل على طول الشيء وارتفاعه في الهواء,,1,has_asl,maqayis_openiti,Harun_DarAlFikr,high
سطل,سطل,السين والطاء واللام ليس بشيء,,1,parse_uncertain,maqayis_openiti,Harun_DarAlFikr,low
سطم,سطم,السين والطاء والميم أصل صحيح يدل على أصل شيء ومجتمعه,,1,has_asl,maqayis_openiti,Harun_DarAlFikr,high
سطن,سطن,السين والطاء والنون، هو على مذهب الخليل أصل، لأنه يجعل النون فيه أصلية,,1,has_asl,maqayis_openiti,Harun_DarAlFikr,high
سع,سع,السين والعين في المضاعف والمطابق يدل على أصل واحد، وهو ذهاب الشيء,,1,has_asl,maqayis_openiti,Harun_DarAlFikr,high
سعد,سعد,السين والعين والدال أصل يدل على خير وسرور، خلاف النحس,,1,has_asl,maqayis_openiti,Harun_DarAlFikr,high
سعر,سعر,السين والعين والراء أصل واحد يدل على اشتعال [الشيء] واتقاده وارتفاعه,,1,has_asl,maqayis_openiti,Harun_DarAlFikr,high
سعط,سعط,السين والعين والطاء أصل، وهو أن يوجر الإنسان الدواء، ثم يحمل عليه,,1,has_asl,maqayis_openiti,Harun_DarAlFikr,high
سعف,سعف,على يبس شيء وتشعثه ||| على مواتاة الشيء,السين والعين والفاء أصلان متباينان، يدل,2,has_asl,maqayis_openiti,Harun_DarAlFikr,high
سعل,سعل,السين والعين واللام أصل يدل على صخب وعلو صوت,,1,has_asl,maqayis_openiti,Harun_DarAlFikr,high
سعم,سعم,السين والعين والميم كلمة واحدة,,1,parse_uncertain,maqayis_openiti,Harun_DarAlFikr,low
سعن,سعن,السين والعين والنون كلمة واحدة,,1,parse_uncertain,maqayis_openiti,Harun_DarAlFikr,low
سعو,سعو,السين والعين والحرف المعتل وهو الواو، كلمتان إن صحتا,,1,parse_uncertain,maqayis_openiti,Harun_DarAlFikr,low
سغ,سغ,السين والغين أصل يدل على درج الشيء في الشيء باضطراب وحركة,,1,has_asl,maqayis_openiti,Harun_DarAlFikr,high
سغب,سغب,السين والغين والباء أصل واحد يدل على الجوع,,1,has_asl,maqayis_openiti,Harun_DarAlFikr,high
سغل,سغل,السين والغين واللام أصل يدل على إساءة الغذاء وسوء الحال فيه,,1,has_asl,maqayis_openiti,Harun_DarAlFikr,high
سغم,سغم,السين والغين والميم ليس بشيء,,1,parse_uncertain,maqayis_openiti,Harun_DarAlFikr,low
سف,سف,السين والفاء أصل واحد، وهو انضمام الشيء إلى الشيء ودنوه منه، ثم يشتق منه ما يقاربه,,1,has_asl,maqayis_openiti,Harun_DarAlFikr,high
سفح,سفح,السين والفاء والحاء أصل واحد يدل على إراقة شيء,,1,has_asl,maqayis_openiti,Harun_DarAlFikr,high
سفد,سفد,السين والفاء والدال ليس أصلا يتفرع منه، وإنما فيه كلمتان متباينتان في الظاهر، وقد يمكن الجمع بينهما من طريق الاشتقاق,,1,has_asl,maqayis_openiti,Harun_DarAlFikr,high
سفر,سفر,السين والفاء والراء أصل واحد يدل على الانكشاف والجلاء,,1,has_asl,maqayis_openiti,Harun_DarAlFikr,high
سفط,سفط,السين والفاء والطاء ليس بشيء، وما في بابه ما يعول عليه، إلا أنهم سموا هذا السفط,,1,parse_uncertain,maqayis_openiti,Harun_DarAlFikr,low
سفع,سفع,لون من الألوان ||| تناول شيء باليد,السين والفاء والعين أصلان,2,has_asl,maqayis_openiti,Harun_DarAlFikr,high
سفق,سفق,السين والفاء والقاف أصيل يدل على خلاف السخافة,,1,has_asl,maqayis_openiti,Harun_DarAlFikr,high
سفك,سفك,السين والفاء والكاف كلمة واحدة,,1,parse_uncertain,maqayis_openiti,Harun_DarAlFikr,low
سفل,سفل,السين والفاء واللام أصل واحد، وهو ما كان خلاف العلو,,1,has_asl,maqayis_openiti,Harun_DarAlFikr,high
سفن,سفن,السين والفاء والنون أصل واحد يدل على تنحية الشيء عن وجه الشيء، كالقشر، قال ابن دريد: السفينة فعيلة بمعنى فاعلة، لأنها تسفن الماء، كأنها تقشره,,1,has_asl,maqayis_openiti,Harun_DarAlFikr,high
سفه,سفه,السين والفاء والهاء أصل واحد، يدل على خفة وسخافة,,1,has_asl,maqayis_openiti,Harun_DarAlFikr,high
سفو,سفو,السين والفاء والحرف المعتل أصل واحد يدل على خفة في الشيء,,1,has_asl,maqayis_openiti,Harun_DarAlFikr,high
سقب,سقب,القرب ||| يدل على شيء منتصب,السين والقاف والباء أصلان,2,has_asl,maqayis_openiti,Harun_DarAlFikr,high
سقر,سقر,السين والقاف والراء أصل يدل على إحراق أو تلويح بنار,,1,has_asl,maqayis_openiti,Harun_DarAlFikr,high
سقط,سقط,السين والقاف والطاء أصل واحد يدل على الوقوع، وهو مطرد,,1,has_asl,maqayis_openiti,Harun_DarAlFikr,high
سقع,سقع,السين والقاف والعين ليس بأصل ; لأن السين فيه مبدلة من صاد,,1,has_asl,maqayis_openiti,Harun_DarAlFikr,high
سقف,سقف,السين والقاف والفاء أصل يدل على ارتفاع في إطلال وانحناء,,1,has_asl,maqayis_openiti,Harun_DarAlFikr,high
سقل,سقل,السين والقاف واللام ليس بأصل، لأن السين فيه مبدلة عن صاد,,1,has_asl,maqayis_openiti,Harun_DarAlFikr,high
سقم,سقم,السين والقاف والميم أصل واحد، وهو المرض: يقال سقم وسقم وسقام، ثلاث لغات,,1,has_asl,maqayis_openiti,Harun_DarAlFikr,high
سقى,سقى,السين والقاف والحرف المعتل أصل واحد، وهو إشراب الشيء الماء وما أشبهه,,1,has_asl,maqayis_openiti,Harun_DarAlFikr,high
سك,سك,السين والكاف أصل مطرد، يدل على ضيق وانضمام وصغر,,1,has_asl,maqayis_openiti,Harun_DarAlFikr,high
سكب,سكب,السين والكاف والباء أصل يدل على صب الشيء,,1,has_asl,maqayis_openiti,Harun_DarAlFikr,high
سكت,سكت,السين والكاف والتاء يدل على خلاف الكلام,,1,has_asl,maqayis_openiti,Harun_DarAlFikr,high
سكر,سكر,السين والكاف والراء أصل واحد يدل على حيرة,,1,has_asl,maqayis_openiti,Harun_DarAlFikr,high
سكف,سكف,السين والكاف والفاء ليس أصلا، وفيه كلمتان: أحدهما أسكفة الباب: العتبة التي يوطأ عليها,,1,has_asl,maqayis_openiti,Harun_DarAlFikr,high
سكم,سكم,السين والكاف والميم ليس بشيء,,1,parse_uncertain,maqayis_openiti,Harun_DarAlFikr,low
سكن,سكن,السين والكاف والنون أصل واحد مطرد، يدل على خلاف الاضطراب والحركة,,1,has_asl,maqayis_openiti,Harun_DarAlFikr,high
سل,سل,السين واللام أصل واحد، وهو مد الشيء في رفق وخفاء، ثم يحمل عليه,,1,has_asl,maqayis_openiti,Harun_DarAlFikr,high
سلب,سلب,السين واللام والباء أصل واحد، وهو أخذ الشيء بخفة واختطاف,,1,has_asl,maqayis_openiti,Harun_DarAlFikr,high
سلت,سلت,السين واللام والتاء أصل واحد، وهو جلف الشيء عن الشيء وقشره,,1,has_asl,maqayis_openiti,Harun_DarAlFikr,high
سلج,سلج,السين واللام والجيم أصل يدل على الابتلاع,,1,has_asl,maqayis_openiti,Harun_DarAlFikr,high
سلح,سلح,السين واللام والحاء السلاح، وهو ما يقاتل به، وكان أبو عبيدة يفرق بين السلاح والجنة، فيقول: السلاح ما قوتل به، والجنة ما اتقي به، ويحتج بقوله: حيث ترى الخيل بالأبطال عابسة,,1,parse_uncertain,maqayis_openiti,Harun_DarAlFikr,low
سلخ,سلخ,السين واللام والخاء أصل واحد، وهو إخراج الشيء عن جلده,,1,has_asl,maqayis_openiti,Harun_DarAlFikr,high
سلس,سلس,السين واللام والسين يدل على سهولة في الشيء,,1,has_asl,maqayis_openiti,Harun_DarAlFikr,high
سلط,سلط,السين واللام والطاء أصل واحد، وهو القوة والقهر,,1,has_asl,maqayis_openiti,Harun_DarAlFikr,high
سلع,سلع,السين واللام والعين أصل يدل على انصداع الشيء وانفتاحه,,1,has_asl,maqayis_openiti,Harun_DarAlFikr,high
سلغ,سلغ,السين واللام والغين ليس بأصل، لكنه من باب الإبدال فسينه مبدلة من صاد,,1,has_asl,maqayis_openiti,Harun_DarAlFikr,high
سلف,سلف,السين واللام والفاء أصل يدل على تقدم وسبق,,1,has_asl,maqayis_openiti,Harun_DarAlFikr,high
سلق,سلق,السين واللام والقاف فيه كلمات متباينة لا تكاد تجمع منها كلمتان في قياس واحد ; وربك جل ثناؤه يفعل ما يشاء، وينطق خلقه كيف أراد,,1,parse_uncertain,maqayis_openiti,Harun_DarAlFikr,low
سلك,سلك,السين واللام والكاف أصل يدل على نفوذ شيء في شيء,,1,has_asl,maqayis_openiti,Harun_DarAlFikr,high
سلم,سلم,السين واللام والميم معظم بابه من الصحة والعافية ; ويكون فيه ما يشذ، والشاذ عنه قليل، فالسلامة: أن يسلم الإنسان من العاهة والأذى,,1,parse_uncertain,maqayis_openiti,Harun_DarAlFikr,low
سلوى,سلوى,السين واللام والحرف المعتل أصل واحد يدل على خفض وطيب عيش,,1,has_asl,maqayis_openiti,Harun_DarAlFikr,high
سم,سم,السين والميم الأصل المطرد فيه يدل على مدخل في الشيء، كالثقب وغيره، ثم يشتق منه,,1,has_asl,maqayis_openiti,Harun_DarAlFikr,high
سمت,سمت,السين والميم والتاء أصل يدل على نهج وقصد وطريقة,,1,has_asl,maqayis_openiti,Harun_DarAlFikr,high
سمج,سمج,السين والميم والجيم أصل يدل على خلاف الحسن,,1,has_asl,maqayis_openiti,Harun_DarAlFikr,high
سمح,سمح,السين والميم والحاء أصل يدل على سلاسة وسهولة,,1,has_asl,maqayis_openiti,Harun_DarAlFikr,high
سمخ,سمخ,السين والميم والخاء ليس أصلا ; لأنه من باب الإبدال,,1,has_asl,maqayis_openiti,Harun_DarAlFikr,high
سمد,سمد,السين والميم والدال أصل يدل على مضي قدما من غير تعريج,,1,has_asl,maqayis_openiti,Harun_DarAlFikr,high
سمر,سمر,السين والميم والراء أصل واحد يدل على خلاف البياض في اللون,,1,has_asl,maqayis_openiti,Harun_DarAlFikr,high
سمط,سمط,السين والميم والطاء أصل يدل على ضم شيء إلى شيء وشده به,,1,has_asl,maqayis_openiti,Harun_DarAlFikr,high
سمع,سمع,السين والميم والعين أصل واحد، وهو إيناس الشيء بالأذن، من الناس وكل ذي أذن,,1,has_asl,maqayis_openiti,Harun_DarAlFikr,high
سمق,سمق,السين والميم والقاف فيه كلمة,,1,parse_uncertain,maqayis_openiti,Harun_DarAlFikr,low
سمك,سمك,السين والميم والكاف أصل واحد يدل على العلو,,1,has_asl,maqayis_openiti,Harun_DarAlFikr,high
سمل,سمل,السين والميم واللام أصل يدل على ضعف وقلة,,1,has_asl,maqayis_openiti,Harun_DarAlFikr,high
سمن,سمن,السين والميم والنون أصل يدل على خلاف الضمر والهزال,,1,has_asl,maqayis_openiti,Harun_DarAlFikr,high
سمه,سمه,السين والميم والهاء أصل يدل على حيرة وباطل,,1,has_asl,maqayis_openiti,Harun_DarAlFikr,high
سمو,سمو,السين والميم والواو أصل يدل على العلو,,1,has_asl,maqayis_openiti,Harun_DarAlFikr,high
سن,سن,السين والنون أصل واحد مطرد، وهو جريان الشيء وإطراده في سهولة، والأصل قولهم سننت الماء على وجهي أسنه سنا، إذا أرسلته إرسالا,,1,has_asl,maqayis_openiti,Harun_DarAlFikr,high
سنب,سنب,السين والنون والباء كلمتان متباينتان فالسنبة: الطائفة من الدهر,,1,parse_uncertain,maqayis_openiti,Harun_DarAlFikr,low
سنت,سنت,السين والنون والتاء ليس أصلا يتفرع منه، لكنهم يقولون السنوت، فقال قوم: هو العسل، وقال آخرون: هو الكمون,,1,has_asl,maqayis_openiti,Harun_DarAlFikr,high
سنج,سنج,السين والنون والجيم فيه كلمة,,1,parse_uncertain,maqayis_openiti,Harun_DarAlFikr,low
سنح,سنح,السين والنون والحاء أصل واحد يحمل على ظهور الشيء من مكان بعينه، وإن كان مختلفا فيه,,1,has_asl,maqayis_openiti,Harun_DarAlFikr,high
سنخ,سنخ,السين والنون والخاء أصل واحد يدل على أصل الشيء,,1,has_asl,maqayis_openiti,Harun_DarAlFikr,high
سند,سند,السين والنون والدال أصل واحد يدل على انضمام الشيء إلى الشيء,,1,has_asl,maqayis_openiti,Harun_DarAlFikr,high
سنط,سنط,السين والنون والطاء ليس بشيء إلا السناط، وهو الذي لا لحية له,,1,parse_uncertain,maqayis_openiti,Harun_DarAlFikr,low
سنع,سنع,السين والنون والعين إن كان صحيحا فهو يدل على جمال وخير ورفعة,,1,has_asl,maqayis_openiti,Harun_DarAlFikr,high
سنف,سنف,السين والنون والفاء أصل يدل على شد شيء,,1,has_asl,maqayis_openiti,Harun_DarAlFikr,high
سنق,سنق,السين والنون والقاف فيه كلمة واحدة، وهي السنق، وهو كالبشم,,1,parse_uncertain,maqayis_openiti,Harun_DarAlFikr,low
سنم,سنم,السين والنون والميم أصل واحد، يدل على العلو والارتفاع,,1,has_asl,maqayis_openiti,Harun_DarAlFikr,high
سنه,سنه,السين والنون والهاء أصل واحد يدل على زمان,,1,has_asl,maqayis_openiti,Harun_DarAlFikr,high
سنى,سنى,السين والنون والحرف المعتل أصل واحد يدل على سقي، وفيه ما يدل على العلو والارتفاع,,1,has_asl,maqayis_openiti,Harun_DarAlFikr,high
سهب,سهب,السين والهاء والباء أصل يدل على الاتساع في الشيء,,1,has_asl,maqayis_openiti,Harun_DarAlFikr,high
سهج,سهج,السين والهاء والجيم أصل يدل على دوام في شيء,,1,has_asl,maqayis_openiti,Harun_DarAlFikr,high
سهد,سهد,السين والهاء والدال كلمتان متباينتان تدل إحداهما على خلاف النوم، والأخرى على السكون,,1,has_asl,maqayis_openiti,Harun_DarAlFikr,high
سهر,سهر,السين والهاء والراء معظم بابه الأرق، وهو ذهاب النوم,,1,parse_uncertain,maqayis_openiti,Harun_DarAlFikr,low
سهف,سهف,السين والهاء والفاء تقل فروعه,,1,parse_uncertain,maqayis_openiti,Harun_DarAlFikr,low
سهق,سهق,السين والهاء والقاف أصل يدل على طول وامتداد,,1,has_asl,maqayis_openiti,Harun_DarAlFikr,high
سهك,سهك,يدل على قشر ودق ||| على الرائحة الكريهة,السين والهاء والكاف أصلان,2,has_asl,maqayis_openiti,Harun_DarAlFikr,high
سهل,سهل,السين والهاء واللام أصل واحد يدل على لين وخلاف حزونة,,1,has_asl,maqayis_openiti,Harun_DarAlFikr,high
سهم,سهم,يدل على تغير في لون ||| على حظ ونصيب وشيء من أشياء,السين والهاء والميم أصلان,2,has_asl,maqayis_openiti,Harun_DarAlFikr,high
سهو,سهو,السين والهاء والواو معظم الباب [يدل] على الغفلة والسكون,,1,has_asl,maqayis_openiti,Harun_DarAlFikr,high
سوء,سوء,فأما السين والواو والهمزة فليست من ذلك، إنما هي من باب القبح,,1,parse_uncertain,maqayis_openiti,Harun_DarAlFikr,low
سوح,سوح,السين والواو والحاء كلمة واحدة,,1,parse_uncertain,maqayis_openiti,Harun_DarAlFikr,low
سوخ,سوخ,السين والواو والخاء كلمة واحدة,,1,parse_uncertain,maqayis_openiti,Harun_DarAlFikr,low
سود,سود,السين والواو والدال أصل واحد، وهو خلاف البياض في اللون، ثم يحمل عليه ويشتق منه,,1,has_asl,maqayis_openiti,Harun_DarAlFikr,high
سور,سور,السين والواو والراء أصل واحد يدل على علو وارتفاع,,1,has_asl,maqayis_openiti,Harun_DarAlFikr,high
سوس,سوس,فساد في شيء ||| جبلة وخليقة,السين والواو والسين أصلان,2,has_asl,maqayis_openiti,Harun_DarAlFikr,high
سوط,سوط,السين والواو والطاء أصل يدل على مخالطة الشيء الشيء,,1,has_asl,maqayis_openiti,Harun_DarAlFikr,high
سوع,سوع,السين والواو والعين يدل على استمرار الشيء ومضيه,,1,has_asl,maqayis_openiti,Harun_DarAlFikr,high
سوغ,سوغ,السين والواو والغين أصل يدل على سهولة الشيء واستمراره في الحلق خاصة، ثم يحمل على ذلك,,1,has_asl,maqayis_openiti,Harun_DarAlFikr,high
سوف,سوف,السين والواو والفاء ثلاثة أصول: أحدها الشم,,3,has_asl,maqayis_openiti,Harun_DarAlFikr,high
سوق,سوق,السين والواو والقاف أصل واحد، وهو حدو الشيء,,1,has_asl,maqayis_openiti,Harun_DarAlFikr,high
سوك,سوك,السين والواو والكاف أصل واحد يدل على حركة واضطراب,,1,has_asl,maqayis_openiti,Harun_DarAlFikr,high
سول,سول,السين والواو واللام أصل يدل على استرخاء في شيء يقال سول يسول سولا,,1,has_asl,maqayis_openiti,Harun_DarAlFikr,high
سوم,سوم,السين والواو والميم أصل يدل على طلب الشيء,,1,has_asl,maqayis_openiti,Harun_DarAlFikr,high
سوي,سوي,السين والواو والياء أصل يدل على استقامة واعتدال بين شيئين,,1,has_asl,maqayis_openiti,Harun_DarAlFikr,high
سيب,سيب,السين والياء والباء أصل يدل على استمرار شيء وذهابه,,1,has_asl,maqayis_openiti,Harun_DarAlFikr,high
سيح,سيح,السين والياء والحاء أصل صحيح، وقياسه قياس ما قبله,,1,has_asl,maqayis_openiti,Harun_DarAlFikr,high
سيد,سيد,السين والياء والدال كلمة واحدة، وهي السيد,,1,parse_uncertain,maqayis_openiti,Harun_DarAlFikr,low
سير,سير,السين والياء والراء أصل يدل على مضي وجريان، يقال سار يسير سيرا، وذلك يكون ليلا ونهارا,,1,has_asl,maqayis_openiti,Harun_DarAlFikr,high
سيع,سيع,السين والياء والعين أصل يدل على جريان الشيء,,1,has_asl,maqayis_openiti,Harun_DarAlFikr,high
سيف,سيف,السين والياء والفاء أصل يدل على امتداد في شيء وطول,,1,has_asl,maqayis_openiti,Harun_DarAlFikr,high
سيل,سيل,السين والياء واللام أصل واحد يدل على جريان وامتداد,,1,has_asl,maqayis_openiti,Harun_DarAlFikr,high
شات,شأت,الشين والهمزة والتاء,,1,parse_uncertain,maqayis_openiti,Harun_DarAlFikr,low
شاز,شأز,الشين والهمزة والزاء أصيل يدل على قلق وتعاد في مكان,,1,has_asl,maqayis_openiti,Harun_DarAlFikr,high
شاس,شأس,الشين والهمزة والسين، هو كالباب الذي قبله، وليس يبعد أن يكون من باب الإبدال,,1,parse_uncertain,maqayis_openiti,Harun_DarAlFikr,low
شاف,شأف,الشين والهمزة والفاء كلمة تدل على البغضة,,1,has_asl,maqayis_openiti,Harun_DarAlFikr,high
شام,شأم,الشين والهمزة والميم أصل واحد يدل على الجانب اليسار,,1,has_asl,maqayis_openiti,Harun_DarAlFikr,high
شان,شأن,الشين والهمزة والنون أصل واحد يدل على ابتغاء وطلب,,1,has_asl,maqayis_openiti,Harun_DarAlFikr,high
شاو,شأو,الشين والهمزة والواو كلمتان متباعدتان جدا,,1,parse_uncertain,maqayis_openiti,Harun_DarAlFikr,low
شاي,شأي,الشين والهمزة والياء كلمة من باب الإبدال، على اختلاف فيها,,1,parse_uncertain,maqayis_openiti,Harun_DarAlFikr,low
شب,شب,الشين والباء أصل واحد يدل على نماء الشيء، وقوته في حرارة تعتريه,,1,has_asl,maqayis_openiti,Harun_DarAlFikr,high
شبة,شبة,تعرض في فم الجدي لئلا يرضع، ثم يشبه بذلك فيقال الشبامان: خيطان في البرقع، تشدهما المرأة في قفاها,,1,parse_uncertain,maqayis_openiti,Harun_DarAlFikr,low
شبث,شبث,الشين والباء والثاء أصيل يدل على تعلق الشيء بالشيء,,1,has_asl,maqayis_openiti,Harun_DarAlFikr,high
شبح,شبح,الشين والباء والحاء أصل صحيح يدل على امتداد الشيء في عرض,,1,has_asl,maqayis_openiti,Harun_DarAlFikr,high
شبر,شبر,بعض الأعضاء ||| الفضل والعطاء,الشين والباء والراء أصلان,2,has_asl,maqayis_openiti,Harun_DarAlFikr,high
شبص,شبص,الشين والباء والصاد ليس بشيء,,1,parse_uncertain,maqayis_openiti,Harun_DarAlFikr,low
شبع,شبع,الشين والباء والعين أصل صحيح يدل على امتلاء في أكل وغيره,,1,has_asl,maqayis_openiti,Harun_DarAlFikr,high
شبق,شبق,الشين والباء والقاف كلمة واحدة: الشبق، وهو شهوة النكاح,,1,parse_uncertain,maqayis_openiti,Harun_DarAlFikr,low
شبك,شبك,الشين والباء والكاف أصل صحيح يدل على تداخل الشيء,,1,has_asl,maqayis_openiti,Harun_DarAlFikr,high
شبل,شبل,الشين والباء واللام أصل صحيح يدل على عطف وود,,1,has_asl,maqayis_openiti,Harun_DarAlFikr,high
شبم,شبم,الشين والباء والميم كلمتان متباينتان جدا، إحداهما الشبم: البرد، والشبم: البارد,,1,parse_uncertain,maqayis_openiti,Harun_DarAlFikr,low
شبه,شبه,الشين والباء والهاء أصل واحد يدل على تشابه الشيء وتشاكله لونا ووصفا,,1,has_asl,maqayis_openiti,Harun_DarAlFikr,high
شبو,شبو,يدل على حد وحدة ||| يدل على نماء وفضل وكرامة,الشين والباء والحرف المعتل أصلان,2,has_asl,maqayis_openiti,Harun_DarAlFikr,high
شت,شت,الشين والتاء أصل يدل على تفرق وتزيل، من ذلك تشتيت الشيء المتفرق، تقول: شت شعبهم شتاتا وشتا، أي تفرق جمعهم,,1,has_asl,maqayis_openiti,Harun_DarAlFikr,high
شتر,شتر,الشين والتاء والراء يدل على خرق في شيء,,1,has_asl,maqayis_openiti,Harun_DarAlFikr,high
شتم,شتم,الشين والتاء والميم يدل على كراهة وبغضة,,1,has_asl,maqayis_openiti,Harun_DarAlFikr,high
شتو,شتو,الشين والتاء والحرف المعتل أصل واحد لزمان من الأزمنة، وهو الشتاء، خلاف الصيف,,1,has_asl,maqayis_openiti,Harun_DarAlFikr,high
شث,شث,الشين والثاء ليس بأصل، إنما هو الشث: شجر,,1,has_asl,maqayis_openiti,Harun_DarAlFikr,high
شثن,شثن,الشين والثاء والنون,,1,parse_uncertain,maqayis_openiti,Harun_DarAlFikr,low
شج,شج,الشين والجيم أصل واحد يدل على صدع الشيء,,1,has_asl,maqayis_openiti,Harun_DarAlFikr,high
شجب,شجب,الشين والجيم والباء كلمتان، تدل إحداهما على تداخل، والأخرى تدل على ذهاب وبطلان,,1,has_asl,maqayis_openiti,Harun_DarAlFikr,high
شجذ,شجذ,الشين والجيم والذال كلمة واحدة,,1,parse_uncertain,maqayis_openiti,Harun_DarAlFikr,low
شجر,شجر,الشين والجيم والراء أصلان متداخلان، يقرب بعضهما من بعض، ولا يخلو معناهما من تداخل الشيء بعضه في بعض، ومن علو في شيء وارتفاع,,2,has_asl,maqayis_openiti,Harun_DarAlFikr,high
شجع,شجع,الشين والجيم والعين أصل واحد يدل على جرأة وإقدام، وربما كان هناك ببعض الطول، وهو باب واحد,,1,has_asl,maqayis_openiti,Harun_DarAlFikr,high
شجن,شجن,الشين والجيم والنون أصل واحد يدل على اتصال الشيء والتفافه,,1,has_asl,maqayis_openiti,Harun_DarAlFikr,high
شجوى,شجوى,الشين والجيم والحرف المعتل يدل على شدة وصعوبة، وأن ينشب الشيء في ضيق,,1,has_asl,maqayis_openiti,Harun_DarAlFikr,high
شح,شح,الشين والحاء، الأصل فيه المنع، ثم يكون منعا مع حرص,,1,has_asl,maqayis_openiti,Harun_DarAlFikr,high
شحب,شحب,الشين والحاء والباء أصل واحد يدل على تغير اللون، والمصدر منه: الشحوب,,1,has_asl,maqayis_openiti,Harun_DarAlFikr,high
شحج,شحج,الشين والحاء والجيم أصل يدل على صوت,,1,has_asl,maqayis_openiti,Harun_DarAlFikr,high
شحذ,شحذ,الشين والحاء والذال أصل واحد يدل على خفة وحدة,,1,has_asl,maqayis_openiti,Harun_DarAlFikr,high
شحر,شحر,الشين والحاء والراء ليس بشيء، وهو لعله اسم بلد,,1,parse_uncertain,maqayis_openiti,Harun_DarAlFikr,low
شحص,شحص,"الشين والحاء والصاد كلمة واحدة، يقال "" إن الشحص الشاة لا لبن لها، ويقال: هي التي لم ينز عليها قط",,1,parse_uncertain,maqayis_openiti,Harun_DarAlFikr,low
شحط,شحط,البعد ||| اختلاط في شيء واضطراب,الشين والحاء والطاء أصلان,2,has_asl,maqayis_openiti,Harun_DarAlFikr,high
شحم,شحم,الشين والحاء والميم أصل يدل على جنس من اللحم,,1,has_asl,maqayis_openiti,Harun_DarAlFikr,high
شحن,شحن,يدل على الملء ||| على البعد,الشين والحاء والنون أصلان متباينان,2,has_asl,maqayis_openiti,Harun_DarAlFikr,high
شحوى,شحوى,الشين والحاء والحرف المعتل يدل على أصل، وهو فتح الشيء,,1,has_asl,maqayis_openiti,Harun_DarAlFikr,high
شخ,شخ,الشين والخاء ليس بأصل، إنما يقولون شخ الصبي ببوله، إذا بال وكان له صوت,,1,has_asl,maqayis_openiti,Harun_DarAlFikr,high
شخب,شخب,الشين والخاء والباء أصيل يدل على امتداد في شيء يجري ويسيل,,1,has_asl,maqayis_openiti,Harun_DarAlFikr,high
شخت,شخت,الشين والخاء والتاء كلمة واحدة، وهو الشيء الشخت، وهو الدقيق من خشب وغيره,,1,parse_uncertain,maqayis_openiti,Harun_DarAlFikr,low
شخر,شخر,الشين والخاء والراء,,1,parse_uncertain,maqayis_openiti,Harun_DarAlFikr,low
شخز,شخز,الشين والخاء والزاء كلمة واحدة تدل على عناء وأذى,,1,has_asl,maqayis_openiti,Harun_DarAlFikr,high
شخس,شخس,الشين والخاء والسين أصل صحيح يدل على اعوجاج وزوال عن نهج الاستقامة,,1,has_asl,maqayis_openiti,Harun_DarAlFikr,high
شخص,شخص,الشين والخاء والصاد أصل واحد يدل على ارتفاع في شيء,,1,has_asl,maqayis_openiti,Harun_DarAlFikr,high
شخل,شخل,الشين والخاء واللام ليس بشيء، وحكيت فيه كلمة ما أراها من كلام العرب، على أنها في كلام الخليل، قال: الشخل: الغلام يصادق الرجل,,1,parse_uncertain,maqayis_openiti,Harun_DarAlFikr,low
شخم,شخم,الشين والخاء والميم كلمة تدل على تغير في شيء,,1,has_asl,maqayis_openiti,Harun_DarAlFikr,high
شد,شد,الشين والدال أصل واحد يدل على قوة في الشيء، وفروعه ترجع إليه,,1,has_asl,maqayis_openiti,Harun_DarAlFikr,high
شدح,شدح,الشين والدال والحاء ليس بشيء,,1,parse_uncertain,maqayis_openiti,Harun_DarAlFikr,low
شدخ,شدخ,الشين والدال والخاء كلمة تدل على كسر شيء أجوف,,1,has_asl,maqayis_openiti,Harun_DarAlFikr,high
شدف,شدف,الشين والدال والفاء يدل على ارتفاع في شيء,,1,has_asl,maqayis_openiti,Harun_DarAlFikr,high
شدق,شدق,الشين والدال والقاف أصل يدل على انفراج في شيء,,1,has_asl,maqayis_openiti,Harun_DarAlFikr,high
شدن,شدن,الشين والدال والنون أصيل يدل على صلاح في جسم,,1,has_asl,maqayis_openiti,Harun_DarAlFikr,high
شده,شده,الشين والدال والهاء كلمة من الإبدال,,1,parse_uncertain,maqayis_openiti,Harun_DarAlFikr,low
شدو,شدو,الشين والدال والحرف المعتل أصيل يدل على أخذ بطرف من علم,,1,has_asl,maqayis_openiti,Harun_DarAlFikr,high
شذ,شذ,الشين والذال يدل على الانفراد والمفارقة,,1,has_asl,maqayis_openiti,Harun_DarAlFikr,high
شذب,شذب,الشين والذال والباء أصل يدل على تجريد شيء من قشره، ثم يحمل عليه,,1,has_asl,maqayis_openiti,Harun_DarAlFikr,high
شذر,شذر,يدل على تفرق شيء وتميزه ||| على الوعيد والتسرع,الشين والذال والراء أصلان,2,has_asl,maqayis_openiti,Harun_DarAlFikr,high
شذم,شذم,الشين والذال والميم ليس بشيء، وذكروا فيه كلمة يقال إنها من المقلوب,,1,parse_uncertain,maqayis_openiti,Harun_DarAlFikr,low
شذى,شذى,الشين والذال والحرف المعتل أصل واحد، وهو يدل على الحد والحدة,,1,has_asl,maqayis_openiti,Harun_DarAlFikr,high
شر,شر,الشين والراء أصل واحد يدل على الانتشار والتطاير,,1,has_asl,maqayis_openiti,Harun_DarAlFikr,high
شرب,شرب,الشين والراء والباء أصل واحد منقاس مطرد، وهو الشرب المعروف، ثم يحمل عليه ما يقاربه مجازا وتشبيها,,1,has_asl,maqayis_openiti,Harun_DarAlFikr,high
شرث,شرث,الشين والراء والثاء أصل واحد، وهو الشرث، وهو غلظ الأصابع والكفين,,1,has_asl,maqayis_openiti,Harun_DarAlFikr,high
شرج,شرج,الشين والراء والجيم أصل منقاس يدل على اختلاط ومداخلة,,1,has_asl,maqayis_openiti,Harun_DarAlFikr,high
شرح,شرح,الشين والراء والحاء أصيل يدل على الفتح والبيان,,1,has_asl,maqayis_openiti,Harun_DarAlFikr,high
شرخ,شرخ,ريعان الشيء، وذلك يكون في النتاج في غالب الأمر ||| يدل على تساو في شيئين متقابلين,الشين والراء والخاء أصلان,2,has_asl,maqayis_openiti,Harun_DarAlFikr,high
شرد,شرد,الشين والراء والدال أصل واحد، وهو يدل على تنفير وإبعاد، وعلى نفار وبعد في انتشار,,1,has_asl,maqayis_openiti,Harun_DarAlFikr,high
شرز,شرز,الشين والراء والزاء أصل يدل على خلاف الخير في جميع فروعه من هلاك، ومنازعة، وغير ذلك,,1,has_asl,maqayis_openiti,Harun_DarAlFikr,high
شرس,شرس,الشين والراء والسين أصل قريب من الذي قبله,,1,has_asl,maqayis_openiti,Harun_DarAlFikr,high
شرص,شرص,الشين والراء والصاد ما أحسب فيه شيئا صحيحا ; لأني لا أرى قياسه مطردا,,1,parse_uncertain,maqayis_openiti,Harun_DarAlFikr,low
شرط,شرط,الشين والراء والطاء أصل يدل على علم وعلامة، وما قارب ذلك من علم,,1,has_asl,maqayis_openiti,Harun_DarAlFikr,high
شرع,شرع,الشين والراء والعين أصل واحد، وهو شيء يفتح في امتداد يكون فيه,,1,has_asl,maqayis_openiti,Harun_DarAlFikr,high
شرف,شرف,الشين والراء والفاء أصل يدل على علو وارتفاع,,1,has_asl,maqayis_openiti,Harun_DarAlFikr,high
شرق,شرق,الشين والراء والقاف أصل واحد يدل على إضاءة وفتح,,1,has_asl,maqayis_openiti,Harun_DarAlFikr,high
شرك,شرك,يدل على مقارنة وخلاف انفراد ||| يدل على امتداد واستقامة,الشين والراء والكاف أصلان,2,has_asl,maqayis_openiti,Harun_DarAlFikr,high
شرم,شرم,الشين والراء والميم أصل واحد لا يخلف، وهو يدل على خرق في الشيء ومزق,,1,has_asl,maqayis_openiti,Harun_DarAlFikr,high
شرى,شرى,الشين والراء والحرف المعتل أصول ثلاثة: أحدها يدل على تعارض من الاثنين في أمرين أخذا وإعطاء مماثلة، والآخر نبت، والثالث هيج في الشيء وعلو,,3,has_asl,maqayis_openiti,Harun_DarAlFikr,high
شري,شري,كه,,1,parse_uncertain,maqayis_openiti,Harun_DarAlFikr,low
شز,شز,الشين والزاء أصل واحد ضعيف,,1,has_asl,maqayis_openiti,Harun_DarAlFikr,high
شزب,شزب,الشين والزاء والباء ليس بأصل، لأنه من باب الإبدال,,1,has_asl,maqayis_openiti,Harun_DarAlFikr,high
شزر,شزر,الشين والزاء والراء أصل صحيح منقاس، يدل على انفتال في الشيء عن الطريقة المستقيمة,,1,has_asl,maqayis_openiti,Harun_DarAlFikr,high
شزغ,شزغ,الشين والزاء والغين ليس بشيء,,1,parse_uncertain,maqayis_openiti,Harun_DarAlFikr,low
شزن,شزن,الشين والزاء والنون أصل واحد يدل على امتداد في شيء، من ذلك قولهم للأرض الغليظة: شزن,,1,has_asl,maqayis_openiti,Harun_DarAlFikr,high
شس,شس,الشين والسين قريب من الذي قبله,,1,parse_uncertain,maqayis_openiti,Harun_DarAlFikr,low
شسب,شسب,الشين والسين والباء هو من الذي قبله,,1,parse_uncertain,maqayis_openiti,Harun_DarAlFikr,low
شسع,شسع,الشين والسين والعين يدل على أمرين: الأول قلة، والآخر بعد,,1,has_asl,maqayis_openiti,Harun_DarAlFikr,high
شسف,شسف,الشين والسين والفاء يدل على قحل ويبس,,1,has_asl,maqayis_openiti,Harun_DarAlFikr,high
شص,شص,الشين والصاد أصل واحد مطرد,,1,has_asl,maqayis_openiti,Harun_DarAlFikr,high
شصب,شصب,الشين والصاد والباء أصل يدل على شدة في عيش وغيره,,1,has_asl,maqayis_openiti,Harun_DarAlFikr,high
شصر,شصر,الشين والصاد والراء أصل إن صح يدل على وصل شيء بشيء,,1,has_asl,maqayis_openiti,Harun_DarAlFikr,high
شط,شط,البعد ||| يدل على الميل,الشين والطاء أصلان صحيحان,2,has_asl,maqayis_openiti,Harun_DarAlFikr,high
شطا,شطأ,الشين والطاء والهمزة فيه كلمتان: إحداهما الشطء شطء النبات، وهو ما خرج من حول الأصل، والجمع أشطاء,,1,has_asl,maqayis_openiti,Harun_DarAlFikr,high
شطب,شطب,الشين والطاء والباء أصل مطرد واحد، يدل على امتداد في شيء رخص، ثم يقال في غير ذلك,,1,has_asl,maqayis_openiti,Harun_DarAlFikr,high
شطر,شطر,على نصف الشيء ||| على البعد والمواجهة,الشين والطاء والراء أصلان، يدل,2,has_asl,maqayis_openiti,Harun_DarAlFikr,high
شطن,شطن,الشين والطاء والنون أصل مطرد صحيح يدل على البعد,,1,has_asl,maqayis_openiti,Harun_DarAlFikr,high
شظ,شظ,الشين والظاء أصل يدل على امتداد في شيء,,1,has_asl,maqayis_openiti,Harun_DarAlFikr,high
شظف,شظف,الشين والظاء والفاء أصل صحيح يدل على الشدة في العيش وغيره,,1,has_asl,maqayis_openiti,Harun_DarAlFikr,high
شظم,شظم,الشين والظاء والميم كلمة واحدة,,1,parse_uncertain,maqayis_openiti,Harun_DarAlFikr,low
شظي,شظي,الشين والظاء والحرف المعتل أصل يدل على تصدع الشيء من مواضع كثيرة، حتى يصير صدوعا متفرقة، من ذلك الشظية من الشيء: الفلقة,,1,has_asl,maqayis_openiti,Harun_DarAlFikr,high
شع,شع,الشين والعين في المضاعف أصل واحد يدل على التفرق والانتشار,,1,has_asl,maqayis_openiti,Harun_DarAlFikr,high
شعب,شعب,يدل على الافتراق ||| على الاجتماع,الشين والعين والباء أصلان مختلفان,2,has_asl,maqayis_openiti,Harun_DarAlFikr,high
شعث,شعث,الشين والعين والثاء أصل يدل على انتشار في الشيء,,1,has_asl,maqayis_openiti,Harun_DarAlFikr,high
شعذ,شعذ,الشين والعين والذال ليس بشيء,,1,parse_uncertain,maqayis_openiti,Harun_DarAlFikr,low
شعر,شعر,على ثبات ||| على علم وعلم,الشين والعين والراء أصلان معروفان، يدل,2,has_asl,maqayis_openiti,Harun_DarAlFikr,high
شعف,شعف,الشين والعين والفاء يدل على أعالي الشيء ورأسه,,1,has_asl,maqayis_openiti,Harun_DarAlFikr,high
شعل,شعل,الشين والعين واللام أصل صحيح يدل على انتشار وتفرق في الشيء الواحد من جوانبه,,1,has_asl,maqayis_openiti,Harun_DarAlFikr,high
شعن,شعن,الشين والعين والنون كلمة,,1,parse_uncertain,maqayis_openiti,Harun_DarAlFikr,low
شعي,شعي,الشين والعين والحرف المعتل، أصل يدل على مثل ما دل عليه الذي قبله,,1,has_asl,maqayis_openiti,Harun_DarAlFikr,high
شغ,شغ,الشين والغاء أصل يدل على القلة,,1,has_asl,maqayis_openiti,Harun_DarAlFikr,high
شغب,شغب,الشين والغين والباء أصل صحيح يدل على تهييج الشر، لا يكون في خير,,1,has_asl,maqayis_openiti,Harun_DarAlFikr,high
شغر,شغر,الشين والغين والراء أصل واحد يدل على انتشار وخلو من ضبط، ثم يحمل عليه ما يقاربه,,1,has_asl,maqayis_openiti,Harun_DarAlFikr,high
شغف,شغف,الشين والغين والفاء كلمة واحدة، وهي الشغاف، وهو غلاف القلب,,1,parse_uncertain,maqayis_openiti,Harun_DarAlFikr,low
شغل,شغل,الشين والغين واللام أصل واحد يدل على خلاف الفراغ,,1,has_asl,maqayis_openiti,Harun_DarAlFikr,high
شغم,شغم,الشين والغين والميم أصل قليل الفروع صحيح، يدل على حسن,,1,has_asl,maqayis_openiti,Harun_DarAlFikr,high
شغن,شغن,الشين والغين والنون ليس بشيء، وليس لما ذكره ابن دريد: أن الشغنة الكارة، أصل ولا معنى,,1,has_asl,maqayis_openiti,Harun_DarAlFikr,high
شغو,شغو,الشين والغين والحرف المعتل أصل صحيح يدل على عيب في الخلقة لبعض الأعضاء,,1,has_asl,maqayis_openiti,Harun_DarAlFikr,high
شف,شف,الشين والفاء أصل واحد يدل على رقة وقلة، لا يشذ منه شيء عن هذا الباب,,1,has_asl,maqayis_openiti,Harun_DarAlFikr,high
شفر,شفر,الشين والفاء والراء أصل واحد يدل على حد الشيء وحرفه,,1,has_asl,maqayis_openiti,Harun_DarAlFikr,high
شفع,شفع,الشين والفاء والعين أصل صحيح يدل على مقارنة الشيئين,,1,has_asl,maqayis_openiti,Harun_DarAlFikr,high
شفق,شفق,الشين والفاء والقاف أصل واحد، يدل على رقة في الشيء، ثم يشتق منه,,1,has_asl,maqayis_openiti,Harun_DarAlFikr,high
شفن,شفن,الشين والفاء والنون أصل يدل على مداومة النظر، والأصل فيه قولهم للغيور الذي لا يفتر عن النظر: شفون,,1,has_asl,maqayis_openiti,Harun_DarAlFikr,high
شفي,شفي,الشين والفاء والحرف المعتل يدل على الإشراف على الشيء ; يقال أشفى على الشيء إذا أشرف عليه,,1,has_asl,maqayis_openiti,Harun_DarAlFikr,high
شق,شق,الشين والقاف أصل واحد صحيح يدل على انصداع في الشيء، ثم يحمل عليه ويشتق منه على معنى الاستعارة,,1,has_asl,maqayis_openiti,Harun_DarAlFikr,high
شقب,شقب,الشين والقاف والباء كلمة تدل على الطول,,1,has_asl,maqayis_openiti,Harun_DarAlFikr,high
شقح,شقح,الشين والقاف والحاء أصيل يدل على لون غير حسن,,1,has_asl,maqayis_openiti,Harun_DarAlFikr,high
شقذ,شقذ,الشين والقاف والذال أصيل يدل على قلة النوم,,1,has_asl,maqayis_openiti,Harun_DarAlFikr,high
شقر,شقر,الشين والقاف والراء أصل يدل على لون,,1,has_asl,maqayis_openiti,Harun_DarAlFikr,high
شقص,شقص,الشين والقاف والصاد ليس بأصل يتفرع منه أو يقاس عليه,,1,has_asl,maqayis_openiti,Harun_DarAlFikr,high
شقع,شقع,الشين والقاف والعين كلمة واحدة,,1,parse_uncertain,maqayis_openiti,Harun_DarAlFikr,low
شقل,شقل,الشين والقاف واللام ليس بشيء، وقد حكي فيه ما لا يعرج عليه,,1,parse_uncertain,maqayis_openiti,Harun_DarAlFikr,low
شقن,شقن,الشين والقاف والنون,,1,parse_uncertain,maqayis_openiti,Harun_DarAlFikr,low
شقو,شقو,الشين والقاف والحرف المعتل أصل يدل على المعاناة وخلاف السهولة والسعادة,,1,has_asl,maqayis_openiti,Harun_DarAlFikr,high
شك,شك,الشين والكاف أصل واحد مشتق بعضه من بعض، وهو يدل على التداخل,,1,has_asl,maqayis_openiti,Harun_DarAlFikr,high
شكد,شكد,الشين والكاف والدال أصل,,1,has_asl,maqayis_openiti,Harun_DarAlFikr,high
شكر,شكر,الشكر: الثناء على الإنسان بمعروف يوليكه ||| الامتلاء والغزر في الشيء ||| الشكير من النبات، وهو الذي ينبت من ساق الشجرة، وهي قضبان غضة ||| الشكر، وهو النكاح,الشين والكاف والراء أصول أربعة متباينة بعيدة القياس,4,has_asl,maqayis_openiti,Harun_DarAlFikr,high
شكع,شكع,الشين والكاف والعين أصل يدل على غضب وضجر وما أشبه ذلك,,1,has_asl,maqayis_openiti,Harun_DarAlFikr,high
شكل,شكل,الشين والكاف واللام معظم بابه المماثلة,,1,parse_uncertain,maqayis_openiti,Harun_DarAlFikr,low
شكم,شكم,يدل على عطاء ||| يدل على شدة في شيء وقوة,الشين والكاف والميم أصلان صحيحان,2,has_asl,maqayis_openiti,Harun_DarAlFikr,high
شكه,شكه,الشين والكاف والهاء أصل واحد يدل على مشابهة ومقاربة,,1,has_asl,maqayis_openiti,Harun_DarAlFikr,high
شكو,شكو,الشين والكاف والحرف المعتل أصل واحد يدل على توجع من شيء,,1,has_asl,maqayis_openiti,Harun_DarAlFikr,high
شل,شل,الشين واللام أصل واحد يدل على تباعد، ثم يكون ذلك في المسافة، وفي نسج الثوب وخياطته وما قارب ذلك,,1,has_asl,maqayis_openiti,Harun_DarAlFikr,high
شلح,شلح,الشين واللام والحاء ليس بشيء,,1,parse_uncertain,maqayis_openiti,Harun_DarAlFikr,low
شلو,شلو,الشين واللام والحرف المعتل أصل واحد يدل على عضو من الأعضاء، وقد يقال الجسد نفسه,,1,has_asl,maqayis_openiti,Harun_DarAlFikr,high
شم,شم,الشين والميم أصل واحد يدل على المقاربة والمداناة,,1,has_asl,maqayis_openiti,Harun_DarAlFikr,high
شمت,شمت,الشين والميم والتاء أصل صحيح، ويشذ عنه بعض ما فيه إشكال وغموض,,1,has_asl,maqayis_openiti,Harun_DarAlFikr,high
شمج,شمج,الشين والميم والجيم أصل يدل على الخلط وقلة ائتلاف الشيء,,1,has_asl,maqayis_openiti,Harun_DarAlFikr,high
شمخ,شمخ,الشين والميم والخاء أصل صحيح يدل على تعظم وارتفاع,,1,has_asl,maqayis_openiti,Harun_DarAlFikr,high
شمر,شمر,على تقلص وارتفاع، ويدل الآخر على سحب وإرسال ||| يقال شمر يشمر، إذا مشى بخيلاء,الشين والميم والراء أصلان متضادان، يدل,2,has_asl,maqayis_openiti,Harun_DarAlFikr,high
شمس,شمس,الشين والميم والسين أصل يدل على تلون وقلة استقرار,,1,has_asl,maqayis_openiti,Harun_DarAlFikr,high
شمص,شمص,الشين والميم والصاد كلمة واحدة,,1,parse_uncertain,maqayis_openiti,Harun_DarAlFikr,low
شمط,شمط,[وأما] الشين والميم والطاء فقياس صحيح يدل على الخلطة,,1,has_asl,maqayis_openiti,Harun_DarAlFikr,high
شمع,شمع,الشين والميم والعين أصل واحد وقياس مطرد في المزاح وطيب الحديث والفكاهة وما قارب ذلك، وأصله قولهم: جارية شموع، إذا كانت حسنة الحديث طيبة النفس مزاحة,,1,has_asl,maqayis_openiti,Harun_DarAlFikr,high
شمق,شمق,الشين والميم والقاف يقولون إنه أصل صحيح، ويذكرون فيه الشمق، وهو إما النشاط، وإما الولوع بالشيء,,1,has_asl,maqayis_openiti,Harun_DarAlFikr,high
شمل,شمل,يدل على دوران الشيء بالشيء وأخذه إياه من جوانبه ||| يدل على الجانب الذي يخالف اليمين,الشين والميم واللام أصلان منقاسان مطردان، كل واحد منهما في معناه وبابه,2,has_asl,maqayis_openiti,Harun_DarAlFikr,high
شن,شن,الشين والنون أصل واحد يدل على إخلاق ويبس,,1,has_asl,maqayis_openiti,Harun_DarAlFikr,high
شنا,شنأ,الشين والنون والهمزة أصل يدل على البغضة والتجنب للشيء,,1,has_asl,maqayis_openiti,Harun_DarAlFikr,high
شنب,شنب,الشين والنون والباء أصل يدل على برد في شيء,,1,has_asl,maqayis_openiti,Harun_DarAlFikr,high
شنث,شنث,الشين والنون والثاء ليس بأصل، وفيه كلمة,,1,has_asl,maqayis_openiti,Harun_DarAlFikr,high
شنج,شنج,الشين والنون والجيم كلمة واحدة، وهو الشنج، وهو التقبض في جلد وغيره,,1,parse_uncertain,maqayis_openiti,Harun_DarAlFikr,low
شنح,شنح,الشين والنون والحاء كلمة واحدة، وهي الشناحي، وهو الطويل، يقال هو شناح كما ترى,,1,parse_uncertain,maqayis_openiti,Harun_DarAlFikr,low
شنص,شنص,الشين والنون والصاد كلمة إن صحت,,1,parse_uncertain,maqayis_openiti,Harun_DarAlFikr,low
شنع,شنع,الشين والنون والعين أصل واحد يدل على رفع الذكر بالقبيح,,1,has_asl,maqayis_openiti,Harun_DarAlFikr,high
شنف,شنف,الشين والنون والفاء كلمتان متباينتان: أحدهما الشنف، وهو من حلي الأذن,,1,parse_uncertain,maqayis_openiti,Harun_DarAlFikr,low
شنق,شنق,الشين والنون والقاف أصل صحيح منقاس، وهو يدل على امتداد في تعلق بشيء، من ذلك الشناق، وهو الخيط الذي يشد به فم القربة,,1,has_asl,maqayis_openiti,Harun_DarAlFikr,high
شهب,شهب,الشين والهاء والباء أصل واحد يدل على بياض في شيء من سواد، لا تكون الشهبة خالصة بياضا,,1,has_asl,maqayis_openiti,Harun_DarAlFikr,high
شهد,شهد,الشين والهاء والدال أصل يدل على حضور وعلم وإعلام، لا يخرج شيء من فروعه عن الذي ذكرناه,,1,has_asl,maqayis_openiti,Harun_DarAlFikr,high
شهر,شهر,الشين والهاء والراء أصل صحيح يدل على وضوح في الأمر وإضاءة,,1,has_asl,maqayis_openiti,Harun_DarAlFikr,high
شهق,شهق,الشين والهاء والقاف أصل واحد يدل على علو,,1,has_asl,maqayis_openiti,Harun_DarAlFikr,high
شهل,شهل,الشين والهاء واللام أصل في بعض الألوان، وهي الشهلة في العين، وذلك أن يشوب سوادها زرقة,,1,has_asl,maqayis_openiti,Harun_DarAlFikr,high
شهم,شهم,الشين والهاء والميم أصل يدل على ذكاء,,1,has_asl,maqayis_openiti,Harun_DarAlFikr,high
شهو,شهو,الشين والهاء والحرف المعتل كلمة واحدة، وهي الشهوة,,1,parse_uncertain,maqayis_openiti,Harun_DarAlFikr,low
شوب,شوب,الشين والواو والباء أصل واحد، وهو الخلط,,1,has_asl,maqayis_openiti,Harun_DarAlFikr,high
شوذ,شوذ,الشين والواو والذال ليس فيه إلا المشوذ، وهي العمامة,,1,parse_uncertain,maqayis_openiti,Harun_DarAlFikr,low
شور,شور,الشين والواو والراء أصلان مطردان، الأول منهما إبداء شيء وإظهاره وعرضه، والآخر أخذ شيء,,2,has_asl,maqayis_openiti,Harun_DarAlFikr,high
شوس,شوس,الشين والواو والسين أصل واحد يدل على نظر بتغيظ,,1,has_asl,maqayis_openiti,Harun_DarAlFikr,high
شوص,شوص,الشين والواو والصاد أصل يدل على زعزعة شيء ودلكه,,1,has_asl,maqayis_openiti,Harun_DarAlFikr,high
شوط,شوط,الشين والواو والطاء أصل يدل على مضي في غير تثبت ولا في حق,,1,has_asl,maqayis_openiti,Harun_DarAlFikr,high
شوظ,شوظ,الشين والواو والظاء كلمة واحدة صحيحة، فالشواظ: شواظ اللهب من النار لا دخان معه,,1,parse_uncertain,maqayis_openiti,Harun_DarAlFikr,low
شوع,شوع,الشين والواو والعين أصل يدل على انتشار وتفرق,,1,has_asl,maqayis_openiti,Harun_DarAlFikr,high
شوف,شوف,الشين والواو والفاء أصل واحد، وهو يدل على ظهور وبروز,,1,has_asl,maqayis_openiti,Harun_DarAlFikr,high
شوق,شوق,الشين والواو والقاف يدل على تعلق الشيء بالشيء، يقال شقت الطنب، أي الوتد، واسم ذلك الخيط الشياق,,1,has_asl,maqayis_openiti,Harun_DarAlFikr,high
شوك,شوك,الشين والواو والكاف أصل واحد يدل على خشونة وحدة طرف في الشيء,,1,has_asl,maqayis_openiti,Harun_DarAlFikr,high
شول,شول,الشين والواو واللام أصل واحد يدل على الارتفاع,,1,has_asl,maqayis_openiti,Harun_DarAlFikr,high
شوه,شوه,يدل على قبح الخلقة ||| نوع من النظر بالعين,الشين والواو والهاء أصلان,2,has_asl,maqayis_openiti,Harun_DarAlFikr,high
شوي,شوي,الشين والواو والياء يدل على الأمر الهين,,1,has_asl,maqayis_openiti,Harun_DarAlFikr,high
شيا,شيأ,الشين والياء والهمزة كلمة واحدة,,1,parse_uncertain,maqayis_openiti,Harun_DarAlFikr,low
شيب,شيب,الشين والياء والباء,,1,parse_uncertain,maqayis_openiti,Harun_DarAlFikr,low
شيح,شيح,على جد وحذر ||| على إعراض,الشين والياء والحاء أصلان متباينان، يدل,2,has_asl,maqayis_openiti,Harun_DarAlFikr,high
شيخ,شيخ,الشين والياء والخاء كلمة واحدة، وهي الشيخ,,1,parse_uncertain,maqayis_openiti,Harun_DarAlFikr,low
شيد,شيد,الشين والياء والدال أصل واحد يدل على رفع الشيء,,1,has_asl,maqayis_openiti,Harun_DarAlFikr,high
شيص,شيص,الشين والياء والصاد,,1,parse_uncertain,maqayis_openiti,Harun_DarAlFikr,low
شيط,شيط,الشين والياء والطاء أصل يدل على ذهاب الشيء، إما احتراقا وإما غير ذلك,,1,has_asl,maqayis_openiti,Harun_DarAlFikr,high
شيع,شيع,على معاضدة ومساعفة ||| على بث وإشادة,الشين والياء والعين أصلان، يدل,2,has_asl,maqayis_openiti,Harun_DarAlFikr,high
شيق,شيق,ال,,1,parse_uncertain,maqayis_openiti,Harun_DarAlFikr,low
شيم,شيم,يدل على الإظهار ||| يدل على خلافه,الشين والياء والميم أصلان متباينان، وكأنهما من باب الأضداد إذ,2,has_asl,maqayis_openiti,Harun_DarAlFikr,high
شين,شين,الشين والياء والنون كلمة تدل على خلاف الزينة,,1,has_asl,maqayis_openiti,Harun_DarAlFikr,high
صا,صأ,الصاد والهمزة كلمة واحدة,,1,parse_uncertain,maqayis_openiti,Harun_DarAlFikr,low
صب,صب,الصاد والباء أصل واحد، وهو إراقة الشيء، وإليه ترجع فروع الباب كله,,1,has_asl,maqayis_openiti,Harun_DarAlFikr,high
صبح,صبح,الصاد والباء والحاء أصل واحد مطرد,,1,has_asl,maqayis_openiti,Harun_DarAlFikr,high
صبر,صبر,الصاد والباء والراء أصول ثلاثة، الأول الحبس، والثاني أعالي الشيء، والثالث جنس من الحجارة,,3,has_asl,maqayis_openiti,Harun_DarAlFikr,high
صبع,صبع,الصاد والباء والعين أصل واحد، ثم يستعار، فالأصل إصبع الإنسان، واحدة أصابعه,,1,has_asl,maqayis_openiti,Harun_DarAlFikr,high
صبغ,صبغ,الصاد والباء والغين، أصل واحد، وهو تلوين الشيء بلون ما,,1,has_asl,maqayis_openiti,Harun_DarAlFikr,high
صبى,صبى,الصاد والباء والحرف المعتل ثلاثة أصول صحيحة: الأول يدل على صغر السن، والثاني ريح من الرياح، والثالث [الإمالة],,3,has_asl,maqayis_openiti,Harun_DarAlFikr,high
صت,صت,الصاد والتاء أصل يدل على نزاع وخصومة وافتراق، يقال للجلبة الصتيت,,1,has_asl,maqayis_openiti,Harun_DarAlFikr,high
صتع,صتع,الصاد والتاء والعين كلمتان: إحداهما مختلف في تأويلها، والأخرى تردد في الشيء,,1,parse_uncertain,maqayis_openiti,Harun_DarAlFikr,low
صتم,صتم,الصاد والتاء والميم أصل صحيح يدل على تمام وقوة,,1,has_asl,maqayis_openiti,Harun_DarAlFikr,high
صح,صح,الصاد والحاء أصل يدل على البراءة من المرض والعيب، وعلى الاستواء,,1,has_asl,maqayis_openiti,Harun_DarAlFikr,high
صحب,صحب,الصاد والحاء والباء أصل واحد يدل على مقارنة شيء ومقاربته,,1,has_asl,maqayis_openiti,Harun_DarAlFikr,high
صحر,صحر,البراز من الأرض ||| لون من الألوان,الصاد والحاء والراء أصلان,2,has_asl,maqayis_openiti,Harun_DarAlFikr,high
صحف,صحف,الصاد والحاء والفاء أصل صحيح يدل على انبساط في شيء وسعة,,1,has_asl,maqayis_openiti,Harun_DarAlFikr,high
صحل,صحل,الصاد والحاء واللام كلمة، وهي بحح في الصوت,,1,parse_uncertain,maqayis_openiti,Harun_DarAlFikr,low
صحم,صحم,الصاد والحاء والميم أصيل صحيح يدل على لون,,1,has_asl,maqayis_openiti,Harun_DarAlFikr,high
صحن,صحن,الصاد والحاء والنون أصيل يدل على اتساع في شيء,,1,has_asl,maqayis_openiti,Harun_DarAlFikr,high
صحو,صحو,الصاد والحاء والحرف المعتل أصل صحيح يدل على انكشاف شيء,,1,has_asl,maqayis_openiti,Harun_DarAlFikr,high
صخ,صخ,الصاد والخاء أصل يدل على صوت من الأصوات,,1,has_asl,maqayis_openiti,Harun_DarAlFikr,high
صخب,صخب,الصاد والخاء والباء أصل صحيح يدل على صوت عال,,1,has_asl,maqayis_openiti,Harun_DarAlFikr,high
صخد,صخد,الصاد والخاء والدال أصل صحيح يدل على شدة في حر وغيره,,1,has_asl,maqayis_openiti,Harun_DarAlFikr,high
صخر,صخر,الصاد والخاء والراء كلمة صحيحة، وهي الصخرة: الحجرة العظيمة,,1,parse_uncertain,maqayis_openiti,Harun_DarAlFikr,low
صخم,صخم,الصاد والخاء والميم كلمة,,1,parse_uncertain,maqayis_openiti,Harun_DarAlFikr,low
صخي,صخي,الصاد والخاء والياء كلمة، يقال: صخي الثوب يصخى ; وهو وسخ ودرن، فهو صخ,,1,parse_uncertain,maqayis_openiti,Harun_DarAlFikr,low
صد,صد,الصاد والدال معظم بابه يئول إلى إعراض وعدول,,1,parse_uncertain,maqayis_openiti,Harun_DarAlFikr,low
صدح,صدح,الصاد والدال والحاء أصيل يدل على صوت,,1,has_asl,maqayis_openiti,Harun_DarAlFikr,high
صدر,صدر,يدل على خلاف الورد ||| صدر الإنسان وغيره,الصاد والدال والراء أصلان صحيحان,2,has_asl,maqayis_openiti,Harun_DarAlFikr,high
صدع,صدع,الصاد والدال والعين أصل صحيح يدل على انفراج في الشيء,,1,has_asl,maqayis_openiti,Harun_DarAlFikr,high
صدغ,صدغ,عضو من الأعضاء ||| يدل على ضعف,الصاد والدال والغين أصلان,2,has_asl,maqayis_openiti,Harun_DarAlFikr,high
صدف,صدف,الصاد والدال والفاء أصلان: [الأول] يدل على الميل، والثاني: عرض من الأعراض,,2,has_asl,maqayis_openiti,Harun_DarAlFikr,high
صدق,صدق,الصاد والدال والقاف أصل يدل على قوة في الشيء قولا وغيره,,1,has_asl,maqayis_openiti,Harun_DarAlFikr,high
صدم,صدم,الصاد والدال والميم كلمة واحدة، وهي الصدم، وهو ضرب الشيء الصلب بمثله,,1,parse_uncertain,maqayis_openiti,Harun_DarAlFikr,low
صدن,صدن,الصاد والدال والنون أصل ضعيف,,1,has_asl,maqayis_openiti,Harun_DarAlFikr,high
صدى,صدى,الصاد والدال والحرف المعتل فيه كلم متباعدة القياس، لا يكاد يلتقي منها كلمتان في أصل,,1,has_asl,maqayis_openiti,Harun_DarAlFikr,high
صر,صر,الصاد والراء أصول: الأول قولهم صر الدراهم يصرها صرا,,2,has_asl,maqayis_openiti,Harun_DarAlFikr,high
صرب,صرب,الصاد والراء والباء أصيل صحيح يدل على مثل ما دل عليه الباب الذي قبله,,1,has_asl,maqayis_openiti,Harun_DarAlFikr,high
صرح,صرح,الصاد والراء والحاء أصل منقاس، يدل على ظهور الشيء وبروزه,,1,has_asl,maqayis_openiti,Harun_DarAlFikr,high
صرخ,صرخ,الصاد والراء والخاء أصيل يدل على صوت رفيع,,1,has_asl,maqayis_openiti,Harun_DarAlFikr,high
صرد,صرد,الصاد والراء والدال أصول ثلاثة: أحدها البرد، والآخر الخلوص، والآخر القلة,,3,has_asl,maqayis_openiti,Harun_DarAlFikr,high
صرط,صرط,الصاد والراء والطاء وهو من باب الإبدال، وقد ذكر في السين، وهو الطريق,,1,parse_uncertain,maqayis_openiti,Harun_DarAlFikr,low
صرع,صرع,الصاد والراء والعين أصل واحد يدل على سقوط شيء إلى الأرض عن مراس اثنين، ثم يحمل على ذلك ويشتق منه,,1,has_asl,maqayis_openiti,Harun_DarAlFikr,high
صرف,صرف,الصاد والراء والفاء معظم بابه يدل على رجع الشيء,,1,has_asl,maqayis_openiti,Harun_DarAlFikr,high
صرم,صرم,الصاد والراء والميم أصل واحد صحيح مطرد، وهو القطع,,1,has_asl,maqayis_openiti,Harun_DarAlFikr,high
صرى,صرى,الصاد والراء والحرف المعتل أصل واحد صحيح يدل على الجمع,,1,has_asl,maqayis_openiti,Harun_DarAlFikr,high
صري,صري,مة: العزيمة على الشيء، وهو قطع كل علقة دونه,,1,parse_uncertain,maqayis_openiti,Harun_DarAlFikr,low
صع,صع,الصاد والعين أصل صحيح يدل على تفرق وحركة,,1,has_asl,maqayis_openiti,Harun_DarAlFikr,high
صعب,صعب,الصاد والعين والباء أصل صحيح مطرد، يدل على خلاف السهولة,,1,has_asl,maqayis_openiti,Harun_DarAlFikr,high
صعد,صعد,الصاد والعين والدال أصل صحيح يدل على ارتفاع ومشقة,,1,has_asl,maqayis_openiti,Harun_DarAlFikr,high
صعر,صعر,الصاد والعين والراء أصل مطرد يدل على ميل في الشيء,,1,has_asl,maqayis_openiti,Harun_DarAlFikr,high
صعف,صعف,الصاد والعين والفاء ليس بشيء,,1,parse_uncertain,maqayis_openiti,Harun_DarAlFikr,low
صعق,صعق,الصاد والعين والقاف أصل واحد يدل على صلقة وشدة صوت,,1,has_asl,maqayis_openiti,Harun_DarAlFikr,high
صعل,صعل,الصاد والعين واللام أصيل يدل على صغر وانجراد,,1,has_asl,maqayis_openiti,Harun_DarAlFikr,high
صعن,صعن,الصاد والعين والنون أصيل يدل على لطف في الشيء,,1,has_asl,maqayis_openiti,Harun_DarAlFikr,high
صعو,صعو,الصاد والعين والحرف المعتل كلمة واحدة، وهي الصعوة، وهي عصفورة، والجمع صعاء,,1,parse_uncertain,maqayis_openiti,Harun_DarAlFikr,low
صغر,صغر,الصاد والغين والراء أصل صحيح يدل على قلة وحقارة,,1,has_asl,maqayis_openiti,Harun_DarAlFikr,high
صغل,صغل,الصاد والغين واللام ليس بشيء، إنما الصغل السيئ الغذاء,,1,parse_uncertain,maqayis_openiti,Harun_DarAlFikr,low
صغوى,صغوى,الصاد والغين والحرف المعتل أصل صحيح يدل على الميل، من ذلك قولهم: صغو فلان معك، أي ميله,,1,has_asl,maqayis_openiti,Harun_DarAlFikr,high
صف,صف,الصاد والفاء يدل على أصل واحد، وهو استواء في الشيء وتساو بين شيئين في المقر,,1,has_asl,maqayis_openiti,Harun_DarAlFikr,high
صفح,صفح,الصاد والفاء والحاء أصل صحيح مطرد يدل على عرض وعرض,,1,has_asl,maqayis_openiti,Harun_DarAlFikr,high
صفد,صفد,عطاء ||| شد بشيء,الصاد والفاء والدال أصلان صحيحان,2,has_asl,maqayis_openiti,Harun_DarAlFikr,high
صفر,صفر,لون من الألوان ||| الشيء الخالي ||| جوهر من جواهر الأرض ||| صوت ||| زمان ||| نبت,الصاد والفاء والراء ستة أوجه,6,has_asl,maqayis_openiti,Harun_DarAlFikr,high
صفع,صفع,الصاد والفاء والعين كلمة واحدة معروفة,,1,parse_uncertain,maqayis_openiti,Harun_DarAlFikr,low
صفق,صفق,الصاد والفاء والقاف أصل صحيح يدل على ملاقاة شيء ذي صفحة لشيء مثله بقوة,,1,has_asl,maqayis_openiti,Harun_DarAlFikr,high
صفن,صفن,جنس من القيام ||| وعاء من الأوعية,الصاد والفاء والنون أصلان صحيحان,2,has_asl,maqayis_openiti,Harun_DarAlFikr,high
صفو,صفو,الصاد والفاء والحرف المعتل أصل واحد يدل على خلوص من كل شوب,,1,has_asl,maqayis_openiti,Harun_DarAlFikr,high
صقب,صقب,الصاد والقاف والباء لا يكاد يكون أصلا ; لأن الصاد يكون مرة فيه السين، والبابان متداخلان، مرة يقال بالسين ومرة بالصاد، إلا أنه يدل على القرب ومع الامتداد مع الدقة,,1,has_asl,maqayis_openiti,Harun_DarAlFikr,high
صقر,صقر,الصاد والقاف والراء أصيل يدل على وقع شيء بشدة,,1,has_asl,maqayis_openiti,Harun_DarAlFikr,high
صقع,صقع,الصاد والقاف والعين أصول ثلاثة: أحدها: وقع شيء على شيء، كالضرب ونحوه، والآخر: صوت، والثالث: غشيان شيء لشيء,,3,has_asl,maqayis_openiti,Harun_DarAlFikr,high
صقل,صقل,الصاد والقاف واللام أصيل يدل على تمليس شيء، ثم يقاس على ذلك,,1,has_asl,maqayis_openiti,Harun_DarAlFikr,high
صك,صك,الصاد والكاف أصل يدل على تلاقي شيئين بقوة وشدة، حتى كأن أحدهما يضرب الآخر,,1,has_asl,maqayis_openiti,Harun_DarAlFikr,high
صكم,صكم,الصاد والكاف والميم أصل واحد يدل على ضرب الشيء بشدة,,1,has_asl,maqayis_openiti,Harun_DarAlFikr,high
صل,صل,يدل على ندى وماء قليل ||| على صوت,الصاد واللام أصلان,2,has_asl,maqayis_openiti,Harun_DarAlFikr,high
صلب,صلب,يدل على الشدة والقوة ||| جنس من الودك,الصاد واللام والباء أصلان,2,has_asl,maqayis_openiti,Harun_DarAlFikr,high
صلت,صلت,الصاد واللام والتاء أصل واحد يدل على بروز الشيء ووضوحه,,1,has_asl,maqayis_openiti,Harun_DarAlFikr,high
صلج,صلج,,,0,no_asl,maqayis_openiti,Harun_DarAlFikr,high
صلح,صلح,الصاد واللام والحاء أصل واحد يدل على خلاف الفساد,,1,has_asl,maqayis_openiti,Harun_DarAlFikr,high
صلخ,صلخ,الصاد واللام والخاء فيه كلمة واحدة,,1,parse_uncertain,maqayis_openiti,Harun_DarAlFikr,low
صلد,صلد,الصاد واللام والدال أصل واحد صحيح، يدل على صلابة ويبس,,1,has_asl,maqayis_openiti,Harun_DarAlFikr,high
صلع,صلع,الصاد واللام والعين أصل صحيح يدل على ملاسة,,1,has_asl,maqayis_openiti,Harun_DarAlFikr,high
صلغ,صلغ,الصاد واللام والغين ليس بأصل ; لأنه من باب الإبدال,,1,has_asl,maqayis_openiti,Harun_DarAlFikr,high
صلف,صلف,الصاد واللام والفاء أصل صحيح يدل على شدة وكزازة,,1,has_asl,maqayis_openiti,Harun_DarAlFikr,high
صلق,صلق,الصاد واللام والقاف أصل واحد يدل على صيحة بقوة وصدمة وما أشبه ذلك,,1,has_asl,maqayis_openiti,Harun_DarAlFikr,high
صلم,صلم,الصاد واللام والميم أصل واحد يدل على قطع واستئصال,,1,has_asl,maqayis_openiti,Harun_DarAlFikr,high
صلى,صلى,النار وما أشبهها من الحمى ||| جنس من العبادة,الصاد واللام والحرف المعتل أصلان,2,has_asl,maqayis_openiti,Harun_DarAlFikr,high
صم,صم,الصاد والميم أصل يدل على تضام الشيء وزوال الخرق والسم,,1,has_asl,maqayis_openiti,Harun_DarAlFikr,high
صمت,صمت,الصاد والميم والتاء أصل واحد يدل على إبهام وإغلاق,,1,has_asl,maqayis_openiti,Harun_DarAlFikr,high
صمج,صمج,الصاد والميم والجيم ليس بشيء، على أنهم يقولون: الصمج: القناديل، الواحدة صمجة,,1,parse_uncertain,maqayis_openiti,Harun_DarAlFikr,low
صمح,صمح,الصاد والميم والحاء أصيل يدل على قوة في الشيء أو طول,,1,has_asl,maqayis_openiti,Harun_DarAlFikr,high
صمخ,صمخ,الصاد والميم والخاء أصل واحد وكلمة واحدة، وهو الصماخ: خرق الأذن,,1,has_asl,maqayis_openiti,Harun_DarAlFikr,high
صمد,صمد,القصد ||| الصلابة في الشيء,الصاد والميم والدال أصلان,2,has_asl,maqayis_openiti,Harun_DarAlFikr,high
صمر,صمر,الصاد والميم والراء، قال ابن دريد: فعل ممات، وهو أصل بناء الصمير,,1,has_asl,maqayis_openiti,Harun_DarAlFikr,high
صمع,صمع,الصاد والميم والعين أصل واحد، يدل على لطافة في الشيء وتضام,,1,has_asl,maqayis_openiti,Harun_DarAlFikr,high
صمغ,صمغ,الصاد والميم والغين كلمة واحدة، هي الصمغ,,1,parse_uncertain,maqayis_openiti,Harun_DarAlFikr,low
صمك,صمك,الصاد والميم والكاف أصيل يدل على قوة وشدة,,1,has_asl,maqayis_openiti,Harun_DarAlFikr,high
صمل,صمل,الصاد والميم واللام أصل واحد يدل على شدة وصلابة,,1,has_asl,maqayis_openiti,Harun_DarAlFikr,high
صمى,صمى,الصاد والميم والحرف المعتل أصل واحد يدل على السرعة في الشيء,,1,has_asl,maqayis_openiti,Harun_DarAlFikr,high
صن,صن,ال,,1,parse_uncertain,maqayis_openiti,Harun_DarAlFikr,low
صنج,صنج,الصاد والنون والجيم ليس بشيء,,1,parse_uncertain,maqayis_openiti,Harun_DarAlFikr,low
صند,صند,الصاد والنون والدال أصل صحيح، يدل على عظم قدر وعظم جسم,,1,has_asl,maqayis_openiti,Harun_DarAlFikr,high
صنر,صنر,الصاد والنون والراء ليس بأصل، ولا فيه ما يعول عليه ; لقلة الراء مع النون,,1,has_asl,maqayis_openiti,Harun_DarAlFikr,high
صنع,صنع,الصاد والنون والعين أصل صحيح واحد، وهو عمل الشيء صنعا,,1,has_asl,maqayis_openiti,Harun_DarAlFikr,high
صنف,صنف,الصاد والنون والفاء أصل صحيح مطرد في معنيين، أحدهما الطائفة من الشيء، والآخر تمييز الأشياء بعضها عن بعض,,1,has_asl,maqayis_openiti,Harun_DarAlFikr,high
صنق,صنق,الصاد والنون والقاف كلمة إن صحت,,1,parse_uncertain,maqayis_openiti,Harun_DarAlFikr,low
صنم,صنم,الصاد والنون والميم كلمة واحدة لا فرع لها، وهي الصنم,,1,parse_uncertain,maqayis_openiti,Harun_DarAlFikr,low
صنو,صنو,الصاد والنون والحرف المعتل أصل صحيح يدل على تقارب بين شيئين، قرابة أو مسافة,,1,has_asl,maqayis_openiti,Harun_DarAlFikr,high
صه,صه,الصاد والهاء كلمة تقال عند الإسكات، وهي صه، ولا قياس لها,,1,parse_uncertain,maqayis_openiti,Harun_DarAlFikr,low
صهب,صهب,الصاد والهاء والباء بناء صحيح، وهو لون من الألوان، من ذلك الصهبة: حمرة في الشعر، يقال: رجل أصهب,,1,parse_uncertain,maqayis_openiti,Harun_DarAlFikr,low
صهد,صهد,الصاد والهاء والدال بناء صحيح يدل على ما يقارب الباب الذي قبله,,1,has_asl,maqayis_openiti,Harun_DarAlFikr,high
صهر,صهر,يدل على قربى ||| على إذابة شيء,الصاد والهاء والراء أصلان,2,has_asl,maqayis_openiti,Harun_DarAlFikr,high
صهل,صهل,الصاد والهاء واللام أصل صحيح، وفروعه قليلة، ولعله ليس فيه إلا صهل الفرس، وفرس صهال,,1,has_asl,maqayis_openiti,Harun_DarAlFikr,high
صهم,صهم,الصاد والهاء والميم أصل صحيح قليل الفروع، لكنهم يقولون: الصهميم: السيئ الخلق من الإبل، ويشبهون به الرجل الذي لا يثبت على رأي واحد,,1,has_asl,maqayis_openiti,Harun_DarAlFikr,high
صهو,صهو,الصاد والهاء والحرف المعتل أصيل يدل على علو,,1,has_asl,maqayis_openiti,Harun_DarAlFikr,high
صوب,صوب,الصاد والواو والباء أصل صحيح يدل على نزول شيء واستقراره قراره,,1,has_asl,maqayis_openiti,Harun_DarAlFikr,high
صوت,صوت,الصاد والواو والتاء أصل صحيح، وهو الصوت، وهو جنس لكل ما وقر في أذن السامع,,1,has_asl,maqayis_openiti,Harun_DarAlFikr,high
صوح,صوح,الصاد والواو والحاء أصيل يدل على انتشار في شيء بعد يبس,,1,has_asl,maqayis_openiti,Harun_DarAlFikr,high
صور,صور,الصاد والواو والراء كلمات كثيرة متباينة الأصول,,2,has_asl,maqayis_openiti,Harun_DarAlFikr,high
صوع,صوع,الصاد والواو والعين أصل صحيح، وله بابان: أحدهما يدل على تفرق وتصدع، والآخر إناء,,1,has_asl,maqayis_openiti,Harun_DarAlFikr,high
صوغ,صوغ,الصاد والواو والغين أصل صحيح، وهو تهيئة على شيء على مثال مستقيم,,1,has_asl,maqayis_openiti,Harun_DarAlFikr,high
صوف,صوف,الصاد والواو والفاء أصل واحد صحيح، وهو الصوف المعروف,,1,has_asl,maqayis_openiti,Harun_DarAlFikr,high
صوك,صوك,الصاد والواو والكاف كلمة واحدة,,1,parse_uncertain,maqayis_openiti,Harun_DarAlFikr,low
صول,صول,الصاد والواو واللام أصل صحيح، يدل على قهر وعلو,,1,has_asl,maqayis_openiti,Harun_DarAlFikr,high
صوم,صوم,الصاد والواو والميم أصل يدل على إمساك وركود في مكان,,1,has_asl,maqayis_openiti,Harun_DarAlFikr,high
صون,صون,الصاد والواو والنون أصل واحد، وهن كن وحفظ,,1,has_asl,maqayis_openiti,Harun_DarAlFikr,high
صوي,صوي,الصاد والواو والياء أصل صحيح يدل على شدة وصلابة ويبس,,1,has_asl,maqayis_openiti,Harun_DarAlFikr,high
صي,صي,الصاد والياء كلمة واحدة مطابقة، وهي كل شيء يتحصن به,,1,parse_uncertain,maqayis_openiti,Harun_DarAlFikr,low
صيا,صيأ,الصاد والياء والهمزة,,1,parse_uncertain,maqayis_openiti,Harun_DarAlFikr,low
صيح,صيح,الصاد والياء والحاء أصل صحيح، وهو الصوت العالي,,1,has_asl,maqayis_openiti,Harun_DarAlFikr,high
صيخ,صيخ,الصاد والياء والخاء كلمة واحدة,,1,parse_uncertain,maqayis_openiti,Harun_DarAlFikr,low
صيد,صيد,الصاد والياء والدال أصل صحيح يدل على معنى واحد، وهو ركوب الشيء رأسه ومضيه غير ملتفت ولا مائل,,1,has_asl,maqayis_openiti,Harun_DarAlFikr,high
صير,صير,الصاد والياء والراء أصل صحيح، وهو المآل والمرجع,,1,has_asl,maqayis_openiti,Harun_DarAlFikr,high
صيف,صيف,يدل على زمان ||| يدل على ميل وعدول,الصاد والياء والفاء أصلان,2,has_asl,maqayis_openiti,Harun_DarAlFikr,high
صيق,صيق,الصاد والياء والقاف,,1,parse_uncertain,maqayis_openiti,Harun_DarAlFikr,low
صيك,صيك,الصاد والياء والكاف، يقال صاك يصيك، إذا لزم ولصق,,1,parse_uncertain,maqayis_openiti,Harun_DarAlFikr,low
ضا,ضأ,الضاد والهمزة كلمة صحيحة، وهي الضئضئ، وهو الأصل,,1,has_asl,maqayis_openiti,Harun_DarAlFikr,high
ضاد,ضأد,الضاد والهمزة والدال أصيل قليل الفروع، يدل على مرض من الأمراض,,1,has_asl,maqayis_openiti,Harun_DarAlFikr,high
ضال,ضأل,الضاد والهمزة واللام أصيل يدل على ضعف ودقة في جسم,,1,has_asl,maqayis_openiti,Harun_DarAlFikr,high
ضان,ضأن,الضاد والهمزة والنون أصيل صحيح، وهو بعض الأنعام,,1,parse_uncertain,maqayis_openiti,Harun_DarAlFikr,low
ضب,ضب,الضاد والباء أصل واحد يدل عظمه على الاجتماع,,1,has_asl,maqayis_openiti,Harun_DarAlFikr,high
ضبا,ضبأ,الضاد والباء والهمزة أصل واحد صحيح، وهو قريب من الاستخفاء وما شاكله من سكوت ومثله,,1,has_asl,maqayis_openiti,Harun_DarAlFikr,high
ضبث,ضبث,الضاد والباء والثاء أصل صحيح يدل على قبض,,1,has_asl,maqayis_openiti,Harun_DarAlFikr,high
ضبح,ضبح,صوت ||| تغير لون من فعل نار,الضاد والباء والحاء أصلان صحيحان,2,has_asl,maqayis_openiti,Harun_DarAlFikr,high
ضبد,ضبد,الضاد والباء والدال ليس بشيء، وإن كان ما ذكره ابن دريد صحيحا، من أن الضبد الضمد,,1,parse_uncertain,maqayis_openiti,Harun_DarAlFikr,low
ضبر,ضبر,الضاد والباء والراء أصل صحيح واحد يدل على جمع وقوة,,1,has_asl,maqayis_openiti,Harun_DarAlFikr,high
ضبز,ضبز,الضاد والباء والزاء,,1,parse_uncertain,maqayis_openiti,Harun_DarAlFikr,low
ضبس,ضبس,الضاد والباء والسين أصيل إن صح فليس إلا في شيء مذموم غير محمود,,1,parse_uncertain,maqayis_openiti,Harun_DarAlFikr,low
ضبط,ضبط,الضاد والباء والطاء أصل صحيح,,1,has_asl,maqayis_openiti,Harun_DarAlFikr,high
ضبع,ضبع,الضاد والباء والعين أصل صحيح يدل على معان ثلاثة، أحدها: جنس من الحيوان، والآخر: عضو من أعضاء الإنسان، والثالث: صفة من صفة النوق,,3,has_asl,maqayis_openiti,Harun_DarAlFikr,high
ضبن,ضبن,الضاد والباء والنون أصل صحيح، وهو عضو من الأعضاء,,1,has_asl,maqayis_openiti,Harun_DarAlFikr,high
ضج,ضج,الضاد والجيم أصل صحيح يدل على صياح بضجر,,1,has_asl,maqayis_openiti,Harun_DarAlFikr,high
ضجر,ضجر,الضاد والجيم والراء أصل صحيح يدل على اغتمام بكلام,,1,has_asl,maqayis_openiti,Harun_DarAlFikr,high
ضجع,ضجع,الضاد والجيم والعين أصل واحد يدل على لصوق بالأرض على جنب، ثم يحمل على ذلك,,1,has_asl,maqayis_openiti,Harun_DarAlFikr,high
ضجم,ضجم,الضاد والجيم والميم أصل صحيح يدل على عوج في الشيء,,1,has_asl,maqayis_openiti,Harun_DarAlFikr,high
ضجن,ضجن,الضاد والجيم والنون ليس بشيء، إلا أنهم يقولون: [الضجن] : جبل معروف,,1,parse_uncertain,maqayis_openiti,Harun_DarAlFikr,low
ضح,ضح,الضاد والحاء أصل صحيح يدل على رقة شيء بعينه,,1,has_asl,maqayis_openiti,Harun_DarAlFikr,high
ضحك,ضحك,الضاد والحاء والكاف قريب من الباب الذي قبله، وهو دليل الانكشاف والبروز,,1,parse_uncertain,maqayis_openiti,Harun_DarAlFikr,low
ضحل,ضحل,الضاد والحاء واللام أصل صحيح، وهو الماء القليل وما أشبهه,,1,has_asl,maqayis_openiti,Harun_DarAlFikr,high
ضحى,ضحى,الضاد والحاء والحرف المعتل أصل صحيح واحد يدل على بروز الشيء,,1,has_asl,maqayis_openiti,Harun_DarAlFikr,high
ضخ,ضخ,الضاد والخاء ليس بشيء,,1,parse_uncertain,maqayis_openiti,Harun_DarAlFikr,low
ضخم,ضخم,الضاد والخاء والميم أصل صحيح يدل على عظم في الشيء,,1,has_asl,maqayis_openiti,Harun_DarAlFikr,high
ضد,ضد,الضاد والدال كلمتان متباينتان في القياس,,1,parse_uncertain,maqayis_openiti,Harun_DarAlFikr,low
ضر,ضر,الضاد والراء ثلاثة أصول: الأول خلاف النفع، والثاني: اجتماع الشيء، والثالث القوة,,3,has_asl,maqayis_openiti,Harun_DarAlFikr,high
ضرب,ضرب,الضاد والراء والباء أصل واحد، ثم يستعار ويحمل عليه,,1,has_asl,maqayis_openiti,Harun_DarAlFikr,high
ضرج,ضرج,الضاد والراء والجيم أصل صحيح واحد يدل على تفتح الشيء,,1,has_asl,maqayis_openiti,Harun_DarAlFikr,high
ضرح,ضرح,رمي الشيء ||| لون من الألوان,الضاد والراء والحاء أصلان,2,has_asl,maqayis_openiti,Harun_DarAlFikr,high
ضرز,ضرز,الضاد والراء والزاء كلمة واحدة,,1,parse_uncertain,maqayis_openiti,Harun_DarAlFikr,low
ضرس,ضرس,الضاد والراء والسين أصل صحيح يدل على قوة وخشونة، وقد يشذ عنه ما يخالفه,,1,has_asl,maqayis_openiti,Harun_DarAlFikr,high
ضرع,ضرع,الضاد والراء والعين أصل صحيح يدل على لين في الشيء,,1,has_asl,maqayis_openiti,Harun_DarAlFikr,high
ضرف,ضرف,الضاد والراء والفاء شيء من النبت,,1,parse_uncertain,maqayis_openiti,Harun_DarAlFikr,low
ضرك,ضرك,الضاد والراء والكاف كلمة واحدة لا قياس لها,,1,parse_uncertain,maqayis_openiti,Harun_DarAlFikr,low
ضرم,ضرم,الضاد والراء والميم أصل صحيح يدل على حرارة والتهاب,,1,has_asl,maqayis_openiti,Harun_DarAlFikr,high
ضرى,ضرى,شبه الإغراء بالشيء واللهج به ||| شيء يستر,الضاد والراء والحرف المعتل أصلان,2,has_asl,maqayis_openiti,Harun_DarAlFikr,high
ضري,ضري,ع: كبيرة الضرع، وضريعة أيضا,,1,parse_uncertain,maqayis_openiti,Harun_DarAlFikr,low
ضز,ضز,الضاد والزاء كلمة واحدة، وهي الضزز، وهو لصوق الحنك الأعلى بالأسفل ; رجل أضز,,1,parse_uncertain,maqayis_openiti,Harun_DarAlFikr,low
ضزن,ضزن,الضاد والزاء والنون أصل صحيح واحد يدل على الضغط والمزاحمة,,1,has_asl,maqayis_openiti,Harun_DarAlFikr,high
ضطر,ضطر,الضاد والطاء والراء كلمة تدل على ضخم,,1,has_asl,maqayis_openiti,Harun_DarAlFikr,high
ضع,ضع,الضاد والعين في المضاعف أصل واحد صحيح، يدل على الخضوع والضعف,,1,has_asl,maqayis_openiti,Harun_DarAlFikr,high
ضعس,ضعس,الضاد والعين والسين ليس بشيء,,1,parse_uncertain,maqayis_openiti,Harun_DarAlFikr,low
ضعف,ضعف,الضاد والعين والفاء أصلان متباينان، يدل أحدهما على خلاف القوة، ويدل الآخر على أن يزاد الشيء مثله,,2,has_asl,maqayis_openiti,Harun_DarAlFikr,high
ضعو,ضعو,الضاد والعين والواو كلمة واحدة، وهي الضعة: شجرة، حذفت واوها ; والجمع ضعوات,,1,parse_uncertain,maqayis_openiti,Harun_DarAlFikr,low
ضغ,ضغ,الضاد والغين ليس بشيء، ولا هو أصلا يفرع منه أو يقاس عليه، لكنهم يقولون: إن الضغضغة حكاية أكل الذئب اللحم,,1,has_asl,maqayis_openiti,Harun_DarAlFikr,high
ضغب,ضغب,الضاد والغين والباء ليس بأصل، بل هو بعض الأصوات,,1,has_asl,maqayis_openiti,Harun_DarAlFikr,high
ضغت,ضغت,الضاد والغين والتاء ليس بشيء,,1,parse_uncertain,maqayis_openiti,Harun_DarAlFikr,low
ضغث,ضغث,الضاد والغين والثاء أصل واحد يدل على التباس الشيء بعضه ببعض,,1,has_asl,maqayis_openiti,Harun_DarAlFikr,high
ضغز,ضغز,الضاد والغين والزاء ليس بأصل صحيح، إلا أن يأتي به شعر,,1,has_asl,maqayis_openiti,Harun_DarAlFikr,high
ضغط,ضغط,الضاد والغين والطاء أصل صحيح واحد يدل على مزاحمة بشدة,,1,has_asl,maqayis_openiti,Harun_DarAlFikr,high
ضغم,ضغم,الضاد والغين والميم أصيل واحد يدل على العض، يقال: ضغمه,,1,has_asl,maqayis_openiti,Harun_DarAlFikr,high
ضغن,ضغن,الضاد والغين والنون أصل صحيح يدل على تغطية شيء في ميل واعوجاج، ولا يدل على خير,,1,has_asl,maqayis_openiti,Harun_DarAlFikr,high
ضف,ضف,الضاد والفاء أصل صحيح يدل على أمرين: أحدهما الاجتماع، والآخر القلة والضعف,,1,has_asl,maqayis_openiti,Harun_DarAlFikr,high
ضفر,ضفر,الضاد والفاء والراء أصل صحيح، وهو ضم الشيء إلى الشيء نسجا أو غيره عريضا,,1,has_asl,maqayis_openiti,Harun_DarAlFikr,high
ضفز,ضفز,الضاد والفاء والزاء أصل صحيح يدل على دفع شيء بشيء تلقمه، ثم يحمل على ذلك,,1,has_asl,maqayis_openiti,Harun_DarAlFikr,high
ضفس,ضفس,الضاد والفاء والسين ليس بشيء، إلا أن ابن دريد ذكر أن الضفس مثل الضفز,,1,parse_uncertain,maqayis_openiti,Harun_DarAlFikr,low
ضفط,ضفط,الضاد والفاء والطاء أصيل يقولون إنه صحيح، وأصله الحمق والجفاء,,1,has_asl,maqayis_openiti,Harun_DarAlFikr,high
ضفع,ضفع,الضاد والفاء والعين ليس بشيء,,1,parse_uncertain,maqayis_openiti,Harun_DarAlFikr,low
ضفن,ضفن,الضاد والفاء والنون أصل صحيح يدل على رمي الشيء بخفاء,,1,has_asl,maqayis_openiti,Harun_DarAlFikr,high
ضفو,ضفو,الضاد والفاء والحرف المعتل أصل صحيح يدل على سبوغ وتمام,,1,has_asl,maqayis_openiti,Harun_DarAlFikr,high
ضك,ضك,الضاد والكاف أصيل صحيح فيه كلمتان: امرأة ضكضاكة ورجل ضكضاك، يراد به القصر واكتناز اللحم,,1,parse_uncertain,maqayis_openiti,Harun_DarAlFikr,low
ضكع,ضكع,الضاد والكاف والعين فيه كلمة لا قياس لها,,1,parse_uncertain,maqayis_openiti,Harun_DarAlFikr,low
ضكل,ضكل,الضاد والكاف واللام,,1,parse_uncertain,maqayis_openiti,Harun_DarAlFikr,low
ضل,ضل,الضاد واللام أصل صحيح يدل على معنى واحد، وهو ضياع الشيء وذهابه في غير حقه,,1,has_asl,maqayis_openiti,Harun_DarAlFikr,high
ضلع,ضلع,الضاد واللام والعين أصل واحد صحيح مطرد، يدل على ميل واعوجاج,,1,has_asl,maqayis_openiti,Harun_DarAlFikr,high
ضم,ضم,الضاد والميم أصل واحد يدل على ملاءمة بين شيئين,,1,has_asl,maqayis_openiti,Harun_DarAlFikr,high
ضمج,ضمج,الضاد والميم والجيم ليس بشيء، وكذلك ما أشبهه,,1,parse_uncertain,maqayis_openiti,Harun_DarAlFikr,low
ضمد,ضمد,الضاد والميم والدال أصل صحيح يدل على جمع وتجمع,,1,has_asl,maqayis_openiti,Harun_DarAlFikr,high
ضمر,ضمر,يدل على دقة في الشيء ||| يدل على غيبة وتستر,الضاد والميم والراء أصلان صحيحان,2,has_asl,maqayis_openiti,Harun_DarAlFikr,high
ضمز,ضمز,الضاد والميم والزاء أصل صحيح يدل على إمساك في كلام أو إمساك على شيء بفم وما أشبه ذلك,,1,has_asl,maqayis_openiti,Harun_DarAlFikr,high
ضمس,ضمس,الضاد والميم والسين ليس بشيء,,1,parse_uncertain,maqayis_openiti,Harun_DarAlFikr,low
ضمن,ضمن,الضاد والميم والنون أصل صحيح، وهو جعل الشيء في شيء يحويه,,1,has_asl,maqayis_openiti,Harun_DarAlFikr,high
ضن,ضن,الضاد والنون أصل صحيح يدل على بخل بالشيء,,1,has_asl,maqayis_openiti,Harun_DarAlFikr,high
ضنط,ضنط,الضاد والنون والطاء، يقولون فيه: إن الضناط الزحام الكثير,,1,parse_uncertain,maqayis_openiti,Harun_DarAlFikr,low
ضنك,ضنك,الضيق ||| مرض,الضاد والنون والكاف أصلان صحيحان وإن قل فروعهما,2,has_asl,maqayis_openiti,Harun_DarAlFikr,high
ضنى,ضنى,يدل على مرض ||| يتردد بين مهموز وغيره، ويدل ذلك على شيئين: إما أصل وإما نتاج، والأصل والنتاج متقاربان,الضاد والنون والحرف المعتل أصلان صحيحان,2,has_asl,maqayis_openiti,Harun_DarAlFikr,high
ضهب,ضهب,الضاد والهاء والباء أصل صحيح يدل على شيء وما أشبه ذلك,,1,has_asl,maqayis_openiti,Harun_DarAlFikr,high
ضهد,ضهد,الضاد والهاء والدال كلمة واحدة,,1,parse_uncertain,maqayis_openiti,Harun_DarAlFikr,low
ضهر,ضهر,الضاد والهاء والراء ليس بشيء، ولا فيه شاهد شعر، لكنهم يقولون: إن الضهر خلقة في الجبل من صخر يخالف جبلته,,1,parse_uncertain,maqayis_openiti,Harun_DarAlFikr,low
ضهس,ضهس,الضاد والهاء والسين ليس بشيء,,1,parse_uncertain,maqayis_openiti,Harun_DarAlFikr,low
ضهل,ضهل,يدل على قلة ||| على أوبة,الضاد والهاء واللام أصلان صحيحان,2,has_asl,maqayis_openiti,Harun_DarAlFikr,high
ضهي,ضهي,الضاد والهاء والياء أصل صحيح يدل على مشابهة شيء لشيء,,1,has_asl,maqayis_openiti,Harun_DarAlFikr,high
ضوا,ضوأ,الضاد والواو والهمزة أصل صحيح، يدل على نور,,1,has_asl,maqayis_openiti,Harun_DarAlFikr,high
ضوب,ضوب,الضاد والواو والباء شيء يقال ما أدري ما صحته,,1,parse_uncertain,maqayis_openiti,Harun_DarAlFikr,low
ضوج,ضوج,الضاد والواو والجيم حرف واحد، وهو الضوج: منعطف الوادي، وجمعه أضواج,,1,parse_uncertain,maqayis_openiti,Harun_DarAlFikr,low
ضور,ضور,الضاد والواو والراء أصيل صحيح وفيه بعض الإبدال,,1,parse_uncertain,maqayis_openiti,Harun_DarAlFikr,low
ضوز,ضوز,نوع من الأكل ||| دال على اعوجاج,الضاد والواو والزاء أصلان صحيحان,2,has_asl,maqayis_openiti,Harun_DarAlFikr,high
ضوض,ضوض,الضاد والواو والضاد، الضوضاة قد مضى ذكره، والأصل مضاعف,,1,has_asl,maqayis_openiti,Harun_DarAlFikr,high
ضوط,ضوط,الضاد والواو والطاء كلمة واحدة، وهي الضويطة,,1,parse_uncertain,maqayis_openiti,Harun_DarAlFikr,low
ضوع,ضوع,الضاد والواو والعين كلمة واحدة تتفرع، وهي تدل على التحريك والإزعاج,,1,has_asl,maqayis_openiti,Harun_DarAlFikr,high
ضون,ضون,الضاد والواو والنون ليس بشيء,,1,parse_uncertain,maqayis_openiti,Harun_DarAlFikr,low
ضوي,ضوي,الضاد والواو والياء أصل صحيح يدل على هزال,,1,has_asl,maqayis_openiti,Harun_DarAlFikr,high
ضيح,ضيح,الضاد والياء والحاء أصيل صحيح، وهو اللبن الممزوج، وهو الضياح,,1,parse_uncertain,maqayis_openiti,Harun_DarAlFikr,low
ضير,ضير,الضاد والياء والراء كلمة واحدة، وهو من الضير والمضرة,,1,parse_uncertain,maqayis_openiti,Harun_DarAlFikr,low
ضيز,ضيز,الضاد والياء والزاء قد مضى ذكره، وأصله فيما يقال: الواو,,1,has_asl,maqayis_openiti,Harun_DarAlFikr,high
ضيع,ضيع,الضاد والياء والعين أصل صحيح يدل على فوت الشيء وذهابه وهلاكه,,1,has_asl,maqayis_openiti,Harun_DarAlFikr,high
ضيف,ضيف,الضاد والياء والفاء أصل واحد صحيح، يدل على ميل الشيء إلى الشيء,,1,has_asl,maqayis_openiti,Harun_DarAlFikr,high
ضيق,ضيق,الضاد والياء والقاف كلمة واحدة تدل على خلاف السعة، وذلك هو الضيق والضيقة: الفقر,,1,has_asl,maqayis_openiti,Harun_DarAlFikr,high
ضيك,ضيك,الضاد والياء والكاف كلمة لا تتفرع,,1,parse_uncertain,maqayis_openiti,Harun_DarAlFikr,low
ضيل,ضيل,الضاد والياء واللام أصل واحد يدل على نبات معروف,,1,has_asl,maqayis_openiti,Harun_DarAlFikr,high
ضيم,ضيم,الضاد والياء والميم أصل صحيح، وهو كالقهر والاضطهاد,,1,has_asl,maqayis_openiti,Harun_DarAlFikr,high
طا,طأ,الطاء والهمزة، وهو يدل على هبط شيء,,1,has_asl,maqayis_openiti,Harun_DarAlFikr,high
طب,طب,يدل على علم بالشيء ومهارة فيه ||| على امتداد في الشيء واستطالة,الطاء والباء أصلان صحيحان,2,has_asl,maqayis_openiti,Harun_DarAlFikr,high
طبخ,طبخ,الطاء والباء والخاء أصل واحد، وهو الطبخ المعروف، يقال طبخت الشيء أطبخه طبخا، وأنا طابخ، والشيء مطبوخ وطبيخ,,1,has_asl,maqayis_openiti,Harun_DarAlFikr,high
طبس,طبس,الطاء والباء والسين ليس بشيء,,1,parse_uncertain,maqayis_openiti,Harun_DarAlFikr,low
طبع,طبع,الطاء والباء والعين أصل صحيح، وهو مثل على نهاية ينتهي إليها الشيء حتى يختم عندها، يقال: طبعت على الشيء طابعا,,1,has_asl,maqayis_openiti,Harun_DarAlFikr,high
طبق,طبق,الطاء والباء والقاف أصل صحيح واحد، وهو يدل على وضع شيء مبسوط على مثله حتى يغطيه,,1,has_asl,maqayis_openiti,Harun_DarAlFikr,high
طبل,طبل,الطاء والباء واللام ثلاث كلمات ليست لها طلاوة كلام العرب، وما أدري كيف هي؟ من ذلك الطبل الذي يضرب,,1,parse_uncertain,maqayis_openiti,Harun_DarAlFikr,low
طبن,طبن,الطاء والباء والنون أصل صحيح يدل على ثبات,,1,has_asl,maqayis_openiti,Harun_DarAlFikr,high
طبى,طبى,الطاء والباء والحرف المعتل أصيل يدل على استدعاء شيء,,1,has_asl,maqayis_openiti,Harun_DarAlFikr,high
طث,طث,الطاء والثاء ليس بشيء,,1,parse_uncertain,maqayis_openiti,Harun_DarAlFikr,low
طثر,طثر,الطاء والثاء والراء أصيل صحيح يدل على غضارة في الشيء وكثرة ندى,,1,has_asl,maqayis_openiti,Harun_DarAlFikr,high
طجن,طجن,يقولون في الطاء والجيم والنون: إن الطاجن: الطابق,,1,parse_uncertain,maqayis_openiti,Harun_DarAlFikr,low
طح,طح,الطاء والحاء قريب من الذي قبله على أنهم يقولون: الطح: أن تسحج الشيء بعقبك,,1,parse_uncertain,maqayis_openiti,Harun_DarAlFikr,low
طحر,طحر,الطاء والحاء والراء أصل صحيح يدل على الحفز والرمي والقذف,,1,has_asl,maqayis_openiti,Harun_DarAlFikr,high
طحل,طحل,الطاء والحاء واللام أصل صحيح يدل على لون غير صاف ولا مشرق,,1,has_asl,maqayis_openiti,Harun_DarAlFikr,high
طحم,طحم,الطاء والحاء والميم أصل صحيح يدل على تجمع وتكاثف,,1,has_asl,maqayis_openiti,Harun_DarAlFikr,high
طحن,طحن,الطاء والحاء والنون أصل صحيح، وهو فت الشيء ورفته بما يدور عليه من فوقه,,1,has_asl,maqayis_openiti,Harun_DarAlFikr,high
طحو,طحو,الطاء والحاء والحرف المعتل أصل صحيح يدل على البسط والمد,,1,has_asl,maqayis_openiti,Harun_DarAlFikr,high
طخ,طخ,الطاء والخاء ليس [له] عندي أصل مطرد ولا منقاس,,1,has_asl,maqayis_openiti,Harun_DarAlFikr,high
طخر,طخر,الطاء والخاء والراء أصل صحيح يدل على خفة في شيء,,1,has_asl,maqayis_openiti,Harun_DarAlFikr,high
طخف,طخف,الطاء والخاء والفاء أصيل يدل على الشيء الرقيق,,1,has_asl,maqayis_openiti,Harun_DarAlFikr,high
طخم,طخم,الطاء والخاء والميم أصل صحيح يدل على سواد في شيء,,1,has_asl,maqayis_openiti,Harun_DarAlFikr,high
طخى,طخى,الطاء والخاء والحرف المعتل أصل صحيح يدل على ظلمة وغشاء، من ذلك الطخوة والطخية: السحابة الرقيقة,,1,has_asl,maqayis_openiti,Harun_DarAlFikr,high
طر,طر,الطاء والراء أصل صحيح يدل على حدة في الشيء واستطالة وامتداد، من ذلك قولهم: طر السنان، إذا حدده,,1,has_asl,maqayis_openiti,Harun_DarAlFikr,high
طرب,طرب,الطاء والراء والباء أصيل صحيح,,1,parse_uncertain,maqayis_openiti,Harun_DarAlFikr,low
طرث,طرث,الطاء والراء والثاء كلمة صحيحة، وهي الطرثوث، وهي نبت,,1,parse_uncertain,maqayis_openiti,Harun_DarAlFikr,low
طرح,طرح,الطاء والراء والحاء أصل صحيح يدل على نبذ الشيء وإلقائه,,1,has_asl,maqayis_openiti,Harun_DarAlFikr,high
طرد,طرد,الطاء والراء والدال أصل واحد صحيح يدل على إبعاد,,1,has_asl,maqayis_openiti,Harun_DarAlFikr,high
طرز,طرز,الطاء والراء والزاء كلمة يظن أنها فارسية معربة، وهي في شعر حسان: بيض الوجوه كريمة أحسابهم,,1,parse_uncertain,maqayis_openiti,Harun_DarAlFikr,low
طرس,طرس,الطاء والراء والسين فيه كلام لعله أن يكون صحيحا,,1,parse_uncertain,maqayis_openiti,Harun_DarAlFikr,low
طرش,طرش,الطاء والراء والشين كلمة معروفة، وهي الطرش، معروف,,1,parse_uncertain,maqayis_openiti,Harun_DarAlFikr,low
طرط,طرط,الطاء والراء والطاء كلمة,,1,parse_uncertain,maqayis_openiti,Harun_DarAlFikr,low
طرف,طرف,يدل على حد الشيء وحرفه ||| يدل على حركة في بعض الأعضاء,الطاء والراء والفاء أصلان,2,has_asl,maqayis_openiti,Harun_DarAlFikr,high
طرق,طرق,الطروق ||| الضرب، يقال: طرق يطرق طرقا ||| استرخاء الشيء ||| خصف شيء على شيء,الطاء والراء والقاف أربعة أصول، أحدها: الإتيان مساء، والثاني: الضرب، والثالث: جنس من استرخاء الشيء، والرابع: خصف شيء على شيء,4,has_asl,maqayis_openiti,Harun_DarAlFikr,high
طرم,طرم,الطاء والراء والميم أصيل صحيح يدل على تراكم شيء,,1,has_asl,maqayis_openiti,Harun_DarAlFikr,high
طرى,طرى,الطاء والراء والحرف المعتل أصيل صحيح يدل على غضاضة وجدة,,1,has_asl,maqayis_openiti,Harun_DarAlFikr,high
طري,طري,قا,,1,parse_uncertain,maqayis_openiti,Harun_DarAlFikr,low
طس,طس,الطاء والسين ليس أصلا,,1,has_asl,maqayis_openiti,Harun_DarAlFikr,high
طسا,طسأ,الطاء والسين والهمزة كلمة واحدة,,1,parse_uncertain,maqayis_openiti,Harun_DarAlFikr,low
طست,طست,الطاء والسين والتاء ليس بشيء، إلا الطست، وهي معروفة,,1,parse_uncertain,maqayis_openiti,Harun_DarAlFikr,low
طسل,طسل,الطاء والسين واللام فيه كلمات، ولعلها أن تكون صحيحة غير أنها لا قياس لها,,1,parse_uncertain,maqayis_openiti,Harun_DarAlFikr,low
طسم,طسم,الطاء والسين والميم كلمة واحدة,,1,parse_uncertain,maqayis_openiti,Harun_DarAlFikr,low
طش,طش,الطاء والشين أصيل يدل على قلة في مطر، ويجوز أن يستعار في غيره أصلا,,1,has_asl,maqayis_openiti,Harun_DarAlFikr,high
طع,طع,الطاء والعين ليس بشيء,,1,parse_uncertain,maqayis_openiti,Harun_DarAlFikr,low
طعم,طعم,الطاء والعين والميم أصل مطرد منقاس في تذوق الشيء,,1,has_asl,maqayis_openiti,Harun_DarAlFikr,high
طعن,طعن,الطاء والعين والنون أصل صحيح مطرد، وهو النخس في الشيء بما ينفذه، ثم يحمل عليه ويستعار,,1,has_asl,maqayis_openiti,Harun_DarAlFikr,high
طغم,طغم,الطاء والغين والميم كلمة ما أحسبها من أصل كلام العرب,,1,has_asl,maqayis_openiti,Harun_DarAlFikr,high
طغى,طغى,الطاء والغين والحرف المعتل أصل صحيح منقاس، وهو مجاوزة الحد في العصيان,,1,has_asl,maqayis_openiti,Harun_DarAlFikr,high
طف,طف,الطاء والفاء يدل على قلة الشيء,,1,has_asl,maqayis_openiti,Harun_DarAlFikr,high
طفح,طفح,الطاء والفاء والحاء,,1,parse_uncertain,maqayis_openiti,Harun_DarAlFikr,low
طفر,طفر,الطاء والفاء الراء كلمة صحيحة، يقال: طفر: وثب,,1,parse_uncertain,maqayis_openiti,Harun_DarAlFikr,low
طفس,طفس,الطاء والفاء والسين، يقولون طفس: مات، والطفس: الدرن,,1,parse_uncertain,maqayis_openiti,Harun_DarAlFikr,low
طفق,طفق,الطاء والفاء والقاف كلمة صحيحة,,1,parse_uncertain,maqayis_openiti,Harun_DarAlFikr,low
طفل,طفل,الطاء والفاء واللام أصل صحيح مطرد، ثم يقاس عليه، والأصل: المولود الصغير ; يقال: هو طفل، والأنثى طفلة,,1,has_asl,maqayis_openiti,Harun_DarAlFikr,high
طفن,طفن,الطاء والفاء والنون ليس بشيء,,1,parse_uncertain,maqayis_openiti,Harun_DarAlFikr,low
طفو,طفو,الطاء والفاء والحرف المعتل أصل صحيح، وهو يدل على الشيء الخفيف يعلو الشيء,,1,has_asl,maqayis_openiti,Harun_DarAlFikr,high
طل,طل,الطاء واللام يدل على أصول ثلاثة: أحدها: غضاضة الشيء وغضارته، والآخر: الإشراف، والثالث: إبطال الشيء,,3,has_asl,maqayis_openiti,Harun_DarAlFikr,high
طلب,طلب,الطاء واللام والباء أصل واحد يدل على ابتغاء الشيء,,1,has_asl,maqayis_openiti,Harun_DarAlFikr,high
طلح,طلح,جنس من الشجر ||| باب من الهزال وما أشبهه,الطاء واللام والحاء أصلان صحيحان,2,has_asl,maqayis_openiti,Harun_DarAlFikr,high
طلخ,طلخ,الطاء واللام والخاء ليس بشيء، وذكروا فيه كلمة كأنها مقلوبة,,1,parse_uncertain,maqayis_openiti,Harun_DarAlFikr,low
طلس,طلس,الطاء واللام والسين أصل صحيح، كأنه يدل على ملاسة,,1,has_asl,maqayis_openiti,Harun_DarAlFikr,high
طلع,طلع,الطاء واللام والعين أصل واحد صحيح، يدل على ظهور وبروز، يقال: طلعت الشمس طلوعا ومطلعا,,1,has_asl,maqayis_openiti,Harun_DarAlFikr,high
طلف,طلف,الطاء واللام والفاء أصل صحيح يدل على إهانة الشيء وطرحه، ثم يحمل عليه,,1,has_asl,maqayis_openiti,Harun_DarAlFikr,high
طلق,طلق,الطاء واللام والقاف أصل صحيح مطرد واحد، وهو يدل على التخلية والإرسال,,1,has_asl,maqayis_openiti,Harun_DarAlFikr,high
طلم,طلم,الطاء واللام والميم أصل صحيح، وهو ضرب الشيء ببسط الشيء المبسوط,,1,has_asl,maqayis_openiti,Harun_DarAlFikr,high
طله,طله,الطاء واللام والهاء ليس عندي بأصل يفرع منه، ولا قياسه بذلك الصحيح، لكنهم يقولون: طله في البلاد، إذا ذهب، يطله طلها,,1,has_asl,maqayis_openiti,Harun_DarAlFikr,high
طلى,طلى,يدل على لطخ شيء بشيء ||| على شيء صغير كالولد للشيء,الطاء واللام والحرف المعتل أصلان صحيحان,2,has_asl,maqayis_openiti,Harun_DarAlFikr,high
طم,طم,الطاء والميم أصل صحيح يدل على تغطية الشيء للشيء حتى يسويه به، الأرض أو غيرها,,1,has_asl,maqayis_openiti,Harun_DarAlFikr,high
طمث,طمث,الطاء والميم والثاء أصل صحيح يدل على مس الشيء,,1,has_asl,maqayis_openiti,Harun_DarAlFikr,high
طمح,طمح,الطاء والميم والحاء أصل صحيح يدل على علو في شيء,,1,has_asl,maqayis_openiti,Harun_DarAlFikr,high
طمر,طمر,الطاء والميم والراء أصل صحيح يدل على معنيين، أحدهما: الوثب، والآخر وهو قريب من الأول: هوي الشيء إلى أسفل,,1,has_asl,maqayis_openiti,Harun_DarAlFikr,high
طمس,طمس,الطاء والميم والسين أصل يدل على محو الشيء ومسحه,,1,has_asl,maqayis_openiti,Harun_DarAlFikr,high
طمش,طمش,الطاء والميم والشين لا قياس له، ولولا أنه في الشعر لكان من المشكوك فيه ; لأنه لا يشبه كلام العرب,,1,parse_uncertain,maqayis_openiti,Harun_DarAlFikr,low
طمع,طمع,الطاء والميم والعين أصل واحد صحيح يدل على رجاء في القلب قوي للشيء,,1,has_asl,maqayis_openiti,Harun_DarAlFikr,high
طمل,طمل,الطاء والميم واللام أصيل يدل على ضعة وسفال,,1,has_asl,maqayis_openiti,Harun_DarAlFikr,high
طمن,طمن,الطاء والميم والنون أصيل بزيادة همزة,,1,parse_uncertain,maqayis_openiti,Harun_DarAlFikr,low
طمى,طمى,الطاء والميم والحرف المعتل أصل صحيح يدل على علو وارتفاع في شيء خاص,,1,has_asl,maqayis_openiti,Harun_DarAlFikr,high
طن,طن,الطاء والنون أصل يدل على صوت,,1,has_asl,maqayis_openiti,Harun_DarAlFikr,high
طنب,طنب,الطاء والنون والباء أصل يدل على ثبات الشيء وتمكنه في استطالة,,1,has_asl,maqayis_openiti,Harun_DarAlFikr,high
طنخ,طنخ,الطاء والنون والخاء كلمة، إن صحت,,1,parse_uncertain,maqayis_openiti,Harun_DarAlFikr,low
طنف,طنف,الطاء والنون والفاء أصل صحيح يدل على دور شيء على شيء,,1,has_asl,maqayis_openiti,Harun_DarAlFikr,high
طنى,طنى,الطاء والنون والحرف المعتل كلمة تدل على مرض من أمراض الإبل,,1,has_asl,maqayis_openiti,Harun_DarAlFikr,high
طه,طه,الطاء والهاء كلمة واحدة,,1,parse_uncertain,maqayis_openiti,Harun_DarAlFikr,low
طهر,طهر,الطاء والهاء والراء أصل واحد صحيح يدل على نقاء وزوال دنس,,1,has_asl,maqayis_openiti,Harun_DarAlFikr,high
طهش,طهش,الطاء والهاء والشين ليس بشيء,,1,parse_uncertain,maqayis_openiti,Harun_DarAlFikr,low
طهف,طهف,الطاء والهاء والفاء كالذي قبله,,1,parse_uncertain,maqayis_openiti,Harun_DarAlFikr,low
طهل,طهل,الطاء والهاء واللام كلمة إن صحت,,1,parse_uncertain,maqayis_openiti,Harun_DarAlFikr,low
طهم,طهم,الطاء والهاء والميم أصل صحيح يدل على شيء في خلق الإنسان وغيره,,1,has_asl,maqayis_openiti,Harun_DarAlFikr,high
طهى,طهى,الطاء والهاء والحرف المعتل أصل صحيح يدل على أمرين: إما على معالجة شيء، وإما على رقة,,1,has_asl,maqayis_openiti,Harun_DarAlFikr,high
طوب,طوب,الطاء والواو والباء ليس بأصل ; لأن الطوب - فيما أحسب - هذا الذي يسمى الآجر، وما أظن العرب تعرفه,,1,has_asl,maqayis_openiti,Harun_DarAlFikr,high
طوح,طوح,الطاء والواو والحاء ليس بأصل، وكأنه من باب الإبدال,,1,has_asl,maqayis_openiti,Harun_DarAlFikr,high
طود,طود,الطاء والواو والدال أصل صحيح، وفيه كلمة واحدة,,1,has_asl,maqayis_openiti,Harun_DarAlFikr,high
طور,طور,الطاء والواو والراء أصل صحيح يدل على معنى واحد، وهو الامتداد في شيء من مكان أو زمان,,1,has_asl,maqayis_openiti,Harun_DarAlFikr,high
طوس,طوس,الطاء والواو والسين ليس بأصل، إنما فيه الذي يقال له: الطاوس,,1,has_asl,maqayis_openiti,Harun_DarAlFikr,high
طوط,طوط,الطاء والواو والطاء كلمتان إن صحتا,,1,parse_uncertain,maqayis_openiti,Harun_DarAlFikr,low
طوع,طوع,الطاء والواو والعين أصل صحيح واحد يدل على الإصحاب والانقياد,,1,has_asl,maqayis_openiti,Harun_DarAlFikr,high
طوف,طوف,الطاء والواو والفاء أصل واحد صحيح يدل على دوران الشيء على الشيء، وأن يحف به,,1,has_asl,maqayis_openiti,Harun_DarAlFikr,high
طوق,طوق,الطاء والواو والقاف أصل صحيح يدل على مثل ما دل عليه الباب الذي قبله,,1,has_asl,maqayis_openiti,Harun_DarAlFikr,high
طول,طول,الطاء والواو واللام أصل صحيح يدل على فضل وامتداد في الشيء,,1,has_asl,maqayis_openiti,Harun_DarAlFikr,high
طوي,طوي,الطاء والواو والياء أصل صحيح يدل على إدراج شيء حتى يدرج بعضه في بعض، ثم يحمل عليه تشبيها,,1,has_asl,maqayis_openiti,Harun_DarAlFikr,high
طيب,طيب,الطاء والياء والباء أصل واحد صحيح يدل على خلاف الخبيث,,1,has_asl,maqayis_openiti,Harun_DarAlFikr,high
طيخ,طيخ,الطاء والياء والخاء أصل صحيح يدل على تلطخ بغير جميل,,1,has_asl,maqayis_openiti,Harun_DarAlFikr,high
طير,طير,الطاء والياء والراء أصل واحد يدل على خفة الشيء في الهواء,,1,has_asl,maqayis_openiti,Harun_DarAlFikr,high
طيس,طيس,الطاء والياء والسين كلمة واحدة,,1,parse_uncertain,maqayis_openiti,Harun_DarAlFikr,low
طيش,طيش,الطاء والياء والشين كلمة واحدة، وهي الطيش والخفة,,1,parse_uncertain,maqayis_openiti,Harun_DarAlFikr,low
طين,طين,الطاء والياء والنون كلمة واحدة، وهي الطين، وهو معروف,,1,parse_uncertain,maqayis_openiti,Harun_DarAlFikr,low
ظاب,ظأب,الظاء والهمزة والباء كلمتان متباينتان: إحداهما الظأب، وهو سلف الرجل,,1,parse_uncertain,maqayis_openiti,Harun_DarAlFikr,low
ظار,ظأر,الظاء والهمزة والراء أصل صحيح واحد يدل على العطف والدنو,,1,has_asl,maqayis_openiti,Harun_DarAlFikr,high
ظام,ظأم,الظاء والهمزة والميم من الكلام والجلبة، وهو إبدال,,1,parse_uncertain,maqayis_openiti,Harun_DarAlFikr,low
ظبى,ظبى,الظاء والباء والحرف المعتل كلمتان، إحداهما: الظبي، والأخرى: ظبة السيف، وما لواحدة منهما قياس,,1,parse_uncertain,maqayis_openiti,Harun_DarAlFikr,low
ظر,ظر,الظاء والراء أصل صحيح واحد يدل على حجر محدد الطرف,,1,has_asl,maqayis_openiti,Harun_DarAlFikr,high
ظرب,ظرب,الظاء والراء والباء أصل صحيح يدل على شيء ثابت أو غير ثابت مع حدة,,1,has_asl,maqayis_openiti,Harun_DarAlFikr,high
ظرف,ظرف,الظاء والراء والفاء كلمة كأنها صحيحة,,1,parse_uncertain,maqayis_openiti,Harun_DarAlFikr,low
ظعن,ظعن,الظاء والعين والنون أصل واحد صحيح يدل على الشخوص من مكان إلى مكان,,1,has_asl,maqayis_openiti,Harun_DarAlFikr,high
ظفر,ظفر,على القهر والفوز والغلبة ||| على قوة في الشيء,الظاء والفاء والراء أصلان صحيحان، يدل,2,has_asl,maqayis_openiti,Harun_DarAlFikr,high
ظل,ظل,الظاء واللام أصل واحد، يدل على ستر شيء لشيء، وهو الذي يسمى الظل,,1,has_asl,maqayis_openiti,Harun_DarAlFikr,high
ظلع,ظلع,الظاء واللام والعين أصيل يدل على ميل في مشي,,1,has_asl,maqayis_openiti,Harun_DarAlFikr,high
ظلف,ظلف,الظاء واللام والفاء أصل صحيح يدل على أدنى قوة وشدة,,1,has_asl,maqayis_openiti,Harun_DarAlFikr,high
ظلم,ظلم,خلاف الضياء والنور ||| وضع الشيء غير موضعه تعديا,الظاء واللام والميم أصلان صحيحان,2,has_asl,maqayis_openiti,Harun_DarAlFikr,high
ظما,ظما,الظاء والميم والحرف المعتل والمهموز أصل واحد يدل على ذبول وقلة ماء,,1,has_asl,maqayis_openiti,Harun_DarAlFikr,high
ظن,ظن,الظاء والنون أصيل صحيح يدل على معنيين مختلفين: يقين وشك,,1,has_asl,maqayis_openiti,Harun_DarAlFikr,high
ظنب,ظنب,الظاء والنون والباء كلمة صحيحة، وهو العظم اليابس من ساق وغيره، ثم يتمثل به فيقال للجاد في الأمر: قد قرع ظنبوبه,,1,parse_uncertain,maqayis_openiti,Harun_DarAlFikr,low
ظهر,ظهر,الظاء والهاء والراء أصل صحيح واحد يدل على قوة وبروز,,1,has_asl,maqayis_openiti,Harun_DarAlFikr,high
عب,عب,العين والباء أصل صحيح واحد يدل على كثرة ومعظم في ماء وغيره,,1,has_asl,maqayis_openiti,Harun_DarAlFikr,high
عبا,عبأ,العين والباء والهمزة والحرف المعتل غير المهموز أصل واحد، يدل على اجتماع في ثقل,,1,has_asl,maqayis_openiti,Harun_DarAlFikr,high
عبث,عبث,العين والباء والثاء أصل صحيح واحد، يدل على الخلط يقال: عبث الأقط، وأنا أعبثه عبثا، وهو عبيث، وهو يخلط ويجفف في الشمس,,1,has_asl,maqayis_openiti,Harun_DarAlFikr,high
عبج,عبج,العين والباء والجيم ليس عند الخليل [فيه] شيء,,1,parse_uncertain,maqayis_openiti,Harun_DarAlFikr,low
عبد,عبد,العبد، وهو المملوك، والجماعة العبيد، وثلاثة أعبد وهم العباد ||| العبدة، وهي القوة والصلابة; يقال هذا ثوب له عبدة، إذا كان صفيقا قويا,العين والباء والدال أصلان صحيحان، كأنهما متضادان، و [الأول] من ذينك الأصلين يدل على لين وذل، والآخر على شدة وغلظ,2,has_asl,maqayis_openiti,Harun_DarAlFikr,high
عبر,عبر,العين والباء والراء أصل صحيح واحد يدل على النفوذ والمضي في الشيء,,1,has_asl,maqayis_openiti,Harun_DarAlFikr,high
عبس,عبس,العين والباء والسين أصل صحيح يدل على تكره في شيء,,1,has_asl,maqayis_openiti,Harun_DarAlFikr,high
عبط,عبط,العين والباء والطاء أصل صحيح يدل على شدة تصيب من غير استحقاق,,1,has_asl,maqayis_openiti,Harun_DarAlFikr,high
عبق,عبق,العين والباء والقاف أصل صحيح واحد، وهو لزوم الشيء للشيء,,1,has_asl,maqayis_openiti,Harun_DarAlFikr,high
عبك,عبك,العين والباء والكاف أصيل صحيح يدل على ما يدل عليه الذي قبله، وليس ببعيد أن يكون من باب الإبدال,,1,has_asl,maqayis_openiti,Harun_DarAlFikr,high
عبل,عبل,العين والباء واللام أصل صحيح يدل على ضخم وامتداد وشدة,,1,has_asl,maqayis_openiti,Harun_DarAlFikr,high
عبم,عبم,العين والباء والميم كلمة تدل على غلظ وجفاء,,1,has_asl,maqayis_openiti,Harun_DarAlFikr,high
عبن,عبن,العين والباء والنون صحيح، فيه كلمة واحدة,,1,parse_uncertain,maqayis_openiti,Harun_DarAlFikr,low
عت,عت,صحيح يدل على مراجعة كلام وخصام ||| شيء قد قيل من صفات الشبان، ولعله أن يكون صحيحا,العين والتاء أصلان,2,has_asl,maqayis_openiti,Harun_DarAlFikr,high
عتب,عتب,العين والتاء والباء أصل صحيح، يرجع كله إلى الأمر فيه بعض الصعوبة من كلام أو غيره,,1,has_asl,maqayis_openiti,Harun_DarAlFikr,high
عتد,عتد,العين والتاء والدال أصل واحد يدل على حضور وقرب,,1,has_asl,maqayis_openiti,Harun_DarAlFikr,high
عتر,عتر,العين والتاء والراء أصل صحيح يدل على معنيين، أحدهما الأصل والنصاب، والآخر التفرق,,1,has_asl,maqayis_openiti,Harun_DarAlFikr,high
عتق,عتق,العين والتاء والقاف أصل صحيح يجمع معنى الكرم خلقة وخلقا، ومعنى القدم,,1,has_asl,maqayis_openiti,Harun_DarAlFikr,high
عتك,عتك,العين والتاء والكاف أصل صحيح يدل على قريب من الذي قبله، وليس ببعيد أن يكون من باب الإبدال، وهو من الإقدام والقدم,,1,has_asl,maqayis_openiti,Harun_DarAlFikr,high
عتل,عتل,العين والتاء واللام أصل صحيح يدل على شدة وقوة في الشيء,,1,has_asl,maqayis_openiti,Harun_DarAlFikr,high
عتم,عتم,العين والتاء والميم أصل صحيح يدل على إبطاء في الشيء أو كف عنه,,1,has_asl,maqayis_openiti,Harun_DarAlFikr,high
عتو,عتو,العين والتاء والحرف المعتل أصل صحيح يدل على استكبار,,1,has_asl,maqayis_openiti,Harun_DarAlFikr,high
عث,عث,يدل على دويبة معروفة، ثم يشبه بها غيرها ||| يدل على نعمة في شيء,العين والثاء أصلان صحيحان,2,has_asl,maqayis_openiti,Harun_DarAlFikr,high
عثر,عثر,على الاطلاع على الشيء ||| [على] الإثارة للغبار,العين والثاء والراء أصلان صحيحان، يدل,2,has_asl,maqayis_openiti,Harun_DarAlFikr,high
عثل,عثل,ذكروا فيه كلمة إن صحت,,1,parse_uncertain,maqayis_openiti,Harun_DarAlFikr,low
عثم,عثم,العين والثاء والميم أصل صحيح يدل على غلظ ونتو في الشيء,,1,has_asl,maqayis_openiti,Harun_DarAlFikr,high
عثن,عثن,العين والثاء والنون أصل صحيح يدل على انتشار في شيء وانتفاش,,1,has_asl,maqayis_openiti,Harun_DarAlFikr,high
عثى,عثى,العين والثاء والحرف المعتل كلمة تدل على فساد,,1,has_asl,maqayis_openiti,Harun_DarAlFikr,high
عج,عج,العين والجيم أصل واحد صحيح يدل على ارتفاع في شيء، من صوت أو غبار وما أشبه ذلك,,1,has_asl,maqayis_openiti,Harun_DarAlFikr,high
عجب,عجب,على كبر واستكبار للشيء ||| خلقة من خلق الحيوان,العين والجيم والباء أصلان صحيحان، يدل,2,has_asl,maqayis_openiti,Harun_DarAlFikr,high
عجد,عجد,العين والجيم والدال ليس بشيء، على أنهم يقولون: العجد: الزبيب,,1,parse_uncertain,maqayis_openiti,Harun_DarAlFikr,low
عجر,عجر,العين والجيم والراء أصل واحد صحيح يدل على تعقد في الشيء ونتو مع التواء,,1,has_asl,maqayis_openiti,Harun_DarAlFikr,high
عجز,عجز,على الضعف ||| على مؤخر الشيء,العين والجيم والزاء أصلان صحيحان، يدل,2,has_asl,maqayis_openiti,Harun_DarAlFikr,high
عجس,عجس,العين والجيم والسين أصل صحيح واحد، يدل على تأخر الشيء كالعجز، في عظم وغلظ وتجمع,,1,has_asl,maqayis_openiti,Harun_DarAlFikr,high
عجف,عجف,يدل على هزال ||| على حبس النفس وصبرها على الشيء أو عنه,العين والجيم والفاء أصلان صحيحان,2,has_asl,maqayis_openiti,Harun_DarAlFikr,high
عجل,عجل,على الإسراع ||| على بعض الحيوان,العين والجيم واللام أصلان صحيحان، يدل,2,has_asl,maqayis_openiti,Harun_DarAlFikr,high
عجم,عجم,العين والجيم والميم ثلاثة أصول: أحدها يدل على سكوت وصمت، والآخر على صلابة وشدة، والآخر على عض ومذاقة,,3,has_asl,maqayis_openiti,Harun_DarAlFikr,high
عجن,عجن,العين والجيم والنون أصل صحيح يدل على اكتناز شيء لين غير صلب,,1,has_asl,maqayis_openiti,Harun_DarAlFikr,high
عجى,عجى,العين والجيم والحرف المعتل أصل صحيح يدل على وهن في شيء، إما حادثا وإما خلقة,,1,has_asl,maqayis_openiti,Harun_DarAlFikr,high
عجي,عجي,ن يعجنه عجنا,,1,parse_uncertain,maqayis_openiti,Harun_DarAlFikr,low
عد,عد,العين والدال أصل صحيح واحد لا يخلو من العد الذي هو الإحصاء,,1,has_asl,maqayis_openiti,Harun_DarAlFikr,high
عدب,عدب,,,0,no_asl,maqayis_openiti,Harun_DarAlFikr,high
عدر,عدر,العين والدال والراء ليس بشيء,,1,parse_uncertain,maqayis_openiti,Harun_DarAlFikr,low
عدس,عدس,العين والدال والسين ليس فيه من اللغة شيء، لكنهم يسمون الحب المعروف عدسا,,1,parse_uncertain,maqayis_openiti,Harun_DarAlFikr,low
عدف,عدف,العين والدال والفاء أصيل صحيح يدل على قلة أو يسير من كثير,,1,has_asl,maqayis_openiti,Harun_DarAlFikr,high
عدق,عدق,العين والدال والقاف ليس بشيء,,1,parse_uncertain,maqayis_openiti,Harun_DarAlFikr,low
عدك,عدك,العين والدال والكاف ليس بشيء، إلا كلمة من هنوات ابن دريد، قال: العدك: ضرب الصوف بالمطرقة,,1,parse_uncertain,maqayis_openiti,Harun_DarAlFikr,low
عدل,عدل,يدل على استواء ||| يدل على اعوجاج,العين والدال واللام أصلان صحيحان، لكنهما متقابلان كالمتضادين,2,has_asl,maqayis_openiti,Harun_DarAlFikr,high
عدم,عدم,العين والدال والميم أصل واحد يدل على فقدان الشيء وذهابه,,1,has_asl,maqayis_openiti,Harun_DarAlFikr,high
عدن,عدن,العين والدال والنون أصل صحيح يدل على الإقامة,,1,has_asl,maqayis_openiti,Harun_DarAlFikr,high
عدو,عدو,العين والدال والحرف المعتل أصل واحد صحيح يرجع إليه الفروع كلها، وهو يدل على تجاوز في الشيء وتقدم لما ينبغي أن يقتصر عليه,,1,has_asl,maqayis_openiti,Harun_DarAlFikr,high
عذب,عذب,العين والذال والباء أصل صحيح، لكن كلماته لا تكاد تنقاس، ولا يمكن جمعها إلى شيء واحد,,1,has_asl,maqayis_openiti,Harun_DarAlFikr,high
عذر,عذر,العين والذال والراء بناء صحيح له فروع كثيرة، ما جعل الله - تعالى - فيه وجه قياس بتة، بل كل كلمة منها على نحوها وجهتها مفردة,,1,parse_uncertain,maqayis_openiti,Harun_DarAlFikr,low
عذق,عذق,العين والذال والقاف أصل واحد يدل على امتداد في شيء وتعلق شيء بشيء,,1,has_asl,maqayis_openiti,Harun_DarAlFikr,high
عذل,عذل,العين والذال واللام أصل صحيح يدل على حر وشدة فيه، ثم يقاس عليه ما يقاربه,,1,has_asl,maqayis_openiti,Harun_DarAlFikr,high
عذم,عذم,العين والذال والميم أصيل صحيح يدل على عض وشبهه,,1,has_asl,maqayis_openiti,Harun_DarAlFikr,high
عذي,عذي,العين والذال والحرف المعتل أصيل صحيح يدل على طيب تربة قال الخليل وغيره: العذاة: الأرض الطيبة التربة، الكريمة المنبت,,1,has_asl,maqayis_openiti,Harun_DarAlFikr,high
عر,عر,يدل على لطخ شيء بغير طيب، وما أشبه ذلك ||| يدل على صوت ||| يدل على سمو وارتفاع ||| يدل على معالجة شيء,العين والراء أصول صحيحة أربعة,4,has_asl,maqayis_openiti,Harun_DarAlFikr,high
عرب,عرب,قولهم: أعرب الرجل عن نفسه، إذا بين وأوضح ||| المرأة العروب: الضحاكة الطيبة النفس، وهن العرب ||| قولهم: [عربت] معدته، إذا فسدت، تعرب عربا,العين والراء والباء أصول ثلاثة: أحدها الإنابة والإفصاح، والآخر النشاط وطيب النفس، والثالث فساد في جسم أو عضو,3,has_asl,maqayis_openiti,Harun_DarAlFikr,high
عربس,عربس,و (عربسيس) : متن مستو من الأرض,,1,parse_uncertain,maqayis_openiti,Harun_DarAlFikr,low
عرت,عرت,العين والراء والتاء,,1,parse_uncertain,maqayis_openiti,Harun_DarAlFikr,low
عرث,عرث,قال أبو بكر: العرث: الانتزاع,,1,parse_uncertain,maqayis_openiti,Harun_DarAlFikr,low
عرج,عرج,العرج مصدر الأعرج، ويقال منه: عرج يعرج عرجا، إذا صار أعرج ||| من الإبل، قال قوم: ثمانون إلى تسعين، فإذا بلغت المائة فهي هنيدة، والجمع عروج وأعراج ||| العروج: الارتقاء,العين والراء والجيم ثلاثة أصول: الأول يدل على ميل وميل، والآخر على عدد، والآخر على سمو وارتقاء,3,has_asl,maqayis_openiti,Harun_DarAlFikr,high
عرد,عرد,على قوة واشتداد ||| على ميل وحياد,العين والراء والدال أصلان صحيحان يدل,2,has_asl,maqayis_openiti,Harun_DarAlFikr,high
عرز,عرز,العين والراء والزاء أصل صحيح يدل على استصعاب وانقباض,,1,has_asl,maqayis_openiti,Harun_DarAlFikr,high
عرس,عرس,العين والراء والسين أصل واحد صحيح تعود فروعه إليه، وهو الملازمة,,1,has_asl,maqayis_openiti,Harun_DarAlFikr,high
عرش,عرش,العين والراء والشين أصل صحيح واحد، يدل على ارتفاع في شيء مبني، ثم يستعار في غير ذلك,,1,has_asl,maqayis_openiti,Harun_DarAlFikr,high
عرص,عرص,يدل على إظلال شيء على شيء ||| يدل على الاضطراب,العين والراء والصاد أصلان صحيحان,2,has_asl,maqayis_openiti,Harun_DarAlFikr,high
عرض,عرض,العين والراء والضاد بناء تكثر فروعه، وهي مع كثرتها ترجع إلى أصل واحد، وهو العرض الذي يخالف الطول,,1,has_asl,maqayis_openiti,Harun_DarAlFikr,high
عرف,عرف,على تتابع الشيء متصلا بعضه ببعض ||| على السكون والطمأنينة,العين والراء والفاء أصلان صحيحان، يدل,2,has_asl,maqayis_openiti,Harun_DarAlFikr,high
عرق,عرق,العرق، وهو ما جرى في أصول الشعر من ماء الجلد ||| السنخ المتشعب ||| كشط اللحم عن العظم ||| الامتداد والتتابع في أشياء يتبع بعضها بعضا,العين والراء والقاف أربعة أصول صحيحة: أحدها الشيء يتولد من شيء كالندى والرشح وما أشبهه. والآخر الشيء ذو السنخ، فسنخه منقاس من هذا الباب. والثالث كشط شيء عن شيء، ولا يكاد يكون إلا في اللحم. والرابع اصطفاف وتتابع في أشياء. ثم يشتق من جميع هذه الأصول وما يقاربها,4,has_asl,maqayis_openiti,Harun_DarAlFikr,high
عرك,عرك,العين والراء والكاف أصل واحد صحيح يدل على ذلك وما أشبهه من تمريس شيء بشيء أو تمرسه به,,1,has_asl,maqayis_openiti,Harun_DarAlFikr,high
عركس,عركس,قال الخليل: عركس أصل بناء اعرنكس، وذلك إذا تراكم الشيء بعضه على بعض، يقال اعرنكس,,1,has_asl,maqayis_openiti,Harun_DarAlFikr,high
عرم,عرم,العين والراء والميم أصل صحيح واحد، يدل على شدة وحدة,,1,has_asl,maqayis_openiti,Harun_DarAlFikr,high
عرمرم,عرمرم,الجيش الكثير,,1,parse_uncertain,maqayis_openiti,Harun_DarAlFikr,low
عرمس,عرمس,اسم للصخرة، وبه سميت الناقة الصلبة,,1,parse_uncertain,maqayis_openiti,Harun_DarAlFikr,low
عرن,عرن,العين والراء والنون أصل صحيح واحد يدل على ثبات وإثبات شيء، كالشيء المركب,,1,has_asl,maqayis_openiti,Harun_DarAlFikr,high
عرندس,عرندس,شديد,,1,parse_uncertain,maqayis_openiti,Harun_DarAlFikr,low
عرهوم,عرهوم,وبعير عراهم: طويل,,1,parse_uncertain,maqayis_openiti,Harun_DarAlFikr,low
عروى,عروى,على ثبات وملازمة وغشيان ||| يدل على خلو ومفارقة,العين والراء والحرف المعتل أصلان صحيحان متباينان يدل,2,has_asl,maqayis_openiti,Harun_DarAlFikr,high
عز,عز,العين والزاء أصل صحيح واحد، يدل على شدة وقوة وما ضاهاهما، من غلبة وقهر,,1,has_asl,maqayis_openiti,Harun_DarAlFikr,high
عزب,عزب,العين والزاء والباء أصل صحيح يدل على تباعد وتنح,,1,has_asl,maqayis_openiti,Harun_DarAlFikr,high
عزر,عزر,العين والزاء والراء كلمتان: إحداهما التعظيم والنصر، والكلمة الأخرى جنس من الضرب,,1,parse_uncertain,maqayis_openiti,Harun_DarAlFikr,low
عزف,عزف,يدل على الانصراف عن الشيء ||| على صوت من الأصوات,العين والزاء والفاء أصلان صحيحان,2,has_asl,maqayis_openiti,Harun_DarAlFikr,high
عزق,عزق,العين والزاء والقاف ليس فيه كلام أصيل، لكن الخليل ذكر أن العزق: علاج الشيء في عسر,,1,parse_uncertain,maqayis_openiti,Harun_DarAlFikr,low
عزل,عزل,العين والزاء واللام أصل صحيح يدل على تنحية وإمالة تقول: عزل الإنسان الشيء يعزله، إذا نحاه في جانب,,1,has_asl,maqayis_openiti,Harun_DarAlFikr,high
عزم,عزم,العين والزاء والميم أصل واحد صحيح يدل على الصريمة والقطع,,1,has_asl,maqayis_openiti,Harun_DarAlFikr,high
عزوى,عزوى,العين والزاء والحرف المعتل أصل صحيح يدل على الانتماء والاتصال,,1,has_asl,maqayis_openiti,Harun_DarAlFikr,high
عس,عس,الدنو من الشيء وطلبه ||| خفة في الشيء,العين والسين أصلان متقاربان,2,has_asl,maqayis_openiti,Harun_DarAlFikr,high
عسب,عسب,العين والسين والباء كلمات ثلاث متفردة بمعناها، لا يكاد يتفرع منها شيء,,1,parse_uncertain,maqayis_openiti,Harun_DarAlFikr,low
عسج,عسج,العين والسين والجيم,,1,parse_uncertain,maqayis_openiti,Harun_DarAlFikr,low
عسد,عسد,العين والسين والدال ليس فيه ما يعول على صحته، إلا أنهم يقولون: عسد، إذا جامع,,1,parse_uncertain,maqayis_openiti,Harun_DarAlFikr,low
عسر,عسر,العين والسين والراء أصل صحيح واحد يدل على صعوبة وشدة,,1,has_asl,maqayis_openiti,Harun_DarAlFikr,high
عسف,عسف,العين والسين والفاء كلمات تتقارب ليست تدل على خير إنما هي كالحيرة وقلة البصيرة,,1,has_asl,maqayis_openiti,Harun_DarAlFikr,high
عسق,عسق,العين والسين والقاف أصيل صحيح يدل على لصوق الشيء بالشيء,,1,has_asl,maqayis_openiti,Harun_DarAlFikr,high
عسك,عسك,العين والسين والكاف قريب من الذي قبله,,1,parse_uncertain,maqayis_openiti,Harun_DarAlFikr,low
عسل,عسل,[من] الأصلين دال على الاضطراب ||| طعام حلو، ويشتق منه,العين والسين واللام، الصحيح في هذا الباب أصلان، وبعدهما كلمات إن صحت,2,has_asl,maqayis_openiti,Harun_DarAlFikr,high
عسم,عسم,العين والسين والميم أصل صحيح يدل على التواء ويبس في عضو أو غيره,,1,has_asl,maqayis_openiti,Harun_DarAlFikr,high
عسن,عسن,العين والسين والنون أصيل صحيح يدل على سمن وما قاربه وأشبهه,,1,has_asl,maqayis_openiti,Harun_DarAlFikr,high
عسوي,عسوي,العين والسين والحرف المعتل أصل صحيح يدل على قوة واشتداد في الشيء,,1,has_asl,maqayis_openiti,Harun_DarAlFikr,high
عش,عش,العين والشين أصل واحد صحيح، يدل على قلة ودقة، ثم يرجع إليه فروعه بقياس صحيح,,1,has_asl,maqayis_openiti,Harun_DarAlFikr,high
عشب,عشب,العين والشين والباء أصل واحد صحيح يدل على يبس في شيء وقحول وما أشبه ذلك,,1,has_asl,maqayis_openiti,Harun_DarAlFikr,high
عشر,عشر,في عدد معلوم ثم يحمل عليه غيره ||| يدل على مداخلة ومخالطة,العين والشين والراء أصلان صحيحان,2,has_asl,maqayis_openiti,Harun_DarAlFikr,high
عشز,عشز,العين والشين والزاء كلمتان صحيحتان، إحداهما عند الخليل وليست الأخرى عنده,,1,parse_uncertain,maqayis_openiti,Harun_DarAlFikr,low
عشط,عشط,العين والشين والطاء,,1,parse_uncertain,maqayis_openiti,Harun_DarAlFikr,low
عشق,عشق,العين والشين والقاف أصل صحيح يدل على تجاوز حد المحبة,,1,has_asl,maqayis_openiti,Harun_DarAlFikr,high
عشك,عشك,العين والشين والكاف,,1,parse_uncertain,maqayis_openiti,Harun_DarAlFikr,low
عشم,عشم,العين والشين والميم أصل يدل على يبس في شيء وقحول,,1,has_asl,maqayis_openiti,Harun_DarAlFikr,high
عشو,عشو,العين والشين والحرف المعتل أصل صحيح يدل على ظلام وقلة وضوح في الشيء، ثم يفرع منه ما يقاربه,,1,has_asl,maqayis_openiti,Harun_DarAlFikr,high
عص,عص,العين والصاد أصل يدل على شدة وصلابة في شيء,,1,has_asl,maqayis_openiti,Harun_DarAlFikr,high
عصب,عصب,العين والصاد والباء أصل صحيح واحد يدل على ربط شيء بشيء، مستطيلا أو مستديرا,,1,has_asl,maqayis_openiti,Harun_DarAlFikr,high
عصر,عصر,دهر وحين ||| ضغط شيء حتى يتحلب ||| تعلق بشيء وامتساك به,العين والصاد والراء أصول ثلاثة صحيحة,3,has_asl,maqayis_openiti,Harun_DarAlFikr,high
عصف,عصف,العين والصاد والفاء أصل واحد صحيح يدل على خفة وسرعة,,1,has_asl,maqayis_openiti,Harun_DarAlFikr,high
عصل,عصل,العين والصاد واللام أصل واحد صحيح يدل على اعوجاج في الشيء، مع شدة وكزازة,,1,has_asl,maqayis_openiti,Harun_DarAlFikr,high
عصم,عصم,العين والصاد والميم أصل واحد صحيح يدل على إمساك ومنع وملازمة,,1,has_asl,maqayis_openiti,Harun_DarAlFikr,high
عصوى,عصوى,على التجمع، ويدل الآخر على الفرقة ||| العصيان والمعصية,العين والصاد والحرف المعتل أصلان صحيحان، إلا أنهما متباينان يدل,2,has_asl,maqayis_openiti,Harun_DarAlFikr,high
عض,عض,العين والضاد أصل واحد صحيح، وهو الإمساك على الشيء بالأسنان,,1,has_asl,maqayis_openiti,Harun_DarAlFikr,high
عضب,عضب,العين والضاد والباء أصل صحيح واحد يدل على قطع أو كسر,,1,has_asl,maqayis_openiti,Harun_DarAlFikr,high
عضد,عضد,العين والضاد والدال أصل صحيح يدل على عضو من الأعضاء ; يستعار في موضع القوة والمعين,,1,has_asl,maqayis_openiti,Harun_DarAlFikr,high
عضر,عضر,,,0,no_asl,maqayis_openiti,Harun_DarAlFikr,high
عضل,عضل,العين والضاد واللام أصل واحد صحيح يدل على شدة والتواء في الأمر,,1,has_asl,maqayis_openiti,Harun_DarAlFikr,high
عضم,عضم,العين والضاد والميم قد ذكرت فيه كلمات عن الخليل وغيره وأراها غلطا من الرواة عنه,,1,parse_uncertain,maqayis_openiti,Harun_DarAlFikr,low
عضو,عضو,العين والضاد والحرف المعتل أصل واحد يدل على تجزئة الشيء,,1,has_asl,maqayis_openiti,Harun_DarAlFikr,high
عط,عط,العين والطاء أصيل يدل على صوت من الأصوات,,1,has_asl,maqayis_openiti,Harun_DarAlFikr,high
عطب,عطب,العين والطاء والباء كلمتان لا تتقاربان في المعنى,,1,parse_uncertain,maqayis_openiti,Harun_DarAlFikr,low
عطد,عطد,العين والطاء والدال ذكرت فيه كلمة والقياس لا يسوغها، لكنهم يقولون: العطود: السير السريع الشاق,,1,parse_uncertain,maqayis_openiti,Harun_DarAlFikr,low
عطر,عطر,العين والطاء والراء أصل واحد لعله أن يكون صحيحا، وهو العطر للأشياء المعالجة بالطيب، وفاعله العطار,,1,has_asl,maqayis_openiti,Harun_DarAlFikr,high
عطس,عطس,العين والطاء والسين كلمة واحدة ثم تستعار، وهي العطاس، يقال: عطس يعطس,,1,parse_uncertain,maqayis_openiti,Harun_DarAlFikr,low
عطش,عطش,العين والطاء والشين أصل واحد صحيح، وهو العطش، يقال له: عطش يعطش عطشا,,1,has_asl,maqayis_openiti,Harun_DarAlFikr,high
عطف,عطف,العين والطاء والفاء أصل واحد صحيح يدل على انثناء وعياج,,1,has_asl,maqayis_openiti,Harun_DarAlFikr,high
عطل,عطل,العين والطاء واللام أصل صحيح واحد يدل على خلو وفراغ,,1,has_asl,maqayis_openiti,Harun_DarAlFikr,high
عطن,عطن,العين والطاء والنون أصل صحيح واحد يدل على إقامة وثبات,,1,has_asl,maqayis_openiti,Harun_DarAlFikr,high
عطو,عطو,العين والطاء والحرف المعتل أصل واحد صحيح يدل على أخذ ومناولة، لا يخرج الباب عنهما,,1,has_asl,maqayis_openiti,Harun_DarAlFikr,high
عظ,عظ,العين والظاء ذكر فيه عن الخليل شيء لعله أن يكون مشكوكا فيه,,1,parse_uncertain,maqayis_openiti,Harun_DarAlFikr,low
عظب,عظب,العين والظاء والباء,,1,parse_uncertain,maqayis_openiti,Harun_DarAlFikr,low
عظل,عظل,العين والظاء واللام أصيل صحيح,,1,parse_uncertain,maqayis_openiti,Harun_DarAlFikr,low
عظم,عظم,العين والظاء والميم أصل واحد صحيح يدل على كبر وقوة,,1,has_asl,maqayis_openiti,Harun_DarAlFikr,high
عف,عف,الكف عن القبيح ||| دال على قلة شيء,العين والفاء أصلان صحيحان,2,has_asl,maqayis_openiti,Harun_DarAlFikr,high
عفت,عفت,العين والفاء والتاء كلمة تدل على كسر شيء، يقولون: عفت العظم: كسره,,1,has_asl,maqayis_openiti,Harun_DarAlFikr,high
عفج,عفج,العين والفاء والجيم كلمتان: إحداهما عضو من الأعضاء والآخر ضرب,,1,parse_uncertain,maqayis_openiti,Harun_DarAlFikr,low
عفر,عفر,العين والفاء والراء أصل صحيح، وله معان,,1,has_asl,maqayis_openiti,Harun_DarAlFikr,high
عفز,عفز,العين والفاء والزاء ليس بشيء، ولا يشبه كلام العرب,,1,parse_uncertain,maqayis_openiti,Harun_DarAlFikr,low
عفس,عفس,العين والفاء والسين أصل صحيح يدل على ممارسة ومعالجة,,1,has_asl,maqayis_openiti,Harun_DarAlFikr,high
عفص,عفص,العين والفاء والصاد أصيل يدل على التواء أو لي,,1,has_asl,maqayis_openiti,Harun_DarAlFikr,high
عفط,عفط,العين والفاء والطاء أصيل صحيح يدل على صويت، ثم يحمل عليه,,1,has_asl,maqayis_openiti,Harun_DarAlFikr,high
عفق,عفق,العين والفاء والقاف أصل صحيح، يدل على مجيء وذهاب، وربما يدل على صوت من الأصوات,,1,has_asl,maqayis_openiti,Harun_DarAlFikr,high
عفك,عفك,العين والفاء والكاف أصل صحيح، وهو لا يدل إلا على صفة مكروهة,,1,has_asl,maqayis_openiti,Harun_DarAlFikr,high
عفل,عفل,العين والفاء واللام كلمة تدل على زيادة في خلقة,,1,has_asl,maqayis_openiti,Harun_DarAlFikr,high
عفن,عفن,العين والفاء والنون كلمة تدل على فساد في شيء من ندى,,1,has_asl,maqayis_openiti,Harun_DarAlFikr,high
عفو,عفو,على ترك الشيء ||| على طلبه,العين والفاء والحرف المعتل أصلان يدل,2,has_asl,maqayis_openiti,Harun_DarAlFikr,high
عق,عق,العين والقاف أصل واحد يدل [على الشق] ، وإليه يرجع فروع الباب بلطف نظر,,1,has_asl,maqayis_openiti,Harun_DarAlFikr,high
عقب,عقب,يدل على تأخير شيء وإتيانه بعد غيره ||| يدل على ارتفاع وشدة وصعوبة,العين والقاف والباء أصلان صحيحان,2,has_asl,maqayis_openiti,Harun_DarAlFikr,high
عقد,عقد,العين والقاف والدال أصل واحد يدل على شد وشدة وثوق، وإليه ترجع فروع الباب كلها,,1,has_asl,maqayis_openiti,Harun_DarAlFikr,high
عقر,عقر,الجرح أو ما يشبه الجرح من الهزم في الشيء ||| دال على ثبات ودوام,العين والقاف والراء أصلان متباعد ما بينهما، وكل واحد منهما مطرد في معناه، جامع لمعاني فروعه,2,has_asl,maqayis_openiti,Harun_DarAlFikr,high
عقز,عقز,العين والقاف والزاء بناء ليس يشبه كلام العرب، وكذلك العين والقاف والسين، والقاف والشين، مع أنهم يقولون العقش: بقلة أو نبت,,1,parse_uncertain,maqayis_openiti,Harun_DarAlFikr,low
عقص,عقص,العين والقاف والصاد أصل صحيح يدل على التواء في شيء قال الخليل: العقص: التواء في قرن التيس وكل قرن,,1,has_asl,maqayis_openiti,Harun_DarAlFikr,high
عقف,عقف,العين والقاف والفاء أصل صحيح يدل على عطف شيء وحنيه,,1,has_asl,maqayis_openiti,Harun_DarAlFikr,high
عقل,عقل,العين والقاف واللام أصل واحد منقاس مطرد، يدل عظمه على حبسة في الشيء أو ما يقارب الحبسة,,1,has_asl,maqayis_openiti,Harun_DarAlFikr,high
عقم,عقم,العين والقاف والميم أصل واحد يدل على غموض وضيق وشدة,,1,has_asl,maqayis_openiti,Harun_DarAlFikr,high
عقو,عقو,العين والقاف والحرف المعتل كلمات لا تنقاس وليس يجمعها أصل، وهي صحيحة,,1,has_asl,maqayis_openiti,Harun_DarAlFikr,high
عك,عك,العين والكاف أصول صحيحة ثلاثة: أحدها اشتداد الحر، والآخر الحبس، والآخر جنس من الضرب,,3,has_asl,maqayis_openiti,Harun_DarAlFikr,high
عكب,عكب,العين والكاف والباء أصل صحيح واحد، وليس ببعيد من الباب الذي قبله، بل يدل على تجمع أيضا,,1,has_asl,maqayis_openiti,Harun_DarAlFikr,high
عكد,عكد,العين والكاف والدال أصل صحيح واحد يدل على مثل ما دل عليه الذي قبله,,1,has_asl,maqayis_openiti,Harun_DarAlFikr,high
عكر,عكر,العين والكاف والراء أصل صحيح واحد، يدل على مثل ما دل عليه الذي قبله من التجمع والتراكم,,1,has_asl,maqayis_openiti,Harun_DarAlFikr,high
عكز,عكز,العين والكاف والزاء أصيل يقرب من الباب قبله,,1,parse_uncertain,maqayis_openiti,Harun_DarAlFikr,low
عكس,عكس,العين والكاف والسين أصل صحيح واحد، يدل على مثل ما تقدم ذكره من التجمع والجمع,,1,has_asl,maqayis_openiti,Harun_DarAlFikr,high
عكش,عكش,العين والكاف والشين أصل صحيح يدل على مثل ما دل عليه الذي تقدم من التجمع,,1,has_asl,maqayis_openiti,Harun_DarAlFikr,high
عكص,عكص,العين والكاف والصاد قريب من الذي قبله، إلا أن فيه زيادة معنى، هي الشدة,,1,parse_uncertain,maqayis_openiti,Harun_DarAlFikr,low
عكف,عكف,العين والكاف والفاء أصل صحيح يدل على مقابلة وحبس، يقال: عكف يعكف ويعكف عكوفا، وذلك إقبالك على الشيء لا تنصرف عنه,,1,has_asl,maqayis_openiti,Harun_DarAlFikr,high
عكل,عكل,العين والكاف واللام أصل صحيح يدل على جمع وضم,,1,has_asl,maqayis_openiti,Harun_DarAlFikr,high
عكم,عكم,العين والكاف والميم أصل صحيح يدل على ضم وجمع لشيء في وعاء,,1,has_asl,maqayis_openiti,Harun_DarAlFikr,high
عكمس,عكمس,الليل، إذا أظلم,,1,parse_uncertain,maqayis_openiti,Harun_DarAlFikr,low
عكن,عكن,العين والكاف والنون أصل صحيح قريب من الذي قبله، قال الخليل: العكن: جمع عكنة، وهي الطي في بطن الجارية من السمن,,1,has_asl,maqayis_openiti,Harun_DarAlFikr,high
عكو,عكو,العين والكاف والحرف المعتل أصل صحيح يدل على تجمع وغلظ أيضا، وهو قريب من الذي قبله,,1,has_asl,maqayis_openiti,Harun_DarAlFikr,high
عل,عل,العلل، وهي الشربة الثانية ||| العائق يعوق ||| العلة: المرض، وصاحبها معتل,العين واللام أصول ثلاثة صحيحة: أحدها تكرر أو تكرير، والآخر عائق يعوق، والثالث ضعف في الشيء,3,has_asl,maqayis_openiti,Harun_DarAlFikr,high
علب,علب,على غلظ في الشيء وجسأة ||| على أثر,العين واللام والباء أصلان صحيحان، يدل,2,has_asl,maqayis_openiti,Harun_DarAlFikr,high
علث,علث,العين واللام والثاء أصل صحيح واحد يدل على خلط الشيء بالشيء,,1,has_asl,maqayis_openiti,Harun_DarAlFikr,high
علج,علج,العين واللام والجيم أصل صحيح يدل على تمرس ومزاولة، في جفاء وغلظ,,1,has_asl,maqayis_openiti,Harun_DarAlFikr,high
علد,علد,العين واللام والدال أصل صحيح يدل على قوة وشدة,,1,has_asl,maqayis_openiti,Harun_DarAlFikr,high
علز,علز,العين واللام والزاء أصيل يدل على اضطراب من مرض,,1,has_asl,maqayis_openiti,Harun_DarAlFikr,high
علس,علس,العين واللام والسين أصل صحيح يدل على شدة في شيء,,1,has_asl,maqayis_openiti,Harun_DarAlFikr,high
علش,علش,العين واللام والشين ليس بشيء,,1,parse_uncertain,maqayis_openiti,Harun_DarAlFikr,low
علص,علص,العين واللام والصاد قريب من الذي قبله,,1,parse_uncertain,maqayis_openiti,Harun_DarAlFikr,low
علط,علط,العين واللام والطاء معظمه على صحته إلصاق شيء بشيء، أو تعليقه عليه,,1,parse_uncertain,maqayis_openiti,Harun_DarAlFikr,low
علف,علف,العين واللام والفاء ليس بأصل كثير، إنما هو العلف,,1,has_asl,maqayis_openiti,Harun_DarAlFikr,high
علق,علق,العين واللام والقاف أصل كبير صحيح يرجع إلى معنى واحد، وهو أن يناط الشيء بالشيء العالي,,1,has_asl,maqayis_openiti,Harun_DarAlFikr,high
علك,علك,العين واللام والكاف أصل صحيح يدل على شيء شبه المضغ والقبض على الشيء,,1,has_asl,maqayis_openiti,Harun_DarAlFikr,high
علم,علم,العين واللام والميم أصل صحيح واحد، يدل على أثر بالشيء يتميز به عن غيره,,1,has_asl,maqayis_openiti,Harun_DarAlFikr,high
علن,علن,العين واللام والنون أصل صحيح يدل على إظهار الشيء والإشارة [إليه] وظهوره,,1,has_asl,maqayis_openiti,Harun_DarAlFikr,high
عله,عله,العين واللام والهاء أصل صحيح,,1,has_asl,maqayis_openiti,Harun_DarAlFikr,high
علو,علو,العين واللام والحرف المعتل ياء كان أو واوا أو ألفا، أصل واحد يدل على السمو والارتفاع، لا يشذ عنه شيء,,1,has_asl,maqayis_openiti,Harun_DarAlFikr,high
عم,عم,العين والميم أصل صحيح واحد يدل على الطول والكثرة والعلو,,1,has_asl,maqayis_openiti,Harun_DarAlFikr,high
عمت,عمت,العين والميم والتاء أصيل صحيح يدل على التباس الشيء والتوائه، ثم يشتق منه ما أشبهه,,1,has_asl,maqayis_openiti,Harun_DarAlFikr,high
عمج,عمج,العين والميم والجيم أصل صحيح يدل على التواء واعوجاج,,1,has_asl,maqayis_openiti,Harun_DarAlFikr,high
عمد,عمد,العين والميم والدال أصل كبير، فروعه كثيرة ترجع إلى معنى، وهو الاستقامة في الشيء، منتصبا أو ممتدا، وكذلك في الرأي وإرادة الشيء,,1,has_asl,maqayis_openiti,Harun_DarAlFikr,high
عمر,عمر,يدل على بقاء وامتداد زمان ||| على شيء يعلو، من صوت أو غيره,العين والميم والراء أصلان صحيحان,2,has_asl,maqayis_openiti,Harun_DarAlFikr,high
عمرد,عمرد,وهذا من العرد، وهو الشديد، والميم زائدة، والطاء بدل من الدال,,1,parse_uncertain,maqayis_openiti,Harun_DarAlFikr,low
عمروس,عمروس,الحمل إذا بلغ النزو,,1,parse_uncertain,maqayis_openiti,Harun_DarAlFikr,low
عمس,عمس,العين والميم والسين أصل صحيح يدل على شدة في اشتباه والتواء في الأمر,,1,has_asl,maqayis_openiti,Harun_DarAlFikr,high
عمش,عمش,العين والميم والشين كلمتان صحيحتان، متباينتان جدا,,1,parse_uncertain,maqayis_openiti,Harun_DarAlFikr,low
عمق,عمق,العين والميم والقاف أصل ذكره ابن الأعرابي، قال: العمق إذا كان صفة للطريق فهو البعد، وإذا كان صفة للبئر فهو طول جرابها,,1,has_asl,maqayis_openiti,Harun_DarAlFikr,high
عمل,عمل,العين والميم واللام أصل واحد صحيح، وهو عام في كل فعل يفعل,,1,has_asl,maqayis_openiti,Harun_DarAlFikr,high
عمن,عمن,العين والميم والنون ليس بأصل، وفيه عمان: بلد,,1,has_asl,maqayis_openiti,Harun_DarAlFikr,high
عمه,عمه,العين والميم والهاء أصل صحيح واحد، يدل على حيرة وقلة اهتداء,,1,has_asl,maqayis_openiti,Harun_DarAlFikr,high
عمي,عمي,العين والميم والحرف المعتل أصل واحد يدل على ستر وتغطية,,1,has_asl,maqayis_openiti,Harun_DarAlFikr,high
عن,عن,يدل على ظهور الشيء وإعراضه ||| يدل على الحبس,العين والنون أصلان,2,has_asl,maqayis_openiti,Harun_DarAlFikr,high
عنب,عنب,العين والنون والباب أصيل يدل على ثمر معروف، وكلمة غير ذلك,,1,has_asl,maqayis_openiti,Harun_DarAlFikr,high
عنت,عنت,العين والنون والتاء أصل صحيح يدل على مشقة وما أشبه ذلك، ولا يدل على صحة ولا سهولة,,1,has_asl,maqayis_openiti,Harun_DarAlFikr,high
عنج,عنج,العين والنون والجيم أصل صحيح واحد يدل على جذب شيء بشيء يمتد، كحبل وما أشبهه,,1,has_asl,maqayis_openiti,Harun_DarAlFikr,high
عنجرد,عنجرد,المرأة الجريئة السليطة,,1,parse_uncertain,maqayis_openiti,Harun_DarAlFikr,low
عند,عند,العين والنون والدال أصل صحيح واحد يدل على مجاوزة وترك طريق الاستقامة,,1,has_asl,maqayis_openiti,Harun_DarAlFikr,high
عنز,عنز,يدل على تنح وتعزل ||| جنس من الحيوان,العين والنون والزاء أصلان صحيحان,2,has_asl,maqayis_openiti,Harun_DarAlFikr,high
عنس,عنس,العين والنون والسين أصل صحيح واحد يدل على شدة في شيء وقوة,,1,has_asl,maqayis_openiti,Harun_DarAlFikr,high
عنش,عنش,العين والنون والشين أصيل لعله أن يكون صحيحا,,1,parse_uncertain,maqayis_openiti,Harun_DarAlFikr,low
عنص,عنص,العين والنون والصاد أصيل صحيح على شيء من الشعر,,1,parse_uncertain,maqayis_openiti,Harun_DarAlFikr,low
عنط,عنط,العين والنون والطاء أصيل صحيح يدل على طول جسم وحسن قوام,,1,has_asl,maqayis_openiti,Harun_DarAlFikr,high
عنف,عنف,العين والنون والفاء أصل صحيح يدل على خلاف الرفق,,1,has_asl,maqayis_openiti,Harun_DarAlFikr,high
عنق,عنق,العين والنون والقاف أصل واحد صحيح يدل على امتداد في شيء، إما في ارتفاع وإما في انسياح,,1,has_asl,maqayis_openiti,Harun_DarAlFikr,high
عنك,عنك,لون من الألوان ||| ارتباك في الأمر واستغلاق في الشيء,العين والنون والكاف أصلان,2,has_asl,maqayis_openiti,Harun_DarAlFikr,high
عنم,عنم,العين والنون والميم ليس بأصل يقاس عليه، وإنما هو نبت أو شيء يشبه به,,1,has_asl,maqayis_openiti,Harun_DarAlFikr,high
عنى,عنى,منه عنيت بالأمر وبالحاجة ||| قولهم: عنا يعنو، إذا خضع ||| عنيان الكتاب، وعنوانه، وعنيانه,العين والنون والحرف المعتل أصول ثلاثة: الأول القصد للشيء بانكماش فيه وحرص عليه، والثاني دال على خضوع وذل، والثالث ظهور شيء وبروزه,3,has_asl,maqayis_openiti,Harun_DarAlFikr,high
عهب,عهب,العين والهاء والباء كلمة واحدة إن صحت,,1,parse_uncertain,maqayis_openiti,Harun_DarAlFikr,low
عهج,عهج,العين والهاء والجيم كلمة صحيحة لا قياس لها ولا عليها,,1,parse_uncertain,maqayis_openiti,Harun_DarAlFikr,low
عهد,عهد,العين والهاء والدال أصل هذا الباب عندنا دال على معنى واحد، قد أومأ إليه الخليل,,1,has_asl,maqayis_openiti,Harun_DarAlFikr,high
عهر,عهر,العين والهاء والراء كلمة واحدة لا تدل على خير، وهي الفجور,,1,has_asl,maqayis_openiti,Harun_DarAlFikr,high
عهق,عهق,العين والهاء والقاف ليس له قياس مطرد، وقد ذكرت فيه كلمات لعلها - والله أعلم - أن تكون صحيحة,,1,parse_uncertain,maqayis_openiti,Harun_DarAlFikr,low
عهل,عهل,العين والهاء واللام أصل صحيح يدل على انطلاق وذهاب وقلة استقرار,,1,has_asl,maqayis_openiti,Harun_DarAlFikr,high
عهم,عهم,العين والهاء والميم قريب من الذي قبله، وليس ببعيد أن يكون من الإبدال,,1,parse_uncertain,maqayis_openiti,Harun_DarAlFikr,low
عهن,عهن,العين والهاء والنون أصل صحيح يدل على لين وسهولة وقلة غذاء في الشيء,,1,has_asl,maqayis_openiti,Harun_DarAlFikr,high
عوج,عوج,العين والواو والجيم أصل صحيح يدل على ميل في الشيء أو ميل، وفروعه ترجع إليه,,1,has_asl,maqayis_openiti,Harun_DarAlFikr,high
عود,عود,على تثنية في الأمر ||| جنس من الخشب,العين والواو والدال أصلان صحيحان، يدل,2,has_asl,maqayis_openiti,Harun_DarAlFikr,high
عوذ,عوذ,العين والواو والذال أصل صحيح يدل على معنى واحد، وهو الالتجاء إلى الشيء، ثم يحمل عليه كل شيء لصق بشيء أو لازمه,,1,has_asl,maqayis_openiti,Harun_DarAlFikr,high
عور,عور,يدل على تداول الشيء ||| يدل على مرض في إحدى عيني الإنسان وكل ذي عينين,العين والواو والراء أصلان,2,has_asl,maqayis_openiti,Harun_DarAlFikr,high
عوز,عوز,العين والواو والزاء كلمة واحدة تدل على سوء حال,,1,has_asl,maqayis_openiti,Harun_DarAlFikr,high
عوس,عوس,العين والواو والسين كلمة قد ذكرها أهل اللغة، وقياسها قياس صحيح بعيد,,1,parse_uncertain,maqayis_openiti,Harun_DarAlFikr,low
عوص,عوص,العين والواو والصاد أصيل يدل على قلة الإمكان في الشيء,,1,has_asl,maqayis_openiti,Harun_DarAlFikr,high
عوض,عوض,العين والواو والضاد كلمتان صحيحتان، إحداهما تدل على بدل للشيء، والأخرى على زمان,,1,has_asl,maqayis_openiti,Harun_DarAlFikr,high
عوي,عوي,العين والواو والياء أصل صحيح يدل على لي في الشيء وعطف له,,1,has_asl,maqayis_openiti,Harun_DarAlFikr,high
عيب,عيب,العين والياء والباء أصل صحيح، فيه كلمتان: إحداهما العيب والأخرى العيبة، وهما متباعدتان,,1,has_asl,maqayis_openiti,Harun_DarAlFikr,high
عيث,عيث,الإسراع في الفساد ||| تطلب الشيء على غير بصيرة,العين والياء والثاء أصلان صحيحان متقاربان,2,has_asl,maqayis_openiti,Harun_DarAlFikr,high
عيج,عيج,العين والياء والجيم أصيل صحيح يدل على إقبال واكتراث للشيء,,1,has_asl,maqayis_openiti,Harun_DarAlFikr,high
عيد,عيد,العين والياء والدال قد مضى ذكره في محله، لأن ذلك هو الأصل,,1,has_asl,maqayis_openiti,Harun_DarAlFikr,high
عير,عير,على نتو الشيء وارتفاعه ||| على مجيء وذهاب,العين والياء والراء أصلان صحيحان، يدل,2,has_asl,maqayis_openiti,Harun_DarAlFikr,high
عيس,عيس,العين والياء والسين كلمتان: إحداهما لون أبيض مشرب، والأخرى عسب الفحل,,1,parse_uncertain,maqayis_openiti,Harun_DarAlFikr,low
عيش,عيش,العين والياء والشين أصل صحيح يدل على حياة وبقاء، قال الخليل: العيش: الحياة,,1,has_asl,maqayis_openiti,Harun_DarAlFikr,high
عيص,عيص,العين والياء والصاد أصل صحيح، وهو المنبت,,1,has_asl,maqayis_openiti,Harun_DarAlFikr,high
عيط,عيط,على ارتفاع ||| [على] تتبع شيء,العين والياء والطاء أصلان صحيحان، يدل,2,has_asl,maqayis_openiti,Harun_DarAlFikr,high
عيف,عيف,العين والياء والفاء أصل صحيح واحد يدل على كراهة,,1,has_asl,maqayis_openiti,Harun_DarAlFikr,high
عيق,عيق,,,0,no_asl,maqayis_openiti,Harun_DarAlFikr,high
عيك,عيك,العين والياء والكاف,,1,parse_uncertain,maqayis_openiti,Harun_DarAlFikr,low
عيل,عيل,العين والياء واللام، ليس فيه إلا ما هو منقلب عن واو,,1,parse_uncertain,maqayis_openiti,Harun_DarAlFikr,low
عيم,عيم,العين والياء والميم كلمة واحدة صحيحة، وهي شهوة اللبن: يقال للذي اشتهى اللبن عيمان، والمرأة عيمى,,1,parse_uncertain,maqayis_openiti,Harun_DarAlFikr,low
عين,عين,العين والياء والنون أصل واحد صحيح يدل على عضو به يبصر وينظر، ثم يشتق منه، والأصل في جميعه ما ذكرنا,,1,has_asl,maqayis_openiti,Harun_DarAlFikr,high
غار,غار,الغين والألف والراء,,1,parse_uncertain,maqayis_openiti,Harun_DarAlFikr,low
غب,غب,الغين والباء أصل صحيح يدل على زمان وفترة فيه,,1,has_asl,maqayis_openiti,Harun_DarAlFikr,high
غبث,غبث,الغين والباء والثاء ليس بشيء,,1,parse_uncertain,maqayis_openiti,Harun_DarAlFikr,low
غبر,غبر,يدل على البقاء ||| على لون من الألوان,الغين والباء والراء أصلان صحيحان,2,has_asl,maqayis_openiti,Harun_DarAlFikr,high
غبس,غبس,الغين والباء والسين كلمة تدل على لون من الألوان,,1,has_asl,maqayis_openiti,Harun_DarAlFikr,high
غبش,غبش,الغين والباء والشين كلمة تدل على ظلمة وإظلام,,1,has_asl,maqayis_openiti,Harun_DarAlFikr,high
غبط,غبط,قولهم: أغبطت عليه الحمى، أي دامت ||| الغبط، يقال: غبطت الشاة، إذا جسستها بيدك تنظر بها سمن ||| الغبط، وهو حسد يقال إنه غير مذموم، لأنه يتمنى ولا يريد زوال النعمة من غيره، والحسد بخلاف هذا,الغين والباء والطاء أصل صحيح له ثلاثة وجوه: أحدها دوام الشيء ولزومه، [والآخر الجس] ، والآخر نوع من الحسد,3,has_asl,maqayis_openiti,Harun_DarAlFikr,high
غبق,غبق,الغين والباء والقاف كلمة واحدة، وهي الغبوق: شرب العشي,,1,parse_uncertain,maqayis_openiti,Harun_DarAlFikr,low
غبن,غبن,الغين والباء والنون كلمة تدل على ضعف واهتضام,,1,has_asl,maqayis_openiti,Harun_DarAlFikr,high
غبي,غبي,الغين والباء والحرف المعتل أصل صحيح يدل على تستر شيء حتى لا يهتدى له,,1,has_asl,maqayis_openiti,Harun_DarAlFikr,high
غت,غت,الغين والتاء ليس بشيء، إنما هو إبدال تاء من طاء,,1,parse_uncertain,maqayis_openiti,Harun_DarAlFikr,low
غتم,غتم,الغين والتاء والميم أصل يدل على انفلاق في الشيء وانسداد,,1,has_asl,maqayis_openiti,Harun_DarAlFikr,high
غث,غث,الغين والثاء أصل صحيح يدل على فساد في الشيء,,1,has_asl,maqayis_openiti,Harun_DarAlFikr,high
غثر,غثر,الغين والثاء والراء أصيل يدل على تجمع من ناس غير كرام,,1,has_asl,maqayis_openiti,Harun_DarAlFikr,high
غثم,غثم,الغين والثاء والميم كلمتان متباينتان,,1,parse_uncertain,maqayis_openiti,Harun_DarAlFikr,low
غثي,غثي,الغين والثاء والحرف المعتل كلمة تدل على ارتفاع شيء دني فوق شيء,,1,has_asl,maqayis_openiti,Harun_DarAlFikr,high
غد,غد,الغين والدال كلمة، وهي الغدة في اللحم، معروفة,,1,parse_uncertain,maqayis_openiti,Harun_DarAlFikr,low
غدر,غدر,الغين والدال والراء أصل صحيح يدل على ترك الشيء,,1,has_asl,maqayis_openiti,Harun_DarAlFikr,high
غدف,غدف,الغين والدال والفاء أصل صحيح يدل على ستر وتغطية,,1,has_asl,maqayis_openiti,Harun_DarAlFikr,high
غدق,غدق,الغين والدال والقاف أصل صحيح يدل على غزر وكثرة ونعمة,,1,has_asl,maqayis_openiti,Harun_DarAlFikr,high
غدن,غدن,الغين والدال والنون أصيل صحيح يدل على لين واسترسال وفترة,,1,has_asl,maqayis_openiti,Harun_DarAlFikr,high
غدو,غدو,الغين والدال والحرف المعتل أصل صحيح يدل على زمان,,1,has_asl,maqayis_openiti,Harun_DarAlFikr,high
غذ,غذ,الغين والذال كلمة، وهي إغذاذ السير,,1,parse_uncertain,maqayis_openiti,Harun_DarAlFikr,low
غذم,غذم,الغين والذال والميم أصل صحيح يدل على جنس من الأكل والشرب,,1,has_asl,maqayis_openiti,Harun_DarAlFikr,high
غذى,غذى,الغين والذال والحرف المعتل أصل صحيح يدل على شيء من المأكل، وعلى جنس من الحركة,,1,has_asl,maqayis_openiti,Harun_DarAlFikr,high
غر,غر,الغين والراء أصول ثلاثة صحيحة: الأول المثال، والثاني النقصان، والثالث العتق والبياض والكرم,,3,has_asl,maqayis_openiti,Harun_DarAlFikr,high
غرب,غرب,الغين والراء والباء أصل صحيح، وكلمه غير منقاسة لكنها متجانسة، فلذلك كتبناه على جهته من غير طلب لقياسه,,1,has_asl,maqayis_openiti,Harun_DarAlFikr,high
غرث,غرث,الغين والراء والثاء أصل صحيح يدل على الجوع,,1,has_asl,maqayis_openiti,Harun_DarAlFikr,high
غرد,غرد,الغين والراء والدال كلمتان: إحداهما صوت، والأخرى نبت,,1,parse_uncertain,maqayis_openiti,Harun_DarAlFikr,low
غرز,غرز,الغين والراء والزاء أصل صحيح يدل على رز الشيء في الشيء,,1,has_asl,maqayis_openiti,Harun_DarAlFikr,high
غرس,غرس,الغين والراء والسين أصل صحيح قريب من الذي قبله,,1,has_asl,maqayis_openiti,Harun_DarAlFikr,high
غرض,غرض,الغين والراء والضاد من الأبواب التي لم توضع على قياس واحد، وكلمه متباينة الأصول، وسترى بعد ما بينهما,,2,has_asl,maqayis_openiti,Harun_DarAlFikr,high
غرف,غرف,الغين والراء والفاء أصل صحيح، إلا أن كلمه لا تنقاس، بل تتباين، فالغرف: مصدر غرفت الماء وغيره أغرفه غرفا,,1,has_asl,maqayis_openiti,Harun_DarAlFikr,high
غرق,غرق,الغين والراء والقاف أصل واحد صحيح يدل على انتهاء في شيء يبلغ أقصاه,,1,has_asl,maqayis_openiti,Harun_DarAlFikr,high
غرل,غرل,الغين والراء واللام كلمة واحدة، وهي الغرلة، وهي القلفة,,1,parse_uncertain,maqayis_openiti,Harun_DarAlFikr,low
غرم,غرم,الغين والراء والميم أصل صحيح يدل على ملازمة وملازة,,1,has_asl,maqayis_openiti,Harun_DarAlFikr,high
غرن,غرن,الغين والراء والنون كلمة واحدة، يقولون إن الغرين: ما يبقى في الحوض من مائه وطينه,,1,parse_uncertain,maqayis_openiti,Harun_DarAlFikr,low
غرو,غرو,الغين والراء والحرف المعتل أصل صحيح، وهو يدل على الإعجاب والعجب لحسن الشيء,,1,has_asl,maqayis_openiti,Harun_DarAlFikr,high
غز,غز,الغين والزاء ليس فيها شيء,,1,parse_uncertain,maqayis_openiti,Harun_DarAlFikr,low
غزد,غزد,الغين والزاء والدال ليس يشبه صحيح كلام العرب,,1,parse_uncertain,maqayis_openiti,Harun_DarAlFikr,low
غزر,غزر,الغين والزاء والراء كلمة واحدة، وهو قولهم: غزرت الناقة: كثر لبنها غزرا وغزارة,,1,parse_uncertain,maqayis_openiti,Harun_DarAlFikr,low
غزل,غزل,الغين والزاء واللام ثلاث كلمات متباينات، لا تقاس منها واحدة بأخرى,,1,parse_uncertain,maqayis_openiti,Harun_DarAlFikr,low
غزو,غزو,طلب شيء ||| في باب اللقاح,الغين والزاء والحرف المعتل أصلان صحيحان,2,has_asl,maqayis_openiti,Harun_DarAlFikr,high
غس,غس,الغين والسين ليس فيه إلا قولهم: رجل غس، إذا كان ضعيفا,,1,parse_uncertain,maqayis_openiti,Harun_DarAlFikr,low
غسا,غسا,الغين والسين والحرف المعتل حرف واحد، يدل على تناه في كبر أو غيره,,1,has_asl,maqayis_openiti,Harun_DarAlFikr,high
غسر,غسر,الغين والسين والراء كلمة إن صحت تدل على اختلاط,,1,has_asl,maqayis_openiti,Harun_DarAlFikr,high
غسق,غسق,الغين والسين والقاف أصل صحيح يدل على ظلمة,,1,has_asl,maqayis_openiti,Harun_DarAlFikr,high
غسل,غسل,الغين والسين واللام أصل صحيح يدل على تطهير الشيء وتنقيته,,1,has_asl,maqayis_openiti,Harun_DarAlFikr,high
غسم,غسم,الغيم والسين والميم ليس بشيء,,1,parse_uncertain,maqayis_openiti,Harun_DarAlFikr,low
غسن,غسن,الغين والسين والنون كلمة,,1,parse_uncertain,maqayis_openiti,Harun_DarAlFikr,low
غش,غش,الغين والشين أصول تدل على ضعف في الشيء واستعجال فيه,,2,has_asl,maqayis_openiti,Harun_DarAlFikr,high
غشم,غشم,الغين والشين والميم أصل واحد يدل على قهر وغلبة وظلم,,1,has_asl,maqayis_openiti,Harun_DarAlFikr,high
غشى,غشى,الغين والشين والحرف المعتل أصل صحيح يدل على تغطية شيء بشيء,,1,has_asl,maqayis_openiti,Harun_DarAlFikr,high
غص,غص,الغين والصاد ليس فيه إلا الغصص بالطعام، ويقال رجل غصان,,1,parse_uncertain,maqayis_openiti,Harun_DarAlFikr,low
غصن,غصن,الغين والصاد والنون كلمة واحدة، وهي غصن الشجرة، والجمع غصون وأغصان,,1,parse_uncertain,maqayis_openiti,Harun_DarAlFikr,low
غض,غض,على كف ونقص ||| على طراوة,الغين والضاد أصلان صحيحان، يدل,2,has_asl,maqayis_openiti,Harun_DarAlFikr,high
غضا,غضا,الغين والضاد والحرف المعتل كلمتان: فالأولى: الإغضاء: إدناء الجفون,,1,parse_uncertain,maqayis_openiti,Harun_DarAlFikr,low
غضب,غضب,الغين والضاد والباء أصل صحيح يدل على شدة وقوة,,1,has_asl,maqayis_openiti,Harun_DarAlFikr,high
غضر,غضر,الغين والضاد والراء أصل صحيح يدل على حسن ونعمة ونضرة,,1,has_asl,maqayis_openiti,Harun_DarAlFikr,high
غضف,غضف,الغين والضاد والفاء أصل صحيح يدل على استرخاء وتهدم وتغش,,1,has_asl,maqayis_openiti,Harun_DarAlFikr,high
غضل,غضل,الغين والضاد واللام,,1,parse_uncertain,maqayis_openiti,Harun_DarAlFikr,low
غضن,غضن,الغين والضاد والنون أصل صحيح يدل على تثن وتكسر,,1,has_asl,maqayis_openiti,Harun_DarAlFikr,high
غط,غط,الغين والطاء أصيل صحيح فيه معنيان: أحدهما صوت، والآخر وقت من الأوقات,,1,parse_uncertain,maqayis_openiti,Harun_DarAlFikr,low
غطس,غطس,الغين والطاء والسين أصل صحيح يدل على الغط,,1,has_asl,maqayis_openiti,Harun_DarAlFikr,high
غطش,غطش,الغين والطاء والشين أصل واحد صحيح، يدل على ظلمة وما أشبهها,,1,has_asl,maqayis_openiti,Harun_DarAlFikr,high
غطف,غطف,الغين والطاء والفاء أصل صحيح يدل على خير وسبوغ في شيء، وأصله الغطف في الأشفار، وهو كثرتها وطولها وانثناؤها,,1,has_asl,maqayis_openiti,Harun_DarAlFikr,high
غطل,غطل,الغين والطاء واللام ثلاث كلمات: الغيطلة: الشجرة، والجمع الغيطل,,1,parse_uncertain,maqayis_openiti,Harun_DarAlFikr,low
غطم,غطم,الغين والطاء والميم أصل صحيح يدل على كثرة واجتماع,,1,has_asl,maqayis_openiti,Harun_DarAlFikr,high
غطو,غطو,الغين والطاء والحرف المعتل يدل على الغشاء والستر,,1,has_asl,maqayis_openiti,Harun_DarAlFikr,high
غف,غف,الغين والفاء كلمة واحدة لا تتفرع، وهي البلغة، ويقال له غفة من العيش,,1,parse_uncertain,maqayis_openiti,Harun_DarAlFikr,low
غفر,غفر,الغين والفاء والراء عظم بابه الستر، ثم يشذ عنه ما يذكر,,1,parse_uncertain,maqayis_openiti,Harun_DarAlFikr,low
غفص,غفص,الغين والفاء والصاد كلمة واحدة,,1,parse_uncertain,maqayis_openiti,Harun_DarAlFikr,low
غفق,غفق,الغين والفاء والقاف أصل صحيح يدل على خفة وسرعة وتكرير في الشيء، مع فترات تكون بين ذلك,,1,has_asl,maqayis_openiti,Harun_DarAlFikr,high
غفل,غفل,الغين والفاء واللام أصل صحيح يدل على ترك الشيء سهوا، وربما كان عن عمد,,1,has_asl,maqayis_openiti,Harun_DarAlFikr,high
غفوي,غفوي,الغين والفاء والحرف المعتل أصيل كأنه يدل على مثل ما دل عليه الأول من الترك للشيء، إلا أن هذا يختص بأنه جنس من النوم,,1,has_asl,maqayis_openiti,Harun_DarAlFikr,high
غق,غق,الغين والقاف ليس بشيء، إنما يحكى به الصوت يغلي، يقال غق,,1,parse_uncertain,maqayis_openiti,Harun_DarAlFikr,low
غل,غل,الغين واللام أصل صحيح يدل على تخلل شيء، وثبات شيء، كالشيء يغرز,,1,has_asl,maqayis_openiti,Harun_DarAlFikr,high
غلب,غلب,الغين واللام والباء أصل صحيح يدل على قوة وقهر وشدة,,1,has_asl,maqayis_openiti,Harun_DarAlFikr,high
غلت,غلت,الغين واللام والتاء فيه كلمة، يقولون: الغلت في الحساب: مثل الغلط في غيره,,1,parse_uncertain,maqayis_openiti,Harun_DarAlFikr,low
غلث,غلث,الغين واللام والثاء أصل صحيح واحد، يدل على الخلط والمخالطة,,1,has_asl,maqayis_openiti,Harun_DarAlFikr,high
غلج,غلج,الغين واللام والجيم كلمة تدل على البغي والسطوة,,1,has_asl,maqayis_openiti,Harun_DarAlFikr,high
غلس,غلس,الغين واللام والسين كلمة واحدة، وهو الغلس، وذلك ظلام آخر الليل,,1,parse_uncertain,maqayis_openiti,Harun_DarAlFikr,low
غلط,غلط,الغين واللام والطاء كلمة واحدة، وهي الغلط: خلاف الإصابة,,1,parse_uncertain,maqayis_openiti,Harun_DarAlFikr,low
غلف,غلف,الغين واللام والفاء كلمة واحدة صحيحة، تدل على غشاوة وغشيان شيء لشيء,,1,has_asl,maqayis_openiti,Harun_DarAlFikr,high
غلق,غلق,الغين واللام والقاف أصل واحد صحيح يدل على نشوب شيء في شيء,,1,has_asl,maqayis_openiti,Harun_DarAlFikr,high
غلم,غلم,الغين واللام والميم أصل صحيح يدل على حداثة وهيج شهوة,,1,has_asl,maqayis_openiti,Harun_DarAlFikr,high
غلوي,غلوي,الغين واللام والحرف المعتل أصل صحيح في الأمر يدل على ارتفاع ومجاوزة قدر,,1,has_asl,maqayis_openiti,Harun_DarAlFikr,high
غم,غم,الغين والميم أصل واحد صحيح يدل على تغطية وإطباق,,1,has_asl,maqayis_openiti,Harun_DarAlFikr,high
غمج,غمج,الغين والميم والجيم أصل واحد يدل على حركة ومجيء وذهاب,,1,has_asl,maqayis_openiti,Harun_DarAlFikr,high
غمد,غمد,الغين والميم والدال أصل واحد صحيح، يدل على تغطية وستر,,1,has_asl,maqayis_openiti,Harun_DarAlFikr,high
غمر,غمر,الغين والميم والراء أصل صحيح، يدل على تغطية وستر في بعض الشدة,,1,has_asl,maqayis_openiti,Harun_DarAlFikr,high
غمز,غمز,الغين والميم والزاء أصل صحيح، وهو كالنخس في الشيء بشيء، ثم يستعار,,1,has_asl,maqayis_openiti,Harun_DarAlFikr,high
غمس,غمس,الغين والميم والسين أصل واحد صحيح يدل على غط الشيء,,1,has_asl,maqayis_openiti,Harun_DarAlFikr,high
غمص,غمص,الغين والميم والصاد أصيل يدل على حقارة,,1,has_asl,maqayis_openiti,Harun_DarAlFikr,high
غمض,غمض,الغين والميم والضاد أصل صحيح يدل على تطامن في الشيء وتداخل,,1,has_asl,maqayis_openiti,Harun_DarAlFikr,high
غمط,غمط,الغين والميم والطاء كلمة واحدة,,1,parse_uncertain,maqayis_openiti,Harun_DarAlFikr,low
غمق,غمق,الغين والميم والقاف كلمة واحدة، وهي الغمق: كثرة الندى,,1,parse_uncertain,maqayis_openiti,Harun_DarAlFikr,low
غمل,غمل,الغين والميم واللام أصيل يدل على ضيق في الشيء وغموض,,1,has_asl,maqayis_openiti,Harun_DarAlFikr,high
غمن,غمن,الغين والميم والنون كلمة واحدة لا يقاس عليها,,1,parse_uncertain,maqayis_openiti,Harun_DarAlFikr,low
غمي,غمي,الغين والميم والحرف المعتل يدل على تغطية وتغشية,,1,has_asl,maqayis_openiti,Harun_DarAlFikr,high
غن,غن,الغين والنون أصيل صحيح، وهو يدل على صوت كأنه غير مفهوم، إما لاختلاطه، وإما لعلة تصاحبه,,1,has_asl,maqayis_openiti,Harun_DarAlFikr,high
غنج,غنج,الغين والنون والجيم كلمة واحدة، الغنج، وهو الشكل والدل,,1,parse_uncertain,maqayis_openiti,Harun_DarAlFikr,low
غنظ,غنظ,الغين والنون والظاء كلمة واحدة,,1,parse_uncertain,maqayis_openiti,Harun_DarAlFikr,low
غنم,غنم,الغين والنون والميم أصل صحيح واحد يدل على إفادة شيء لم يملك من قبل، ثم يختص به ما أخذ من مال المشركين بقهر وغلبة,,1,has_asl,maqayis_openiti,Harun_DarAlFikr,high
غني,غني,يدل على الكفاية ||| صوت,الغين والنون والحرف المعتل أصلان صحيحان,2,has_asl,maqayis_openiti,Harun_DarAlFikr,high
غهب,غهب,الغين والهاء والباء أصل صحيح يدل على ظلام وقلة ضياء، ثم يستعار,,1,has_asl,maqayis_openiti,Harun_DarAlFikr,high
غوث,غوث,الغين والواو والثاء كلمة واحدة، وهي الغوث من الإغاثة، وهي الإغاثة والنصرة عند الشدة,,1,parse_uncertain,maqayis_openiti,Harun_DarAlFikr,low
غوج,غوج,الغين والواو والجيم كلمة واحدة، وهي الفرس الغوج,,1,parse_uncertain,maqayis_openiti,Harun_DarAlFikr,low
غود,غود,الغين والواو والدال أصيل يدل على لين شيء وتثن,,1,has_asl,maqayis_openiti,Harun_DarAlFikr,high
غور,غور,خفوض في الشيء وانحطاط وتطامن ||| إقدام على أخذ مال قهرا أو حربا,الغين والواو والراء أصلان صحيحان,2,has_asl,maqayis_openiti,Harun_DarAlFikr,high
غوص,غوص,الغين والواو والصاد أصل صحيح يدل على هجوم على أمر متسفل من ذلك الغوص: الدخول تحت الماء,,1,has_asl,maqayis_openiti,Harun_DarAlFikr,high
غوط,غوط,الغين والواو والطاء أصل صحيح يدل على اطمئنان وغور,,1,has_asl,maqayis_openiti,Harun_DarAlFikr,high
غول,غول,الغين والواو واللام أصل صحيح يدل على ختل وأخذ من حيث لا يدرى,,1,has_asl,maqayis_openiti,Harun_DarAlFikr,high
غوي,غوي,يدل على خلاف الرشد وإظلام الأمر ||| على فساد في شيء,الغين والواو والحرف المعتل بعدهما أصلان,2,has_asl,maqayis_openiti,Harun_DarAlFikr,high
غي,غي,الغين والياء المشددة أو المضاعفة أصل صحيح يدل على إظلال الشيء لغيره,,1,has_asl,maqayis_openiti,Harun_DarAlFikr,high
غيب,غيب,الغين والياء والباء أصل صحيح يدل على تستر الشيء عن العيون، ثم يقاس,,1,has_asl,maqayis_openiti,Harun_DarAlFikr,high
غيث,غيث,الغين والياء والثاء أصل صحيح، وهو الحيا النازل من السماء,,1,has_asl,maqayis_openiti,Harun_DarAlFikr,high
غير,غير,على صلاح وإصلاح ومنفعة ||| على اختلاف شيئين,الغين والياء والراء أصلان صحيحان، يدل,2,has_asl,maqayis_openiti,Harun_DarAlFikr,high
غيس,غيس,الغين والياء والسين، يقولون: إن غيسان الشباب: حدته وعنفوانه,,1,parse_uncertain,maqayis_openiti,Harun_DarAlFikr,low
غيض,غيض,الغين والياء والضاد أصيل يدل على نقصان في شيء، وغموض وقلة,,1,has_asl,maqayis_openiti,Harun_DarAlFikr,high
غيظ,غيظ,الغين والياء والظاء أصيل فيه كلمة واحدة، يدل على كرب يلحق الإنسان من غيره,,1,has_asl,maqayis_openiti,Harun_DarAlFikr,high
غيف,غيف,الغين والياء والفاء أصيل صحيح يدل على ميل وميل وعدول عن الشيء,,1,has_asl,maqayis_openiti,Harun_DarAlFikr,high
غيق,غيق,ال,,1,parse_uncertain,maqayis_openiti,Harun_DarAlFikr,low
غيل,غيل,يدل على اجتماع ||| نوع من الإرضاع,الغين والياء واللام أصلان صحيحان,2,has_asl,maqayis_openiti,Harun_DarAlFikr,high
غيم,غيم,الغين والياء والميم كلمة تدل على ستر شيء لشيء,,1,has_asl,maqayis_openiti,Harun_DarAlFikr,high
غين,غين,الغين والياء والنون قريب من الذي قبله,,1,parse_uncertain,maqayis_openiti,Harun_DarAlFikr,low
فا,فأ,الفاء والهمزة مع معتل بينهما، كلمات تدل على الرجوع,,1,has_asl,maqayis_openiti,Harun_DarAlFikr,high
فاد,فأد,الفاء والألف والدال هذا أصل صحيح يدل على حمى وشدة حرارة,,1,has_asl,maqayis_openiti,Harun_DarAlFikr,high
فار,فأر,الفاء والألف والراء، ويسمون الألف فيه همزة,,1,parse_uncertain,maqayis_openiti,Harun_DarAlFikr,low
فاس,فأس,الفاء والألف والسين كلمة واحدة، وتستعار,,1,parse_uncertain,maqayis_openiti,Harun_DarAlFikr,low
فال,فأل,الفاء والألف واللام,,1,parse_uncertain,maqayis_openiti,Harun_DarAlFikr,low
فام,فأم,الفاء والألف والميم أصل صحيح يدل على اتساع في الشيء، وعلى كثرة,,1,has_asl,maqayis_openiti,Harun_DarAlFikr,high
فاو,فأو,الفاء والألف والواو أصل صحيح يدل على انفراج في شيء,,1,has_asl,maqayis_openiti,Harun_DarAlFikr,high
فت,فت,الفاء والتاء كلمة تدل على تكسير شيء ورفته,,1,has_asl,maqayis_openiti,Harun_DarAlFikr,high
فتح,فتح,الفاء والتاء والحاء أصل صحيح يدل على خلاف الإغلاق,,1,has_asl,maqayis_openiti,Harun_DarAlFikr,high
فتخ,فتخ,الفاء والتاء والخاء أصل صحيح يدل على لين في الشيء,,1,has_asl,maqayis_openiti,Harun_DarAlFikr,high
فتر,فتر,الفاء والتاء والراء أصل صحيح يدل على ضعف في الشيء,,1,has_asl,maqayis_openiti,Harun_DarAlFikr,high
فتش,فتش,الفاء والتاء والشين كلمة واحدة تدل على بحث عن شيء,,1,has_asl,maqayis_openiti,Harun_DarAlFikr,high
فتق,فتق,الفاء والتاء والقاف أصل صحيح يدل على فتح في شيء,,1,has_asl,maqayis_openiti,Harun_DarAlFikr,high
فتك,فتك,الفاء والتاء والكاف كلمة تدل على خلاف النسك والصلاح,,1,has_asl,maqayis_openiti,Harun_DarAlFikr,high
فتل,فتل,الفاء والتاء واللام أصل صحيح يدل على لي شيء,,1,has_asl,maqayis_openiti,Harun_DarAlFikr,high
فتن,فتن,الفاء والتاء والنون أصل صحيح يدل على ابتلاء واختبار,,1,has_asl,maqayis_openiti,Harun_DarAlFikr,high
فتى,فتى,يدل على طراوة وجدة ||| على تبيين حكم,الفاء والتاء والحرف المعتل أصلان,2,has_asl,maqayis_openiti,Harun_DarAlFikr,high
فتي,فتي,لا ويقال: بل الفتيل ما يفتل بين الإصبعين,,1,parse_uncertain,maqayis_openiti,Harun_DarAlFikr,low
فث,فث,الفاء والثاء كلمات تدل على كسر شيء، أو نثره، أو قلعه,,1,has_asl,maqayis_openiti,Harun_DarAlFikr,high
فثا,فثأ,الفاء والثاء والهمزة يدل على تسكين شيء يغلي ويفور,,1,has_asl,maqayis_openiti,Harun_DarAlFikr,high
فثج,فثج,الفاء والثاء والجيم أصيل يدل على انقطاع في شيء ماء أو غيره,,1,has_asl,maqayis_openiti,Harun_DarAlFikr,high
فثر,فثر,الفاء والثاء والراء كلمة واحدة، وهي الفاثور، وهو الخوان يتخذ من رخام أو نحوه,,1,parse_uncertain,maqayis_openiti,Harun_DarAlFikr,low
فج,فج,الفاء والجيم أصل صحيح يدل على تفتح وانفراج,,1,has_asl,maqayis_openiti,Harun_DarAlFikr,high
فجر,فجر,الفاء والجيم والراء أصل واحد، وهو التفتح في الشيء,,1,has_asl,maqayis_openiti,Harun_DarAlFikr,high
فجس,فجس,الفاء والجيم والسين كلمة إن صحت,,1,parse_uncertain,maqayis_openiti,Harun_DarAlFikr,low
فجع,فجع,الفاء والجيم والعين كلمة واحدة، وهي الفجيعة، وهي الرزية,,1,parse_uncertain,maqayis_openiti,Harun_DarAlFikr,low
فجل,فجل,الفاء والجيم واللام كلمة هي نبت، وقال قوم: فجل الشيء: غلظ واسترخى,,1,parse_uncertain,maqayis_openiti,Harun_DarAlFikr,low
فجم,فجم,الفاء والجيم والميم,,1,parse_uncertain,maqayis_openiti,Harun_DarAlFikr,low
فجن,فجن,الفاء والجيم والنون,,1,parse_uncertain,maqayis_openiti,Harun_DarAlFikr,low
فجو,فجو,الفاء والجيم والحرف المعتل يدل على اتساع في شيء,,1,has_asl,maqayis_openiti,Harun_DarAlFikr,high
فح,فح,الفاء والحاء كلمة واحدة، وهو الفحيح: صوت الأفعى,,1,parse_uncertain,maqayis_openiti,Harun_DarAlFikr,low
فحث,فحث,الفاء والحاء والثاء كلمة واحدة,,1,parse_uncertain,maqayis_openiti,Harun_DarAlFikr,low
فحج,فحج,الفاء والحاء والجيم كلمة واحدة، وهي الفحج، وهو تباعد ما بين أوساط الساقين في الإنسان والدابة,,1,parse_uncertain,maqayis_openiti,Harun_DarAlFikr,low
فحس,فحس,الفاء والحاء والسين,,1,parse_uncertain,maqayis_openiti,Harun_DarAlFikr,low
فحش,فحش,الفاء والحاء والشين كلمة تدل على قبح في شيء وشناعة,,1,has_asl,maqayis_openiti,Harun_DarAlFikr,high
فحص,فحص,الفاء والحاء والصاد أصل صحيح، وهو كالبحث عن الشيء,,1,has_asl,maqayis_openiti,Harun_DarAlFikr,high
فحل,فحل,الفاء والحاء واللام أصل صحيح يدل على ذكارة وقوة,,1,has_asl,maqayis_openiti,Harun_DarAlFikr,high
فحم,فحم,على سواد ||| على انقطاع,الفاء والحاء والميم أصلان، يدل,2,has_asl,maqayis_openiti,Harun_DarAlFikr,high
فحو,فحو,الفاء والحاء والحرف المعتل كلمة واحدة,,1,parse_uncertain,maqayis_openiti,Harun_DarAlFikr,low
فخ,فخ,الفاء والخاء كلمات لا تنقاس,,1,parse_uncertain,maqayis_openiti,Harun_DarAlFikr,low
فخت,فخت,الفاء والخاء والتاء كلمة، وهي الفخت، ويقولون: إنه ضوء القمر أول ما يبدو منه,,1,parse_uncertain,maqayis_openiti,Harun_DarAlFikr,low
فخذ,فخذ,الفاء والخاء والذال كلمة واحدة، وهي الفخذ من الإنسان، معروفة، واستعير فقيل الفخذ بسكون الخاء، دون القبيلة وفوق البطن، والجمع أفخاذ,,1,parse_uncertain,maqayis_openiti,Harun_DarAlFikr,low
فخر,فخر,الفاء والخاء والراء أصل صحيح، وهو يدل على عظم وقدم,,1,has_asl,maqayis_openiti,Harun_DarAlFikr,high
فخل,فخل,الفاء والخاء واللام ليس فيه شيء,,1,parse_uncertain,maqayis_openiti,Harun_DarAlFikr,low
فخم,فخم,الفاء والخاء والميم أصل صحيح يدل على جزالة وعظم,,1,has_asl,maqayis_openiti,Harun_DarAlFikr,high
فد,فد,الفاء والدال أصل صحيح، يدل على صوت وجلبة,,1,has_asl,maqayis_openiti,Harun_DarAlFikr,high
فدج,فدج,الفاء والدال والجيم,,1,parse_uncertain,maqayis_openiti,Harun_DarAlFikr,low
فدح,فدح,الفاء والدال والحاء كلمة,,1,parse_uncertain,maqayis_openiti,Harun_DarAlFikr,low
فدخ,فدخ,الفاء والدال والخاء ليس فيه إلا طريفة ابن دريد: فدخت الشيء، مثل شدخته,,1,parse_uncertain,maqayis_openiti,Harun_DarAlFikr,low
فدر,فدر,الفاء والدال والراء أصل صحيح يدل على قطع وانقطاع، من ذلك الفدرة: القطعة من اللحم ; ولست أدري أبني منها فعل أم لا,,1,has_asl,maqayis_openiti,Harun_DarAlFikr,high
فدش,فدش,الفاء والدال والشين ليس قبله إلا [طريفة] من طرائف ابن دريد، قال: فدشت الشيء، إذا شدخته,,1,parse_uncertain,maqayis_openiti,Harun_DarAlFikr,low
فدع,فدع,الفاء والدال والعين أصل فيه كلمة واحدة، وهي الفدع: عوج في المفاصل، كأنها قد زالت عن أماكنها,,1,has_asl,maqayis_openiti,Harun_DarAlFikr,high
فدغ,فدغ,الفاء والدال والغين,,1,parse_uncertain,maqayis_openiti,Harun_DarAlFikr,low
فدك,فدك,الفاء والداء والكاف كلمة واحدة، وهي فدك: بلد,,1,parse_uncertain,maqayis_openiti,Harun_DarAlFikr,low
فدم,فدم,الفاء والدال والميم أصل صحيح يدل على خثورة وثقل وقلة كلام في عي,,1,has_asl,maqayis_openiti,Harun_DarAlFikr,high
فدن,فدن,الفاء والداء والنون كلمة واحدة، وهي الفدن، يقولون: إنه القصر,,1,parse_uncertain,maqayis_openiti,Harun_DarAlFikr,low
فدي,فدي,الفاء والدال والحرف المعتل كلمتان متباينتان جدا,,1,parse_uncertain,maqayis_openiti,Harun_DarAlFikr,low
فذ,فذ,الفاء والذال كلمة واحدة تدل على انفراد وتفرق,,1,has_asl,maqayis_openiti,Harun_DarAlFikr,high
فذح,فذح,الفاء والذال والحاء,,1,parse_uncertain,maqayis_openiti,Harun_DarAlFikr,low
فر,فر,الانكشاف وما يقاربه من الكشف عن الشيء ||| جنس من الحيوان ||| دال على خفة وطيش,الفاء والراء أصول ثلاثة,3,has_asl,maqayis_openiti,Harun_DarAlFikr,high
فرت,فرت,الفاء والراء والتاء كلمة واحدة، وهي الماء الفرات، وهو العذب,,1,parse_uncertain,maqayis_openiti,Harun_DarAlFikr,low
فرث,فرث,الفاء والراء والثاء أصيل يدل على شيء متفتت,,1,has_asl,maqayis_openiti,Harun_DarAlFikr,high
فرج,فرج,الفاء والراء والجيم أصل صحيح يدل على تفتح في الشيء,,1,has_asl,maqayis_openiti,Harun_DarAlFikr,high
فرح,فرح,على خلاف الحزن ||| الإثقال,الفاء والراء والحاء أصلان، يدل,2,has_asl,maqayis_openiti,Harun_DarAlFikr,high
فرخ,فرخ,الفاء والراء والخاء كلمة واحدة، ويقاس عليها,,1,parse_uncertain,maqayis_openiti,Harun_DarAlFikr,low
فرد,فرد,الفاء والراء والدال أصل صحيح يدل على وحدة,,1,has_asl,maqayis_openiti,Harun_DarAlFikr,high
فرز,فرز,الفاء والراء والزاء أصيل يدل على عزل الشيء عن غيره,,1,has_asl,maqayis_openiti,Harun_DarAlFikr,high
فرس,فرس,الفاء والراء والسين أصيل يدل على وطء الشيء ودقه,,1,has_asl,maqayis_openiti,Harun_DarAlFikr,high
فرش,فرش,الفاء والراء والشين أصل صحيح يدل على تمهيد الشيء وبسطه,,1,has_asl,maqayis_openiti,Harun_DarAlFikr,high
فرص,فرص,الفاء والراء والصاد أصل صحيح يدل على اقتطاع شيء عن شيء,,1,has_asl,maqayis_openiti,Harun_DarAlFikr,high
فرض,فرض,الفاء والراء والضاد أصل صحيح يدل على تأثير في شيء من حز أو غيره,,1,has_asl,maqayis_openiti,Harun_DarAlFikr,high
فرط,فرط,الفاء والراء والطاء أصل صحيح يدل على إزالة شيء من مكانه وتنحيته عنه,,1,has_asl,maqayis_openiti,Harun_DarAlFikr,high
فرع,فرع,الفاء والراء والعين أصل صحيح يدل على علو وارتفاع وسمو وسبوغ,,1,has_asl,maqayis_openiti,Harun_DarAlFikr,high
فرغ,فرغ,الفاء والراء والغين أصل صحيح يدل على خلو [وسعة] ذرع,,1,has_asl,maqayis_openiti,Harun_DarAlFikr,high
فرق,فرق,الفاء والراء والقاف أصيل صحيح يدل على تمييز وتزييل بين شيئين,,1,has_asl,maqayis_openiti,Harun_DarAlFikr,high
فرك,فرك,الفاء والراء والكاف أصل يدل على استرخاء في الشيء وتفتيل له,,1,has_asl,maqayis_openiti,Harun_DarAlFikr,high
فرم,فرم,الفاء والراء والميم كلمة واحدة، أظنها ليست عربية، وهو الاستفرام,,1,parse_uncertain,maqayis_openiti,Harun_DarAlFikr,low
فره,فره,الفاء والراء والهاء كلمة تدل على أشر وحذق,,1,has_asl,maqayis_openiti,Harun_DarAlFikr,high
فرى,فرى,الفاء والراء والحرف المعتل عظم الباب قطع الشيء، ثم يفرع منه ما يقاربه: من ذلك: فريت الشيء أفريه فريا، وذلك قطعكه لإصلاحه,,1,parse_uncertain,maqayis_openiti,Harun_DarAlFikr,low
فز,فز,الفاء والزاء أصيل يدل على خفة وما قاربها,,1,has_asl,maqayis_openiti,Harun_DarAlFikr,high
فزر,فزر,الفاء والزاء والراء أصيل يدل على انفراج وانصداع,,1,has_asl,maqayis_openiti,Harun_DarAlFikr,high
فزع,فزع,الذعر ||| الإغاثة,الفاء والزاء والعين أصلان صحيحان,2,has_asl,maqayis_openiti,Harun_DarAlFikr,high
فس,فس,الفاء والسين ليس فيه شيء إلا كلمة معربة,,1,parse_uncertain,maqayis_openiti,Harun_DarAlFikr,low
فسا,فسأ,الفاء والسين والهمزة,,1,parse_uncertain,maqayis_openiti,Harun_DarAlFikr,low
فسج,فسج,الفاء والسين والجيم، كلمة واحدة,,1,parse_uncertain,maqayis_openiti,Harun_DarAlFikr,low
فسح,فسح,الفاء والسين والحاء كلمة واحدة تدل على سعة واتساع,,1,has_asl,maqayis_openiti,Harun_DarAlFikr,high
فسخ,فسخ,الفاء والسين والخاء كلمة تدل على نقض شيء,,1,has_asl,maqayis_openiti,Harun_DarAlFikr,high
فسد,فسد,الفاء والسين والدال كلمة واحدة، فسد الشيء يفسد فسادا وفسودا، وهو فاسد وفسيد,,1,parse_uncertain,maqayis_openiti,Harun_DarAlFikr,low
فسر,فسر,الفاء والسين والراء كلمة واحدة تدل على بيان شيء وإيضاحه,,1,has_asl,maqayis_openiti,Harun_DarAlFikr,high
فسط,فسط,الفاء والسين والطاء كلمتان متباينتان,,1,parse_uncertain,maqayis_openiti,Harun_DarAlFikr,low
فسق,فسق,الفاء والسين والقاف كلمة واحدة، وهي الفسق، وهو الخروج عن الطاعة,,1,parse_uncertain,maqayis_openiti,Harun_DarAlFikr,low
فسل,فسل,الفاء والسين واللام أصل صحيح يدل على ضعف وقلة,,1,has_asl,maqayis_openiti,Harun_DarAlFikr,high
فش,فش,الفاء والشين يدل على انتشار وقلة تماسك,,1,has_asl,maqayis_openiti,Harun_DarAlFikr,high
فشا,فشا,الفاء والشين والحرف المعتل كلمة واحدة، وهي ظهور الشيء، يقال: فشا الشيء: ظهر,,1,parse_uncertain,maqayis_openiti,Harun_DarAlFikr,low
فشج,فشج,الفاء والشين والجيم,,1,parse_uncertain,maqayis_openiti,Harun_DarAlFikr,low
فشخ,فشخ,الفاء والشين والخاء، فيه طريفة بن دريد,,1,parse_uncertain,maqayis_openiti,Harun_DarAlFikr,low
فشغ,فشغ,الفاء والشين والغين أصل يدل على الانتشار,,1,has_asl,maqayis_openiti,Harun_DarAlFikr,high
فشق,فشق,الفاء والشين والقاف، ليس هو عندي أصلا، ولكنهم يقولون: الفشق: المباغتة,,1,has_asl,maqayis_openiti,Harun_DarAlFikr,high
فشل,فشل,الفاء والشين واللام,,1,parse_uncertain,maqayis_openiti,Harun_DarAlFikr,low
فص,فص,الفاء والصاد كلمة تدل على فصل بين شيئين,,1,has_asl,maqayis_openiti,Harun_DarAlFikr,high
فصح,فصح,الفاء والصاد والحاء أصل يدل على خلوص في شيء ونقاء من الشوب,,1,has_asl,maqayis_openiti,Harun_DarAlFikr,high
فصد,فصد,الفاء والصاد والدال كلمة صحيحة، وهي الفصد، وهو قطع العرق حتى يسيل,,1,parse_uncertain,maqayis_openiti,Harun_DarAlFikr,low
فصع,فصع,الفاء والصاد والعين يدل على خروج شيء عن شيء,,1,has_asl,maqayis_openiti,Harun_DarAlFikr,high
فصل,فصل,الفاء والصاد واللام كلمة صحيحة تدل على تمييز الشيء من الشيء وإبانته عنه,,1,has_asl,maqayis_openiti,Harun_DarAlFikr,high
فصم,فصم,الفاء والصاد والميم أصل صحيح يدل على انصداع شيء من غير بينونة,,1,has_asl,maqayis_openiti,Harun_DarAlFikr,high
فصي,فصي,الفاء والصاد والياء أصل صحيح يدل على تنحي الشيء عن الشيء,,1,has_asl,maqayis_openiti,Harun_DarAlFikr,high
فض,فض,الفاء والضاد أصل صحيح يدل على تفريق وتجزئة,,1,has_asl,maqayis_openiti,Harun_DarAlFikr,high
فضح,فضح,الفاء والضاد والحاء كلمتان متقاربتان تدل إحداهما على انكشاف شيء، ولا يكاد يقال إلا في قبيح، والأخرى على لون غير حسن أيضا,,1,has_asl,maqayis_openiti,Harun_DarAlFikr,high
فضخ,فضخ,الفاء والضاد والخاء فيه كلمة تدل على الشدخ,,1,has_asl,maqayis_openiti,Harun_DarAlFikr,high
فضل,فضل,الفاء والضاد واللام أصل صحيح يدل على زيادة في شيء,,1,has_asl,maqayis_openiti,Harun_DarAlFikr,high
فضى,فضى,الفاء والضاد والحرف المعتل أصل صحيح يدل على انفساح في شيء واتساع,,1,has_asl,maqayis_openiti,Harun_DarAlFikr,high
فطا,فطأ,الفاء والطاء والهمزة كلمة واحدة تدل على تطامن,,1,has_asl,maqayis_openiti,Harun_DarAlFikr,high
فطح,فطح,الفاء والطاء والحاء كلمة واحدة,,1,parse_uncertain,maqayis_openiti,Harun_DarAlFikr,low
فطر,فطر,الفاء والطاء والراء أصل صحيح يدل على فتح شيء وإبرازه,,1,has_asl,maqayis_openiti,Harun_DarAlFikr,high
فطس,فطس,الفاء والطاء والسين,,1,parse_uncertain,maqayis_openiti,Harun_DarAlFikr,low
فطم,فطم,الفاء والطاء والميم أصل صحيح يدل على قطع شيء عن شيء,,1,has_asl,maqayis_openiti,Harun_DarAlFikr,high
فطن,فطن,الفاء والطاء والنون كلمة واحدة تدل على ذكاء وعلم بشيء,,1,has_asl,maqayis_openiti,Harun_DarAlFikr,high
فظ,فظ,الفاء والظاء كلمة تدل على كراهة وتكره,,1,has_asl,maqayis_openiti,Harun_DarAlFikr,high
فظع,فظع,الفاء والظاء والعين كلمة واحدة,,1,parse_uncertain,maqayis_openiti,Harun_DarAlFikr,low
فعل,فعل,الفاء العين واللام أصل صحيح يدل على إحداث شيء من عمل وغيره,,1,has_asl,maqayis_openiti,Harun_DarAlFikr,high
فعم,فعم,الفاء والعين والميم أصل صحيح يدل على اتساع وامتلاء,,1,has_asl,maqayis_openiti,Harun_DarAlFikr,high
فعي,فعي,الفاء والعين والحرف المعتل كلمة واحدة، وهي الأفعى: حية وحكى ناس: تفعى الرجل، إذا ساء خلقه، مشتق من الأفعى,,1,parse_uncertain,maqayis_openiti,Harun_DarAlFikr,low
فغ,فغ,الفاء والغين ليس فيه كلام أصيل، وهو شبه حكاية لصوت,,1,parse_uncertain,maqayis_openiti,Harun_DarAlFikr,low
فغر,فغر,الفاء والغين والراء أصل صحيح يدل على فتح وانفتاح,,1,has_asl,maqayis_openiti,Harun_DarAlFikr,high
فغم,فغم,الفاء والغين والميم كلمتان، إحداهما تدل على فتح شيء أو تفتحه، ولا يكون إلا طيبا,,1,has_asl,maqayis_openiti,Harun_DarAlFikr,high
فغي,فغي,الفاء والغين والحرف المعتل كلمة واحدة,,1,parse_uncertain,maqayis_openiti,Harun_DarAlFikr,low
فق,فق,الفاء والقاف في المضاعف يدل على تفتح واختلاط في الأمر,,1,has_asl,maqayis_openiti,Harun_DarAlFikr,high
فقا,فقأ,الفاء والقاف والهمزة يدل على فتح الشيء، وتفتحه,,1,has_asl,maqayis_openiti,Harun_DarAlFikr,high
فقح,فقح,الفاء والقاف والحاء يدل على مثل ما ذكرناه قبله من التفتح,,1,has_asl,maqayis_openiti,Harun_DarAlFikr,high
فقد,فقد,الفاء والقاف والدال أصيل يدل على ذهاب شيء وضياعه,,1,has_asl,maqayis_openiti,Harun_DarAlFikr,high
فقر,فقر,الفاء والقاف والراء أصل صحيح يدل على انفراج في شيء، من عضو أو غير ذلك,,1,has_asl,maqayis_openiti,Harun_DarAlFikr,high
فقس,فقس,الفاء والقاف والسين,,1,parse_uncertain,maqayis_openiti,Harun_DarAlFikr,low
فقص,فقص,الفاء والقاف والصاد ليس بشيء، إلا أنهم يقولون: فقصت البيضة عن الفرخ,,1,parse_uncertain,maqayis_openiti,Harun_DarAlFikr,low
فقع,فقع,الفاء والقاف والعين,,1,parse_uncertain,maqayis_openiti,Harun_DarAlFikr,low
فقم,فقم,الفاء والقاف والميم أصل صحيح يدل على اعوجاج وقلة استقامة,,1,has_asl,maqayis_openiti,Harun_DarAlFikr,high
فقه,فقه,الفاء والقاف والهاء أصل واحد صحيح، يدل على إدراك الشيء والعلم به,,1,has_asl,maqayis_openiti,Harun_DarAlFikr,high
فك,فك,الفاء والكاف أصل صحيح يدل على تفتح وانفراج,,1,has_asl,maqayis_openiti,Harun_DarAlFikr,high
فكر,فكر,الفاء والكاف والراء تردد القلب في الشيء,,1,parse_uncertain,maqayis_openiti,Harun_DarAlFikr,low
فكل,فكل,الفاء والكاف واللام كلمة واحدة، وهي الأفكل: الرعدة,,1,parse_uncertain,maqayis_openiti,Harun_DarAlFikr,low
فكن,فكن,الفاء والكاف والنون كلمة واحدة، وهي التندم، يقال تندم وتفكن بمعنى,,1,parse_uncertain,maqayis_openiti,Harun_DarAlFikr,low
فكه,فكه,الفاء والكاف والهاء أصل صحيح يدل على طيب واستطابة,,1,has_asl,maqayis_openiti,Harun_DarAlFikr,high
فل,فل,الفاء واللام أصل صحيح يدل على انكسار وانثلام,,1,has_asl,maqayis_openiti,Harun_DarAlFikr,high
فلت,فلت,الفاء واللام والتاء كلمة صحيحة تدل على تخلص في سرعة,,1,has_asl,maqayis_openiti,Harun_DarAlFikr,high
فلج,فلج,على فوز وغلبة ||| على فرجة بين الشيئين المتساويين,الفاء واللام والجيم أصلان صحيحان، يدل,2,has_asl,maqayis_openiti,Harun_DarAlFikr,high
فلح,فلح,يدل على شق ||| على فوز وبقاء,الفاء واللام والحاء أصلان صحيحان,2,has_asl,maqayis_openiti,Harun_DarAlFikr,high
فلذ,فلذ,الفاء واللام والذال أصيل يدل على قطع شيء من شيء,,1,has_asl,maqayis_openiti,Harun_DarAlFikr,high
فلز,فلز,الفاء واللام والزاء ليس فيه شيء إلا أنهم يقولون: الفلز: خبث الحديد ينفيه الكير,,1,parse_uncertain,maqayis_openiti,Harun_DarAlFikr,low
فلس,فلس,الفاء واللام والسين كلمة واحدة، وهي الفلس، معروف، والجمع فلوس,,1,parse_uncertain,maqayis_openiti,Harun_DarAlFikr,low
فلص,فلص,الفاء واللام والصاد ليس فيه شيء، لكنهم يقولون: الانفلاص: التفلت,,1,parse_uncertain,maqayis_openiti,Harun_DarAlFikr,low
فلط,فلط,الفاء واللام والطاء ليس بأصل، لأنه من باب الإبدال، والأصل الراء,,1,has_asl,maqayis_openiti,Harun_DarAlFikr,high
فلع,فلع,الفاء واللام والعين كلمة واحدة تدل على شق الشيء,,1,has_asl,maqayis_openiti,Harun_DarAlFikr,high
فلق,فلق,الفاء واللام والقاف أصل صحيح يدل على فرجة وبينونة في الشيء، وعلى تعظيم شيء,,1,has_asl,maqayis_openiti,Harun_DarAlFikr,high
فلك,فلك,الفاء واللام والكاف أصل صحيح يدل على استدارة في شيء,,1,has_asl,maqayis_openiti,Harun_DarAlFikr,high
فلم,فلم,الفاء واللام والميم كلمة,,1,parse_uncertain,maqayis_openiti,Harun_DarAlFikr,low
فلن,فلن,الفاء واللام والنون كناية عن كل أحد,,1,parse_uncertain,maqayis_openiti,Harun_DarAlFikr,low
فلو,فلو,الفاء واللام والحرف المعتل كلمة صحيحة فيها ثلاث كلمات: التربية، والتفتيش، والأرض الخالية,,1,parse_uncertain,maqayis_openiti,Harun_DarAlFikr,low
فم,فم,الفاء والميم ليس فيه غير الفم، وليس هذا موضعه، لكن حكي فم بالضم والتشديد,,1,parse_uncertain,maqayis_openiti,Harun_DarAlFikr,low
فن,فن,على تعنية ||| على ضرب من الضروب في الأشياء كلها,الفاء والنون أصلان صحيحان، يدل,2,has_asl,maqayis_openiti,Harun_DarAlFikr,high
فنح,فنح,الفاء والنون والحاء كلمة واحدة,,1,parse_uncertain,maqayis_openiti,Harun_DarAlFikr,low
فند,فند,الفاء والنون والدال أصل صحيح يدل على ثقل وشدة، ويقال بعضه على بعض,,1,has_asl,maqayis_openiti,Harun_DarAlFikr,high
فنع,فنع,الفاء والنون والعين أصل صحيح يدل على طيب وكثرة وكرم,,1,has_asl,maqayis_openiti,Harun_DarAlFikr,high
فنق,فنق,الفاء والنون والقاف أصيل يدل على كرم ونعمة,,1,has_asl,maqayis_openiti,Harun_DarAlFikr,high
فنك,فنك,الفاء والنون والكاف كلمتان,,1,parse_uncertain,maqayis_openiti,Harun_DarAlFikr,low
فني,فني,الفاء والنون والحرف المعتل,,1,parse_uncertain,maqayis_openiti,Harun_DarAlFikr,low
فه,فه,الفاء والهاء كلمة واحدة تدل على العي وما أشبهه، من ذلك الرجل الفه، وهو العيي، والمرأة فهة، ومصدره الفهاهة,,1,has_asl,maqayis_openiti,Harun_DarAlFikr,high
فهج,فهج,الفاء والهاء والجيم كلمة,,1,parse_uncertain,maqayis_openiti,Harun_DarAlFikr,low
فهد,فهد,الفاء والهاء والدال يدل على جنس من الحيوان، ثم يستعار,,1,has_asl,maqayis_openiti,Harun_DarAlFikr,high
فهر,فهر,الفاء والهاء والراء ليس فيه من اللغة الأصلية شيء [إلا] كلمة واحدة، وهي الفهر، مؤنثة، وهي الحجر من الحجارة,,1,has_asl,maqayis_openiti,Harun_DarAlFikr,high
فهق,فهق,الفاء والهاء والقاف أصل صحيح يدل على سعة وامتلاء,,1,has_asl,maqayis_openiti,Harun_DarAlFikr,high
فهم,فهم,الفاء والهاء والميم علم الشيء، كذا يقولون أهل اللغة,,1,parse_uncertain,maqayis_openiti,Harun_DarAlFikr,low
فوت,فوت,الفاء والواو والتاء أصيل صحيح يدل على خلاف إدراك الشيء والوصول إليه,,1,has_asl,maqayis_openiti,Harun_DarAlFikr,high
فوج,فوج,الفاء والواو والجيم كلمة تدل على تجمع,,1,has_asl,maqayis_openiti,Harun_DarAlFikr,high
فوح,فوح,الفاء والواو والحاء كلمة تدل على ثور وغليان,,1,has_asl,maqayis_openiti,Harun_DarAlFikr,high
فود,فود,الفاء والواو والدال كلمة واحدة، ثم تستعار,,1,parse_uncertain,maqayis_openiti,Harun_DarAlFikr,low
فور,فور,الفاء والواو والراء كلمة تدل على غليان، ثم يقاس عليها,,1,has_asl,maqayis_openiti,Harun_DarAlFikr,high
فوز,فوز,الفاء والواو والزاء كلمتان متضادتان,,1,parse_uncertain,maqayis_openiti,Harun_DarAlFikr,low
فوص,فوص,الفاء والواو والصاد كلمة تدل على خلوص أو خلاص من شيء,,1,has_asl,maqayis_openiti,Harun_DarAlFikr,high
فوض,فوض,الفاء والواو والضاد أصل صحيح يدل على اتكال في الأمر على آخر ورده عليه، ثم يفرع فيرد إليه ما يشبهه,,1,has_asl,maqayis_openiti,Harun_DarAlFikr,high
فوع,فوع,الفاء والواو والعين يدل على ثور في شيء,,1,has_asl,maqayis_openiti,Harun_DarAlFikr,high
فوغ,فوغ,الفاء والواو والغين كلمة إن صحت,,1,parse_uncertain,maqayis_openiti,Harun_DarAlFikr,low
فوف,فوف,الفاء والواو والفاء كلمة واحدة,,1,parse_uncertain,maqayis_openiti,Harun_DarAlFikr,low
فوق,فوق,على علو ||| على أوبة ورجوع,الفاء والواو والقاف أصلان صحيحان، يدل,2,has_asl,maqayis_openiti,Harun_DarAlFikr,high
فول,فول,الفاء والواو واللام كلمة إن صحت,,1,parse_uncertain,maqayis_openiti,Harun_DarAlFikr,low
فوم,فوم,الفاء والواو والميم أصل صحيح مختلف في تفسيره، وهو، الفوم,,1,has_asl,maqayis_openiti,Harun_DarAlFikr,high
فوه,فوه,الفاء والواو والهاء أصل صحيح يدل على تفتح في شيء,,1,has_asl,maqayis_openiti,Harun_DarAlFikr,high
فيج,فيج,الفاء والياء والجيم يدل على الإسراع,,1,has_asl,maqayis_openiti,Harun_DarAlFikr,high
فيح,فيح,الفاء والياء والحاء كلمة واحدة,,1,parse_uncertain,maqayis_openiti,Harun_DarAlFikr,low
فيخ,فيخ,الفاء والياء والخاء كلمة,,1,parse_uncertain,maqayis_openiti,Harun_DarAlFikr,low
فيد,فيد,الفاء والياء والدال أصيل صحيح، إلا أن كلمه لم تجئ قياسا، وهو من الأبواب التي لا تنقاس,,1,parse_uncertain,maqayis_openiti,Harun_DarAlFikr,low
فيش,فيش,الفاء والياء والشين كلمة واحدة يقولون: الفياش: المفاخرة,,1,parse_uncertain,maqayis_openiti,Harun_DarAlFikr,low
فيص,فيص,الفاء والياء والصاد أصيل يدل على جريان في شيء من ماء وما أشبهه,,1,has_asl,maqayis_openiti,Harun_DarAlFikr,high
فيض,فيض,الفاء والياء والضاد أصل صحيح واحد يدل على جريان الشيء بسهولة، ثم يقاس عليه,,1,has_asl,maqayis_openiti,Harun_DarAlFikr,high
فيظ,فيظ,الفاء والياء والظاء كلمة,,1,parse_uncertain,maqayis_openiti,Harun_DarAlFikr,low
فيف,فيف,الفاء والياء والفاء كلمة,,1,parse_uncertain,maqayis_openiti,Harun_DarAlFikr,low
فيق,فيق,الفاء والياء والقاف، [الفيقة] قد مضى ذكرها، والأصل الواو، وهو ما اجتمع من الدرة في الضرع,,1,has_asl,maqayis_openiti,Harun_DarAlFikr,high
فيل,فيل,الفاء والياء واللام أصل يدل على استرخاء وضعف,,1,has_asl,maqayis_openiti,Harun_DarAlFikr,high
فين,فين,الفاء والياء والنون كلمة,,1,parse_uncertain,maqayis_openiti,Harun_DarAlFikr,low
قاب,قاب,القاف والألف والباء,,1,parse_uncertain,maqayis_openiti,Harun_DarAlFikr,low
قاق,قاق,القاف والألف والقاف كلمة واحدة، وهي القاق: الرجل الطويل,,1,parse_uncertain,maqayis_openiti,Harun_DarAlFikr,low
قام,قام,القاف والألف والميم قد مضى ذكر ذلك، والأصل في جميعه الواو,,1,has_asl,maqayis_openiti,Harun_DarAlFikr,high
قاه,قاه,القاف والألف والهاء كلمة,,1,parse_uncertain,maqayis_openiti,Harun_DarAlFikr,low
قب,قب,القاف والباء أصل صحيح يدل على جمع وتجمع,,1,has_asl,maqayis_openiti,Harun_DarAlFikr,high
قبح,قبح,القاف والباء والحاء كلمة واحدة تدل على خلاف الحسن، وهو القبح,,1,has_asl,maqayis_openiti,Harun_DarAlFikr,high
قبر,قبر,القاف والباء والراء أصل صحيح يدل على غموض في شيء وتطامن,,1,has_asl,maqayis_openiti,Harun_DarAlFikr,high
قبس,قبس,القاف والباء والسين أصل صحيح يدل على صفة من صفات النار، ثم يستعار,,1,has_asl,maqayis_openiti,Harun_DarAlFikr,high
قبص,قبص,على خفة وسرعة ||| على تجمع,القاف والباء والصاد أصلان يدل,2,has_asl,maqayis_openiti,Harun_DarAlFikr,high
قبض,قبض,القاف والباء والضاد أصل واحد صحيح يدل على شيء مأخوذ، وتجمع في شيء,,1,has_asl,maqayis_openiti,Harun_DarAlFikr,high
قبط,قبط,القاف والباء والطاء أصل صحيح,,1,has_asl,maqayis_openiti,Harun_DarAlFikr,high
قبع,قبع,القاف والباء والعين أصل صحيح يدل على شبه أن يختبئ الإنسان أو غيره,,1,has_asl,maqayis_openiti,Harun_DarAlFikr,high
قبل,قبل,القاف والباء واللام أصل واحد صحيح تدل كلمه كلها على مواجهة الشيء للشيء، ويتفرع بعد ذلك,,1,has_asl,maqayis_openiti,Harun_DarAlFikr,high
قبن,قبن,القاف والباء والنون,,1,parse_uncertain,maqayis_openiti,Harun_DarAlFikr,low
قبو,قبو,القاف والباء والواو كلمة صحيحة، تدل على ضم وجمع,,1,has_asl,maqayis_openiti,Harun_DarAlFikr,high
قت,قت,القاف والتاء فيه كلمتان متباينتان، إحداهما القت، وهو نم الحديث,,1,parse_uncertain,maqayis_openiti,Harun_DarAlFikr,low
قتب,قتب,القاف والتاء والباء أصل صحيح يدل على آلة من آلات الرحال أو غيرها,,1,has_asl,maqayis_openiti,Harun_DarAlFikr,high
قتد,قتد,القاف والتاء والدال أصل صحيح، وهو كلمتان: القتد: خشب الرحل، وجمعه أقتاد وقتود,,1,has_asl,maqayis_openiti,Harun_DarAlFikr,high
قتر,قتر,القاف والتاء والراء أصل صحيح يدل على تجميع وتضييق,,1,has_asl,maqayis_openiti,Harun_DarAlFikr,high
قتع,قتع,القاف والتاء والعين كلمة,,1,parse_uncertain,maqayis_openiti,Harun_DarAlFikr,low
قتل,قتل,القاف والتاء واللام أصل صحيح يدل على إذلال وإماتة,,1,has_asl,maqayis_openiti,Harun_DarAlFikr,high
قتم,قتم,القاف والتاء والميم أصل صحيح يدل على غبرة وسواد,,1,has_asl,maqayis_openiti,Harun_DarAlFikr,high
قتن,قتن,القاف والتاء والنون كلمة صحيحة,,1,parse_uncertain,maqayis_openiti,Harun_DarAlFikr,low
قتو,قتو,القاف والتاء والواو,,1,parse_uncertain,maqayis_openiti,Harun_DarAlFikr,low
قث,قث,القاف والثاء كلمة تدل على الجمع,,1,has_asl,maqayis_openiti,Harun_DarAlFikr,high
قثا,قثا,القاف والثاء والألف الممدودة,,1,parse_uncertain,maqayis_openiti,Harun_DarAlFikr,low
قثد,قثد,القاف والثاء والدال ليس بشيء، غير أنه يقال: القثد: نبت,,1,parse_uncertain,maqayis_openiti,Harun_DarAlFikr,low
قثم,قثم,القاف والثاء والميم أصل يدل على جمع وإعطاء,,1,has_asl,maqayis_openiti,Harun_DarAlFikr,high
قح,قح,القاف والحاء ليس هو عندنا أصلا، ولكنهم يقولون: القح: الجافي من الناس والأشياء، حتى يقولون للبطيخة التي لم تنضج: إنها لقح,,1,has_asl,maqayis_openiti,Harun_DarAlFikr,high
قحب,قحب,القاف والحاء والباء كلمة تدل على سعال الخيل والإبل، وربما جعل للناس,,1,has_asl,maqayis_openiti,Harun_DarAlFikr,high
قحد,قحد,القاف والحاء والدال كلمة واحدة هي القحدة: أصل السنام، والجمع قحاد,,1,has_asl,maqayis_openiti,Harun_DarAlFikr,high
قحر,قحر,القاف والحاء والراء كلمة واحدة، وهي القحر، يقال إنه الفحل المسن على بقية فيه وجلد,,1,parse_uncertain,maqayis_openiti,Harun_DarAlFikr,low
قحز,قحز,القاف والحاء والزاء أصل واحد يدل على قلق أو إقلاق وإزعاج,,1,has_asl,maqayis_openiti,Harun_DarAlFikr,high
قحط,قحط,القاف والحاء والطاء أصل صحيح يدل على احتباس الخير، ثم يستعار,,1,has_asl,maqayis_openiti,Harun_DarAlFikr,high
قحف,قحف,القاف والحاء والفاء أصل صحيح يدل على شدة في شيء وصلابة,,1,has_asl,maqayis_openiti,Harun_DarAlFikr,high
قحل,قحل,القاف والحاء واللام أصل صحيح يدل على يبس في الشيء وجفاف,,1,has_asl,maqayis_openiti,Harun_DarAlFikr,high
قحم,قحم,القاف والحاء والميم أصل صحيح يدل على تورد الشيء بأدنى جفاء وإقدام,,1,has_asl,maqayis_openiti,Harun_DarAlFikr,high
قحو,قحو,القاف والحاء والواو كلمة واحدة,,1,parse_uncertain,maqayis_openiti,Harun_DarAlFikr,low
قد,قد,القاف والدال أصل صحيح يدل على قطع الشيء طولا، ثم يستعار,,1,has_asl,maqayis_openiti,Harun_DarAlFikr,high
قدح,قدح,على شيء كالهزم في الشيء ||| يدل على غرف شيء,القاف والدال والحاء أصلان صحيحان، يدل,2,has_asl,maqayis_openiti,Harun_DarAlFikr,high
قدر,قدر,القاف والدال والراء أصل صحيح يدل على مبلغ الشيء وكنهه ونهايته,,1,has_asl,maqayis_openiti,Harun_DarAlFikr,high
قدس,قدس,القاف والدال والسين أصل صحيح، وأظنه من الكلام الشرعي الإسلامي، وهو يدل على الطهر,,1,has_asl,maqayis_openiti,Harun_DarAlFikr,high
قدع,قدع,يدل على الكف عن الشيء، ويدل الآخر على التهافت في الشيء ||| التهافت,القاف والدال والعين أصلان صحيحان متباينان,2,has_asl,maqayis_openiti,Harun_DarAlFikr,high
قدف,قدف,القاف والدال والفاء,,1,parse_uncertain,maqayis_openiti,Harun_DarAlFikr,low
قدم,قدم,القاف والدال والميم أصل صحيح يدل على سبق ورعف ثم يفرع منه ما يقاربه: يقولون: القدم: خلاف الحدوث,,1,has_asl,maqayis_openiti,Harun_DarAlFikr,high
قدو,قدو,القاف والدال والحرف المعتل أصل صحيح يدل على اقتباس بالشيء واهتداء، ومقادرة في الشيء حتى يأتي به مساويا لغيره,,1,has_asl,maqayis_openiti,Harun_DarAlFikr,high
قذ,قذ,القاف والذال,,1,parse_uncertain,maqayis_openiti,Harun_DarAlFikr,low
قذر,قذر,القاف والذال والراء كلمة تدل على خلاف النظافة,,1,has_asl,maqayis_openiti,Harun_DarAlFikr,high
قذع,قذع,القاف والذال والعين كلمة تدل على الفحش,,1,has_asl,maqayis_openiti,Harun_DarAlFikr,high
قذف,قذف,القاف والذال والفاء أصل يدل على الرمي والطرح,,1,has_asl,maqayis_openiti,Harun_DarAlFikr,high
قذل,قذل,القاف والذال واللام كلمة واحدة، وهي القذل: جماع مؤخر الرأس,,1,parse_uncertain,maqayis_openiti,Harun_DarAlFikr,low
قذم,قذم,القاف والذال والميم أصل صحيح يدل على سعة وكثرة,,1,has_asl,maqayis_openiti,Harun_DarAlFikr,high
قذي,قذي,القاف والذال والحرف المعتل كلمة واحدة تدل على خلاف الصفاء والخلوص,,1,has_asl,maqayis_openiti,Harun_DarAlFikr,high
قر,قر,على برد ||| على تمكن,القاف والراء أصلان صحيحان، يدل,2,has_asl,maqayis_openiti,Harun_DarAlFikr,high
قرب,قرب,القاف والراء والباء أصل صحيح يدل على خلاف البعد,,1,has_asl,maqayis_openiti,Harun_DarAlFikr,high
قرت,قرت,القاف والراء والتاء أصيل يدل على قبح في سحنة,,1,has_asl,maqayis_openiti,Harun_DarAlFikr,high
قرح,قرح,القرح: قرح الجلد يجرح ||| الماء القراح: الذي لا يشوبه غيره ||| القريحة، وهو أول ما يستنبط من البئر، ولذلك يقال: فلان جيد القريحة; يراد به استنباط العلم,القاف والراء والحاء ثلاثة أصول صحيحة: أحدها يدل على ألم بجراح أو ما أشبهها، والآخر يدل على شيء من شوب، والآخر على استنباط شيء,3,has_asl,maqayis_openiti,Harun_DarAlFikr,high
قرد,قرد,القاف والراء والدال أصل صحيح يدل على تجمع في شيء مع تقطع,,1,has_asl,maqayis_openiti,Harun_DarAlFikr,high
قرس,قرس,القاف والراء والسين أصل صحيح يدل على برد,,1,has_asl,maqayis_openiti,Harun_DarAlFikr,high
قرش,قرش,القاف والراء والشين أصل صحيح يدل على الجمع والتجمع,,1,has_asl,maqayis_openiti,Harun_DarAlFikr,high
قرص,قرص,القاف والراء والصاد أصل صحيح يدل على قبض شيء بأطراف الأصابع مع نبر يكون,,1,has_asl,maqayis_openiti,Harun_DarAlFikr,high
قرض,قرض,القاف والراء والضاد أصل صحيح، وهو يدل على القطع,,1,has_asl,maqayis_openiti,Harun_DarAlFikr,high
قرط,قرط,القاف والراء والطاء ثلاث كلمات عن غير قياس,,1,parse_uncertain,maqayis_openiti,Harun_DarAlFikr,low
قرع,قرع,القاف والراء والعين معظم الباب ضرب الشيء,,1,parse_uncertain,maqayis_openiti,Harun_DarAlFikr,low
قرف,قرف,القاف والراء والفاء أصل صحيح يدل على مخالطة الشيء والالتباس به وادراعه,,1,has_asl,maqayis_openiti,Harun_DarAlFikr,high
قرق,قرق,القاف والراء والقاف كلمة واحدة,,1,parse_uncertain,maqayis_openiti,Harun_DarAlFikr,low
قرم,قرم,القاف والراء والميم أصل صحيح يدل على حز أو قطع في شيء,,1,has_asl,maqayis_openiti,Harun_DarAlFikr,high
قرن,قرن,يدل على جمع شيء إلى شيء ||| شيء ينتأ بقوة وشدة,القاف والراء والنون أصلان صحيحان,2,has_asl,maqayis_openiti,Harun_DarAlFikr,high
قره,قره,القاف والراء والهاء كلمة إن صحت,,1,parse_uncertain,maqayis_openiti,Harun_DarAlFikr,low
قري,قري,القاف والراء والحرف المعتل أصل صحيح يدل على جمع واجتماع,,1,has_asl,maqayis_openiti,Harun_DarAlFikr,high
قز,قز,القاف والزاء كلمة واحدة، تدل على قلة سكون إلى الشيء,,1,has_asl,maqayis_openiti,Harun_DarAlFikr,high
قزب,قزب,القاف والزاء والباء، فيه من طرائف ابن دريد: القزب الصلابة والشدة,,1,parse_uncertain,maqayis_openiti,Harun_DarAlFikr,low
قزح,قزح,القاف والزاء والحاء أصيل يدل على اختلاط ألوان مختلفة وتشعب في الشيء,,1,has_asl,maqayis_openiti,Harun_DarAlFikr,high
قزع,قزع,القاف والزاء والعين أصل صحيح يدل على خفة في شيء وتفرق,,1,has_asl,maqayis_openiti,Harun_DarAlFikr,high
قزل,قزل,القاف والزاء واللام كلمة واحدة، وهي القزل، وهو أسوأ العرج,,1,parse_uncertain,maqayis_openiti,Harun_DarAlFikr,low
قزم,قزم,القاف والزاء والميم كلمة تدل على دناءة ولؤم,,1,has_asl,maqayis_openiti,Harun_DarAlFikr,high
قس,قس,القاف والسين معظم بابه تتبع الشيء، وقد يشذ عنه ما يقاربه في اللفظ,,1,parse_uncertain,maqayis_openiti,Harun_DarAlFikr,low
قسب,قسب,القاف والسين والباء يدل على مثل ما دل عليه الذي قبله,,1,has_asl,maqayis_openiti,Harun_DarAlFikr,high
قسر,قسر,القاف والسين والراء يدل على قهر وغلبة بشدة,,1,has_asl,maqayis_openiti,Harun_DarAlFikr,high
قسط,قسط,القاف والسين والطاء أصل صحيح يدل على معنيين متضادين والبناء واحد,,1,has_asl,maqayis_openiti,Harun_DarAlFikr,high
قسم,قسم,على جمال وحسن ||| على تجزئة شيء,القاف والسين والميم أصلان صحيحان، يدل,2,has_asl,maqayis_openiti,Harun_DarAlFikr,high
قسن,قسن,القاف والسين والنون كلمة تدل على شدة,,1,has_asl,maqayis_openiti,Harun_DarAlFikr,high
قسي,قسي,القاف والسين والحرف المعتل يدل على شدة وصلابة,,1,has_asl,maqayis_openiti,Harun_DarAlFikr,high
قش,قش,القاف والشين كلمات على غير قياس,,1,parse_uncertain,maqayis_openiti,Harun_DarAlFikr,low
قشب,قشب,على خلط شيء بشيء ||| على جدة في الشيء,القاف والشين والباء أصلان يدل,2,has_asl,maqayis_openiti,Harun_DarAlFikr,high
قشر,قشر,القاف والشين والراء أصل صحيح واحد، يدل على تنحية الشيء ويكون الشيء كاللباس ونحوه,,1,has_asl,maqayis_openiti,Harun_DarAlFikr,high
قشع,قشع,"القاف والشين والعين أصل صحيح واحد، أومأ إلى قياسه أبو بكر فقال: "" كل شيء خف فقد قشع وقشع يقشع قشعا، مثل اللحم يجفف """,,1,has_asl,maqayis_openiti,Harun_DarAlFikr,high
قشف,قشف,القاف والشين والفاء كلمة واحدة، وهي قولهم: قشف يقشف، إذا لوحته الشمس فتغير، ثم قيل لكل من لا يتصنع للتجمل قشف، وهو يتقشف,,1,parse_uncertain,maqayis_openiti,Harun_DarAlFikr,low
قشم,قشم,القاف والشين والميم أصيل إن صح فهو من الأكل وما ضاهاه من المأكول,,1,parse_uncertain,maqayis_openiti,Harun_DarAlFikr,low
قص,قص,القاف والصاد أصل صحيح يدل على تتبع الشيء,,1,has_asl,maqayis_openiti,Harun_DarAlFikr,high
قصب,قصب,على قطع الشيء، ويدل الآخر على امتداد في أشياء مجوفة ||| الأقصاب: الأمعاء، واحدها قصب,القاف والصاد والباء أصلان صحيحان، يدل,2,has_asl,maqayis_openiti,Harun_DarAlFikr,high
قصد,قصد,القاف والصاد والدال أصول ثلاثة، يدل أحدها على إتيان شيء وأمه، والآخر على اكتناز في الشيء,,3,has_asl,maqayis_openiti,Harun_DarAlFikr,high
قصر,قصر,يدل على ألا يبلغ الشيء مداه ونهايته ||| على الحبس,القاف والصاد والراء أصلان صحيحان,2,has_asl,maqayis_openiti,Harun_DarAlFikr,high
قصع,قصع,القاف والصاد والعين أصل صحيح يدل على تطامن في شيء أو مطامنة له,,1,has_asl,maqayis_openiti,Harun_DarAlFikr,high
قصف,قصف,القاف والصاد والفاء أصل صحيح يدل على كسر لشيء,,1,has_asl,maqayis_openiti,Harun_DarAlFikr,high
قصل,قصل,القاف والصاد واللام أصل صحيح واحد يدل على قطع الشيء,,1,has_asl,maqayis_openiti,Harun_DarAlFikr,high
قصم,قصم,القاف والصاد والميم أصل صحيح يدل على الكسر,,1,has_asl,maqayis_openiti,Harun_DarAlFikr,high
قصوى,قصوى,القاف والصاد والحرف المعتل أصل صحيح يدل على بعد وإبعاد,,1,has_asl,maqayis_openiti,Harun_DarAlFikr,high
قض,قض,القاف والضاد أصول ثلاثة: أحدها هوي الشيء، والآخر خشونة في الشيء، والآخر ثقب في الشيء,,3,has_asl,maqayis_openiti,Harun_DarAlFikr,high
قضب,قضب,القاف والضاد والباء أصل صحيح يدل على,,1,has_asl,maqayis_openiti,Harun_DarAlFikr,high
قضع,قضع,القاف والضاد والعين أصل صحيح، وقياسه القهر والغلبة,,1,has_asl,maqayis_openiti,Harun_DarAlFikr,high
قضف,قضف,القاف والضاد والفاء أصيل يدل على دقة ولطافة,,1,has_asl,maqayis_openiti,Harun_DarAlFikr,high
قضم,قضم,القاف والضاد والميم كلمتان متباينتان لا مناسبة بينهما: إحداهما القضم: قضم الدابة شعيرها; يقال قضمت تقضم,,1,parse_uncertain,maqayis_openiti,Harun_DarAlFikr,low
قضي,قضي,القاف والضاد والحرف المعتل أصل صحيح يدل على إحكام أمر وإتقانه وإنفاذه لجهته، قال الله تعالى: {فقضاهن سبع سماوات في يومين} [فصلت: 12] أي أحكم خلقهن,,1,has_asl,maqayis_openiti,Harun_DarAlFikr,high
قط,قط,القاف والطاء أصل صحيح يدل على قطع الشيء بسرعة عرضا,,1,has_asl,maqayis_openiti,Harun_DarAlFikr,high
قطب,قطب,القاف والطاء والباء أصل صحيح يدل على الجمع,,1,has_asl,maqayis_openiti,Harun_DarAlFikr,high
قطر,قطر,القاف والطاء والراء هذا باب غير موضوع على قياس، وكلمه متباينة الأصول، وقد كتبناها,,2,has_asl,maqayis_openiti,Harun_DarAlFikr,high
قطع,قطع,القاف والطاء والعين أصل صحيح واحد، يدل على صرم وإبانة شيء من شيء,,1,has_asl,maqayis_openiti,Harun_DarAlFikr,high
قطف,قطف,القاف والطاء والفاء أصل صحيح يدل على أخذ ثمرة من شجرة، ثم يستعار ذلك، فتقول: قطفت الثمرة أقطفها قطفا,,1,has_asl,maqayis_openiti,Harun_DarAlFikr,high
قطل,قطل,القاف والطاء واللام أصل صحيح يدل على قطع الشيء,,1,has_asl,maqayis_openiti,Harun_DarAlFikr,high
قطم,قطم,القاف والطاء والميم أصل صحيح يدل على قطع الشيء، وعلى شهوة,,1,has_asl,maqayis_openiti,Harun_DarAlFikr,high
قطن,قطن,القاف والطاء والنون أصل صحيح يدل على استقرار بمكان وسكون,,1,has_asl,maqayis_openiti,Harun_DarAlFikr,high
قطو,قطو,القاف والطاء والحرف المعتل أصل صحيح يدل على مقاربة في المشي,,1,has_asl,maqayis_openiti,Harun_DarAlFikr,high
قع,قع,القاف والعين أصل صحيح يدل على حكايات صوت,,1,has_asl,maqayis_openiti,Harun_DarAlFikr,high
قعث,قعث,القاف والعين والثاء أصيل يدل على كثرة,,1,has_asl,maqayis_openiti,Harun_DarAlFikr,high
قعد,قعد,القاف والعين والدال أصل مطرد منقاس لا يخلف، وهو يضاهي الجلوس وإن كان يتكلم في مواضع لا يتكلم فيها بالجلوس,,1,has_asl,maqayis_openiti,Harun_DarAlFikr,high
قعر,قعر,القاف والعين والراء أصل صحيح واحد، يدل على هزم في الشيء ذاهب سفلا,,1,has_asl,maqayis_openiti,Harun_DarAlFikr,high
قعز,قعز,القاف والعين والزاء ليس فيه إلا طريفة ابن دريد، قال: قعزت الإناء: ملأته,,1,parse_uncertain,maqayis_openiti,Harun_DarAlFikr,low
قعس,قعس,القاف والعين والسين أصل صحيح يدل على ثبات وقوة، ويتوسعون في ذلك على معنى الاستعارة، فيقال للرجل المنيع العزيز: أقعس وللغليظ العنق قوعس,,1,has_asl,maqayis_openiti,Harun_DarAlFikr,high
قعش,قعش,القاف والعين والشين أصيل يدل على انحناء في شيء,,1,has_asl,maqayis_openiti,Harun_DarAlFikr,high
قعص,قعص,القاف والعين والصاد أصل صحيح يدل على داء يدعو إلى الموت,,1,has_asl,maqayis_openiti,Harun_DarAlFikr,high
قعض,قعض,القاف والعين والضاد كلمة تدل على عطف شيء وحنيه,,1,has_asl,maqayis_openiti,Harun_DarAlFikr,high
قعط,قعط,القاف والعين والطاء أصل صحيح يدل على شد شيء، وعلى شدة في شيء,,1,has_asl,maqayis_openiti,Harun_DarAlFikr,high
قعف,قعف,القاف والعين والفاء أصل صحيح يدل على اجتراف شيء وأخذه أجمع,,1,has_asl,maqayis_openiti,Harun_DarAlFikr,high
قعل,قعل,القاف والعين واللام ثلاث كلمات غير متجانسة ولا قياس لها,,1,parse_uncertain,maqayis_openiti,Harun_DarAlFikr,low
قعم,قعم,القاف والعين والميم كلمات لا ترجع إلى قياس واحد، لكنها متباينة,,1,parse_uncertain,maqayis_openiti,Harun_DarAlFikr,low
قعن,قعن,القاف والعين والنون ليس فيه إلا قعين: قبيلة من العرب,,1,parse_uncertain,maqayis_openiti,Harun_DarAlFikr,low
قعو,قعو,القاف والعين والحرف المعتل فيه كلمات لا قياس لها,,1,parse_uncertain,maqayis_openiti,Harun_DarAlFikr,low
قف,قف,القاف والفاء أصل صحيح يدل على جمع وتجمع وتقبض,,1,has_asl,maqayis_openiti,Harun_DarAlFikr,high
قفح,قفح,القاف والفاء والحاء، قال ابن دريد: قفحت نفسه عن الشيء إذا كرهته,,1,parse_uncertain,maqayis_openiti,Harun_DarAlFikr,low
قفخ,قفخ,القاف والفاء والخاء كلمة واحدة وهو ضرب الشيء اليابس على مثله,,1,parse_uncertain,maqayis_openiti,Harun_DarAlFikr,low
قفد,قفد,القاف والفاء والدال أصل يدل على التواء في شيء,,1,has_asl,maqayis_openiti,Harun_DarAlFikr,high
قفر,قفر,القاف والفاء والراء أصل يدل على خلو من خير,,1,has_asl,maqayis_openiti,Harun_DarAlFikr,high
قفز,قفز,] على شبه الوثب ||| على شيء يلبس,القاف والفاء والزاء أصلان يدل [,2,has_asl,maqayis_openiti,Harun_DarAlFikr,high
قفس,قفس,القاف والفاء والسين,,1,parse_uncertain,maqayis_openiti,Harun_DarAlFikr,low
قفش,قفش,القاف والفاء والشين,,1,parse_uncertain,maqayis_openiti,Harun_DarAlFikr,low
قفص,قفص,القاف والفاء والصاد كلمات تدل على جمع واجتماع,,1,has_asl,maqayis_openiti,Harun_DarAlFikr,high
قفط,قفط,القاف والفاء والطاء كلمة واحدة,,1,parse_uncertain,maqayis_openiti,Harun_DarAlFikr,low
قفع,قفع,القاف والفاء والعين كلمات تدل على تجمع في شيء,,1,has_asl,maqayis_openiti,Harun_DarAlFikr,high
قفل,قفل,القاف والفاء واللام أصل صحيح يدل أحدهما على أوبة من سفر، والآخر على صلابة وشدة في شيء,,1,has_asl,maqayis_openiti,Harun_DarAlFikr,high
قفن,قفن,القاف والفاء والنون ليس بأصل، لكنهم يقولون: القفن: لغة في القفا,,1,has_asl,maqayis_openiti,Harun_DarAlFikr,high
قفي,قفي,القاف والفاء والحرف المعتل أصل صحيح يدل على إتباع شيء لشيء,,1,has_asl,maqayis_openiti,Harun_DarAlFikr,high
قل,قل,على نزارة الشيء ||| على خلاف الاستقرار، وهو الانزعاج فالأول قولهم: قل الشيء يقل قلة فهو قليل، والقل: القلة، وذلك كالذل والذلة,القاف واللام أصلان صحيحان، يدل,2,has_asl,maqayis_openiti,Harun_DarAlFikr,high
قلب,قلب,يدل على خالص شيء وشريفه ||| على رد شيء من جهة إلى جهة,القاف واللام والباء أصلان صحيحان,2,has_asl,maqayis_openiti,Harun_DarAlFikr,high
قلت,قلت,يدل على هزمة في شيء ||| على ذهاب شيء وهلاكه,القاف واللام والتاء أصلان صحيحان,2,has_asl,maqayis_openiti,Harun_DarAlFikr,high
قلح,قلح,القاف واللام والحاء كلمة واحدة، وهي القلح: صفرة في الأسنان,,1,parse_uncertain,maqayis_openiti,Harun_DarAlFikr,low
قلخ,قلخ,القاف واللام والخاء كلمة واحدة، يقولون: إن القلخ: هدير الجمل,,1,parse_uncertain,maqayis_openiti,Harun_DarAlFikr,low
قلد,قلد,على تعليق شيء على شيء وليه به ||| على حظ ونصيب,القاف واللام والدال أصلان صحيحان، يدل,2,has_asl,maqayis_openiti,Harun_DarAlFikr,high
قلز,قلز,القاف واللام والزاء,,1,parse_uncertain,maqayis_openiti,Harun_DarAlFikr,low
قلس,قلس,القاف واللام والسين كلمتان: أحدهما رمي السحابة الندى من غير مطر، ومنه قلس الإنسان، إذا قاء، فهو قالس,,1,parse_uncertain,maqayis_openiti,Harun_DarAlFikr,low
قلص,قلص,القاف واللام والصاد أصل صحيح يدل على انضمام شيء بعضه إلى بعض,,1,has_asl,maqayis_openiti,Harun_DarAlFikr,high
قلط,قلط,القاف واللام والطاء ليس فيه شيء يصح,,1,parse_uncertain,maqayis_openiti,Harun_DarAlFikr,low
قلع,قلع,القاف واللام والعين أصل صحيح يدل على انتزاع شيء من شيء، ثم يفرع منه ما يقاربه,,1,has_asl,maqayis_openiti,Harun_DarAlFikr,high
قلف,قلف,القاف واللام والفاء أصل صحيح يدل على كشط شيء عن شيء,,1,has_asl,maqayis_openiti,Harun_DarAlFikr,high
قلق,قلق,القاف واللام والقاف كلمة تدل على الانزعاج,,1,has_asl,maqayis_openiti,Harun_DarAlFikr,high
قلم,قلم,القاف واللام والميم أصل صحيح يدل على تسوية شيء عند بريه وإصلاحه,,1,has_asl,maqayis_openiti,Harun_DarAlFikr,high
قله,قله,القاف واللام والهاء لا أحفظ فيه شيئا، غير أن غدير قلهى: موضع,,1,parse_uncertain,maqayis_openiti,Harun_DarAlFikr,low
قلو,قلو,القاف واللام والحرف المعتل أصل صحيح يدل على خفة وسرعة,,1,has_asl,maqayis_openiti,Harun_DarAlFikr,high
قم,قم,القاف والميم أصل واحد يدل على جمع الشيء,,1,has_asl,maqayis_openiti,Harun_DarAlFikr,high
قما,قما,القاف والميم والحرف المعتل كلمة تدل على حقارة وذل,,1,has_asl,maqayis_openiti,Harun_DarAlFikr,high
قمح,قمح,القاف والميم والحاء أصيل يدل على صفة تكون عند شرب الماء من الشارب، وهو رفعه رأسه,,1,has_asl,maqayis_openiti,Harun_DarAlFikr,high
قمد,قمد,القاف والميم والدال أصيل يدل على طول وقوة وشدة,,1,has_asl,maqayis_openiti,Harun_DarAlFikr,high
قمر,قمر,القاف والميم والراء أصل صحيح يدل على بياض في شيء، ثم يفرع منه,,1,has_asl,maqayis_openiti,Harun_DarAlFikr,high
قمس,قمس,القاف والميم والسين أصل صحيح يدل على غمس شيء في الماء، والماء نفسه يسمى بذلك,,1,has_asl,maqayis_openiti,Harun_DarAlFikr,high
قمش,قمش,القاف والميم والشين,,1,parse_uncertain,maqayis_openiti,Harun_DarAlFikr,low
قمص,قمص,يدل على لبس شيء والانشيام فيه ||| على نزو شيء وحركة,القاف والميم والصاد أصلان,2,has_asl,maqayis_openiti,Harun_DarAlFikr,high
قمط,قمط,القاف والميم والطاء أصيل يدل على جمع وتجمع,,1,has_asl,maqayis_openiti,Harun_DarAlFikr,high
قمع,قمع,القاف والميم والعين أصول ثلاثة صحيحة: أحدها نزول شيء مائع في أداة تعمل له، والآخر إذلال وقهر، والثالث جنس من الحيوان,,3,has_asl,maqayis_openiti,Harun_DarAlFikr,high
قمل,قمل,القاف والميم واللام كلمات تدل على حقارة وقماءة,,1,has_asl,maqayis_openiti,Harun_DarAlFikr,high
قمن,قمن,القاف والميم والنون كلمة واحدة,,1,parse_uncertain,maqayis_openiti,Harun_DarAlFikr,low
قمه,قمه,القاف والميم والهاء فيه كلمات ليست بأصلية,,1,has_asl,maqayis_openiti,Harun_DarAlFikr,high
قن,قن,القاف والنون باب لم يوضع على قياس، وكلماته متباينة,,1,parse_uncertain,maqayis_openiti,Harun_DarAlFikr,low
قنا,قنا,على ملازمة ومخالطة ||| على ارتفاع في شيء,القاف والنون والحرف المعتل أصلان يدل,2,has_asl,maqayis_openiti,Harun_DarAlFikr,high
قنب,قنب,القاف والنون والباء أصل يدل على جمع وتجمع,,1,has_asl,maqayis_openiti,Harun_DarAlFikr,high
قنت,قنت,القاف والنون والتاء أصل صحيح يدل على طاعة وخير في دين، لا يعدو هذا الباب,,1,has_asl,maqayis_openiti,Harun_DarAlFikr,high
قنح,قنح,القاف والنون والحاء ليس هو عندنا أصلا,,1,has_asl,maqayis_openiti,Harun_DarAlFikr,high
قند,قند,القاف والنون والدال كلمتان زعموا أنهما صحيحتان,,1,parse_uncertain,maqayis_openiti,Harun_DarAlFikr,low
قنر,قنر,القاف والنون والراء كلمة: القنور: الضخم الرأس,,1,parse_uncertain,maqayis_openiti,Harun_DarAlFikr,low
قنس,قنس,القاف والنون والسين أصيل صحيح يدل على ثبات شيء,,1,has_asl,maqayis_openiti,Harun_DarAlFikr,high
قنص,قنص,القاف والنون والصاد كلمة واحدة تدل على الصيد قط,,1,has_asl,maqayis_openiti,Harun_DarAlFikr,high
قنط,قنط,القاف والنون والطاء كلمة صحيحة تدل على اليأس من الشيء,,1,has_asl,maqayis_openiti,Harun_DarAlFikr,high
قنع,قنع,يدل على الإقبال على الشيء، ثم تختلف معانيه مع اتفاق القياس; ||| يدل على استدارة في شيء,القاف والنون والعين أصلان صحيحان,2,has_asl,maqayis_openiti,Harun_DarAlFikr,high
قنف,قنف,القاف والنون والفاء أصل يدل على تجمع في شيء,,1,has_asl,maqayis_openiti,Harun_DarAlFikr,high
قنم,قنم,القاف والنون والميم كلمة واحدة,,1,parse_uncertain,maqayis_openiti,Harun_DarAlFikr,low
قه,قه,القاف والهاء ليس فيه إلا حكاية القهقهة: الإغراب في الضحك,,1,parse_uncertain,maqayis_openiti,Harun_DarAlFikr,low
قهب,قهب,القاف والهاء والباء أصيل يدل على لون من الألوان,,1,has_asl,maqayis_openiti,Harun_DarAlFikr,high
قهد,قهد,القاف والهاء والدال كلمة واحدة,,1,parse_uncertain,maqayis_openiti,Harun_DarAlFikr,low
قهر,قهر,القاف والهاء والراء كلمة صحيحة تدل على غلبة وعلو,,1,has_asl,maqayis_openiti,Harun_DarAlFikr,high
قهز,قهز,القاف والهاء والزاء كلمة,,1,parse_uncertain,maqayis_openiti,Harun_DarAlFikr,low
قهس,قهس,القاف والهاء والسين كلمات إن صحت,,1,parse_uncertain,maqayis_openiti,Harun_DarAlFikr,low
قهل,قهل,القاف والهاء واللام كلمة تدل على قشف وسوء حال,,1,has_asl,maqayis_openiti,Harun_DarAlFikr,high
قهو,قهو,القاف والهاء والحرف المعتل أصل يدل على خصب وكثرة,,1,has_asl,maqayis_openiti,Harun_DarAlFikr,high
قوب,قوب,القاف والواو والباء أصل صحيح، وهو شبه حفر مقور في الشيء,,1,has_asl,maqayis_openiti,Harun_DarAlFikr,high
قوت,قوت,القاف والواو والتاء أصل صحيح يدل على إمساك وحفظ وقدرة على الشيء,,1,has_asl,maqayis_openiti,Harun_DarAlFikr,high
قود,قود,القاف والواو والدال أصل صحيح يدل على امتداد في الشيء، ويكون ذلك امتدادا على وجه الأرض وفي الهواء,,1,has_asl,maqayis_openiti,Harun_DarAlFikr,high
قور,قور,القاف والواو والراء أصل صحيح يدل على استدارة في شيء,,1,has_asl,maqayis_openiti,Harun_DarAlFikr,high
قوز,قوز,القاف والواو والزاء كلمة واحدة، وهي القوز: الكثيب، وجمعه أقواز وقيزان,,1,parse_uncertain,maqayis_openiti,Harun_DarAlFikr,low
قوس,قوس,القاف والواو والسين أصل واحد يدل على تقدير شيء بشيء، ثم يصرف فتقلب واوه ياء، والمعنى في جميعه واحد,,1,has_asl,maqayis_openiti,Harun_DarAlFikr,high
قوض,قوض,القاف والواو والضاد كلمة تدل على نقض بناء,,1,has_asl,maqayis_openiti,Harun_DarAlFikr,high
قوط,قوط,القاف والواو والطاء كلمة واحدة,,1,parse_uncertain,maqayis_openiti,Harun_DarAlFikr,low
قوع,قوع,القاف والواو والعين أصل يدل على تبسط في مكان,,1,has_asl,maqayis_openiti,Harun_DarAlFikr,high
قوف,قوف,القاف والواو والفاء كلمة، وهي من باب القلب وليست أصلا,,1,has_asl,maqayis_openiti,Harun_DarAlFikr,high
قوق,قوق,القاف والواو والقاف كلمة، يقولون: القوق: الرجل الطويل,,1,parse_uncertain,maqayis_openiti,Harun_DarAlFikr,low
قول,قول,القاف والواو واللام أصل واحد صحيح يقل كلمه، وهو القول من النطق,,1,has_asl,maqayis_openiti,Harun_DarAlFikr,high
قوم,قوم,على جماعة ناس، وربما استعير في غيرهم ||| على انتصاب أو عزم,القاف والواو والميم أصلان صحيحان، يدل,2,has_asl,maqayis_openiti,Harun_DarAlFikr,high
قوي,قوي,على شدة وخلاف ضعف ||| على خلاف هذا وعلى قلة خير,القاف والواو والياء أصلان متباينان، يدل,2,has_asl,maqayis_openiti,Harun_DarAlFikr,high
قيا,قيأ,القاف والياء والهمزة كلمة واحدة,,1,parse_uncertain,maqayis_openiti,Harun_DarAlFikr,low
قيح,قيح,القاف والياء والحاء كلمة,,1,parse_uncertain,maqayis_openiti,Harun_DarAlFikr,low
قيد,قيد,القاف والياء والدال كلمة واحدة، وهي القيد، وهو معروف، ثم يستعار في كل شيء يحبس,,1,parse_uncertain,maqayis_openiti,Harun_DarAlFikr,low
قيل,قيل,القاف والياء واللام أصل كلمه الواو، وإنما كتب هاهنا للفظ,,1,has_asl,maqayis_openiti,Harun_DarAlFikr,high
قين,قين,القاف والياء والنون أصل صحيح يدل على إصلاح وتزيين,,1,has_asl,maqayis_openiti,Harun_DarAlFikr,high
كاب,كأب,الكاف والهمزة والباء كلمة تدل على انكسار وسوء حال,,1,has_asl,maqayis_openiti,Harun_DarAlFikr,high
كاد,كأد,الكاف والألف والدال يدل على شدة ومشقة,,1,has_asl,maqayis_openiti,Harun_DarAlFikr,high
كاذ,كاذ,الكاف والألف والذال كلمة، وهي الكاذة: لحم أعالي الفخذين,,1,parse_uncertain,maqayis_openiti,Harun_DarAlFikr,low
كار,كار,الكاف والألف والراء,,1,parse_uncertain,maqayis_openiti,Harun_DarAlFikr,low
كان,كان,الكاف والألف والنون,,1,parse_uncertain,maqayis_openiti,Harun_DarAlFikr,low
كب,كب,الكاف والباء أصل صحيح يدل على جمع وتجمع، لا يشذ منه [شيء],,1,has_asl,maqayis_openiti,Harun_DarAlFikr,high
كبت,كبت,الكاف والباء والتاء كلمة واحدة، وهي من الإذلال والصرف عن الشيء,,1,parse_uncertain,maqayis_openiti,Harun_DarAlFikr,low
كبث,كبث,الكاف والباء والثاء كلمة، وهي الكباث، يقال: إنه حمل الأراك,,1,parse_uncertain,maqayis_openiti,Harun_DarAlFikr,low
كبح,كبح,الكاف والباء والحاء كلمة,,1,parse_uncertain,maqayis_openiti,Harun_DarAlFikr,low
كبد,كبد,الكاف والباء والدال أصل صحيح يدل على شدة في شيء وقوة,,1,has_asl,maqayis_openiti,Harun_DarAlFikr,high
كبر,كبر,الكاف والباء والراء أصل صحيح يدل على خلاف الصغر,,1,has_asl,maqayis_openiti,Harun_DarAlFikr,high
كبس,كبس,الكاف والباء والسين أصل صحيح، وهو من الشيء يعلى بالشيء الرزين، ثم يقاس على هذا ما يكون في معناه,,1,has_asl,maqayis_openiti,Harun_DarAlFikr,high
كبش,كبش,الكاف والباء والشين كلمة واحدة، وهي الكبش، وهو معروف,,1,parse_uncertain,maqayis_openiti,Harun_DarAlFikr,low
كبع,كبع,الكاف والباء والعين,,1,parse_uncertain,maqayis_openiti,Harun_DarAlFikr,low
كبل,كبل,الكاف والباء واللام أصل صحيح يدل على حبس ومنع,,1,has_asl,maqayis_openiti,Harun_DarAlFikr,high
كبن,كبن,الكاف والباء والنون أصل صحيح يدل على قبض وتقبض,,1,has_asl,maqayis_openiti,Harun_DarAlFikr,high
كبو,كبو,الكاف والباء والحرف المعتل أصل صحيح يدل على سقوط وتزيل,,1,has_asl,maqayis_openiti,Harun_DarAlFikr,high
كت,كت,الكاف والتاء ليست فيه لغة أصلية، ويجري الباب مجرى الحكاية,,1,has_asl,maqayis_openiti,Harun_DarAlFikr,high
كتب,كتب,الكاف والتاء والباء أصل صحيح واحد يدل على جمع شيء إلى شيء,,1,has_asl,maqayis_openiti,Harun_DarAlFikr,high
كتد,كتد,الكاف والتاء والدال حرف واحد، وهو الكتد: ما بين الكاهل إلى الظهر,,1,parse_uncertain,maqayis_openiti,Harun_DarAlFikr,low
كتر,كتر,الكاف والتاء والراء,,1,parse_uncertain,maqayis_openiti,Harun_DarAlFikr,low
كتع,كتع,الكاف والتاء والعين كلمات غير موضوعة على قياس، وليست من الكلام الأصيل,,1,parse_uncertain,maqayis_openiti,Harun_DarAlFikr,low
كتف,كتف,الكاف والتاء والفاء أصل صحيح يدل على عرض في حديدة أو عظم,,1,has_asl,maqayis_openiti,Harun_DarAlFikr,high
كتل,كتل,الكاف والتاء واللام أصيل يدل على تجمع,,1,has_asl,maqayis_openiti,Harun_DarAlFikr,high
كتم,كتم,الكاف والتاء والميم أصل صحيح يدل على إخفاء وستر,,1,has_asl,maqayis_openiti,Harun_DarAlFikr,high
كتن,كتن,الكاف والتاء والنون أصل يدل على لطخ ودرن,,1,has_asl,maqayis_openiti,Harun_DarAlFikr,high
كتو,كتو,الكاف والتاء والواو فيه كلمة لا معنى لها، ولا يعرج على مثلها,,1,parse_uncertain,maqayis_openiti,Harun_DarAlFikr,low
كث,كث,الكاف والثاء أصل صحيح يدل على تجمع، وفروعه تقل,,1,has_asl,maqayis_openiti,Harun_DarAlFikr,high
كثا,كثا,الكاف والثاء والحرف المعتل أو المهموز أصل صحيح، وصف من صفات اللبن ثم يشبه به,,1,has_asl,maqayis_openiti,Harun_DarAlFikr,high
كثب,كثب,الكاف والثاء والباء أصل صحيح واحد يدل على تجمع وعلى قرب,,1,has_asl,maqayis_openiti,Harun_DarAlFikr,high
كثر,كثر,الكاف والثاء والراء أصل صحيح يدل خلاف القلة,,1,has_asl,maqayis_openiti,Harun_DarAlFikr,high
كثع,كثع,الكاف والثاء والعين قريب المعنى من الذي قبله,,1,parse_uncertain,maqayis_openiti,Harun_DarAlFikr,low
كثف,كثف,الكاف والثاء والفاء أصل صحيح يدل على تراكب شيء على شيء وتجمع,,1,has_asl,maqayis_openiti,Harun_DarAlFikr,high
كثم,كثم,الكاف والثاء والميم أصيل يدل على امتلاء وسعة,,1,has_asl,maqayis_openiti,Harun_DarAlFikr,high
كثو,كثو,الكاف والثاء والواو كلمة واحدة وهي الكوثل للسفينة، وربما شدد,,1,parse_uncertain,maqayis_openiti,Harun_DarAlFikr,low
كح,كح,الكاف والحاء ليس بشيء، وربما قالوا الكحكح من الشاء: المسن,,1,parse_uncertain,maqayis_openiti,Harun_DarAlFikr,low
كحل,كحل,الكاف والحاء واللام أصل واحد يدل على لون من الألوان,,1,has_asl,maqayis_openiti,Harun_DarAlFikr,high
كد,كد,الكاف والدال أصل صحيح يدل على شدة وصلابة,,1,has_asl,maqayis_openiti,Harun_DarAlFikr,high
كدب,كدب,الكاف والدال والباء، يقال فيه كلمة,,1,parse_uncertain,maqayis_openiti,Harun_DarAlFikr,low
كدح,كدح,الكاف والدال والحاء أصل صحيح يدل على تأثير في شيء,,1,has_asl,maqayis_openiti,Harun_DarAlFikr,high
كدر,كدر,الكاف والدال والراء أصل يدل على خلاف الصفو، والآخر يدل على حركة,,1,has_asl,maqayis_openiti,Harun_DarAlFikr,high
كدس,كدس,الكاف والدال والسين ثلاث كلمات لا يشبه بعضها بعضا,,1,parse_uncertain,maqayis_openiti,Harun_DarAlFikr,low
كدش,كدش,الكاف والدال والشين ليس بناء يشبه كلام العرب، لعله أن يكون شيئا يقارب الإبدال,,1,parse_uncertain,maqayis_openiti,Harun_DarAlFikr,low
كدع,كدع,الكاف والدال والعين ليس بشيء، غير أن ابن دريد ذكر أن الكدع: الدفع الشديد,,1,parse_uncertain,maqayis_openiti,Harun_DarAlFikr,low
كدم,كدم,الكاف والدال والميم أصل صحيح فيه كلمة واحدة,,1,has_asl,maqayis_openiti,Harun_DarAlFikr,high
كدن,كدن,الكاف والدال والنون أصل صحيح يدل على توطئة في شيء متجمع,,1,has_asl,maqayis_openiti,Harun_DarAlFikr,high
كده,كده,الكاف والدال والهاء ليس بشيء,,1,parse_uncertain,maqayis_openiti,Harun_DarAlFikr,low
كدي,كدي,الكاف والدال والحرف المعتل أصل صحيح يدل على صلابة في شيء، ثم يقاس عليه,,1,has_asl,maqayis_openiti,Harun_DarAlFikr,high
كذ,كذ,الكاف والذال كلمة واحدة، وهي الكذان: حجارة رخوة كأنها مدر,,1,parse_uncertain,maqayis_openiti,Harun_DarAlFikr,low
كذب,كذب,الكاف والذال والباء أصل صحيح يدل على خلاف الصدق,,1,has_asl,maqayis_openiti,Harun_DarAlFikr,high
كر,كر,الكاف والراء أصل صحيح يدل على جمع وترديد,,1,has_asl,maqayis_openiti,Harun_DarAlFikr,high
كرب,كرب,الكاف والراء والباء أصل صحيح يدل على شدة وقوة,,1,has_asl,maqayis_openiti,Harun_DarAlFikr,high
كرت,كرت,الكاف والراء والتاء، ليس فيه إلا قولهم: عام كريت,,1,parse_uncertain,maqayis_openiti,Harun_DarAlFikr,low
كرث,كرث,الكاف والراء والثاء، ليس فيه إلا كرثه الأمر، إذا بلغ منه المشقة,,1,parse_uncertain,maqayis_openiti,Harun_DarAlFikr,low
كرج,كرج,الكاف والراء والجيم ليس بشيء، إنما هو الكرج، وهو الذي ذكرناه في الكرة,,1,parse_uncertain,maqayis_openiti,Harun_DarAlFikr,low
كرد,كرد,الكاف والراء والدال أصل صحيح يدل على مدافعة وإطراد,,1,has_asl,maqayis_openiti,Harun_DarAlFikr,high
كرز,كرز,الكاف والراء والزاء أصل صحيح يدل على اختباء وتستر ولواذ، يقال: كارز إلى المكان، إذا مال إليه واختبأ فيه,,1,has_asl,maqayis_openiti,Harun_DarAlFikr,high
كرس,كرس,الكاف والراء والسين أصل صحيح يدل على تلبد شيء فوق شيء وتجمعه,,1,has_asl,maqayis_openiti,Harun_DarAlFikr,high
كرش,كرش,الكاف والراء والشين أصل صحيح يدل على تجمع وجمع,,1,has_asl,maqayis_openiti,Harun_DarAlFikr,high
كرص,كرص,الكاف والراء والصاد كلمة واحدة,,1,parse_uncertain,maqayis_openiti,Harun_DarAlFikr,low
كرض,كرض,الكاف والراء والضاد كلمة واحدة صحيحة مختلف في تأويلها، وهي الكراض,,1,parse_uncertain,maqayis_openiti,Harun_DarAlFikr,low
كرع,كرع,الكاف والراء والعين أصل صحيح يدل على دقة في بعض أعضاء الحيوان,,1,has_asl,maqayis_openiti,Harun_DarAlFikr,high
كرف,كرف,الكاف والراء والفاء كلمتان متباينتان جدا، فالأولى الكرف، وهو تشمم الحمار البول ورفعه رأسه,,1,parse_uncertain,maqayis_openiti,Harun_DarAlFikr,low
كرم,كرم,الكاف والراء والميم أصل صحيح له بابان: أحدهما شرف في الشيء في نفسه أو شرف في خلق من الأخلاق,,1,has_asl,maqayis_openiti,Harun_DarAlFikr,high
كرن,كرن,الكاف والراء والنون كلمة واحدة في الملاهي,,1,parse_uncertain,maqayis_openiti,Harun_DarAlFikr,low
كره,كره,الكاف والراء والهاء أصل صحيح واحد، يدل على خلاف الرضا والمحبة,,1,has_asl,maqayis_openiti,Harun_DarAlFikr,high
كري,كري,الكاف والراء والحرف المعتل أصل صحيح يدل على لين في الشيء وسهولة، وربما دل على تأخير,,1,has_asl,maqayis_openiti,Harun_DarAlFikr,high
كز,كز,الكاف والزاء أصل صحيح يدل على قبض وتقبض,,1,has_asl,maqayis_openiti,Harun_DarAlFikr,high
كزم,كزم,الكاف والزاء والميم أصيل يدل على قصر وقماءة,,1,has_asl,maqayis_openiti,Harun_DarAlFikr,high
كس,كس,الكاف والسين صحيح، إلا أنه قليل الألفاظ,,1,parse_uncertain,maqayis_openiti,Harun_DarAlFikr,low
كسا,كسا,الكاف والسين والحرف المعتل,,1,parse_uncertain,maqayis_openiti,Harun_DarAlFikr,low
كسب,كسب,الكاف والسين والباء أصل صحيح، وهو يدل على ابتغاء وطلب وإصابة,,1,has_asl,maqayis_openiti,Harun_DarAlFikr,high
كسح,كسح,الكاف والسين والحاء له معنيان صحيحان: أحدهما تنقية الشيء، والمعنى الآخر عيب في الخلقة,,1,parse_uncertain,maqayis_openiti,Harun_DarAlFikr,low
كسد,كسد,الكاف والسين والدال أصل صحيح يدل على الشيء الدون لا يرغب فيه,,1,has_asl,maqayis_openiti,Harun_DarAlFikr,high
كسر,كسر,الكاف والسين والراء أصل صحيح يدل على هشم الشيء وهضمه,,1,has_asl,maqayis_openiti,Harun_DarAlFikr,high
كسع,كسع,الكاف والسين والعين أصل صحيح يدل على نوع من الضرب,,1,has_asl,maqayis_openiti,Harun_DarAlFikr,high
كسف,كسف,الكاف والسين والفاء أصل يدل على تغير في حال الشيء إلى ما لا يحب، وعلى قطع شيء من شيء,,1,has_asl,maqayis_openiti,Harun_DarAlFikr,high
كسل,كسل,الكاف والسين واللام أصل صحيح، وهو التثاقل عن الشيء والقعود عن إتمامه أو عنه,,1,has_asl,maqayis_openiti,Harun_DarAlFikr,high
كسم,كسم,الكاف والسين والميم أصيل يدل على تلبد في شيء وتجمع,,1,has_asl,maqayis_openiti,Harun_DarAlFikr,high
كش,كش,الكاف والشين ليس بشيء، وفيه كلمة تجري مجرى الحكاية، يقال لهدير البكر: الكشيش,,1,parse_uncertain,maqayis_openiti,Harun_DarAlFikr,low
كشح,كشح,الكاف والشين والحاء أصل صحيح، وهو بعض خلق الحيوان,,1,has_asl,maqayis_openiti,Harun_DarAlFikr,high
كشد,كشد,الكاف والشين والدال,,1,parse_uncertain,maqayis_openiti,Harun_DarAlFikr,low
كشط,كشط,الكاف والشين والطاء كلمة تدل على تنحية الشيء وكشفه,,1,has_asl,maqayis_openiti,Harun_DarAlFikr,high
كشف,كشف,الكاف والشين والفاء أصل صحيح يدل على سرو الشيء عن الشيء، كالثوب يسرى عن البدن,,1,has_asl,maqayis_openiti,Harun_DarAlFikr,high
كشم,كشم,الكاف والشين والميم أصيل يدل على قطع شيء أو قصره، من ذلك الأكشم: الناقص الخلق، ويكون ذلك في الحسب الناقص أيضا,,1,has_asl,maqayis_openiti,Harun_DarAlFikr,high
كشى,كشى,الكاف والشين والحرف المعتل أو المهموز,,1,parse_uncertain,maqayis_openiti,Harun_DarAlFikr,low
كص,كص,الكاف والصاد كلمة تدل على التواء من الجهد,,1,has_asl,maqayis_openiti,Harun_DarAlFikr,high
كض,كض,الكاف والضاد,,1,parse_uncertain,maqayis_openiti,Harun_DarAlFikr,low
كظ,كظ,الكاف والظاء أصل صحيح، يدل على تمرس وشدة وامتلاء,,1,has_asl,maqayis_openiti,Harun_DarAlFikr,high
كظا,كظا,الكاف والظاء والحرف المعتل كلمة من الإبدال,,1,parse_uncertain,maqayis_openiti,Harun_DarAlFikr,low
كظر,كظر,الكاف والظاء والراء كلمة,,1,parse_uncertain,maqayis_openiti,Harun_DarAlFikr,low
كظم,كظم,الكاف والظاء والميم أصل صحيح يدل على معنى واحد، وهو الإمساك والجمع للشيء,,1,has_asl,maqayis_openiti,Harun_DarAlFikr,high
كع,كع,الكاف والعين أصل صحيح يدل على حبس واحتباس,,1,has_asl,maqayis_openiti,Harun_DarAlFikr,high
كعب,كعب,الكاف والعين والباء أصل صحيح يدل على نتو وارتفاع في الشيء,,1,has_asl,maqayis_openiti,Harun_DarAlFikr,high
كعت,كعت,الكاف والعين والتاء,,1,parse_uncertain,maqayis_openiti,Harun_DarAlFikr,low
كعد,كعد,الكاف والعين والدال,,1,parse_uncertain,maqayis_openiti,Harun_DarAlFikr,low
كعر,كعر,الكاف والعين والراء,,1,parse_uncertain,maqayis_openiti,Harun_DarAlFikr,low
كعس,كعس,الكاف والعين والسين,,1,parse_uncertain,maqayis_openiti,Harun_DarAlFikr,low
كعظ,كعظ,الكاف والعين والظاء,,1,parse_uncertain,maqayis_openiti,Harun_DarAlFikr,low
كعم,كعم,الكاف والعين والميم أصل صحيح يدل على سد شيء بشيء وإمساك,,1,has_asl,maqayis_openiti,Harun_DarAlFikr,high
كف,كف,الكاف والفاء أصل صحيح يدل على قبض وانقباض,,1,has_asl,maqayis_openiti,Harun_DarAlFikr,high
كفء,كفء,الكاف والفاء والهمزة أصلان يدل أحدهما على التساوي في الشيئين، ويدل الآخر على الميل والإمالة والاعوجاج، فالأول: كافأت فلانا، إذا قابلته بمثل صنيعه,,2,has_asl,maqayis_openiti,Harun_DarAlFikr,high
كفا,كفا,الكاف والفاء والحرف المعتل أصل صحيح يدل على الحسب الذي لا مستزاد فيه,,1,has_asl,maqayis_openiti,Harun_DarAlFikr,high
كفت,كفت,الكاف والفاء والتاء أصل صحيح، يدل على جمع وضم,,1,has_asl,maqayis_openiti,Harun_DarAlFikr,high
كفر,كفر,الكاف والفاء والراء أصل صحيح يدل على معنى واحد، وهو الستر والتغطية,,1,has_asl,maqayis_openiti,Harun_DarAlFikr,high
كفل,كفل,الكاف والفاء واللام أصل صحيح يدل على تضمن الشيء للشيء,,1,has_asl,maqayis_openiti,Harun_DarAlFikr,high
كفن,كفن,الكاف والفاء والنون أصل، فيه الكفن، وهو معروف,,1,has_asl,maqayis_openiti,Harun_DarAlFikr,high
كل,كل,يدل على خلاف الحدة ||| يدل على إطافة شيء بشيء ||| عضو من الأعضاء,الكاف واللام أصول ثلاثة صحاح,3,has_asl,maqayis_openiti,Harun_DarAlFikr,high
كلا,كلأ,الكاف واللام والحرف المعتل أو الهمزة أصل صحيح يدل على مراقبة ونظر، وأصل آخر يدل على نبات، والثالث عضو من الأعضاء ثم يستعار,,1,has_asl,maqayis_openiti,Harun_DarAlFikr,high
كلب,كلب,الكاف واللام والباء أصل واحد صحيح يدل على تعلق الشيء بالشيء في شدة وشدة جذب,,1,has_asl,maqayis_openiti,Harun_DarAlFikr,high
كلت,كلت,الكاف واللام والتاء ليس بأصل أصيل، لكنهم يقولون: الكلت: الجمع، يقال امرأة كلوت,,1,has_asl,maqayis_openiti,Harun_DarAlFikr,high
كلث,كلث,الكاف واللام والثاء ليس بأصل أصيل، لكنهم يقولون: إلى بشيء,,1,has_asl,maqayis_openiti,Harun_DarAlFikr,high
كلح,كلح,الكاف واللام والحاء أصل يدل على عبوس وشتامة في الوجه,,1,has_asl,maqayis_openiti,Harun_DarAlFikr,high
كلد,كلد,الكاف واللام والدال كلمة تدل على الصلابة في الشيء,,1,has_asl,maqayis_openiti,Harun_DarAlFikr,high
كلز,كلز,الكاف واللام والزاء يقولون إنه صحيح، وإن الكلز: الجمع,,1,parse_uncertain,maqayis_openiti,Harun_DarAlFikr,low
كلس,كلس,الكاف واللام والسين يدل على امتلاء في الشيء,,1,has_asl,maqayis_openiti,Harun_DarAlFikr,high
كلع,كلع,الكاف واللام والعين كلمات تدل على درن ووسخ,,1,has_asl,maqayis_openiti,Harun_DarAlFikr,high
كلف,كلف,الكاف واللام والفاء أصل صحيح يدل على إيلاع بالشيء وتعلق به,,1,has_asl,maqayis_openiti,Harun_DarAlFikr,high
كلم,كلم,يدل على نطق مفهم ||| على جراح,الكاف واللام والميم أصلان,2,has_asl,maqayis_openiti,Harun_DarAlFikr,high
كم,كم,الكاف والميم أصل واحد يدل على غشاء وغطاء,,1,has_asl,maqayis_openiti,Harun_DarAlFikr,high
كمت,كمت,الكاف والميم والتاء كلمة صحيحة تدل على لون من الألوان من ذلك الكمتة، وهي لون ليس بأشقر ولا أدهم,,1,has_asl,maqayis_openiti,Harun_DarAlFikr,high
كمح,كمح,الكاف والميم والحاء كلمات لا تنقاس، وفي بعضها شك، غير أنا ذكرنا ما ذكروه,,1,parse_uncertain,maqayis_openiti,Harun_DarAlFikr,low
كمر,كمر,الكاف والميم والراء كلمة، يقولون: رجل مكمور، وهو الذي يصيب الخاتن طرف كمرته,,1,parse_uncertain,maqayis_openiti,Harun_DarAlFikr,low
كمز,كمز,الكاف والميم والزاء ليس بشيء,,1,parse_uncertain,maqayis_openiti,Harun_DarAlFikr,low
كمش,كمش,الكاف والميم والشين أصل صحيح يدل على لطافة وصغر,,1,has_asl,maqayis_openiti,Harun_DarAlFikr,high
كمع,كمع,الكاف والميم والعين أصل صحيح يدل على اطمئنان وسكون,,1,has_asl,maqayis_openiti,Harun_DarAlFikr,high
كمل,كمل,الكاف والميم واللام أصل صحيح يدل على تمام الشيء,,1,has_asl,maqayis_openiti,Harun_DarAlFikr,high
كمن,كمن,الكاف والميم والنون أصيل يدل على استخفاء,,1,has_asl,maqayis_openiti,Harun_DarAlFikr,high
كمه,كمه,الكاف والميم والهاء كلمة واحدة، وهو الكمه، وهو العمى يولد به الإنسان، وقد يكون من عرض يعرض,,1,parse_uncertain,maqayis_openiti,Harun_DarAlFikr,low
كمي,كمي,الكاف والميم والحرف المعتل يدل على خفاء شيء,,1,has_asl,maqayis_openiti,Harun_DarAlFikr,high
كن,كن,الكاف والنون أصل واحد يدل على ستر أو صون,,1,has_asl,maqayis_openiti,Harun_DarAlFikr,high
كنب,كنب,الكاف والنون والباء كلمة واحدة لا تفرع,,1,parse_uncertain,maqayis_openiti,Harun_DarAlFikr,low
كنت,كنت,الكاف والنون والتاء كلمة إن صحت,,1,parse_uncertain,maqayis_openiti,Harun_DarAlFikr,low
كند,كند,الكاف والنون والدال أصل صحيح واحد يدل على القطع,,1,has_asl,maqayis_openiti,Harun_DarAlFikr,high
كنر,كنر,الكاف والنون والراء ليس هو عندنا أصلا، وفيه كلمتان أظنهما فارسيتين,,1,has_asl,maqayis_openiti,Harun_DarAlFikr,high
كنز,كنز,الكاف والنون والزاء أصيل صحيح يدل على تجمع في شيء,,1,has_asl,maqayis_openiti,Harun_DarAlFikr,high
كنس,كنس,يدل على سفر شيء عن وجه شيء، وهو كشفه ||| يدل على استخفاء,الكاف والنون والسين أصلان صحيحان,2,has_asl,maqayis_openiti,Harun_DarAlFikr,high
كنع,كنع,الكاف والنون والعين أصل صحيح يدل على تشنج وتقبض وتجمع,,1,has_asl,maqayis_openiti,Harun_DarAlFikr,high
كنف,كنف,الكاف والنون والفاء أصل صحيح واحد يدل على ستر,,1,has_asl,maqayis_openiti,Harun_DarAlFikr,high
كنه,كنه,الكاف والنون والهاء كلمة واحدة تدل على غاية الشيء ونهاية وقته,,1,has_asl,maqayis_openiti,Harun_DarAlFikr,high
كنو,كنو,الكاف والنون والحرف المعتل يدل على تورية عن اسم بغيره,,1,has_asl,maqayis_openiti,Harun_DarAlFikr,high
كه,كه,الكاف والهاء ليس فيه من اللغة شيء إلا ما يشبه الحكاية، يقال كه السكران، إذا استنكهته فكه في وجهك,,1,parse_uncertain,maqayis_openiti,Harun_DarAlFikr,low
كها,كها,الكاف والهاء والحرف المعتل كلمة واحدة لا تنقاس ولا يفرع عنها,,1,parse_uncertain,maqayis_openiti,Harun_DarAlFikr,low
كهب,كهب,الكاف والهاء والباء كلمة,,1,parse_uncertain,maqayis_openiti,Harun_DarAlFikr,low
كهد,كهد,الكاف والهاء والدال، يقولون فيه شيئا يدل على تحرك إلى فوق,,1,has_asl,maqayis_openiti,Harun_DarAlFikr,high
كهر,كهر,الكاف والهاء والراء كلمتان متباعدتان جدا: الأولى الانتهار، يقال كهره يكهره كهرا,,1,parse_uncertain,maqayis_openiti,Harun_DarAlFikr,low
كهف,كهف,الكاف والهاء والفاء كلمة واحدة، وهي غار في جبل، وجمعه كهوف,,1,parse_uncertain,maqayis_openiti,Harun_DarAlFikr,low
كهل,كهل,الكاف والهاء واللام أصل يدل على قوة في الشيء أو اجتماع جبلة,,1,has_asl,maqayis_openiti,Harun_DarAlFikr,high
كهم,كهم,الكاف والهاء والميم أصيل يدل على كلال وبطء,,1,has_asl,maqayis_openiti,Harun_DarAlFikr,high
كهن,كهن,الكاف والهاء والنون كلمة واحدة,,1,parse_uncertain,maqayis_openiti,Harun_DarAlFikr,low
كو,كو,الكاف والحرف المعتل قريب من الباب قبله، [وليس فيه] إلا قولهم: كواه بالنار يكويه,,1,parse_uncertain,maqayis_openiti,Harun_DarAlFikr,low
كوب,كوب,الكاف والواو والباء كلمة واحدة,,1,parse_uncertain,maqayis_openiti,Harun_DarAlFikr,low
كود,كود,الكاف والواو والدال كلمة كأنها تدل على التماس شيء ببعض العناء,,1,has_asl,maqayis_openiti,Harun_DarAlFikr,high
كور,كور,الكاف والواو والراء أصل صحيح يدل على دور وتجمع,,1,has_asl,maqayis_openiti,Harun_DarAlFikr,high
كوز,كوز,الكاف والواو والزاء أصل صحيح يدل على تجمع,,1,has_asl,maqayis_openiti,Harun_DarAlFikr,high
كوس,كوس,الكاف والواو والسين أصل صحيح يدل على صرع أو ما يقاربه,,1,has_asl,maqayis_openiti,Harun_DarAlFikr,high
كوع,كوع,الكاف والواو والعين كلمة واحدة، وهي الكوع، وهو طرف الزند مما يلي الإبهام,,1,parse_uncertain,maqayis_openiti,Harun_DarAlFikr,low
كوف,كوف,الكاف والواو والفاء أصيل يقولون: إنه يدل على استدارة في شيء,,1,has_asl,maqayis_openiti,Harun_DarAlFikr,high
كول,كول,الكاف والواو واللام كلمة إن صحت,,1,parse_uncertain,maqayis_openiti,Harun_DarAlFikr,low
كوم,كوم,الكاف والواو والميم أصل صحيح يدل على تجمع في شيء مع ارتفاع فيه,,1,has_asl,maqayis_openiti,Harun_DarAlFikr,high
كون,كون,الكاف والواو والنون أصل يدل على الإخبار عن حدوث شيء، إما في زمان ماض أو زمان راهن,,1,has_asl,maqayis_openiti,Harun_DarAlFikr,high
كوى,كوى,الكاف والواو والياء أصل صحيح، وهو كويت بالنار,,1,has_asl,maqayis_openiti,Harun_DarAlFikr,high
كيت,كيت,الكاف والياء والتاء كلمة إن صحت، يقولون: التكييت تيسير الجهاز,,1,parse_uncertain,maqayis_openiti,Harun_DarAlFikr,low
كيح,كيح,الكاف والياء والحاء كلمة واحدة,,1,parse_uncertain,maqayis_openiti,Harun_DarAlFikr,low
كيد,كيد,الكاف والياء والدال أصل صحيح يدل على معالجة لشيء بشدة، ثم يتسع الباب، وكله راجع إلى هذا الأصل,,1,has_asl,maqayis_openiti,Harun_DarAlFikr,high
كير,كير,الكاف والياء والراء كلمة، وهي كير الحداد,,1,parse_uncertain,maqayis_openiti,Harun_DarAlFikr,low
كيس,كيس,الكاف والياء والسين أصل يدل على ضم وجمع,,1,has_asl,maqayis_openiti,Harun_DarAlFikr,high
كيص,كيص,الكاف والياء والصاد إن صح فهو يدل على انقباض وضيق,,1,has_asl,maqayis_openiti,Harun_DarAlFikr,high
كيف,كيف,الكاف والياء والفاء كلمة,,1,parse_uncertain,maqayis_openiti,Harun_DarAlFikr,low
كيل,كيل,الكاف والياء واللام ثلاث كلمات لا يشبه بعضها بعضا,,1,parse_uncertain,maqayis_openiti,Harun_DarAlFikr,low
كين,كين,الكاف والياء والنون شيء يقولون إنه في عضو من أعضاء المرأة يضيق به، والجمع كيون,,1,parse_uncertain,maqayis_openiti,Harun_DarAlFikr,low
لا,لا,وهذه الأدوات لا قياس لها,,1,parse_uncertain,maqayis_openiti,Harun_DarAlFikr,low
لاب,لاب,اللام والألف والباء,,1,parse_uncertain,maqayis_openiti,Harun_DarAlFikr,low
لاع,لاع,اللام والألف والعين، اللاع: الرجل الجبان; يقال هاع لاع، وهائع لائع، أي جبان,,1,parse_uncertain,maqayis_openiti,Harun_DarAlFikr,low
لام,لأم,الاتفاق والاجتماع ||| خلق رديء,اللام والألف والميم أصلان,2,has_asl,maqayis_openiti,Harun_DarAlFikr,high
لاه,لاه,اللام والألف والهاء,,1,parse_uncertain,maqayis_openiti,Harun_DarAlFikr,low
لاو,لأو,اللام والهمزة والحرف المعتل كلمتان: إحداهما الشدة، والأخرى حيوان,,1,parse_uncertain,maqayis_openiti,Harun_DarAlFikr,low
لب,لب,اللام والباء,,1,parse_uncertain,maqayis_openiti,Harun_DarAlFikr,low
لبا,لبأ,اللام والباء والهمزة كلمتان متباينتان جدا,,1,parse_uncertain,maqayis_openiti,Harun_DarAlFikr,low
لبث,لبث,اللام والباء والثاء حرف يدل على تمكث,,1,has_asl,maqayis_openiti,Harun_DarAlFikr,high
لبج,لبج,اللام والباء والجيم كلمتان لا تنقاسان,,1,parse_uncertain,maqayis_openiti,Harun_DarAlFikr,low
لبخ,لبخ,اللام والباء والخاء,,1,parse_uncertain,maqayis_openiti,Harun_DarAlFikr,low
لبد,لبد,اللام والباء والدال كلمة صحيحة تدل على تكرس الشيء بعضه فوق بعض,,1,has_asl,maqayis_openiti,Harun_DarAlFikr,high
لبز,لبز,اللام والباء والزاء كلمتان متقاربتا القياس,,1,parse_uncertain,maqayis_openiti,Harun_DarAlFikr,low
لبس,لبس,اللام والباء والسين أصل صحيح واحد، يدل على مخالطة ومداخلة,,1,has_asl,maqayis_openiti,Harun_DarAlFikr,high
لبط,لبط,اللام والباء والطاء أصيل صحيح يدل على سقوط وصرع,,1,has_asl,maqayis_openiti,Harun_DarAlFikr,high
لبق,لبق,اللام والباء والقاف أصل صحيح يدل على خلط شيء لتطييبه,,1,has_asl,maqayis_openiti,Harun_DarAlFikr,high
لبك,لبك,اللام والباء والكاف أصل صحيح يدل على خلط شيء بشيء,,1,has_asl,maqayis_openiti,Harun_DarAlFikr,high
لبن,لبن,اللام والباء والنون أصل صحيح يتفرع منه كلمات، وهو اللبن المشروب,,1,has_asl,maqayis_openiti,Harun_DarAlFikr,high
لت,لت,اللام والتاء كلمة واحدة,,1,parse_uncertain,maqayis_openiti,Harun_DarAlFikr,low
لتا,لتأ,اللام والتاء والهمزة كلمة إن صحت,,1,parse_uncertain,maqayis_openiti,Harun_DarAlFikr,low
لتب,لتب,اللام والتاء والباء كلمة تدل على ملازمة ومخالطة,,1,has_asl,maqayis_openiti,Harun_DarAlFikr,high
لتج,لتج,اللام والتاء والجيم كلمة,,1,parse_uncertain,maqayis_openiti,Harun_DarAlFikr,low
لتخ,لتخ,اللام والتاء والخاء,,1,parse_uncertain,maqayis_openiti,Harun_DarAlFikr,low
لتم,لتم,اللام والتاء والميم كلمة,,1,parse_uncertain,maqayis_openiti,Harun_DarAlFikr,low
لث,لث,اللام والثاء أصل صحيح، يدل على إقامة ودوام,,1,has_asl,maqayis_openiti,Harun_DarAlFikr,high
لثغ,لثغ,اللام والثاء والغين,,1,parse_uncertain,maqayis_openiti,Harun_DarAlFikr,low
لثق,لثق,اللام والثاء والقاف، كلمة تدل على ترطيب الماء والمطر الشيء,,1,has_asl,maqayis_openiti,Harun_DarAlFikr,high
لثم,لثم,اللام والثاء والميم أصيل يدل على مصاكة شيء لشيء أو مضامته له,,1,has_asl,maqayis_openiti,Harun_DarAlFikr,high
لثي,لثي,اللام والثاء والحرف المعتل كلمات تدل على تولد شيء,,1,has_asl,maqayis_openiti,Harun_DarAlFikr,high
لج,لج,اللام والجيم أصل صحيح يدل على تردد الشيء بعضه على بعض، وترديد الشيء,,1,has_asl,maqayis_openiti,Harun_DarAlFikr,high
لجا,لجأ,اللام والجيم والهمزة كلمة واحدة، وهي اللجأ والملجأ: المكان يلتجأ إليه,,1,parse_uncertain,maqayis_openiti,Harun_DarAlFikr,low
لجب,لجب,اللام والجيم والباء كلمتان متباينتان جدا,,1,parse_uncertain,maqayis_openiti,Harun_DarAlFikr,low
لجح,لجح,اللام والجيم والحاء كلمة,,1,parse_uncertain,maqayis_openiti,Harun_DarAlFikr,low
لجذ,لجذ,اللام والجيم والذال,,1,parse_uncertain,maqayis_openiti,Harun_DarAlFikr,low
لجف,لجف,اللام والجيم والفاء كلمة تدل على هزم في الشيء,,1,has_asl,maqayis_openiti,Harun_DarAlFikr,high
لجم,لجم,اللام والجيم والميم كلمة، وهي اللجام,,1,parse_uncertain,maqayis_openiti,Harun_DarAlFikr,low
لجن,لجن,اللام والجيم والنون كلمتان: اللجين: الفضة,,1,parse_uncertain,maqayis_openiti,Harun_DarAlFikr,low
لح,لح,اللام والحاء أصل صحيح يدل على ملازمة وملازة,,1,has_asl,maqayis_openiti,Harun_DarAlFikr,high
لحج,لحج,اللام والحاء والجيم أصل صحيح يدل على تضايق ونشوب,,1,has_asl,maqayis_openiti,Harun_DarAlFikr,high
لحد,لحد,اللام والحاء والدال أصل يدل على ميل عن استقامة,,1,has_asl,maqayis_openiti,Harun_DarAlFikr,high
لحز,لحز,اللام والحاء والزاء كلمة تدل على ضيق في الشيء,,1,has_asl,maqayis_openiti,Harun_DarAlFikr,high
لحس,لحس,اللام والحاء والسين كلمة تدل على أخذ شيء باللسان,,1,has_asl,maqayis_openiti,Harun_DarAlFikr,high
لحص,لحص,اللام والحاء والصاد كلمة تدل على ضيق في شيء,,1,has_asl,maqayis_openiti,Harun_DarAlFikr,high
لحظ,لحظ,اللام والحاء والظاء كلمتان متباينتان,,1,parse_uncertain,maqayis_openiti,Harun_DarAlFikr,low
لحف,لحف,اللام والحاء والفاء أصل يدل على اشتمال وملازمة,,1,has_asl,maqayis_openiti,Harun_DarAlFikr,high
لحق,لحق,اللام والحاء والقاف أصل يدل على إدراك شيء وبلوغه إلى غيره,,1,has_asl,maqayis_openiti,Harun_DarAlFikr,high
لحك,لحك,اللام والحاء والكاف أصل يدل على ملاءمة ومداخلة,,1,has_asl,maqayis_openiti,Harun_DarAlFikr,high
لحم,لحم,اللام والحاء والميم أصل صحيح يدل على تداخل، كاللحم الذي هو متداخل بعضه في بعض,,1,has_asl,maqayis_openiti,Harun_DarAlFikr,high
لحن,لحن,اللام والحاء والنون له بناءان يدل أحدهما على إمالة شيء من جهته، ويدل الآخر على الفطنة والذكاء,,1,has_asl,maqayis_openiti,Harun_DarAlFikr,high
لحي,لحي,عضو من الأعضاء ||| قشر شيء,اللام والحاء والحرف المعتل أصلان صحيحان,2,has_asl,maqayis_openiti,Harun_DarAlFikr,high
لخ,لخ,اللام والخاء أصل صحيح يدل على اختلاط,,1,has_asl,maqayis_openiti,Harun_DarAlFikr,high
لخج,لخج,اللام والخاء والجيم,,1,parse_uncertain,maqayis_openiti,Harun_DarAlFikr,low
لخص,لخص,اللام والخاء والصاد كلمة واحدة، وهي اللخص، وهو لحم الجفن,,1,parse_uncertain,maqayis_openiti,Harun_DarAlFikr,low
لخع,لخع,اللام والخاء والعين كلمة واحدة,,1,parse_uncertain,maqayis_openiti,Harun_DarAlFikr,low
لخف,لخف,اللام والخاء والفاء كلمتان، إحداهما اللخاف، وهي حجارة بيض رقاق، واحدتها لخفة، والأخرى قولهم: لخفه بالسيف: ضربه,,1,parse_uncertain,maqayis_openiti,Harun_DarAlFikr,low
لخم,لخم,اللام والخاء والميم كلمة واحدة، وهي لخم: قبيلة من اليمن,,1,parse_uncertain,maqayis_openiti,Harun_DarAlFikr,low
لخن,لخن,اللام والخاء والنون كلمة واحدة، وهي اللخن، وهو النتن، يقال: لخن السقاء، إذا أنتن,,1,parse_uncertain,maqayis_openiti,Harun_DarAlFikr,low
لخي,لخي,اللام والخاء والحرف المعتل أصل صحيح يدل على اعوجاج في شيء وميل,,1,has_asl,maqayis_openiti,Harun_DarAlFikr,high
لد,لد,يدل على خصام ||| يدل على ناحية وجانب,اللام والدال أصلان صحيحان,2,has_asl,maqayis_openiti,Harun_DarAlFikr,high
لدس,لدس,اللام والدال والسين كلمات تدل على لصوق شيء بشيء حتى يأخذ منه,,1,has_asl,maqayis_openiti,Harun_DarAlFikr,high
لدغ,لدغ,اللام والدال والغين كلمة واحدة,,1,parse_uncertain,maqayis_openiti,Harun_DarAlFikr,low
لدم,لدم,اللام والدال والميم أصل يدل على إلصاق شيء بشيء، ضربا أو غيره، فاللدم: ضرب الحجر بالحجر,,1,has_asl,maqayis_openiti,Harun_DarAlFikr,high
لدن,لدن,اللام والدال والنون كلمة واحدة,,1,parse_uncertain,maqayis_openiti,Harun_DarAlFikr,low
لذ,لذ,اللام والذال أصل صحيح واحد يدل على طيب طعم في الشيء,,1,has_asl,maqayis_openiti,Harun_DarAlFikr,high
لذع,لذع,اللام والذال والعين يدل على أصل واحد، وهو الإحراق والحرارة,,1,has_asl,maqayis_openiti,Harun_DarAlFikr,high
لذم,لذم,اللام والذال والميم كلمة تدل على ملازمة شيء لشيء,,1,has_asl,maqayis_openiti,Harun_DarAlFikr,high
لز,لز,اللام والزاء أصل صحيح يدل على ملازمة وملاصقة,,1,has_asl,maqayis_openiti,Harun_DarAlFikr,high
لزا,لزأ,اللام والزاء والهمزة كلمتان لعلهما أن يكونا صحيحتين,,1,parse_uncertain,maqayis_openiti,Harun_DarAlFikr,low
لزب,لزب,اللام والزاء والباء يدل على ثبوت شيء ولزومه,,1,has_asl,maqayis_openiti,Harun_DarAlFikr,high
لزج,لزج,اللام والزاء والجيم قريب من الباب الذي قبله,,1,parse_uncertain,maqayis_openiti,Harun_DarAlFikr,low
لزق,لزق,اللام والزاء والقاف ليس بأصل، لأنه من باب الإبدال,,1,has_asl,maqayis_openiti,Harun_DarAlFikr,high
لزم,لزم,اللام والزاء والميم أصل واحد صحيح، يدل على مصاحبة الشيء بالشيء دائما,,1,has_asl,maqayis_openiti,Harun_DarAlFikr,high
لزن,لزن,اللام والزاء والنون يدل على ضيق في شيء أو تضايق,,1,has_asl,maqayis_openiti,Harun_DarAlFikr,high
لس,لس,اللام والسين أصيل يدل على لحس الشيء,,1,has_asl,maqayis_openiti,Harun_DarAlFikr,high
لسب,لسب,اللام والسين والباء أصل يدل على إصابة شيء لشيء بحدة,,1,has_asl,maqayis_openiti,Harun_DarAlFikr,high
لسد,لسد,اللام والسين والدال,,1,parse_uncertain,maqayis_openiti,Harun_DarAlFikr,low
لسع,لسع,اللام والسين والعين كلمة واحدة,,1,parse_uncertain,maqayis_openiti,Harun_DarAlFikr,low
لسق,لسق,اللام والسين والقاف ليس أصلا، وأصله الصاد,,1,has_asl,maqayis_openiti,Harun_DarAlFikr,high
لسم,لسم,اللام والسين والميم ليس بأصل,,1,has_asl,maqayis_openiti,Harun_DarAlFikr,high
لسن,لسن,اللام والسين والنون أصل صحيح واحد، يدل على طول لطيف غير بائن، في عضو أو غيره,,1,has_asl,maqayis_openiti,Harun_DarAlFikr,high
لص,لص,اللام والصاد أصيل صحيح يدل على ملازة ومقاربة,,1,has_asl,maqayis_openiti,Harun_DarAlFikr,high
لصب,لصب,اللام والصاد والباء أصل صحيح يدل على ضيق وتضايق,,1,has_asl,maqayis_openiti,Harun_DarAlFikr,high
لصت,لصت,اللام والصاد والتاء,,1,parse_uncertain,maqayis_openiti,Harun_DarAlFikr,low
لصغ,لصغ,اللام والصاد والغين ليس بشيء,,1,parse_uncertain,maqayis_openiti,Harun_DarAlFikr,low
لصف,لصف,اللام والصاد والفاء كلمة تدل على يبس وبريق,,1,has_asl,maqayis_openiti,Harun_DarAlFikr,high
لصق,لصق,اللام والصاد والقاف أصل صحيح يدل على ملازمة الشيء للشيء,,1,has_asl,maqayis_openiti,Harun_DarAlFikr,high
لض,لض,اللام والضاد، ذكر الخليل أن اللضلاض: الدليل,,1,parse_uncertain,maqayis_openiti,Harun_DarAlFikr,low
لط,لط,اللام والطاء أصيل صحيح، يدل على مقاربة وملازمة وإلحاح من ذلك قولهم: ألط الرجل، إذا اشتد في الأمر,,1,has_asl,maqayis_openiti,Harun_DarAlFikr,high
لطا,لطا,اللام والطاء والحرف المعتل كلمة واحدة، وهي الملطاة، في الشجاج، وهي السمحاق التي بلغت القشرة الرقيقة,,1,parse_uncertain,maqayis_openiti,Harun_DarAlFikr,low
لطح,لطح,اللام والطاء والحاء كلمة واحدة,,1,parse_uncertain,maqayis_openiti,Harun_DarAlFikr,low
لطخ,لطخ,اللام والطاء والخاء أصيل واحد يدل على عر شيء بشيء,,1,has_asl,maqayis_openiti,Harun_DarAlFikr,high
لطع,لطع,اللام والطاء والعين أصل صحيح يدل على انكشاف شيء عن شيء، وعلى كشفه عنه,,1,has_asl,maqayis_openiti,Harun_DarAlFikr,high
لطف,لطف,اللام وا,,1,parse_uncertain,maqayis_openiti,Harun_DarAlFikr,low
لطم,لطم,اللام والطاء والميم أصل صحيح يدل على ملاصقة شيء لشيء، بضرب أو غيره,,1,has_asl,maqayis_openiti,Harun_DarAlFikr,high
لظ,لظ,اللام والظاء أصل صحيح يدل على ملازمة,,1,has_asl,maqayis_openiti,Harun_DarAlFikr,high
لع,لع,اللام والعين أصيل صحيح يدل على اضطراب وبصبصة,,1,has_asl,maqayis_openiti,Harun_DarAlFikr,high
لعب,لعب,اللام والعين والباء كلمتان منهما يتفرع كلمات,,1,parse_uncertain,maqayis_openiti,Harun_DarAlFikr,low
لعج,لعج,اللام والعين والجيم أصل واحد، هو حرارة في القلب,,1,has_asl,maqayis_openiti,Harun_DarAlFikr,high
لعس,لعس,اللام والعين والسين كلمتان متباينتان: الأولى اللعس، سواد في باطن الشفة,,1,parse_uncertain,maqayis_openiti,Harun_DarAlFikr,low
لعص,لعص,اللام والعين والصاد,,1,parse_uncertain,maqayis_openiti,Harun_DarAlFikr,low
لعط,لعط,اللام والعين والطاء,,1,parse_uncertain,maqayis_openiti,Harun_DarAlFikr,low
لعق,لعق,اللام والعين والقاف أصل يدل على لسب شيء بإصبع أو غيرها,,1,has_asl,maqayis_openiti,Harun_DarAlFikr,high
لعن,لعن,اللام والعين والنون أصل صحيح يدل على إبعاد وإطراد,,1,has_asl,maqayis_openiti,Harun_DarAlFikr,high
لعو,لعو,اللام والعين والحرف المعتل كلمات غير راجعة إلى قياس واحد,,1,parse_uncertain,maqayis_openiti,Harun_DarAlFikr,low
لغ,لغ,اللام والغين,,1,parse_uncertain,maqayis_openiti,Harun_DarAlFikr,low
لغب,لغب,اللام والغين والباء أصل صحيح واحد، يدل على ضعف وتعب,,1,has_asl,maqayis_openiti,Harun_DarAlFikr,high
لغد,لغد,اللام والغين والدال كلمة واحدة,,1,parse_uncertain,maqayis_openiti,Harun_DarAlFikr,low
لغز,لغز,اللام والغين والزاء أصل يدل على التواء في شيء وميل,,1,has_asl,maqayis_openiti,Harun_DarAlFikr,high
لغم,لغم,اللام والغين والميم كلمة واحدة صحيحة، وهي الملاغم: ما حول الفم,,1,parse_uncertain,maqayis_openiti,Harun_DarAlFikr,low
لغو,لغو,يدل على الشيء لا يعتد به ||| على اللهج بالشيء,اللام والغين والحرف المعتل أصلان صحيحان,2,has_asl,maqayis_openiti,Harun_DarAlFikr,high
لف,لف,اللام والفاء أصل صحيح يدل على تلوي شيء على شيء,,1,has_asl,maqayis_openiti,Harun_DarAlFikr,high
لفا,لفا,اللام والفاء والحرف المعتل أصل صحيح، يدل على انكشاف شيء وكشفه، ويكون مهموزا وغير مهموز,,1,has_asl,maqayis_openiti,Harun_DarAlFikr,high
لفت,لفت,اللام والفاء والتاء كلمة واحدة تدل على اللي وصرف الشيء عن جهته المستقيمة,,1,has_asl,maqayis_openiti,Harun_DarAlFikr,high
لفج,لفج,اللام والفاء والجيم كلمة واحدة,,1,parse_uncertain,maqayis_openiti,Harun_DarAlFikr,low
لفح,لفح,اللام والفاء والحاء كلمة واحدة,,1,parse_uncertain,maqayis_openiti,Harun_DarAlFikr,low
لفظ,لفظ,اللام والفاء والظاء كلمة صحيحة تدل على طرح الشيء ; وغالب ذلك أن يكون من الفم,,1,has_asl,maqayis_openiti,Harun_DarAlFikr,high
لفع,لفع,اللام والفاء والعين أصيل صحيح يدل على اشتمال شيء,,1,has_asl,maqayis_openiti,Harun_DarAlFikr,high
لفق,لفق,اللام والفاء والقاف أصيل يدل على ملاءمة الأمر,,1,has_asl,maqayis_openiti,Harun_DarAlFikr,high
لفك,لفك,اللام والفاء والكاف,,1,parse_uncertain,maqayis_openiti,Harun_DarAlFikr,low
لفم,لفم,اللام والفاء والميم كلمة,,1,parse_uncertain,maqayis_openiti,Harun_DarAlFikr,low
لق,لق,اللام والقاف أصل صحيح يدل على صياح وجلبة,,1,has_asl,maqayis_openiti,Harun_DarAlFikr,high
لقب,لقب,اللام والقاف والباء كلمة واحدة,,1,parse_uncertain,maqayis_openiti,Harun_DarAlFikr,low
لقح,لقح,اللام والقاف والحاء أصل صحيح يدل على إحبال ذكر لأنثى، ثم يقاس عليه ما يشبه,,1,has_asl,maqayis_openiti,Harun_DarAlFikr,high
لقس,لقس,اللام والقاف والسين كلمة تدل على نعت غير مرضي,,1,has_asl,maqayis_openiti,Harun_DarAlFikr,high
لقص,لقص,اللام والقاف والصاد قريب في المعنى [من] الذي قبله,,1,parse_uncertain,maqayis_openiti,Harun_DarAlFikr,low
لقط,لقط,اللام والقاف والطاء أصل صحيح يدل على أخذ شيء من الأرض قد رأيته بغتة ولم ترده، وقد يكون عن إرادة وقصد أيضا,,1,has_asl,maqayis_openiti,Harun_DarAlFikr,high
لقع,لقع,اللام والقاف والعين أصل صحيح يدل على رمي شيء بشيء وإصابته به,,1,has_asl,maqayis_openiti,Harun_DarAlFikr,high
لقم,لقم,اللام والقاف والميم أصل صحيح، يدل على تناول طعام باليد للفم، ثم يقاس عليه,,1,has_asl,maqayis_openiti,Harun_DarAlFikr,high
لقن,لقن,اللام والقاف والنون كلمة صحيحة تدل على أخذ علم وفهمه,,1,has_asl,maqayis_openiti,Harun_DarAlFikr,high
لقي,لقي,اللام والقاف والحرف المعتل أصول ثلاثة: أحدها يدل على عوج، والآخر على توافي شيئين، والآخر على طرح شيء,,3,has_asl,maqayis_openiti,Harun_DarAlFikr,high
لك,لك,اللام والكاف أصيل يدل على تداخل في الشيء,,1,has_asl,maqayis_openiti,Harun_DarAlFikr,high
لكد,لكد,اللام والكاف والدال,,1,parse_uncertain,maqayis_openiti,Harun_DarAlFikr,low
لكع,لكع,اللام والكاف والعين أصل يدل على لؤم ودناءة,,1,has_asl,maqayis_openiti,Harun_DarAlFikr,high
لكم,لكم,اللام والكاف والميم كلمة واحدة، هي اللكم: الضرب باليد مجموعة,,1,parse_uncertain,maqayis_openiti,Harun_DarAlFikr,low
لكن,لكن,اللام والكاف والنون كلمة واحدة، هي اللكنة، وهي العي في اللسان,,1,parse_uncertain,maqayis_openiti,Harun_DarAlFikr,low
لكي,لكي,اللام والكاف والحرف المعتل أو المهموز، يدل على لزوم مكان وتباطؤ,,1,has_asl,maqayis_openiti,Harun_DarAlFikr,high
لم,لم,اللام والميم أصله صحيح يدل على اجتماع ومقاربة ومضامة,,1,has_asl,maqayis_openiti,Harun_DarAlFikr,high
لما,لما,اللام والميم والحرف المعتل كلمة واحدة، وهي اللمى، وهي سمرة في باطن الشفة، وهو يستحسن,,1,parse_uncertain,maqayis_openiti,Harun_DarAlFikr,low
لمج,لمج,اللام والميم والجيم,,1,parse_uncertain,maqayis_openiti,Harun_DarAlFikr,low
لمح,لمح,اللام والميم والحاء أصل يدل على لمع شيء,,1,has_asl,maqayis_openiti,Harun_DarAlFikr,high
لمز,لمز,اللام والميم والزاء كلمة واحدة، وهي اللمز، وهو العيب,,1,parse_uncertain,maqayis_openiti,Harun_DarAlFikr,low
لمس,لمس,اللام والميم والسين أصل واحد يدل على تطلب شيء ومسيسه أيضا,,1,has_asl,maqayis_openiti,Harun_DarAlFikr,high
لمظ,لمظ,اللام والميم والظاء أصيل يدل على نكتة بياض,,1,has_asl,maqayis_openiti,Harun_DarAlFikr,high
لمع,لمع,اللام والميم والعين أصل صحيح يدل على إضاءة الشيء بسرعة، ثم يقاس على ذلك ما يجري مجراه,,1,has_asl,maqayis_openiti,Harun_DarAlFikr,high
لمق,لمق,اللام والميم والقاف ثلاث كلمات لا تنقاس ولا تتقارب,,1,parse_uncertain,maqayis_openiti,Harun_DarAlFikr,low
لمك,لمك,اللام والميم والكاف كلمة واحدة,,1,parse_uncertain,maqayis_openiti,Harun_DarAlFikr,low
لن,لن,اللام والنون,,1,parse_uncertain,maqayis_openiti,Harun_DarAlFikr,low
له,له,اللام والهاء أصيل يدل على رقة في شيء وسخافة,,1,has_asl,maqayis_openiti,Harun_DarAlFikr,high
لهب,لهب,اللام والهاء والباء أصل صحيح، وهو ارتفاع لسان النار، ثم يقاس عليه ما يقاربه,,1,has_asl,maqayis_openiti,Harun_DarAlFikr,high
لهث,لهث,اللام والهاء والثاء كلمة واحدة، وهي أن يدلع الكلب لسانه من العطش,,1,has_asl,maqayis_openiti,Harun_DarAlFikr,high
لهج,لهج,اللام والهاء والجيم أصل صحيح يدل على المثابرة على الشيء وملازمته، وأصل آخر يدل على اختلاط في أمر,,1,has_asl,maqayis_openiti,Harun_DarAlFikr,high
لهد,لهد,اللام والهاء والدال أصل صحيح، يدل على إذلال ومطامنة، من ذلك لهدت الرجل، إذا دفعته، فهو ملهد ذليل,,1,has_asl,maqayis_openiti,Harun_DarAlFikr,high
لهز,لهز,اللام والهاء والزاء أصل صحيح يدل على دفع بيد أو غيرها أو رمي بوتر,,1,has_asl,maqayis_openiti,Harun_DarAlFikr,high
لهس,لهس,اللام والهاء والسين كلمة تدل على جنس من الإطعام,,1,has_asl,maqayis_openiti,Harun_DarAlFikr,high
لهط,لهط,اللام والهاء والطاء كلمة,,1,parse_uncertain,maqayis_openiti,Harun_DarAlFikr,low
لهع,لهع,اللام والهاء والعين كلمات إن صحت تدل على استرخاء وفترة,,1,has_asl,maqayis_openiti,Harun_DarAlFikr,high
لهف,لهف,اللام والهاء والفاء كلمة تدل على تحسر,,1,has_asl,maqayis_openiti,Harun_DarAlFikr,high
لهق,لهق,اللام والهاء والقاف كلمتان متباينتان,,1,parse_uncertain,maqayis_openiti,Harun_DarAlFikr,low
لهم,لهم,اللام والهاء والميم أصل صحيح يدل على ابتلاع شيء، ثم يقاس عليه,,1,has_asl,maqayis_openiti,Harun_DarAlFikr,high
لهن,لهن,اللام والهاء والنون كلمة واحدة، اللهنة: ما يتعجله الرجل قبل غدائه,,1,parse_uncertain,maqayis_openiti,Harun_DarAlFikr,low
لهو,لهو,يدل على شغل عن شيء بشيء ||| على نبذ شيء من اليد,اللام والهاء والحرف المعتل أصلان صحيحان,2,has_asl,maqayis_openiti,Harun_DarAlFikr,high
لو,لو,اللام والواو كلمة أداة، وهي لو، يتمنى بها,,1,parse_uncertain,maqayis_openiti,Harun_DarAlFikr,low
لوب,لوب,اللام والواو والباء كلمتان متباينتان، ويمكن أن يحمل إحداهما على الأخرى,,1,parse_uncertain,maqayis_openiti,Harun_DarAlFikr,low
لوت,لوت,اللام والواو والتاء لست أحق صحته، وليس هو من كلامهم عندي، لكن ناسا زعموا أنه يقال: لات يلوت، إذا أخبر بغير ما سئل عنه,,1,parse_uncertain,maqayis_openiti,Harun_DarAlFikr,low
لوث,لوث,اللام والواو والثاء أصل صحيح، يدل على التواء واسترخاء ولي الشيء على الشيء,,1,has_asl,maqayis_openiti,Harun_DarAlFikr,high
لوح,لوح,اللام والواو والحاء أصل صحيح، معظمه مقاربة باب اللمعان,,1,has_asl,maqayis_openiti,Harun_DarAlFikr,high
لوذ,لوذ,اللام والواو والذال أصل صحيح يدل على إطاقة الإنسان بالشيء مستعيذا به ومتسترا,,1,has_asl,maqayis_openiti,Harun_DarAlFikr,high
لوز,لوز,اللام والواو والزاء كلمة، وهو اللوز,,1,parse_uncertain,maqayis_openiti,Harun_DarAlFikr,low
لوس,لوس,اللام والواو والسين كلمة تدل على شيء من التطعم,,1,has_asl,maqayis_openiti,Harun_DarAlFikr,high
لوص,لوص,اللام والواو والصاد,,1,parse_uncertain,maqayis_openiti,Harun_DarAlFikr,low
لوط,لوط,اللام والواو والطاء كلمة تدل على اللصوق,,1,has_asl,maqayis_openiti,Harun_DarAlFikr,high
لوع,لوع,اللام والواو والعين: اللوعة: الحب,,1,parse_uncertain,maqayis_openiti,Harun_DarAlFikr,low
لوغ,لوغ,اللام والواو والغين,,1,parse_uncertain,maqayis_openiti,Harun_DarAlFikr,low
لوق,لوق,اللام والواو والقاف كلمة تدل على تطييب شيء,,1,has_asl,maqayis_openiti,Harun_DarAlFikr,high
لوك,لوك,اللام والواو والكاف كلمة واحدة,,1,parse_uncertain,maqayis_openiti,Harun_DarAlFikr,low
لوم,لوم,اللام والواو والميم كلمتان تدل إحداهما على العتب والعذل، والأخرى على الإبطاء,,1,has_asl,maqayis_openiti,Harun_DarAlFikr,high
لون,لون,اللام والواو والنون كلمة واحدة، وهي سحنة الشيء: من ذلك اللون: لون الشيء، كالحمرة والسواد، ويقال: تلون فلان: اختلفت أخلاقه,,1,parse_uncertain,maqayis_openiti,Harun_DarAlFikr,low
لوي,لوي,اللام والواو والياء أصل صحيح، يدل على إمالة للشيء,,1,has_asl,maqayis_openiti,Harun_DarAlFikr,high
ليا,ليا,اللام والياء والألف، يقال إنه شيء من النبت,,1,parse_uncertain,maqayis_openiti,Harun_DarAlFikr,low
ليت,ليت,اللام والياء والتاء كلمتان لا تنقاسان: إحداهما: الليت: صفحة العنق، وهما ليتان,,1,parse_uncertain,maqayis_openiti,Harun_DarAlFikr,low
ليث,ليث,اللام والياء والثاء أصل صحيح يدل على قوة خلق,,1,has_asl,maqayis_openiti,Harun_DarAlFikr,high
ليغ,ليغ,اللام والياء والغين كلمة، يقولون: الأليغ: الذي لا يبين الكلام,,1,parse_uncertain,maqayis_openiti,Harun_DarAlFikr,low
ليف,ليف,اللام والياء والفاء كلمة، وهي الليف، عربية,,1,parse_uncertain,maqayis_openiti,Harun_DarAlFikr,low
ليق,ليق,اللام والياء والقاف كلمتان: إحداهما قولهم: فلان لا يليق درهما، أي لا يبقي,,1,parse_uncertain,maqayis_openiti,Harun_DarAlFikr,low
ليل,ليل,ال,,1,parse_uncertain,maqayis_openiti,Harun_DarAlFikr,low
ليم,ليم,اللام والياء والميم,,1,parse_uncertain,maqayis_openiti,Harun_DarAlFikr,low
لين,لين,اللام والياء والنون كلمة واحدة، وهي اللين: ضد الخشونة,,1,parse_uncertain,maqayis_openiti,Harun_DarAlFikr,low
ماج,مأج,الميم والهمزة والجيم كلمة واحدة,,1,parse_uncertain,maqayis_openiti,Harun_DarAlFikr,low
ماد,مأد,الميم والهمزة والدال كلمة تدل على حسن حال وري في الشيء,,1,has_asl,maqayis_openiti,Harun_DarAlFikr,high
مار,مأر,الميم والهمزة والراء كلمة تدل على عداوة وشدة,,1,has_asl,maqayis_openiti,Harun_DarAlFikr,high
ماق,مأق,الميم والهمزة والقاف أصل يدل على صفة تعتري بعد البكاء، [و] على أنفة,,1,has_asl,maqayis_openiti,Harun_DarAlFikr,high
مال,مأل,الميم والهمزة واللام,,1,parse_uncertain,maqayis_openiti,Harun_DarAlFikr,low
مان,مأن,الميم والهمزة والنون كلمتان متباينتان جدا,,1,parse_uncertain,maqayis_openiti,Harun_DarAlFikr,low
ماي,مأي,الميم والهمزة والياء كلمة,,1,parse_uncertain,maqayis_openiti,Harun_DarAlFikr,low
مت,مت,الميم والتاء أصيل يدل على مد ونزع في الشيء,,1,has_asl,maqayis_openiti,Harun_DarAlFikr,high
متح,متح,الميم والتاء والحاء أصيل يدل على مد الشيء وإطالته,,1,has_asl,maqayis_openiti,Harun_DarAlFikr,high
متر,متر,الميم والتاء والراء,,1,parse_uncertain,maqayis_openiti,Harun_DarAlFikr,low
متس,متس,الميم والتاء والسين فيه كلمة حكاها ابن دريد، هي متسه يمتسه متسا: أراغه لينتزعه من بيت أو غيره,,1,parse_uncertain,maqayis_openiti,Harun_DarAlFikr,low
متع,متع,الميم والتاء والعين أصل صحيح يدل على منفعة وامتداد مدة في خير,,1,has_asl,maqayis_openiti,Harun_DarAlFikr,high
متك,متك,الميم والتاء والكاف,,1,parse_uncertain,maqayis_openiti,Harun_DarAlFikr,low
متل,متل,الميم والتاء واللام,,1,parse_uncertain,maqayis_openiti,Harun_DarAlFikr,low
متن,متن,الميم والتاء والنون أصل صحيح واحد يدل على صلابة في الشيء مع امتداد وطول,,1,has_asl,maqayis_openiti,Harun_DarAlFikr,high
مته,مته,الميم والتاء والهاء,,1,parse_uncertain,maqayis_openiti,Harun_DarAlFikr,low
متي,متي,الميم والتاء والحرف فيه ثلاث كلمات: إحداها يستفهم بها عن زمان,,1,parse_uncertain,maqayis_openiti,Harun_DarAlFikr,low
مث,مث,الميم والثاء كلمتان,,1,parse_uncertain,maqayis_openiti,Harun_DarAlFikr,low
مثع,مثع,الميم والثاء والعين كلمة واحدة,,1,parse_uncertain,maqayis_openiti,Harun_DarAlFikr,low
مثل,مثل,الميم والثاء واللام أصل صحيح يدل على مناظرة الشيء للشيء,,1,has_asl,maqayis_openiti,Harun_DarAlFikr,high
مج,مج,الميم والجيم كلمتان إحداهما تخليط في شيء، والثانية رمي للشيء بسرعة,,1,parse_uncertain,maqayis_openiti,Harun_DarAlFikr,low
مجد,مجد,الميم والجيم والدال أصل صحيح، يدل على بلوغ النهاية، ولا يكون إلا في محمود,,1,has_asl,maqayis_openiti,Harun_DarAlFikr,high
مجر,مجر,الميم والجيم والراء ثلاث كلمات لا تنقاس,,1,parse_uncertain,maqayis_openiti,Harun_DarAlFikr,low
مجس,مجس,الميم والجيم والسين كلمة ما نعرف لها قياسا، وأظنها فارسية، وهي قولنا هؤلاء المجوس,,1,parse_uncertain,maqayis_openiti,Harun_DarAlFikr,low
مجع,مجع,الميم والجيم والعين كلمتان متباينتان,,1,parse_uncertain,maqayis_openiti,Harun_DarAlFikr,low
مجل,مجل,الميم والجيم واللام كلمة واحدة، وهي مجلت يده تمجل ومجلت تمجل: تنفطت,,1,parse_uncertain,maqayis_openiti,Harun_DarAlFikr,low
مجن,مجن,الميم والجيم والنون كلمة واحدة، هي مجن، يقال: إن المجون: ألا يبالي الإنسان ما صنع,,1,parse_uncertain,maqayis_openiti,Harun_DarAlFikr,low
مح,مح,الميم والحاء ثلاث كلمات لا تنقاس على أصل واحد: الأولى مح الشيء وأمح، إذا درس وبلي,,1,has_asl,maqayis_openiti,Harun_DarAlFikr,high
محت,محت,الميم والحاء والتاء ليس بأصل، إنما هو مقلوب,,1,has_asl,maqayis_openiti,Harun_DarAlFikr,high
محج,محج,الميم والحاء والجيم,,1,parse_uncertain,maqayis_openiti,Harun_DarAlFikr,low
محز,محز,الميم والحاء والزاء ليس بشيء، على أنهم يقولون: المحز: النكاح، ومحزها محزا,,1,parse_uncertain,maqayis_openiti,Harun_DarAlFikr,low
محش,محش,الميم والحاء والشين أصل صحيح يدل على إحراق النار شيئا حتى ينسحج جلده,,1,has_asl,maqayis_openiti,Harun_DarAlFikr,high
محص,محص,الميم والحاء والصاد أصل واحد صحيح يدل على تخليص شيء وتنقيته,,1,has_asl,maqayis_openiti,Harun_DarAlFikr,high
محض,محض,الميم والحاء والضاد كلمة تدل على خلوص الشيء,,1,has_asl,maqayis_openiti,Harun_DarAlFikr,high
محق,محق,الميم والحاء والقاف كلمات تدل على نقصان,,1,has_asl,maqayis_openiti,Harun_DarAlFikr,high
محك,محك,الميم والحاء والكاف كلمة واحدة,,1,parse_uncertain,maqayis_openiti,Harun_DarAlFikr,low
محل,محل,الميم والحاء واللام أصل صحيح له معنيان: أحدهما قلة الخير، والآخر الوشاية والسعاية,,1,has_asl,maqayis_openiti,Harun_DarAlFikr,high
محن,محن,الميم والحاء والنون كلمات ثلاث على غير قياس,,1,parse_uncertain,maqayis_openiti,Harun_DarAlFikr,low
محو,محو,الميم والحاء والحرف المعتل أصل صحيح يدل على الذهاب بالشيء,,1,has_asl,maqayis_openiti,Harun_DarAlFikr,high
مخ,مخ,الميم والخاء كلمة تدل على خالص كل شيء,,1,has_asl,maqayis_openiti,Harun_DarAlFikr,high
مخج,مخج,الميم والخاء والجيم كلمة واحدة,,1,parse_uncertain,maqayis_openiti,Harun_DarAlFikr,low
مخر,مخر,الميم والخاء والراء أصل يدل على شق وفتح,,1,has_asl,maqayis_openiti,Harun_DarAlFikr,high
مخض,مخض,الميم والخاء والضاد أصل صحيح يدل على اضطراب شيء في وعائه مائع، ثم يستعار,,1,has_asl,maqayis_openiti,Harun_DarAlFikr,high
مخط,مخط,الميم والخاء والطاء أصيل، يدل على بروز شيء من كنه، صحيح,,1,has_asl,maqayis_openiti,Harun_DarAlFikr,high
مخن,مخن,الميم والخاء والنون يقولون: المخن: الرجل الطويل,,1,parse_uncertain,maqayis_openiti,Harun_DarAlFikr,low
مخي,مخي,الميم والخاء والحرف المعتل,,1,parse_uncertain,maqayis_openiti,Harun_DarAlFikr,low
مد,مد,الميم والدال أصل واحد يدل على جر شيء في طول، واتصال شيء بشيء في استطالة,,1,has_asl,maqayis_openiti,Harun_DarAlFikr,high
مدح,مدح,الميم والدال والحاء أصل صحيح يدل على وصف محاسن بكلام جميل,,1,has_asl,maqayis_openiti,Harun_DarAlFikr,high
مدخ,مدخ,الميم والدال والخاء,,1,parse_uncertain,maqayis_openiti,Harun_DarAlFikr,low
مدر,مدر,الميم والدال والراء أصل صحيح يدل على طين متحبب، ثم يشبه [به],,1,has_asl,maqayis_openiti,Harun_DarAlFikr,high
مدس,مدس,الميم والدال والسين,,1,parse_uncertain,maqayis_openiti,Harun_DarAlFikr,low
مدش,مدش,الميم والدال والشين,,1,parse_uncertain,maqayis_openiti,Harun_DarAlFikr,low
مدق,مدق,الميم والدال والقاف كلمة واحدة حكاها أبو بكر: مدقت الصخر وغيره: كسرته,,1,parse_uncertain,maqayis_openiti,Harun_DarAlFikr,low
مدل,مدل,الميم والدال والميم من كلمات أبي بكر أيضا: المدل: اللبن الخاثر,,1,parse_uncertain,maqayis_openiti,Harun_DarAlFikr,low
مدن,مدن,الميم والدال والنون ليس فيه إلا,,1,parse_uncertain,maqayis_openiti,Harun_DarAlFikr,low
مده,مده,الميم والدال والهاء ليس بأصل، لأن هاءه عن حاء، التمدح والتمده,,1,has_asl,maqayis_openiti,Harun_DarAlFikr,high
مدي,مدي,الميم والدال والحرف المعتل أصل صحيح يدل على امتداد في شيء وإمداد,,1,has_asl,maqayis_openiti,Harun_DarAlFikr,high
مذح,مذح,الميم والذال والحاء,,1,parse_uncertain,maqayis_openiti,Harun_DarAlFikr,low
مذر,مذر,الميم والذال والراء يدل على فساد في شيء,,1,has_asl,maqayis_openiti,Harun_DarAlFikr,high
مذع,مذع,الميم والذال والعين,,1,parse_uncertain,maqayis_openiti,Harun_DarAlFikr,low
مذق,مذق,الميم والذال والقاف أصل يدل على خلط شيء لا على جهة النصاحة,,1,has_asl,maqayis_openiti,Harun_DarAlFikr,high
مذل,مذل,الميم والذال واللام أصل صحيح يدل على استرخاء وقلة تشدد في الشيء,,1,has_asl,maqayis_openiti,Harun_DarAlFikr,high
مذي,مذي,الميم والذال والحرف المعتل يدل على سهولة في جريان شيء مائع,,1,has_asl,maqayis_openiti,Harun_DarAlFikr,high
مر,مر,على مضي شيء ||| على خلاف الحلاوة والطيب,الميم والراء أصلان صحيحان، يدل,2,has_asl,maqayis_openiti,Harun_DarAlFikr,high
مرا,مرأ,الميم والراء والهمزة,,1,parse_uncertain,maqayis_openiti,Harun_DarAlFikr,low
مرت,مرت,الميم والراء والتاء كلمة واحدة، هي المرت: الفلاة القفر,,1,parse_uncertain,maqayis_openiti,Harun_DarAlFikr,low
مرث,مرث,الميم والراء والثاء كلمة ليست بأصل، بل هي من الإبدال,,1,has_asl,maqayis_openiti,Harun_DarAlFikr,high
مرج,مرج,الميم والراء والجيم أصل صحيح يدل على مجيء وذهاب واضطراب,,1,has_asl,maqayis_openiti,Harun_DarAlFikr,high
مرح,مرح,الميم والراء والحاء أصل يدل على مسرة لا يكاد يستقر معها طربا,,1,has_asl,maqayis_openiti,Harun_DarAlFikr,high
مرخ,مرخ,الميم والراء والخاء كلمة صحيحة تدل على تليين في شيء,,1,has_asl,maqayis_openiti,Harun_DarAlFikr,high
مرد,مرد,الميم والراء والدال أصل صحيح يدل على تجريد الشيء من قشره أو ما يعلوه من شعره,,1,has_asl,maqayis_openiti,Harun_DarAlFikr,high
مرز,مرز,الميم والراء والزاء أصل يدل على تقطيع شيء وخدشه,,1,has_asl,maqayis_openiti,Harun_DarAlFikr,high
مرس,مرس,الميم والراء والسين أصل صحيح يدل على مضامة شيء لشيء بشدة وقوة,,1,has_asl,maqayis_openiti,Harun_DarAlFikr,high
مرش,مرش,الميم والراء والشين,,1,parse_uncertain,maqayis_openiti,Harun_DarAlFikr,low
مرص,مرص,الميم والراء والصاد,,1,parse_uncertain,maqayis_openiti,Harun_DarAlFikr,low
مرض,مرض,الميم والراء والضاد أصل صحيح يدل على ما يخرج به الإنسان عن حد الصحة في أي شيء كان,,1,has_asl,maqayis_openiti,Harun_DarAlFikr,high
مرط,مرط,الميم والراء والطاء أصل صحيح يدل على تحات الشيء أو حته,,1,has_asl,maqayis_openiti,Harun_DarAlFikr,high
مرع,مرع,الميم والراء والعين أصل صحيح يدل على خصب وخير,,1,has_asl,maqayis_openiti,Harun_DarAlFikr,high
مرغ,مرغ,الميم والراء والغين أصل صحيح يدل على سيلان شيء أو إسالة شيء,,1,has_asl,maqayis_openiti,Harun_DarAlFikr,high
مرق,مرق,الميم والراء والقاف أصل صحيح يدل على خروج شيء من شيء,,1,has_asl,maqayis_openiti,Harun_DarAlFikr,high
مرن,مرن,الميم والراء والنون أصل صحيح يدل على لين شيء وسهولة,,1,has_asl,maqayis_openiti,Harun_DarAlFikr,high
مره,مره,الميم والراء والهاء كلمة تدل على بياض في شيء,,1,has_asl,maqayis_openiti,Harun_DarAlFikr,high
مري,مري,] على مسح شيء واستدرار ||| على صلابة في شيء,الميم والراء والحرف المعتل أصلان صحيحان يدل [,2,has_asl,maqayis_openiti,Harun_DarAlFikr,high
مز,مز,طعم من الطعوم ||| [يدل] على مزية وفضل,الميم والزاء أصلان,2,has_asl,maqayis_openiti,Harun_DarAlFikr,high
مزج,مزج,الميم والزاء والجيم أصل صحيح يدل على خلط الشيء بغيره,,1,has_asl,maqayis_openiti,Harun_DarAlFikr,high
مزح,مزح,الميم والزاء والحاء كلمة واحدة,,1,parse_uncertain,maqayis_openiti,Harun_DarAlFikr,low
مزر,مزر,الميم والزاء والراء كلمتان: الأولى المزير: الرجل القوي,,1,parse_uncertain,maqayis_openiti,Harun_DarAlFikr,low
مزع,مزع,الميم والزاء والعين أصل صحيح يدل على قطع وتقطع,,1,has_asl,maqayis_openiti,Harun_DarAlFikr,high
مزق,مزق,الميم والزاء والقاف أصل صحيح يدل على تخرق في شيء,,1,has_asl,maqayis_openiti,Harun_DarAlFikr,high
مزن,مزن,الميم والزاء والنون أصل صحيح فيه ثلاث كلمات متباينة القياس: فالأولى: المزن: السحاب، والقطعة مزنة,,1,has_asl,maqayis_openiti,Harun_DarAlFikr,high
مزي,مزي,الميم والزاء والياء,,1,parse_uncertain,maqayis_openiti,Harun_DarAlFikr,low
مس,مس,الميم والسين أصل صحيح واحد يدل على جس الشيء باليد,,1,has_asl,maqayis_openiti,Harun_DarAlFikr,high
مسح,مسح,الميم والسين والحاء أصل صحيح، وهو إمرار الشيء على الشيء بسطا,,1,has_asl,maqayis_openiti,Harun_DarAlFikr,high
مسخ,مسخ,الميم والسين والخاء كلمتان: إحداهما المسخ، وهو يدل على تشويه وقلة طعم الشيء، ومسخه الله: شوه خلقه من صورة حسنة إلى قبيحة,,1,has_asl,maqayis_openiti,Harun_DarAlFikr,high
مسد,مسد,الميم والسين والدال أصل صحيح يدل على جدل شيء وطيه,,1,has_asl,maqayis_openiti,Harun_DarAlFikr,high
مسط,مسط,الميم والسين والطاء أصل صحيح يدل على خرط شيء رطب، وعلى امتداده من تلقاء نفسه,,1,has_asl,maqayis_openiti,Harun_DarAlFikr,high
مسك,مسك,الميم والسين والكاف أصل واحد صحيح يدل على حبس الشيء أو تحبسه,,1,has_asl,maqayis_openiti,Harun_DarAlFikr,high
مسل,مسل,الميم والسين واللام,,1,parse_uncertain,maqayis_openiti,Harun_DarAlFikr,low
مسي,مسي,الميم والسين والحرف المعتل كلمتان متباينتان جدا,,1,parse_uncertain,maqayis_openiti,Harun_DarAlFikr,low
مش,مش,الميم والشين أصل صحيح يدل على لين في الشيء وسهولة ولطف,,1,has_asl,maqayis_openiti,Harun_DarAlFikr,high
مشج,مشج,الميم والشين والجيم أصل صحيح، وهو الخلط,,1,has_asl,maqayis_openiti,Harun_DarAlFikr,high
مشر,مشر,الميم والشين والراء أصل صحيح يدل على تشعب في شيء وتفرق,,1,has_asl,maqayis_openiti,Harun_DarAlFikr,high
مشط,مشط,الميم والشين والطاء كلمة واحدة وهي المشط,,1,parse_uncertain,maqayis_openiti,Harun_DarAlFikr,low
مشظ,مشظ,الميم والشين والظاء كلمة واحدة,,1,parse_uncertain,maqayis_openiti,Harun_DarAlFikr,low
مشع,مشع,الميم والشين والعين فيه كلمات على غير قياس,,1,parse_uncertain,maqayis_openiti,Harun_DarAlFikr,low
مشغ,مشغ,الميم والشين والغين كلمة واحدة، مشغه بالقبيح، لطخه,,1,parse_uncertain,maqayis_openiti,Harun_DarAlFikr,low
مشق,مشق,الميم والشين والقاف أصل صحيح يدل على سرعة وخفة,,1,has_asl,maqayis_openiti,Harun_DarAlFikr,high
مشن,مشن,الميم والشين والنون أصل يدل على تناول الشيء بضرب واستلال وما أشبه ذلك,,1,has_asl,maqayis_openiti,Harun_DarAlFikr,high
مشي,مشي,يدل على حركة الإنسان وغيره ||| النماء والزيادة,الميم والشين والحرف المعتل أصلان صحيحان,2,has_asl,maqayis_openiti,Harun_DarAlFikr,high
مص,مص,الميم والصاد أصل صحيح يدل على شبه التذوق للشيء، وأخذ خالصه,,1,has_asl,maqayis_openiti,Harun_DarAlFikr,high
مصت,مصت,الميم والصاد والتاء,,1,parse_uncertain,maqayis_openiti,Harun_DarAlFikr,low
مصح,مصح,الميم والصاد والحاء أصل صحيح يدل على ذهاب الشيء,,1,has_asl,maqayis_openiti,Harun_DarAlFikr,high
مصخ,مصخ,الميم والصاد والخاء كلمة، وهي الأمصوخ: واحد الأماصيخ، وهي أنابيب الثمام,,1,parse_uncertain,maqayis_openiti,Harun_DarAlFikr,low
مصد,مصد,الميم والصاد والدال أصل صحيح فيه كلمتان غير متقايستين,,1,has_asl,maqayis_openiti,Harun_DarAlFikr,high
مصر,مصر,"المصر: الحلب بأطراف الأصابع وناقة مصور: لبنها بطيء الخروج لا تحلب إلا مصرا ||| المصر، وهو الحد ; يقال إن أهل هجر يكتبون في شروطهم: "" اشترى فلان الدار بمصورها ""، أي حدودها ||| المصير، وهو المعى، والجمع مصران ثم مصارين",الميم والصاد والراء أصل صحيح له ثلاثة معان. الأول جنس من الحلب، والثاني تحديد في شيء، والثالث عضو من الأعضاء,3,has_asl,maqayis_openiti,Harun_DarAlFikr,high
مصع,مصع,الميم والصاد والعين أصل صحيح يدل على معنيين: أحدهما لمع في الشيء وحركة، والآخر ذهاب الشيء وتوليه,,1,has_asl,maqayis_openiti,Harun_DarAlFikr,high
مصل,مصل,الميم والصاد واللام أصل صحيح يدل على تحلب شيء وقطره,,1,has_asl,maqayis_openiti,Harun_DarAlFikr,high
مصو,مصو,الميم والصاد والحرف المعتل كلمة واحدة,,1,parse_uncertain,maqayis_openiti,Harun_DarAlFikr,low
مض,مض,الميم والضاد أصل صحيح يدل على ضغط الشيء للشيء,,1,has_asl,maqayis_openiti,Harun_DarAlFikr,high
مضح,مضح,الميم والضاد والحاء كلمة واحدة، هي مضح عرضه يمضحه مضحا: عابه وطعن فيه ; وأمضحه أيضا,,1,parse_uncertain,maqayis_openiti,Harun_DarAlFikr,low
مضر,مضر,الميم والضاد والراء أصل صحيح قليل الفروع,,1,has_asl,maqayis_openiti,Harun_DarAlFikr,high
مضغ,مضغ,الميم والضاد والغين أصل صحيح، وهو المضغ للطعام,,1,has_asl,maqayis_openiti,Harun_DarAlFikr,high
مضى,مضى,الميم والضاد والحرف المعتل أصل صحيح يدل على نفاذ ومرور,,1,has_asl,maqayis_openiti,Harun_DarAlFikr,high
مضي,مضي,غة,,1,parse_uncertain,maqayis_openiti,Harun_DarAlFikr,low
مط,مط,الميم والطاء أصل صحيح يدل على مد الشيء,,1,has_asl,maqayis_openiti,Harun_DarAlFikr,high
مطح,مطح,الميم والطاء والحاء كلمة واحدة، حكاها ابن دريد، هي المطح: الضرب باليد، وربما كني به عن الجماع,,1,parse_uncertain,maqayis_openiti,Harun_DarAlFikr,low
مطخ,مطخ,الميم والطاء والخاء ليس هو بالباب الموثوق بصحته، لكنهم يقولون: مطخ عرضه، مثل لطخه,,1,parse_uncertain,maqayis_openiti,Harun_DarAlFikr,low
مطر,مطر,الميم والطاء والراء أصل صحيح فيه معنيان: أحدهما الغيث النازل من السماء والآخر جنس من العدو,,1,has_asl,maqayis_openiti,Harun_DarAlFikr,high
مطع,مطع,الميم والطاء والعين,,1,parse_uncertain,maqayis_openiti,Harun_DarAlFikr,low
مطق,مطق,الميم والطاء والقاف,,1,parse_uncertain,maqayis_openiti,Harun_DarAlFikr,low
مطل,مطل,الميم والطاء واللام أصل صحيح يدل على مد الشيء وإطالته,,1,has_asl,maqayis_openiti,Harun_DarAlFikr,high
مطو,مطو,الميم والطاء والحرف المعتل أصل صحيح يدل على مد في الشيء وامتداد,,1,has_asl,maqayis_openiti,Harun_DarAlFikr,high
مظ,مظ,الميم والظاء كلمة تدل على مشارة ومنازعة,,1,has_asl,maqayis_openiti,Harun_DarAlFikr,high
مظع,مظع,الميم والظاء والعين فيه معنى واحد,,1,parse_uncertain,maqayis_openiti,Harun_DarAlFikr,low
مع,مع,الميم والعين كلمة تدل على اختلاط وجلبة وما أشبه ذلك,,1,has_asl,maqayis_openiti,Harun_DarAlFikr,high
معت,معت,,,0,no_asl,maqayis_openiti,Harun_DarAlFikr,high
معج,معج,الميم والعين والجيم أصل صحيح يدل على تقلب وسرعة في شيء,,1,has_asl,maqayis_openiti,Harun_DarAlFikr,high
معد,معد,الميم والعين والدال أصل صحيح يدل على غلظ في الشيء,,1,has_asl,maqayis_openiti,Harun_DarAlFikr,high
معر,معر,الميم والعين والراء أصل يدل على ملاسة وحص وانجراد,,1,has_asl,maqayis_openiti,Harun_DarAlFikr,high
معز,معز,الميم والعين والزاء أصل صحيح يدل على شدة في الشيء وصلابة,,1,has_asl,maqayis_openiti,Harun_DarAlFikr,high
معس,معس,الميم والعين والسين أصيل يدل على دلك شيء,,1,has_asl,maqayis_openiti,Harun_DarAlFikr,high
معص,معص,الميم والعين والصاد ليس بشيء، إلا أن ناسا ذكروا معص الرجل: حجل في مشيته,,1,parse_uncertain,maqayis_openiti,Harun_DarAlFikr,low
معض,معض,الميم والعين والضاد كلمة,,1,parse_uncertain,maqayis_openiti,Harun_DarAlFikr,low
معط,معط,الميم والعين والطاء أصل يدل على تجرد الشيء وتجريده ومعط تمرط شعره,,1,has_asl,maqayis_openiti,Harun_DarAlFikr,high
معق,معق,الميم والعين والقاف ليس بأصل وإنما هو من باب القلب,,1,has_asl,maqayis_openiti,Harun_DarAlFikr,high
معك,معك,الميم والعين والكاف أصل صحيح يدل على دلك الشيء وليه,,1,has_asl,maqayis_openiti,Harun_DarAlFikr,high
معل,معل,الميم والعين واللام أصل صحيح فيه كلمات تدل على اختلاس شيء وسرعة فيه,,1,has_asl,maqayis_openiti,Harun_DarAlFikr,high
معن,معن,الميم والعين والنون أصل يدل على سهولة في جريان أو جري أو غير ذلك,,1,has_asl,maqayis_openiti,Harun_DarAlFikr,high
معو,معو,الميم والعين والحرف المعتل ثلاث كلمات ليس قياسها واحدا,,1,parse_uncertain,maqayis_openiti,Harun_DarAlFikr,low
مغ,مغ,الميم والغين يدل على شبه ما مضى ذكره,,1,has_asl,maqayis_openiti,Harun_DarAlFikr,high
مغث,مغث,الميم والغين والثاء أصل صحيح يدل على مرس شيء ومرثه,,1,has_asl,maqayis_openiti,Harun_DarAlFikr,high
مغد,مغد,الميم والغين والدال، يقولون إنه أصل يدل على نعمة في الشيء,,1,has_asl,maqayis_openiti,Harun_DarAlFikr,high
مغر,مغر,الميم والغين والراء أصل يدل على حمرة في شيء، وأصل آخر يدل على ضرب من السير,,1,has_asl,maqayis_openiti,Harun_DarAlFikr,high
مغص,مغص,الميم والغين والصاد كلمتان متباينتان جدا,,1,parse_uncertain,maqayis_openiti,Harun_DarAlFikr,low
مغط,مغط,الميم والغين والطاء أصل صحيح يدل على امتداد وطول,,1,has_asl,maqayis_openiti,Harun_DarAlFikr,high
مغل,مغل,يدل على داء وفساد ||| ضرب من النتاج,الميم والغين واللام أصلان صحيحان,2,has_asl,maqayis_openiti,Harun_DarAlFikr,high
مق,مق,الميم والقاف أصل يدل على طول وتجاوز حد,,1,has_asl,maqayis_openiti,Harun_DarAlFikr,high
مقت,مقت,الميم والقاف والتاء كلمة واحدة تدل على شناءة وقبح,,1,has_asl,maqayis_openiti,Harun_DarAlFikr,high
مقد,مقد,الميم والقاف والدال لا نعرف فيه شيئا، إلا أن المقدي: شراب منسوب إلى قرية بالشام، يتخذ من العسل,,1,parse_uncertain,maqayis_openiti,Harun_DarAlFikr,low
مقر,مقر,الميم والقاف والراء كلمة واحدة، هي المقر: شبه الصبر,,1,parse_uncertain,maqayis_openiti,Harun_DarAlFikr,low
مقس,مقس,الميم والقاف والسين كلمة واحدة,,1,parse_uncertain,maqayis_openiti,Harun_DarAlFikr,low
مقط,مقط,الميم والقاف والطاء كلمات لا ترجع إلى قياس واحد، بل هي متباينة جدا,,1,parse_uncertain,maqayis_openiti,Harun_DarAlFikr,low
مقع,مقع,الميم والقاف والعين كلمات تدل على نوع من الضرب والرمي,,1,has_asl,maqayis_openiti,Harun_DarAlFikr,high
مقل,مقل,الميم والقاف واللام ثلاث كلمات غير منقاسة,,1,parse_uncertain,maqayis_openiti,Harun_DarAlFikr,low
مقه,مقه,الميم والقاف والهاء كلمة تدل على لون,,1,has_asl,maqayis_openiti,Harun_DarAlFikr,high
مقو,مقو,الميم والقاف والحرف المعتل,,1,parse_uncertain,maqayis_openiti,Harun_DarAlFikr,low
مك,مك,الميم والكاف أصل صحيح يدل على انتقاء العظم، ثم يقاس على ذلك,,1,has_asl,maqayis_openiti,Harun_DarAlFikr,high
مكا,مكا,الميم والكاف والحرف المعتل أصل صحيح يدل على معان ثلاثة: أحدها شيء من الأصوات، والآخر خشونة في الشيء، والآخر ضرب من العسل,,3,has_asl,maqayis_openiti,Harun_DarAlFikr,high
مكث,مكث,الميم والكاف والثاء كلمة تدل على توقف وانتظار,,1,has_asl,maqayis_openiti,Harun_DarAlFikr,high
مكد,مكد,الميم والكاف والدال كلمة تدل على ثبات,,1,has_asl,maqayis_openiti,Harun_DarAlFikr,high
مكر,مكر,الميم والكاف والراء كلمتان متباينتان: إحداهما المكر: الاحتيال والخداع,,1,parse_uncertain,maqayis_openiti,Harun_DarAlFikr,low
مكس,مكس,الميم والكاف والسين كلمة تدل على جبي مال وانتقاص من الشيء,,1,has_asl,maqayis_openiti,Harun_DarAlFikr,high
مكل,مكل,الميم والكاف واللام كلمة تدل على اجتماع ماء,,1,has_asl,maqayis_openiti,Harun_DarAlFikr,high
مكن,مكن,الميم والكاف والنون كلمة واحدة,,1,parse_uncertain,maqayis_openiti,Harun_DarAlFikr,low
مل,مل,على تقليب شيء ||| على غرض من الشيء,الميم واللام أصلان صحيحان، يدل,2,has_asl,maqayis_openiti,Harun_DarAlFikr,high
ملث,ملث,الميم واللام والثاء كلمة,,1,parse_uncertain,maqayis_openiti,Harun_DarAlFikr,low
ملج,ملج,الميم واللام والجيم كلمة,,1,parse_uncertain,maqayis_openiti,Harun_DarAlFikr,low
ملح,ملح,الميم واللام والحاء أصل صحيح له فروع تتقارب في المعنى وإن كان في ظاهرها بعض التفاوت,,1,has_asl,maqayis_openiti,Harun_DarAlFikr,high
ملخ,ملخ,الميم واللام والخاء أصل صحيح يدل على إخراج شيء من وعائه أو من غيره,,1,has_asl,maqayis_openiti,Harun_DarAlFikr,high
ملد,ملد,الميم واللام والدال كلمة تدل على نعمة ولين وملاسة,,1,has_asl,maqayis_openiti,Harun_DarAlFikr,high
ملذ,ملذ,الميم واللام والذال ذكروا فيه كلمتين أيضا,,1,parse_uncertain,maqayis_openiti,Harun_DarAlFikr,low
ملس,ملس,الميم واللام والسين أصل صحيح يدل على تجرد في شيء، وألا يعلق به شيء، فهو أملس,,1,has_asl,maqayis_openiti,Harun_DarAlFikr,high
ملص,ملص,الميم واللام والصاد قريب من ملس، وهو يدل على إفلات الشيء بسرعة,,1,has_asl,maqayis_openiti,Harun_DarAlFikr,high
ملط,ملط,الميم واللام والطاء أصيل يدل على تسوية شيء وتسطيحه,,1,has_asl,maqayis_openiti,Harun_DarAlFikr,high
ملع,ملع,الميم واللام والعين أصل يدل على سرعة وخفة,,1,has_asl,maqayis_openiti,Harun_DarAlFikr,high
ملغ,ملغ,الميم واللام والغين كلمة,,1,parse_uncertain,maqayis_openiti,Harun_DarAlFikr,low
ملق,ملق,الميم واللام والقاف أصل صحيح يدل على [تجرد] في الشيء ولين,,1,has_asl,maqayis_openiti,Harun_DarAlFikr,high
ملك,ملك,الميم واللام والكاف أصل صحيح يدل على قوة في الشيء وصحة,,1,has_asl,maqayis_openiti,Harun_DarAlFikr,high
مله,مله,الميم واللام والهاء,,1,parse_uncertain,maqayis_openiti,Harun_DarAlFikr,low
ملو,ملو,الميم واللام والحرف المعتل أصل صحيح يدل على امتداد في شيء زمان أو غيره,,1,has_asl,maqayis_openiti,Harun_DarAlFikr,high
ملي,ملي,الميم واللام والحرف المعتل,,1,parse_uncertain,maqayis_openiti,Harun_DarAlFikr,low
من,من,يدل على قطع وانقطاع ||| على اصطناع خير,الميم والنون أصلان,2,has_asl,maqayis_openiti,Harun_DarAlFikr,high
منح,منح,الميم والنون والحاء أصل صحيح يدل على عطية,,1,has_asl,maqayis_openiti,Harun_DarAlFikr,high
منع,منع,الميم والنون والعين أصل واحد هو خلاف الإعطاء,,1,has_asl,maqayis_openiti,Harun_DarAlFikr,high
مني,مني,الميم والنون والحرف المعتل أصل واحد صحيح، يدل على تقدير شيء ونفاذ القضاء به,,1,has_asl,maqayis_openiti,Harun_DarAlFikr,high
مه,مه,الميم والهاء كل,,1,parse_uncertain,maqayis_openiti,Harun_DarAlFikr,low
مهج,مهج,الميم والهاء والجيم كلمة تدل على شيء سائل,,1,has_asl,maqayis_openiti,Harun_DarAlFikr,high
مهد,مهد,الميم والهاء والدال كلمة تدل على توطئة وتسهيل للشيء,,1,has_asl,maqayis_openiti,Harun_DarAlFikr,high
مهر,مهر,على أجر في شيء خاص ||| شيء من الحيوان,الميم والهاء والراء أصلان يدل,2,has_asl,maqayis_openiti,Harun_DarAlFikr,high
مهش,مهش,الميم والهاء والشين ما أحسبه أصلا ولا فرعا، لكنهم يقولون: ناقة مهشاء، أسرع هزالها,,1,has_asl,maqayis_openiti,Harun_DarAlFikr,high
مهق,مهق,الميم والهاء والقاف أصيل يدل على لون من الألوان,,1,has_asl,maqayis_openiti,Harun_DarAlFikr,high
مهك,مهك,الميم والهاء والكاف ليس فيه إلا الممهك، وهو الطويل المضطرب,,1,parse_uncertain,maqayis_openiti,Harun_DarAlFikr,low
مهل,مهل,على تؤدة ||| جنس من الذائبات,الميم والهاء واللام أصلان صحيحان، يدل,2,has_asl,maqayis_openiti,Harun_DarAlFikr,high
مهن,مهن,الميم والهاء والنون أصل صحيح يدل على احتقار وحقارة في الشيء,,1,has_asl,maqayis_openiti,Harun_DarAlFikr,high
مهي,مهي,الميم والهاء والحرف المعتل أصل صحيح يدل على إمهال وإرخاء وسهولة في الشيء,,1,has_asl,maqayis_openiti,Harun_DarAlFikr,high
موت,موت,الميم والواو والتاء أصل صحيح يدل على ذهاب القوة من الشيء,,1,has_asl,maqayis_openiti,Harun_DarAlFikr,high
موث,موث,الميم والواو والثاء كلمة: يقولون: مثت الشيء في الماء: مرسته بيدي: أموثه موثا، ومثته أميثه ميثا كذلك,,1,parse_uncertain,maqayis_openiti,Harun_DarAlFikr,low
موج,موج,الميم والواو والجيم أصل واحد يدل على اضطراب في الشيء، وماج الناس يموجون، إذا اضطربوا,,1,has_asl,maqayis_openiti,Harun_DarAlFikr,high
مور,مور,الميم والواو والراء أصل صحيح يدل على تردد,,1,has_asl,maqayis_openiti,Harun_DarAlFikr,high
موس,موس,الميم والواو والسين: يقولون: الموس: حلق الرأس,,1,parse_uncertain,maqayis_openiti,Harun_DarAlFikr,low
موص,موص,الميم والواو والصاد كلمة واحدة، هو الموص: غسل الثوب، يقال مصته أموصه ; والمواصة: الغسالة، قال امرؤ القيس: بأسود ملتف الغدائر وارد,,1,parse_uncertain,maqayis_openiti,Harun_DarAlFikr,low
موع,موع,الميم والواو والعين: ماع الصفر والفضة في النار يموع ويميع: ذاب,,1,parse_uncertain,maqayis_openiti,Harun_DarAlFikr,low
موق,موق,الميم والواو والقاف كلمتان لا يرجعان إلى أصل واحد، والموق: حمق في غباوة، ويقولون: ماق البيع يموق: رخص,,1,has_asl,maqayis_openiti,Harun_DarAlFikr,high
مول,مول,الميم والواو واللام كلمة واحدة، هي تمول الرجل: اتخذ مالا، ومال يمال: كثر ماله ; ويقولون في قول القائل: ملأى من الماء كعين الموله إن المولة: العنكبوت، وفيه نظر,,1,parse_uncertain,maqayis_openiti,Harun_DarAlFikr,low
موم,موم,الميم والواو والميم كلمتان متباينتان جدا: الموم: البرسام، وميم الرجل فهو مموم، والموماة: المفازة الواسعة الملساء، جمعها موام,,1,parse_uncertain,maqayis_openiti,Harun_DarAlFikr,low
مون,مون,الميم والواو والنون كلمة واحدة وهي المون: أن تمون عيالك، أي تقوم بكفايتهم وتتحمل مؤونتهم ; و [أما] المؤونة فمن المون، والأصل فيها موونة بغير همزة,,1,has_asl,maqayis_openiti,Harun_DarAlFikr,high
موه,موه,الميم والواو والهاء أصل صحيح واحد، ومنه يتفرع كلمه، وهي الموه: أصل بناء الماء، وتصغيره مويه ; قالوا: وهذا دليل على أن الهمزة في الماء بدل من هاء,,1,has_asl,maqayis_openiti,Harun_DarAlFikr,high
ميث,ميث,الميم والياء والثاء كلمة تدل على سهولة في شيء: يقال مثت الشيء في الماء ميثا، إذا دفته، والميثاء: الأرض السهلة,,1,has_asl,maqayis_openiti,Harun_DarAlFikr,high
ميح,ميح,الميم والياء والحاء أصل صحيح يدل على إعطاء، وأصله في الاستسقاء ; وماح يميح: انحدر في الركي فملأ الدلو، قال: يا أيها المائح دلوي دونكا ومحته ميحا: أعطيته,,1,has_asl,maqayis_openiti,Harun_DarAlFikr,high
ميد,ميد,يدل على حركة في شيء ||| على نفع وعطاء,الميم والياء والدال أصلان صحيحان,2,has_asl,maqayis_openiti,Harun_DarAlFikr,high
مير,مير,الميم والياء والراء أصل صحيح، هو المير، ومرت ميرا,,1,has_asl,maqayis_openiti,Harun_DarAlFikr,high
ميز,ميز,الميم والياء والزاء أصل صحيح يدل على تزبل شيء من شيء وتزييله,,1,has_asl,maqayis_openiti,Harun_DarAlFikr,high
ميس,ميس,الميم والياء والسين كلمة تدل على ميلان,,1,has_asl,maqayis_openiti,Harun_DarAlFikr,high
ميش,ميش,الميم والياء والشين أصل يدل على خلط شيء بشيء ونفشه,,1,has_asl,maqayis_openiti,Harun_DarAlFikr,high
ميط,ميط,الميم والياء والطاء كلمة صحيحة تدل على دفع ومدافعة,,1,has_asl,maqayis_openiti,Harun_DarAlFikr,high
ميع,ميع,الميم والياء والعين كلمة صحيحة تدل على جريان شيء واضطراب شيء وحركته,,1,has_asl,maqayis_openiti,Harun_DarAlFikr,high
ميل,ميل,الميم والياء واللام كلمة صحيحة تدل على انحراف في الشيء إلى جانب منه,,1,has_asl,maqayis_openiti,Harun_DarAlFikr,high
مين,مين,الميم والياء والنون كلمة واحدة، هي المين: الكذب,,1,parse_uncertain,maqayis_openiti,Harun_DarAlFikr,low
نا,نأ,النون والهمزة أصل يدل على ضعف في الشيء,,1,has_asl,maqayis_openiti,Harun_DarAlFikr,high
نات,نأت,النون والهمزة والتاء كلمة تدل على حكاية صوت,,1,has_asl,maqayis_openiti,Harun_DarAlFikr,high
ناج,نأج,النون والهمزة والجيم أصل يدل على صوت,,1,has_asl,maqayis_openiti,Harun_DarAlFikr,high
ناد,نأد,النون والهمزة والدال كلمة واحدة,,1,parse_uncertain,maqayis_openiti,Harun_DarAlFikr,low
ناش,نأش,النون والهمزة والشين كلمة تدل على أخذ وبطش,,1,has_asl,maqayis_openiti,Harun_DarAlFikr,high
ناف,نأف,النون والهمزة والفاء,,1,parse_uncertain,maqayis_openiti,Harun_DarAlFikr,low
نال,نأل,النون والهمزة واللام، ليس فيه إلا النألان: المشي السريع,,1,parse_uncertain,maqayis_openiti,Harun_DarAlFikr,low
نام,نأم,النون والهمزة والميم أصيل يدل على صوت,,1,has_asl,maqayis_openiti,Harun_DarAlFikr,high
ناي,نأي,النون والهمزة والياء كلمتان: النؤي والنأي,,1,parse_uncertain,maqayis_openiti,Harun_DarAlFikr,low
نب,نب,النون والباء كلمتان,,1,parse_uncertain,maqayis_openiti,Harun_DarAlFikr,low
نبا,نبأ,النون والباء والهمزة قياسه الإتيان من مكان إلى مكان,,1,parse_uncertain,maqayis_openiti,Harun_DarAlFikr,low
نبت,نبت,النون والباء والتاء أصل واحد يدل على نماء في مزروع، ثم يستعار,,1,has_asl,maqayis_openiti,Harun_DarAlFikr,high
نبث,نبث,النون والباء والثاء أصل يدل على إبراز شيء,,1,has_asl,maqayis_openiti,Harun_DarAlFikr,high
نبج,نبج,النون والباء والجيم,,1,parse_uncertain,maqayis_openiti,Harun_DarAlFikr,low
نبح,نبح,النون والباء والحاء كلمة واحدة، وهي نباح الكلب ونبيحه,,1,parse_uncertain,maqayis_openiti,Harun_DarAlFikr,low
نبخ,نبخ,النون والباء والخاء أصل يدل على عظم وتعظم,,1,has_asl,maqayis_openiti,Harun_DarAlFikr,high
نبذ,نبذ,النون والباء والذال أصل صحيح يدل على طرح وإلقاء,,1,has_asl,maqayis_openiti,Harun_DarAlFikr,high
نبر,نبر,النون والباء والراء أصل صحيح يدل على رفع وعلو,,1,has_asl,maqayis_openiti,Harun_DarAlFikr,high
نبس,نبس,النون والباء والسين كلمة واحدة,,1,parse_uncertain,maqayis_openiti,Harun_DarAlFikr,low
نبش,نبش,النون والباء والشين أصل وكلمة واحدة تدل على إبراز شيء مستور,,1,has_asl,maqayis_openiti,Harun_DarAlFikr,high
نبص,نبص,النون والباء والصاد,,1,parse_uncertain,maqayis_openiti,Harun_DarAlFikr,low
نبض,نبض,النون والباء والضاد أصيل يدل على حركة أو تحريك,,1,has_asl,maqayis_openiti,Harun_DarAlFikr,high
نبط,نبط,النون والباء والطاء كلمة تدل على استخراج شيء,,1,has_asl,maqayis_openiti,Harun_DarAlFikr,high
نبع,نبع,النون والباء والعين كلمتان: إحداهما نبوع الماء، والموضع الذي ينبع منه ينبوع,,1,parse_uncertain,maqayis_openiti,Harun_DarAlFikr,low
نبغ,نبغ,النون والباء والغين كلمة تدل على بروز وظهور,,1,has_asl,maqayis_openiti,Harun_DarAlFikr,high
نبق,نبق,النون والباء والقاف كلمة تدل على تسوية وتهذيب,,1,has_asl,maqayis_openiti,Harun_DarAlFikr,high
نبك,نبك,النون والباء والكاف كلمة تدل على ارتفاع وهبوط في الأرض,,1,has_asl,maqayis_openiti,Harun_DarAlFikr,high
نبل,نبل,النون والباء واللام أصل صحيح يدل على فضل وكبر، ثم يستعار منه الحذق في العمل، فيقال للفضل في الإنسان نبل,,1,has_asl,maqayis_openiti,Harun_DarAlFikr,high
نبه,نبه,النون والباء والهاء أصل صحيح يدل على ارتفاع وسمو,,1,has_asl,maqayis_openiti,Harun_DarAlFikr,high
نبو,نبو,النون والباء والحرف المعتل أصل صحيح يدل على ارتفاع في الشيء عن غيره أو تنح عنه,,1,has_asl,maqayis_openiti,Harun_DarAlFikr,high
نتا,نتأ,النون والتاء والهمزة أصل صحيح يدل على خروج شيء عن موضعه من غير بينونة,,1,has_asl,maqayis_openiti,Harun_DarAlFikr,high
نتب,نتب,النون والتاء والباء ليس بشيء، لأن الباء فيه زائدة,,1,parse_uncertain,maqayis_openiti,Harun_DarAlFikr,low
نتج,نتج,النون والتاء والجيم كلمة واحدة، هي النتاج,,1,parse_uncertain,maqayis_openiti,Harun_DarAlFikr,low
نتح,نتح,النون والتاء والحاء,,1,parse_uncertain,maqayis_openiti,Harun_DarAlFikr,low
نتخ,نتخ,النون والتاء والخاء كلمة تدل على استخراج الشيء من الشيء,,1,has_asl,maqayis_openiti,Harun_DarAlFikr,high
نتر,نتر,النون والتاء والراء كلمة تدل على جذب شيء,,1,has_asl,maqayis_openiti,Harun_DarAlFikr,high
نتغ,نتغ,النون والتاء والغين ليس بشيء غير حكاية,,1,parse_uncertain,maqayis_openiti,Harun_DarAlFikr,low
نتف,نتف,النون والتاء والفاء: أصل يدل على مرط شيء,,1,has_asl,maqayis_openiti,Harun_DarAlFikr,high
نتق,نتق,النون والتاء والقاف أصل يدل على جذب شيء وزعزعته وقلعه من أصله,,1,has_asl,maqayis_openiti,Harun_DarAlFikr,high
نتل,نتل,النون والتاء واللام أصل صحيح يدل على تقدم وسبق,,1,has_asl,maqayis_openiti,Harun_DarAlFikr,high
نث,نث,النون والثاء أصل صحيح يدل على نشر شيء وانتشاره,,1,has_asl,maqayis_openiti,Harun_DarAlFikr,high
نثا,نثا,النون والثاء والحرف المعتل كلمة,,1,parse_uncertain,maqayis_openiti,Harun_DarAlFikr,low
نثر,نثر,النون والثاء والراء أصل صحيح يدل على إلقاء شيء متفرق,,1,has_asl,maqayis_openiti,Harun_DarAlFikr,high
نثل,نثل,النون والثاء واللام أصل يدل على استخراج شيء من شيء أو خروجه منه,,1,has_asl,maqayis_openiti,Harun_DarAlFikr,high
نج,نج,النون والجيم أصل صحيح يدل على تحرك واضطراب، وشبه ذلك,,1,has_asl,maqayis_openiti,Harun_DarAlFikr,high
نجب,نجب,يدل على خلوص شيء وكرم ||| على ضعف,النون والجيم والباء أصلان,2,has_asl,maqayis_openiti,Harun_DarAlFikr,high
نجث,نجث,النون والجيم والثاء أصيل يدل على إبراز شيء وسوءة,,1,has_asl,maqayis_openiti,Harun_DarAlFikr,high
نجح,نجح,النون والجيم والحاء أصل يدل على ظفر وصدق وخير,,1,has_asl,maqayis_openiti,Harun_DarAlFikr,high
نجخ,نجخ,النون والجيم والخاء كلمة تدل على حكاية صوت,,1,has_asl,maqayis_openiti,Harun_DarAlFikr,high
نجد,نجد,النون والجيم والدال أصل واحد يدل على اعتلاء وقوة وإشراف,,1,has_asl,maqayis_openiti,Harun_DarAlFikr,high
نجذ,نجذ,النون والجيم والذال كلمة واحدة,,1,parse_uncertain,maqayis_openiti,Harun_DarAlFikr,low
نجر,نجر,تسوية الشيء وإصلاح قدره ||| جنس من الأدواء,النون والجيم والراء أصلان,2,has_asl,maqayis_openiti,Harun_DarAlFikr,high
نجز,نجز,النون والجيم والزاء أصل صحيح يدل على كمال شيء في عجلة من غير بطء,,1,has_asl,maqayis_openiti,Harun_DarAlFikr,high
نجس,نجس,النون والجيم والسين أصل صحيح يدل على خلاف الطهارة,,1,has_asl,maqayis_openiti,Harun_DarAlFikr,high
نجش,نجش,النون والجيم والشين أصل صحيح يدل على إثارة شيء,,1,has_asl,maqayis_openiti,Harun_DarAlFikr,high
نجع,نجع,النون والجيم والعين أصل صحيح يدل على منفعة طعام أو دواء في الجسم، ثم يتوسع فيه فيقاس عليه,,1,has_asl,maqayis_openiti,Harun_DarAlFikr,high
نجف,نجف,يدل على تبسط في شيء مكان أو غيره ||| يدل على استخراج شيء,النون والجيم والفاء أصلان صحيحان,2,has_asl,maqayis_openiti,Harun_DarAlFikr,high
نجل,نجل,يدل على رمي الشيء ||| على سعة في الشيء,النون والجيم واللام أصلان صحيحان,2,has_asl,maqayis_openiti,Harun_DarAlFikr,high
نجم,نجم,النون والجيم والميم أصل صحيح يدل على طلوع وظهور,,1,has_asl,maqayis_openiti,Harun_DarAlFikr,high
نجه,نجه,النون والجيم والهاء,,1,parse_uncertain,maqayis_openiti,Harun_DarAlFikr,low
نجو,نجو,على كشط وكشف ||| على ستر وإخفاء,النون والجيم والحرف المعتل أصلان، يدل,2,has_asl,maqayis_openiti,Harun_DarAlFikr,high
نح,نح,النون والحاء كلمة يحكى بها صوت,,1,parse_uncertain,maqayis_openiti,Harun_DarAlFikr,low
نحب,نحب,يدل على نذر وما أشبهه من خطر أو إخطار شيء ||| على صوت من الأصوات,النون والحاء والباء أصلان,2,has_asl,maqayis_openiti,Harun_DarAlFikr,high
نحت,نحت,النون والحاء والتاء كلمة تدل على نجر شيء وتسويته بحديدة,,1,has_asl,maqayis_openiti,Harun_DarAlFikr,high
نحر,نحر,النون والحاء والراء,,1,parse_uncertain,maqayis_openiti,Harun_DarAlFikr,low
نحز,نحز,على معنى النخس والدق ||| على امتداد في شيء,النون والحاء والزاء أصلان صحيحان، يدل,2,has_asl,maqayis_openiti,Harun_DarAlFikr,high
نحس,نحس,النون والحاء والسين أصل واحد يدل على خلاف السعد,,1,has_asl,maqayis_openiti,Harun_DarAlFikr,high
نحص,نحص,النون والحاء والصاد كلمة واحدة، هي النحوص: الأتان الحائل في شعر امرئ القيس,,1,parse_uncertain,maqayis_openiti,Harun_DarAlFikr,low
نحض,نحض,النون والحاء والضاد كلمة واحدة، وهي اللحم,,1,parse_uncertain,maqayis_openiti,Harun_DarAlFikr,low
نحط,نحط,النون والحاء والطاء كلمة تدل على حكاية صوت,,1,has_asl,maqayis_openiti,Harun_DarAlFikr,high
نحف,نحف,النون والحاء والفاء كلمة تدل على دقة وذبول,,1,has_asl,maqayis_openiti,Harun_DarAlFikr,high
نحل,نحل,النون والحاء واللام كلمات ثلاث: الأولى تدل على دقة وهزال، والأخرى على عطاء، والثالثة على ادعاء,,1,has_asl,maqayis_openiti,Harun_DarAlFikr,high
نحو,نحو,النون والحاء والواو كلمة تدل على قصد,,1,has_asl,maqayis_openiti,Harun_DarAlFikr,high
نحي,نحي,النون والحاء والياء كلمة واحدة، هي النحي: سقاء السمن,,1,parse_uncertain,maqayis_openiti,Harun_DarAlFikr,low
نخ,نخ,"النون والخاء أصل صحيح، غير أنه مختلف في تأويله، وهو النخة في حديث النبي صلى الله عليه وآله وسلم: "" ليس في الجبهة ولا في النخة صدقة """,,1,has_asl,maqayis_openiti,Harun_DarAlFikr,high
نخب,نخب,النون والخاء والباء كلمة تدل على تعظم يقال أحدهما على خيار شيء، والآخر على ثقب وهزم في شيء,,1,has_asl,maqayis_openiti,Harun_DarAlFikr,high
نخج,نخج,النون والخاء والجيم كلمة واحدة,,1,parse_uncertain,maqayis_openiti,Harun_DarAlFikr,low
نخر,نخر,النون والخاء والراء أصل صحيح يدل على صوت من الأصوات ثم يفرع منه,,1,has_asl,maqayis_openiti,Harun_DarAlFikr,high
نخس,نخس,النون والخاء والسين كلمة تدل على بزل شيء بشيء حاد,,1,has_asl,maqayis_openiti,Harun_DarAlFikr,high
نخش,نخش,النون والخاء والشين,,1,parse_uncertain,maqayis_openiti,Harun_DarAlFikr,low
نخط,نخط,النون والخاء والطاء يقولون: انتخط من أنفه رمى به، وكأنه من الإبدال والأصل الميم,,1,has_asl,maqayis_openiti,Harun_DarAlFikr,high
نخع,نخع,النون والخاء والعين أصل يدل على خالص الشيء ولبه,,1,has_asl,maqayis_openiti,Harun_DarAlFikr,high
نخف,نخف,النون والخاء والفاء كلمة,,1,parse_uncertain,maqayis_openiti,Harun_DarAlFikr,low
نخل,نخل,النون والخاء واللام: كلمة تدل على انتقاء الشيء واختياره,,1,has_asl,maqayis_openiti,Harun_DarAlFikr,high
نخم,نخم,النون والخاء والميم كلمة,,1,parse_uncertain,maqayis_openiti,Harun_DarAlFikr,low
ند,ند,النون والدال أصل صحيح يدل على شرود وفراق,,1,has_asl,maqayis_openiti,Harun_DarAlFikr,high
ندب,ندب,النون والدال والباء ثلاث كلمات: إحداها الأثر، والثانية الخطر، والثالثة تدل على خفة في شيء,,1,has_asl,maqayis_openiti,Harun_DarAlFikr,high
ندح,ندح,النون والدال والحاء كلمة تدل على سعة في الشيء,,1,has_asl,maqayis_openiti,Harun_DarAlFikr,high
ندر,ندر,النون والدال والراء أصل صحيح يدل على سقوط شيء أو إسقاطه,,1,has_asl,maqayis_openiti,Harun_DarAlFikr,high
ندس,ندس,النون والدال والسين أصل صحيح يدل على مثل النزك والطعن,,1,has_asl,maqayis_openiti,Harun_DarAlFikr,high
ندص,ندص,النون والدال والصاد كلمة إن صحت,,1,parse_uncertain,maqayis_openiti,Harun_DarAlFikr,low
ندغ,ندغ,النون والدال والغين كلمة إن صحت فإنها تدل على شبه الطعن والنخس,,1,has_asl,maqayis_openiti,Harun_DarAlFikr,high
ندف,ندف,النون والدال والفاء كلمة صحيحة، وهي شبه النفش للشيء بآلة,,1,parse_uncertain,maqayis_openiti,Harun_DarAlFikr,low
ندل,ندل,النون والدال واللام أصل صحيح يدل على نقل واضطراب,,1,has_asl,maqayis_openiti,Harun_DarAlFikr,high
ندم,ندم,النون والدال والميم كلمة تدل على تفكن لشيء قد كان,,1,has_asl,maqayis_openiti,Harun_DarAlFikr,high
نده,نده,النون والدال والهاء كلمة تدل على زجر ومنع,,1,has_asl,maqayis_openiti,Harun_DarAlFikr,high
ندي,ندي,النون والدال والحرف المعتل يدل على تجمع، وقد يدل على بلل في الشيء,,1,has_asl,maqayis_openiti,Harun_DarAlFikr,high
نذر,نذر,النون والذال والراء كلمة تدل على تخويف أو تخوف,,1,has_asl,maqayis_openiti,Harun_DarAlFikr,high
نذل,نذل,النون والذال واللام كلمة تدل على خساسة في الشيء,,1,has_asl,maqayis_openiti,Harun_DarAlFikr,high
نرب,نرب,النون والراء والباء لا يأتلفان، وقد يكون بينهما دخيل,,1,parse_uncertain,maqayis_openiti,Harun_DarAlFikr,low
نز,نز,النون والزاء أصل صحيح يدل على خفة وقلة,,1,has_asl,maqayis_openiti,Harun_DarAlFikr,high
نزب,نزب,النون والزاء والباء كلمة,,1,parse_uncertain,maqayis_openiti,Harun_DarAlFikr,low
نزح,نزح,النون والزاء والحاء كلمة تدل على بعد,,1,has_asl,maqayis_openiti,Harun_DarAlFikr,high
نزر,نزر,النون والزاء والراء أصيل يدل على قلة في الشيء,,1,has_asl,maqayis_openiti,Harun_DarAlFikr,high
نزع,نزع,النون والزاء والعين أصل صحيح يدل على قلع شيء,,1,has_asl,maqayis_openiti,Harun_DarAlFikr,high
نزغ,نزغ,النون والزاء والغين كلمة تدل على إفساد بين اثنين,,1,has_asl,maqayis_openiti,Harun_DarAlFikr,high
نزف,نزف,النون والزاء والفاء أصل يدل على نفاد شيء وانقطاع,,1,has_asl,maqayis_openiti,Harun_DarAlFikr,high
نزق,نزق,النون والزاء والقاف كلمة تدل على عجلة,,1,has_asl,maqayis_openiti,Harun_DarAlFikr,high
نزك,نزك,النون والزاء والكاف أصيل يدل على طعن أو شبيه به,,1,has_asl,maqayis_openiti,Harun_DarAlFikr,high
نزل,نزل,النون والزاء واللام كلمة صحيحة تدل على هبوط شيء ووقوعه,,1,has_asl,maqayis_openiti,Harun_DarAlFikr,high
نزه,نزه,النون والزاء والهاء كلمة تدل على بعد في مكان وغيره,,1,has_asl,maqayis_openiti,Harun_DarAlFikr,high
نزو,نزو,النون والزاء والحرف المعتل أصل صحيح يرجع إلى معنى واحد، هو الوثبان والارتفاع والسمو,,1,has_asl,maqayis_openiti,Harun_DarAlFikr,high
نس,نس,النون والسين أصل صحيح له معنيان: أحدهما نوع من السوق، والآخر قلة في الشيء ويختص به الماء,,1,has_asl,maqayis_openiti,Harun_DarAlFikr,high
نسب,نسب,النون والسين والباء كلمة واحدة قياسها اتصال شيء بشيء,,1,parse_uncertain,maqayis_openiti,Harun_DarAlFikr,low
نسج,نسج,النون والسين والجيم أصل واحد يدل على وصل شيء بشيء في أدنى عرض,,1,has_asl,maqayis_openiti,Harun_DarAlFikr,high
نسخ,نسخ,النون والسين والخاء أصل واحد، إلا أنه مختلف في قياسه,,1,has_asl,maqayis_openiti,Harun_DarAlFikr,high
نسر,نسر,النون والسين والراء أصل صحيح يدل على اختلاس واستلاب,,1,has_asl,maqayis_openiti,Harun_DarAlFikr,high
نسع,نسع,النون والسين والعين كلمة تدل على جدل الشيء,,1,has_asl,maqayis_openiti,Harun_DarAlFikr,high
نسغ,نسغ,النون والسين والغين أصل يدل على غرز شيء بشيء,,1,has_asl,maqayis_openiti,Harun_DarAlFikr,high
نسف,نسف,النون والسين والفاء أصل صحيح يدل على كشف شيء,,1,has_asl,maqayis_openiti,Harun_DarAlFikr,high
نسق,نسق,النون والسين والقاف أصل صحيح يدل على تتابع في الشيء,,1,has_asl,maqayis_openiti,Harun_DarAlFikr,high
نسك,نسك,النون والسين والكاف أصل صحيح يدل على عبادة وتقرب إلى الله تعالى,,1,has_asl,maqayis_openiti,Harun_DarAlFikr,high
نسل,نسل,النون والسين واللام أصل صحيح يدل على سل شيء وانسلاله,,1,has_asl,maqayis_openiti,Harun_DarAlFikr,high
نسم,نسم,النون والسين والميم أصل صحيح يدل على خروج نفس، أو ريح غير شديدة الهبوب,,1,has_asl,maqayis_openiti,Harun_DarAlFikr,high
نسي,نسي,على إغفال الشيء ||| على ترك شيء,النون والسين والياء أصلان صحيحان: يدل,2,has_asl,maqayis_openiti,Harun_DarAlFikr,high
نش,نش,النون والشين ليس بشيء، وإنما يحكى به صوت,,1,parse_uncertain,maqayis_openiti,Harun_DarAlFikr,low
نشا,نشأ,النون والشين والهمزة أصل صحيح يدل على ارتفاع في شيء وسمو,,1,has_asl,maqayis_openiti,Harun_DarAlFikr,high
نشج,نشج,النون والشين والجيم كلمة تدل على حكاية صوت,,1,has_asl,maqayis_openiti,Harun_DarAlFikr,high
نشح,نشح,النون والشين والحاء: أصل صحيح، إلا أنه مختلف في تفسيره على التضاد، فقال قوم: نشح الشارب، إذا شرب حتى امتلأ,,1,has_asl,maqayis_openiti,Harun_DarAlFikr,high
نشد,نشد,النون والشين والدال أصل صحيح يدل على ذكر شيء وتنويه,,1,has_asl,maqayis_openiti,Harun_DarAlFikr,high
نشر,نشر,النون والشين والراء أصل صحيح يدل على فتح شيء وتشعبه,,1,has_asl,maqayis_openiti,Harun_DarAlFikr,high
نشز,نشز,النون والشين والزاء أصل صحيح يدل على ارتفاع وعلو,,1,has_asl,maqayis_openiti,Harun_DarAlFikr,high
نشس,نشس,النون والشين والسين كلمة من الإبدال، يقال نشست، مثل نشزت,,1,parse_uncertain,maqayis_openiti,Harun_DarAlFikr,low
نشص,نشص,النون والشين والصاد: أصل يدل على ارتفاع في شيء وسمو,,1,has_asl,maqayis_openiti,Harun_DarAlFikr,high
نشط,نشط,النون والشين والطاء: أصل صحيح يدل على اهتزاز وحركة,,1,has_asl,maqayis_openiti,Harun_DarAlFikr,high
نشع,نشع,النون والشين والعين كلمة واحدة,,1,parse_uncertain,maqayis_openiti,Harun_DarAlFikr,low
نشغ,نشغ,النون والشين والغين ثلاث كلمات متباينة، ليس قياسها واحدا,,1,parse_uncertain,maqayis_openiti,Harun_DarAlFikr,low
نشف,نشف,النون والشين والفاء: أصل صحيح يدل على ولوج ندى في شيء يأخذه,,1,has_asl,maqayis_openiti,Harun_DarAlFikr,high
نشق,نشق,النون والشين والقاف أصل صحيح يدل على نشوب شيء,,1,has_asl,maqayis_openiti,Harun_DarAlFikr,high
نشل,نشل,النون والشين واللام كلمة تدل على رفع بضعة من قدر,,1,has_asl,maqayis_openiti,Harun_DarAlFikr,high
نشم,نشم,النون والشين والميم يدل على نشوب شيء,,1,has_asl,maqayis_openiti,Harun_DarAlFikr,high
نص,نص,النون والصاد أصل صحيح يدل على رفع وارتفاع وانتهاء في الشيء,,1,has_asl,maqayis_openiti,Harun_DarAlFikr,high
نصا,نصا,النون والصاد والحرف المعتل - وهذا المعتل أكثره واو - أصل صحيح يدل على تخير وخطر في الشيء وعلو,,1,has_asl,maqayis_openiti,Harun_DarAlFikr,high
نصب,نصب,النون والصاد والباء أصل صحيح يدل على إقامة شيء وإهداف في استواء,,1,has_asl,maqayis_openiti,Harun_DarAlFikr,high
نصت,نصت,النون والصاد والتاء كلمة واحدة تدل على السكوت,,1,has_asl,maqayis_openiti,Harun_DarAlFikr,high
نصح,نصح,النون والصاد والحاء أصل يدل على ملاءمة بين شيئين وإصلاح لهما,,1,has_asl,maqayis_openiti,Harun_DarAlFikr,high
نصر,نصر,النون والصاد والراء أصل صحيح يدل على إتيان خير وإيتائه,,1,has_asl,maqayis_openiti,Harun_DarAlFikr,high
نصع,نصع,النون والصاد والعين أصل يدل على خلوص ولين في الشيء,,1,has_asl,maqayis_openiti,Harun_DarAlFikr,high
نصف,نصف,النون والصاد والفاء أصلان صحيحان: أحدهما يدل على شطر الشيء، والأخرى على جنس من الخدمة والاستعمال,,2,has_asl,maqayis_openiti,Harun_DarAlFikr,high
نصل,نصل,النون والصاد واللام أصل صحيح يدل على بروز الشيء من كن وستر أو مركب,,1,has_asl,maqayis_openiti,Harun_DarAlFikr,high
نض,نض,يدل على تيسير الشيء وظهوره ||| على جنس من الحركة,النون والضاد أصلان صحيحان,2,has_asl,maqayis_openiti,Harun_DarAlFikr,high
نضا,نضا,النون والضاد والحرف المعتل وأكثره الواو: أصل صحيح يدل على سري الشيء وتدقيقه وتجريده,,1,has_asl,maqayis_openiti,Harun_DarAlFikr,high
نضب,نضب,النون والضاد والباء كلمة تدل على انكشاف شيء وذهابه,,1,has_asl,maqayis_openiti,Harun_DarAlFikr,high
نضج,نضج,النون والضاد والجيم أصل يدل على بلوغ النهاية في طبخ الشيء، ثم يستعار في كل شيء بلغ مدى الإحكام,,1,has_asl,maqayis_openiti,Harun_DarAlFikr,high
نضح,نضح,النون والضاد والحاء أصل يدل على شيء يندى، وماء يرش,,1,has_asl,maqayis_openiti,Harun_DarAlFikr,high
نضخ,نضخ,النون والضاد والخاء قريب من الذي قبله، إلا أنه أكثر منه,,1,parse_uncertain,maqayis_openiti,Harun_DarAlFikr,low
نضد,نضد,النون والضاد والدال أصل صحيح يدل على ضم شيء إلى شيء في اتساق وجمع، منتصبا أو عريضا,,1,has_asl,maqayis_openiti,Harun_DarAlFikr,high
نضر,نضر,النون والضاد والراء أصل صحيح يدل على حسن وجمال وخلوص,,1,has_asl,maqayis_openiti,Harun_DarAlFikr,high
نضل,نضل,النون والضاد واللام: أصيل يدل على رمي ومراماة,,1,has_asl,maqayis_openiti,Harun_DarAlFikr,high
نط,نط,النون والطاء,,1,parse_uncertain,maqayis_openiti,Harun_DarAlFikr,low
نطح,نطح,النون والطاء والحاء أصل واحد,,1,has_asl,maqayis_openiti,Harun_DarAlFikr,high
نطس,نطس,النون والطاء والسين كلمتان متباينتان لا يرجعان إلى قياس واحد,,1,parse_uncertain,maqayis_openiti,Harun_DarAlFikr,low
نطش,نطش,النون والطاء والشين أصل يدل على حركة وقوة,,1,has_asl,maqayis_openiti,Harun_DarAlFikr,high
نطع,نطع,النون والطاء والعين أصل يدل على بسط في شيء وملاسة,,1,has_asl,maqayis_openiti,Harun_DarAlFikr,high
نطف,نطف,جنس من الحلي ||| ندوة وبلل، ثم يستعار ويتوسع فيه,النون والطاء والفاء أصلان,2,has_asl,maqayis_openiti,Harun_DarAlFikr,high
نطق,نطق,كلام أو ما أشبهه ||| جنس من اللباس,النون والطاء والقاف أصلان صحيحان,2,has_asl,maqayis_openiti,Harun_DarAlFikr,high
نطل,نطل,النون والطاء واللام كلمة واحدة,,1,parse_uncertain,maqayis_openiti,Harun_DarAlFikr,low
نطي,نطي,النون والطاء والحرف المعتل كلمة تدل على تباعد في الشيء وتطاول,,1,has_asl,maqayis_openiti,Harun_DarAlFikr,high
نظر,نظر,النون والظاء والراء أصل صحيح يرجع فروعه إلى معنى واحد وهو تأمل الشيء ومعاينته، ثم يستعار ويتسع فيه,,1,has_asl,maqayis_openiti,Harun_DarAlFikr,high
نظف,نظف,النون والظاء والفاء كلمة واحدة، وهي قولهم: شيء نظيف: نقي، بين النظافة,,1,parse_uncertain,maqayis_openiti,Harun_DarAlFikr,low
نظم,نظم,النون والظاء والميم: أصل يدل على تأليف شيء وتأليفه، ونظمت الخرز نظما، ونظمت الشعر وغيره,,1,has_asl,maqayis_openiti,Harun_DarAlFikr,high
نع,نع,النون والعين أصل صحيح يدل على ميل واضطراب,,1,has_asl,maqayis_openiti,Harun_DarAlFikr,high
نعب,نعب,يدل على صوت ||| على حركة من الحركات,النون والعين والباء: أصلان صحيحان,2,has_asl,maqayis_openiti,Harun_DarAlFikr,high
نعت,نعت,النون والعين والتاء: كلمة واحدة، وهي النعت، وهو وصفك الشيء بما فيه من حسن,,1,parse_uncertain,maqayis_openiti,Harun_DarAlFikr,low
نعج,نعج,النون والعين والجيم: أصل صحيح يدل على لون من الألوان,,1,has_asl,maqayis_openiti,Harun_DarAlFikr,high
نعر,نعر,صوت من الأصوات ||| حركة من الحركات,النون والعين والراء: أصلان متقاربان,2,has_asl,maqayis_openiti,Harun_DarAlFikr,high
نعس,نعس,النون والعين والسين أصيل يدل على وسن,,1,has_asl,maqayis_openiti,Harun_DarAlFikr,high
نعش,نعش,النون والعين والشين أصل صحيح يدل على رفع وارتفاع,,1,has_asl,maqayis_openiti,Harun_DarAlFikr,high
نعض,نعض,النون والعين والضاد,,1,parse_uncertain,maqayis_openiti,Harun_DarAlFikr,low
نعط,نعط,النون والعين والطاء,,1,parse_uncertain,maqayis_openiti,Harun_DarAlFikr,low
نعظ,نعظ,النون والعين والظاء,,1,parse_uncertain,maqayis_openiti,Harun_DarAlFikr,low
نعف,نعف,النون والعين والفاء كلمة تدل على ارتفاع في شيء,,1,has_asl,maqayis_openiti,Harun_DarAlFikr,high
نعق,نعق,النون والعين والقاف كلمة تدل على صوت,,1,has_asl,maqayis_openiti,Harun_DarAlFikr,high
نعل,نعل,النون والعين واللام أصيل يدل على اطمئنان في الشيء وتسفل,,1,has_asl,maqayis_openiti,Harun_DarAlFikr,high
نعم,نعم,النون والعين والميم فروعه كثيرة، وعندنا أنها على كثرتها راجعة إلى أصل واحد يدل على ترفه وطيب عيش وصلاح,,1,has_asl,maqayis_openiti,Harun_DarAlFikr,high
نعى,نعى,النون والعين والحرف المعتل: أصل صحيح يدل على إشاعة شيء,,1,has_asl,maqayis_openiti,Harun_DarAlFikr,high
نغ,نغ,النون والغين كلمة تدل على بعض الأعضاء,,1,has_asl,maqayis_openiti,Harun_DarAlFikr,high
نغب,نغب,النون والغين والباء كلمة واحدة، هي النغبة: الجرعة,,1,parse_uncertain,maqayis_openiti,Harun_DarAlFikr,low
نغر,نغر,النون والغين والراء أصل يدل على غليان واغتياظ,,1,has_asl,maqayis_openiti,Harun_DarAlFikr,high
نغش,نغش,النون والغين والشين كلمة تدل على اضطراب وحركة,,1,has_asl,maqayis_openiti,Harun_DarAlFikr,high
نغص,نغص,النون والغين والصاد كلمة تدل على القطع عن المراد,,1,has_asl,maqayis_openiti,Harun_DarAlFikr,high
نغض,نغض,النون والغين والضاد أصل صحيح يدل على هز وتحريك,,1,has_asl,maqayis_openiti,Harun_DarAlFikr,high
نغق,نغق,النون والغين والقاف,,1,parse_uncertain,maqayis_openiti,Harun_DarAlFikr,low
نغل,نغل,النون والغين واللام كلمة تدل على فساد وإفساد,,1,has_asl,maqayis_openiti,Harun_DarAlFikr,high
نغم,نغم,النون والغين والميم ليس إلا النغمة: جرس الكلام وحسن الصوت بالقراءة وغيرها,,1,parse_uncertain,maqayis_openiti,Harun_DarAlFikr,low
نغى,نغى,النون والغين والحرف المعتل كلمة تدل على كلام طيب,,1,has_asl,maqayis_openiti,Harun_DarAlFikr,high
نف,نف,النون والفاء كلمة واحدة، هي النفنف: الهواء,,1,parse_uncertain,maqayis_openiti,Harun_DarAlFikr,low
نفت,نفت,النون والفاء والتاء,,1,parse_uncertain,maqayis_openiti,Harun_DarAlFikr,low
نفث,نفث,النون والفاء والثاء أصل صحيح يدل على خروج شيء من فم أو غيره بأدنى جرس,,1,has_asl,maqayis_openiti,Harun_DarAlFikr,high
نفج,نفج,النون والفاء والجيم: أصل يدل على ثؤور شيء وارتفاعه,,1,has_asl,maqayis_openiti,Harun_DarAlFikr,high
نفح,نفح,النون والفاء والحاء: أصل يدل على اندفاع الشيء أو رفعه,,1,has_asl,maqayis_openiti,Harun_DarAlFikr,high
نفخ,نفخ,النون والفاء والخاء: أصل صحيح يدل على انتفاخ وعلو,,1,has_asl,maqayis_openiti,Harun_DarAlFikr,high
نفد,نفد,النون والفاء والدال: أصل صحيح يدل على انقطاع شيء وفنائه,,1,has_asl,maqayis_openiti,Harun_DarAlFikr,high
نفذ,نفذ,النون والفاء والذال: أصل صحيح يدل على مضاء في أمر وغيره,,1,has_asl,maqayis_openiti,Harun_DarAlFikr,high
نفر,نفر,النون والفاء والراء: أصل صحيح يدل على تجاف وتباعد,,1,has_asl,maqayis_openiti,Harun_DarAlFikr,high
نفز,نفز,النون والفاء والزاء أصيل يدل على الوثوب وشبه الوثوب,,1,has_asl,maqayis_openiti,Harun_DarAlFikr,high
نفس,نفس,النون والفاء والسين أصل واحد يدل على خروج النسيم كيف كان، من ريح أو غيرها، وإليه يرجع فروعه,,1,has_asl,maqayis_openiti,Harun_DarAlFikr,high
نفش,نفش,النون والفاء والشين أصل صحيح يدل على انتشار,,1,has_asl,maqayis_openiti,Harun_DarAlFikr,high
نفص,نفص,النون والفاء والصاد كلمات يتقارب قياسها، وهي تدل على إخراج شيء من البدن أو إلقائه بقوة,,1,has_asl,maqayis_openiti,Harun_DarAlFikr,high
نفض,نفض,النون والفاء والضاد أصل صحيح يدل على تحريك شيء لتنظيفه من غبار أو نحوه، ثم يستعار,,1,has_asl,maqayis_openiti,Harun_DarAlFikr,high
نفط,نفط,النون والفاء والطاء: ثلاث كلمات: النفط معروف، مكسور النون,,1,parse_uncertain,maqayis_openiti,Harun_DarAlFikr,low
نفع,نفع,النون والفاء والعين: كلمة تدل على خلاف الضر,,1,has_asl,maqayis_openiti,Harun_DarAlFikr,high
نفق,نفق,على انقطاع شيء وذهابه ||| على إخفاء شيء وإغماضه,النون والفاء والقاف أصلان صحيحان، يدل,2,has_asl,maqayis_openiti,Harun_DarAlFikr,high
نفل,نفل,النون والفاء واللام أصل صحيح يدل على عطاء وإعطاء,,1,has_asl,maqayis_openiti,Harun_DarAlFikr,high
نفه,نفه,النون والفاء والهاء أصل واحد يدل على إعياء وضعف,,1,has_asl,maqayis_openiti,Harun_DarAlFikr,high
نفى,نفى,النون والفاء والحرف المعتل أصيل يدل على تعرية شيء من شيء وإبعاده منه,,1,has_asl,maqayis_openiti,Harun_DarAlFikr,high
نق,نق,النون والقاف أصيل يدل على صوت من الأصوات,,1,has_asl,maqayis_openiti,Harun_DarAlFikr,high
نقب,نقب,النون والقاف والباء أصل صحيح يدل على فتح في شيء,,1,has_asl,maqayis_openiti,Harun_DarAlFikr,high
نقث,نقث,النون والقاف والثاء كلمة صحيحة تدل على خلط شيء بشيء ونقله,,1,has_asl,maqayis_openiti,Harun_DarAlFikr,high
نقح,نقح,النون والقاف والحاء أصل صحيح يدل على تنحيتك شيئا عن شيء,,1,has_asl,maqayis_openiti,Harun_DarAlFikr,high
نقخ,نقخ,النون والقاف والخاء كلمة تدل على قرع شيء,,1,has_asl,maqayis_openiti,Harun_DarAlFikr,high
نقد,نقد,النون والقاف والدال أصل صحيح يدل على إبراز شيء وبروزه,,1,has_asl,maqayis_openiti,Harun_DarAlFikr,high
نقذ,نقذ,النون والقاف والذال أصل صحيح يدل على استخلاص شيء,,1,has_asl,maqayis_openiti,Harun_DarAlFikr,high
نقر,نقر,النون والقاف والراء أصل صحيح يدل على قرع شيء حتى تهزم فيه هزمة، ثم يتوسع فيه,,1,has_asl,maqayis_openiti,Harun_DarAlFikr,high
نقز,نقز,النون والقاف والزاء أصيل يدل على دقة وخفة وصغر,,1,has_asl,maqayis_openiti,Harun_DarAlFikr,high
نقس,نقس,النون والقاف والسين أصيل يدل على لطخ شيء بشيء غير حسن,,1,has_asl,maqayis_openiti,Harun_DarAlFikr,high
نقش,نقش,النون والقاف والشين أصل صحيح يدل على استخراج شيء واستيعابه حتى لا يترك منه شيء ; ثم يقاس ما يقاربه,,1,has_asl,maqayis_openiti,Harun_DarAlFikr,high
نقص,نقص,النون والقاف والصاد كلمة واحدة، هي النقص: خلاف الزيادة,,1,parse_uncertain,maqayis_openiti,Harun_DarAlFikr,low
نقض,نقض,النون والقاف والضاد أصل صحيح يدل على نكث شيء، وربما دل على معنى من المعاني على جنس من الصوت,,1,has_asl,maqayis_openiti,Harun_DarAlFikr,high
نقط,نقط,النون والقاف والطاء أصيل يدل على نكتة لطيفة في الشيء,,1,has_asl,maqayis_openiti,Harun_DarAlFikr,high
نقع,نقع,يدل على استقرار شيء كالمائع في قراره ||| على صوت من الأصوات,النون والقاف والعين أصلان صحيحان,2,has_asl,maqayis_openiti,Harun_DarAlFikr,high
نقل,نقل,النون والقاف واللام: أصل صحيح يدل على تحويل شيء من مكان إلى مكان، ثم يفرع ذلك,,1,has_asl,maqayis_openiti,Harun_DarAlFikr,high
نقم,نقم,النون والقاف والميم أصيل يدل على إنكار شيء وعيبه,,1,has_asl,maqayis_openiti,Harun_DarAlFikr,high
نقه,نقه,النون والقاف والهاء كلمة تدل على البرء من المرض، ثم يستعار,,1,has_asl,maqayis_openiti,Harun_DarAlFikr,high
نقي,نقي,النون والقاف والحرف المعتل أصل يدل على نظافة وخلوص,,1,has_asl,maqayis_openiti,Harun_DarAlFikr,high
نكب,نكب,النون والكاف والباء أصل صحيح يدل على ميل أو ميل في الشيء,,1,has_asl,maqayis_openiti,Harun_DarAlFikr,high
نكت,نكت,النون والكاف والتاء أصل واحد يدل على تأثير يسير في الشيء كالنكتة ونحوها ونكت في الأرض بقضيبه ينكت، إذا أثر فيها,,1,has_asl,maqayis_openiti,Harun_DarAlFikr,high
نكث,نكث,النون والكاف والثاء أصل صحيح يدل على نقض شيء,,1,has_asl,maqayis_openiti,Harun_DarAlFikr,high
نكح,نكح,النون والكاف والحاء أصل واحد، وهو البضاع,,1,has_asl,maqayis_openiti,Harun_DarAlFikr,high
نكد,نكد,النون والكاف والدال أصيل يدل على خروج الشيء إلى طالبه بشدة,,1,has_asl,maqayis_openiti,Harun_DarAlFikr,high
نكر,نكر,النون والكاف والراء أصل صحيح يدل على خلاف المعرفة التي يسكن إليها القلب,,1,has_asl,maqayis_openiti,Harun_DarAlFikr,high
نكز,نكز,النون والكاف والزاء أصيل يدل على غرز شيء ممدد في شيء,,1,has_asl,maqayis_openiti,Harun_DarAlFikr,high
نكس,نكس,النون والكاف والسين أصل يدل على قلب الشيء,,1,has_asl,maqayis_openiti,Harun_DarAlFikr,high
نكش,نكش,النون والكاف والشين كلمة تدل على الأتي على الشيء,,1,has_asl,maqayis_openiti,Harun_DarAlFikr,high
نكص,نكص,النون والكاف والصاد كلمة,,1,parse_uncertain,maqayis_openiti,Harun_DarAlFikr,low
نكظ,نكظ,النون والكاف والظاء كلمة واحدة,,1,parse_uncertain,maqayis_openiti,Harun_DarAlFikr,low
نكع,نكع,يدل على لون من الألوان ||| على حبس ورد,النون والكاف والعين أصلان,2,has_asl,maqayis_openiti,Harun_DarAlFikr,high
نكف,نكف,يدل على قطع شيء وتنحيته ||| على عضو من الأعضاء، ثم يقاس عليه,النون والكاف والفاء أصلان,2,has_asl,maqayis_openiti,Harun_DarAlFikr,high
نكل,نكل,النون والكاف واللام أصل صحيح يدل على منع وامتناع، وإليه يرجع فروعه,,1,has_asl,maqayis_openiti,Harun_DarAlFikr,high
نكه,نكه,النون والكاف والهاء كلمة واحدة، وهي نكهة الإنسان,,1,parse_uncertain,maqayis_openiti,Harun_DarAlFikr,low
نم,نم,النون والميم أصل صحيح له معنيان: أحدهما إظهار شيء وإبرازه، والآخر لون من الألوان,,1,has_asl,maqayis_openiti,Harun_DarAlFikr,high
نمر,نمر,لون من الألوان ||| يدل على نجوع شراب,النون والميم والراء أصلان,2,has_asl,maqayis_openiti,Harun_DarAlFikr,high
نمس,نمس,النون والميم والسين ثلاث كلمات: إحداها تدل على ستر شيء، والأخرى على لون من الألوان، والثالثة على فساد شيء من الأشياء,,1,has_asl,maqayis_openiti,Harun_DarAlFikr,high
نمش,نمش,النون والميم والشين أصل يدل على تخطيط في شيء,,1,has_asl,maqayis_openiti,Harun_DarAlFikr,high
نمص,نمص,النون والميم والصاد أصيل يدل على رقة الشعر أو نتف له,,1,has_asl,maqayis_openiti,Harun_DarAlFikr,high
نمط,نمط,النون والميم والطاء كلمة تدل على اجتماع,,1,has_asl,maqayis_openiti,Harun_DarAlFikr,high
نمغ,نمغ,النون والميم والغين كلمة تدل على أعلى شيء,,1,has_asl,maqayis_openiti,Harun_DarAlFikr,high
نمق,نمق,النون والميم والقاف أصيل يدل على تحسين شيء وتجويده,,1,has_asl,maqayis_openiti,Harun_DarAlFikr,high
نمل,نمل,النون والميم واللام كلماته تدل على تجمع في شيء وصغر وخفة,,1,has_asl,maqayis_openiti,Harun_DarAlFikr,high
نمى,نمى,النون والميم والحرف المعتل أصل واحد يدل على ارتفاع وزيادة,,1,has_asl,maqayis_openiti,Harun_DarAlFikr,high
نه,نه,النون والهاء كلمة واحدة,,1,parse_uncertain,maqayis_openiti,Harun_DarAlFikr,low
نها,نهأ,النون والهاء والهمزة,,1,parse_uncertain,maqayis_openiti,Harun_DarAlFikr,low
نهب,نهب,النون والهاء والباء أصل صحيح يدل على توزع شيء في اختلاس لا عن مساواة,,1,has_asl,maqayis_openiti,Harun_DarAlFikr,high
نهت,نهت,النون والهاء والتاء كلمة تدل على حكاية صوت,,1,has_asl,maqayis_openiti,Harun_DarAlFikr,high
نهج,نهج,النون والهاء والجيم أصلان متباينان: الأول النهج، الطريق,,2,has_asl,maqayis_openiti,Harun_DarAlFikr,high
نهد,نهد,النون والهاء والدال أصل صحيح يدل على إشراف شيء وارتفاعه,,1,has_asl,maqayis_openiti,Harun_DarAlFikr,high
نهر,نهر,النون والهاء والراء أصل صحيح يدل على تفتح شيء أو فتحه,,1,has_asl,maqayis_openiti,Harun_DarAlFikr,high
نهز,نهز,النون والهاء والزاء أصل صحيح يدل على حركة ونهوض وتحريك الشيء,,1,has_asl,maqayis_openiti,Harun_DarAlFikr,high
نهس,نهس,النون والهاء والسين كلمة تدل على عض على شيء,,1,has_asl,maqayis_openiti,Harun_DarAlFikr,high
نهش,نهش,النون والهاء والشين أصل صحيح، ومعناه معنى الذي قبله,,1,has_asl,maqayis_openiti,Harun_DarAlFikr,high
نهض,نهض,النون والهاء والضاد أصل يدل على حركة في علو,,1,has_asl,maqayis_openiti,Harun_DarAlFikr,high
نهط,نهط,النون والهاء والطاء,,1,parse_uncertain,maqayis_openiti,Harun_DarAlFikr,low
نهع,نهع,النون والهاء والعين ليس بشيء,,1,parse_uncertain,maqayis_openiti,Harun_DarAlFikr,low
نهق,نهق,النون والهاء والقاف أصل صحيح يدل على صوت من الأصوات,,1,has_asl,maqayis_openiti,Harun_DarAlFikr,high
نهك,نهك,النون والهاء والكاف أصل صحيح يدل على إبلاغ في عقوبة وأذى,,1,has_asl,maqayis_openiti,Harun_DarAlFikr,high
نهل,نهل,النون والهاء واللام أصل صحيح يدل على ضرب من الشرب,,1,has_asl,maqayis_openiti,Harun_DarAlFikr,high
نهم,نهم,صوت من الأصوات ||| ولوع بشيء,النون والهاء والميم أصلان صحيحان,2,has_asl,maqayis_openiti,Harun_DarAlFikr,high
نهي,نهي,النون والهاء والياء أصل صحيح يدل على غاية وبلوغ,,1,has_asl,maqayis_openiti,Harun_DarAlFikr,high
نوب,نوب,النون والواو والباء كلمة واحدة تدل على اعتياد مكان ورجوع إليه,,1,has_asl,maqayis_openiti,Harun_DarAlFikr,high
نوت,نوت,النون والواو والتاء ليس عندي أصلا,,1,has_asl,maqayis_openiti,Harun_DarAlFikr,high
نوح,نوح,النون والواو والحاء أصل يدل على مقابلة الشيء للشيء,,1,has_asl,maqayis_openiti,Harun_DarAlFikr,high
نوخ,نوخ,النون والواو والخاء كلمة واحدة، وهي أنخت الجمل,,1,parse_uncertain,maqayis_openiti,Harun_DarAlFikr,low
نور,نور,النون والواو والراء أصل صحيح يدل على إضاءة واضطراب وقلة ثبات,,1,has_asl,maqayis_openiti,Harun_DarAlFikr,high
نوس,نوس,النون والواو والسين أصل يدل على اضطراب وتذبذب,,1,has_asl,maqayis_openiti,Harun_DarAlFikr,high
نوش,نوش,النون والواو والشين أصل صحيح يدل على تناول الشيء,,1,has_asl,maqayis_openiti,Harun_DarAlFikr,high
نوص,نوص,النون والواو والصاد أصل صحيح يدل على تردد ومجيء وذهاب,,1,has_asl,maqayis_openiti,Harun_DarAlFikr,high
نوض,نوض,النون والواو والضاد فيه كلمات متباينة,,1,parse_uncertain,maqayis_openiti,Harun_DarAlFikr,low
نوط,نوط,النون والواو والطاء أصل صحيح يدل على تعليق شيء بشيء,,1,has_asl,maqayis_openiti,Harun_DarAlFikr,high
نوع,نوع,النون والواو والعين كلمتان، إحداهما تدل على طائفة من الشيء مماثلة له، والثانية ضرب من الحركة,,1,has_asl,maqayis_openiti,Harun_DarAlFikr,high
نوف,نوف,النون والواو والفاء أصل صحيح يدل على علو وارتفاع,,1,has_asl,maqayis_openiti,Harun_DarAlFikr,high
نوق,نوق,النون والواو والقاف أصل يدل على سمو وارتفاع,,1,has_asl,maqayis_openiti,Harun_DarAlFikr,high
نوك,نوك,ال,,1,parse_uncertain,maqayis_openiti,Harun_DarAlFikr,low
نول,نول,النون والواو واللام أصل صحيح يدل على إعطاء,,1,has_asl,maqayis_openiti,Harun_DarAlFikr,high
نوم,نوم,النون والواو والميم أصل صحيح يدل على جمود وسكون حركة,,1,has_asl,maqayis_openiti,Harun_DarAlFikr,high
نون,نون,النون والواو والنون كلمة واحدة,,1,parse_uncertain,maqayis_openiti,Harun_DarAlFikr,low
نوه,نوه,النون والواو والهاء كلمة تدل على سمو وارتفاع,,1,has_asl,maqayis_openiti,Harun_DarAlFikr,high
نوى,نوى,النون والواو والحرف المعتل أصل صحيح يدل على معنيين: أحدهما مقصد لشيء، والآخر عجم شيء,,1,has_asl,maqayis_openiti,Harun_DarAlFikr,high
نيا,نيأ,النون والياء والهمزة كلمة هي الني من اللحم: الذي لم ينضج وقد أنأته أنا,,1,parse_uncertain,maqayis_openiti,Harun_DarAlFikr,low
نيح,نيح,النون والياء والحاء كلمة صحيحة تدل على خير وخير حال,,1,has_asl,maqayis_openiti,Harun_DarAlFikr,high
نير,نير,النون والياء والراء كلمة تدل على وضوح شيء وبروزه,,1,has_asl,maqayis_openiti,Harun_DarAlFikr,high
نيط,نيط,النون والياء والطاء,,1,parse_uncertain,maqayis_openiti,Harun_DarAlFikr,low
نيف,نيف,النون والياء والفاء,,1,parse_uncertain,maqayis_openiti,Harun_DarAlFikr,low
نيم,نيم,النون والياء والميم ثلاث كلمات ليست قياسا واحدا,,1,parse_uncertain,maqayis_openiti,Harun_DarAlFikr,low
هام,هام,الهاء والألف والميم أصل صحيح يدل على علو في بعض الأعضاء، ثم يستعار,,1,has_asl,maqayis_openiti,Harun_DarAlFikr,high
هب,هب,الهاء والباء معظم بابه الانتباه والاهتزاز والحركة، وربما دل على رقة شيء,,1,parse_uncertain,maqayis_openiti,Harun_DarAlFikr,low
هبت,هبت,الهاء والباء والتاء كلمة تدل على ضرب متتابع,,1,has_asl,maqayis_openiti,Harun_DarAlFikr,high
هبث,هبث,الهاء والباء والثاء,,1,parse_uncertain,maqayis_openiti,Harun_DarAlFikr,low
هبج,هبج,الهاء والباء والجيم كلمة تدل على تورم وثقل,,1,has_asl,maqayis_openiti,Harun_DarAlFikr,high
هبخ,هبخ,الهاء والباء والخاء,,1,parse_uncertain,maqayis_openiti,Harun_DarAlFikr,low
هبد,هبد,الهاء والباء والدال الهبيد: حب الحنظل,,1,parse_uncertain,maqayis_openiti,Harun_DarAlFikr,low
هبذ,هبذ,الهاء والباء والذال كلمة واحدة، معناها السرعة,,1,parse_uncertain,maqayis_openiti,Harun_DarAlFikr,low
هبر,هبر,الهاء والباء والراء: كلمتان: إحداهما قطع في الشيء وتقطع، والأخرى صفة مكان,,1,parse_uncertain,maqayis_openiti,Harun_DarAlFikr,low
هبز,هبز,الهاء والباء والزاء,,1,parse_uncertain,maqayis_openiti,Harun_DarAlFikr,low
هبش,هبش,الهاء والباء والشين: كلمة واحدة,,1,parse_uncertain,maqayis_openiti,Harun_DarAlFikr,low
هبص,هبص,الهاء والباء والصاد: كلمة واحدة,,1,parse_uncertain,maqayis_openiti,Harun_DarAlFikr,low
هبط,هبط,الهاء والباء والطاء: كلمة تدل على انحدار,,1,has_asl,maqayis_openiti,Harun_DarAlFikr,high
هبع,هبع,الهاء والباء والعين: كلمة تدل على ضرب من المشي,,1,has_asl,maqayis_openiti,Harun_DarAlFikr,high
هبغ,هبغ,الهاء والباء والغين,,1,parse_uncertain,maqayis_openiti,Harun_DarAlFikr,low
هبل,هبل,الهاء والباء واللام: فيه ثلاث كلمات، تدل إحداها على ثكل، والأخرى على ثقل، والثالثة على اغترار وتغفل,,1,has_asl,maqayis_openiti,Harun_DarAlFikr,high
هبو,هبو,الهاء والباء والحرف المعتل: كلمة تدل على غبرة ورقة فيها,,1,has_asl,maqayis_openiti,Harun_DarAlFikr,high
هت,هت,الهاء والتاء يدل على حكاية صوت، ليست فيه لغة أصلية,,1,has_asl,maqayis_openiti,Harun_DarAlFikr,high
هتر,هتر,الهاء والتاء والراء: أصيل يدل على باطل وسيئ من القول، وأهتر الرجل: خرف من الكبر,,1,has_asl,maqayis_openiti,Harun_DarAlFikr,high
هتع,هتع,الهاء والتاء والعين,,1,parse_uncertain,maqayis_openiti,Harun_DarAlFikr,low
هتف,هتف,الهاء والتاء والفاء: كلمة واحدة، هي الهتف: الصوت,,1,parse_uncertain,maqayis_openiti,Harun_DarAlFikr,low
هتك,هتك,الهاء والتاء والكاف: أصل يدل على شق في شيء,,1,has_asl,maqayis_openiti,Harun_DarAlFikr,high
هتل,هتل,الهاء والتاء واللام كلمة واحدة,,1,parse_uncertain,maqayis_openiti,Harun_DarAlFikr,low
هتم,هتم,الهاء والتاء والميم: كلمة تدل على كسر شيء,,1,has_asl,maqayis_openiti,Harun_DarAlFikr,high
هتن,هتن,الهاء والتاء والنون كلمة واحدة,,1,parse_uncertain,maqayis_openiti,Harun_DarAlFikr,low
هتي,هتي,الهاء والتاء والحرف المعتل,,1,parse_uncertain,maqayis_openiti,Harun_DarAlFikr,low
هث,هث,الهاء والثاء قريب من الذي قبله، ومعظمه الاختلاط,,1,parse_uncertain,maqayis_openiti,Harun_DarAlFikr,low
هثم,هثم,الهاء والثاء والميم ليس في هذا الباب عندنا إلا الهيثم، يقال: هو فرخ العقاب,,1,parse_uncertain,maqayis_openiti,Harun_DarAlFikr,low
هج,هج,الهاء والجيم: أصل صحيح يدل على غموض في شيء واختلاط، ومنه ما يدل على حكاية صوت,,1,has_asl,maqayis_openiti,Harun_DarAlFikr,high
هجد,هجد,الهاء والجيم والدال أصيل يدل على ركود في مكان,,1,has_asl,maqayis_openiti,Harun_DarAlFikr,high
هجر,هجر,على قطيعة وقطع ||| على شد شيء وربطه,الهاء والجيم والراء أصلان يدل,2,has_asl,maqayis_openiti,Harun_DarAlFikr,high
هجس,هجس,الهاء والجيم والسين: كلمة واحدة,,1,parse_uncertain,maqayis_openiti,Harun_DarAlFikr,low
هجع,هجع,الهاء والجيم والعين: كلمة تدل على نوم,,1,has_asl,maqayis_openiti,Harun_DarAlFikr,high
هجف,هجف,الهاء والجيم والفاء,,1,parse_uncertain,maqayis_openiti,Harun_DarAlFikr,low
هجل,هجل,على اختلاط ||| على رمي شيء,الهاء والجيم واللام أصلان يدل,2,has_asl,maqayis_openiti,Harun_DarAlFikr,high
هجم,هجم,الهاء والجيم والميم: أصل صحيح واحد يدل على ورود شيء بغتة، ثم يقاس على ذلك,,1,has_asl,maqayis_openiti,Harun_DarAlFikr,high
هد,هد,الهاء والدال: أصل صحيح يدل على كسر وهضم وهدم,,1,has_asl,maqayis_openiti,Harun_DarAlFikr,high
هدب,هدب,الهاء والدال والباء: أصل صحيح يدل على طرة شيء أو أغصان تشبه الطرة,,1,has_asl,maqayis_openiti,Harun_DarAlFikr,high
هدج,هدج,الهاء والدال والجيم: أصل صحيح يدل على ضرب من المشي والحركة,,1,has_asl,maqayis_openiti,Harun_DarAlFikr,high
هدر,هدر,الهاء والدال والراء [يدل] على سقوط شيء وإسقاطه، وعلى جنس من الصوت,,1,has_asl,maqayis_openiti,Harun_DarAlFikr,high
هدع,هدع,الهاء والدال والعين: كلمة,,1,parse_uncertain,maqayis_openiti,Harun_DarAlFikr,low
هدف,هدف,الهاء والدال والفاء: أصيل يدل على انتصاب وارتفاع,,1,has_asl,maqayis_openiti,Harun_DarAlFikr,high
هدق,هدق,الهاء والدال والقاف,,1,parse_uncertain,maqayis_openiti,Harun_DarAlFikr,low
هدك,هدك,الهاء والدال والكاف,,1,parse_uncertain,maqayis_openiti,Harun_DarAlFikr,low
هدل,هدل,يدل على استرخاء في شيء ||| على ضرب من الصوت,الهاء والدال واللام: أصلان صحيحان,2,has_asl,maqayis_openiti,Harun_DarAlFikr,high
هدم,هدم,الهاء والدال والميم: أصل يدل على حط بناء، ثم يقاس عليه، وهدمت الحائط أهدمه,,1,has_asl,maqayis_openiti,Harun_DarAlFikr,high
هدن,هدن,الهاء والدال والنون: أصيل يدل على سكون واستقامة,,1,has_asl,maqayis_openiti,Harun_DarAlFikr,high
هدي,هدي,] التقدم للإرشاد ||| بعثة لطف,الهاء والدال والحرف المعتل: أصلان [,2,has_asl,maqayis_openiti,Harun_DarAlFikr,high
هذ,هذ,الهاء والذال: أصيل يدل على قطع,,1,has_asl,maqayis_openiti,Harun_DarAlFikr,high
هذب,هذب,الهاء والذال والباء: كلمة تدل على تنقية شيء مما يعيبه,,1,has_asl,maqayis_openiti,Harun_DarAlFikr,high
هذر,هذر,الهاء والذال والراء: كلمة واحدة هي الهذر، وهو الهذيان,,1,parse_uncertain,maqayis_openiti,Harun_DarAlFikr,low
هذف,هذف,الهاء والذال والفاء,,1,parse_uncertain,maqayis_openiti,Harun_DarAlFikr,low
هذل,هذل,الهاء والذال واللام: أصيل يدل على صغر وخفة وسرعة,,1,has_asl,maqayis_openiti,Harun_DarAlFikr,high
هذم,هذم,الهاء والذال والميم: كلمة صحيحة، تدل على قطع لشيء,,1,has_asl,maqayis_openiti,Harun_DarAlFikr,high
هذى,هذى,الهاء والذال والحرف المعتل: كلمة واحدة: الهذيان: كلام لا يعقل ككلام المعتوه,,1,parse_uncertain,maqayis_openiti,Harun_DarAlFikr,low
هر,هر,الهاء والراء: أصيل صحيح يدل على صوت من الأصوات، ويقاس عليه,,1,has_asl,maqayis_openiti,Harun_DarAlFikr,high
هرب,هرب,الهاء والراء والباء كلمة واحدة، هي هرب، إذا فر,,1,parse_uncertain,maqayis_openiti,Harun_DarAlFikr,low
هرت,هرت,الهاء والراء والتاء: كلمة تدل على سعة في شيء,,1,has_asl,maqayis_openiti,Harun_DarAlFikr,high
هرج,هرج,الهاء والراء والجيم أصل صحيح يدل على اختلاط وتخليط,,1,has_asl,maqayis_openiti,Harun_DarAlFikr,high
هرد,هرد,الهاء والراء والدال كلمات تدل على معالجة شيء بصبغ أو ما أشبهه,,1,has_asl,maqayis_openiti,Harun_DarAlFikr,high
هرس,هرس,الهاء والراء والسين: أصل صحيح يدل على دق وهزم في الشيء,,1,has_asl,maqayis_openiti,Harun_DarAlFikr,high
هرش,هرش,الهاء والراء والشين: كلمة واحدة، هي مهارشة الكلاب: تحريش بعضها على بعض,,1,parse_uncertain,maqayis_openiti,Harun_DarAlFikr,low
هرص,هرص,الهاء والراء والصاد ليس بشيء، إلا أنهم يقولون: الهريصة: مستنقع الماء,,1,parse_uncertain,maqayis_openiti,Harun_DarAlFikr,low
هرض,هرض,الهاء والراء والضاد، سبيله سبيل ما قبله، إلا أن أبا بكر زعم أن الهرض: الحصف يخرج بالإنسان من الحر,,1,parse_uncertain,maqayis_openiti,Harun_DarAlFikr,low
هرط,هرط,الهاء والراء والطاء شيء يدل على اختصام وتشاتم,,1,has_asl,maqayis_openiti,Harun_DarAlFikr,high
هرع,هرع,الهاء والراء والعين: أصل صحيح يدل على حركة واضطراب,,1,has_asl,maqayis_openiti,Harun_DarAlFikr,high
هرف,هرف,الهاء والراء والفاء,,1,parse_uncertain,maqayis_openiti,Harun_DarAlFikr,low
هرل,هرل,الهاء والراء واللام,,1,parse_uncertain,maqayis_openiti,Harun_DarAlFikr,low
هرم,هرم,الهاء والراء والميم كلمتان: إحداهما الهرم: كبر السن,,1,parse_uncertain,maqayis_openiti,Harun_DarAlFikr,low
هرو,هرو,,,0,no_asl,maqayis_openiti,Harun_DarAlFikr,high
هز,هز,الهاء والزاء: أصل يدل على اضطراب في شيء وحركة,,1,has_asl,maqayis_openiti,Harun_DarAlFikr,high
هزا,هزأ,الهاء والزاء والهمزة كلمة واحدة,,1,parse_uncertain,maqayis_openiti,Harun_DarAlFikr,low
هزب,هزب,الهاء والزاء والباء كلمة واحدة,,1,parse_uncertain,maqayis_openiti,Harun_DarAlFikr,low
هزج,هزج,الهاء والزاء والجيم: أصل صحيح يدل على صوت,,1,has_asl,maqayis_openiti,Harun_DarAlFikr,high
هزر,هزر,الهاء والزاء والراء يدل على غمز وكسر وضرب,,1,has_asl,maqayis_openiti,Harun_DarAlFikr,high
هزع,هزع,على وحشة ||| على اضطراب وكسر,الهاء والزاء والعين أصلان يدل,2,has_asl,maqayis_openiti,Harun_DarAlFikr,high
هزف,هزف,الهاء والزاء والفاء كلمة واحدة,,1,parse_uncertain,maqayis_openiti,Harun_DarAlFikr,low
هزق,هزق,الهاء والزاء والقاف، كلمات في قياس واحد,,1,parse_uncertain,maqayis_openiti,Harun_DarAlFikr,low
هزل,هزل,الهاء والزاء واللام كلمتان في قياس واحد، يدلان على ضعف,,1,has_asl,maqayis_openiti,Harun_DarAlFikr,high
هزم,هزم,الهاء والزاء والميم أصل صحيح يدل على غمز وكسر,,1,has_asl,maqayis_openiti,Harun_DarAlFikr,high
هزن,هزن,الهاء والزاء والنون ليس فيه إلا هوازن: قبيلة,,1,parse_uncertain,maqayis_openiti,Harun_DarAlFikr,low
هس,هس,الهاء والسين: أصيل يدل على أصوات واختلاط، كالهسيس,,1,has_asl,maqayis_openiti,Harun_DarAlFikr,high
هسم,هسم,الهاء والسين والميم,,1,parse_uncertain,maqayis_openiti,Harun_DarAlFikr,low
هش,هش,الهاء والشين: أصل صحيح يدل على رخاوة ولين,,1,has_asl,maqayis_openiti,Harun_DarAlFikr,high
هشر,هشر,الهاء والشين والراء: كلمتان: الهيشر: نبت,,1,parse_uncertain,maqayis_openiti,Harun_DarAlFikr,low
هشل,هشل,الهاء والشين واللام,,1,parse_uncertain,maqayis_openiti,Harun_DarAlFikr,low
هشم,هشم,الهاء والشين والميم أصل يدل على كسر الشيء الأجوف وغير الأجوف وهشمته هشما,,1,has_asl,maqayis_openiti,Harun_DarAlFikr,high
هص,هص,الهاء والصاد كلمة تدل على غمز الشيء,,1,has_asl,maqayis_openiti,Harun_DarAlFikr,high
هصر,هصر,الهاء والصاد والراء: يدل على قبض على شيء وإمالته,,1,has_asl,maqayis_openiti,Harun_DarAlFikr,high
هصم,هصم,الهاء والصاد والميم: كلمة تدل على الكسر، هصمت الشيء: كسرته,,1,has_asl,maqayis_openiti,Harun_DarAlFikr,high
هض,هض,الهاء والضاد كلمة تدل على رض أو أكثر منه,,1,has_asl,maqayis_openiti,Harun_DarAlFikr,high
هضب,هضب,الهاء والضاد والباء يدل على اتساع وكثرة وفيض,,1,has_asl,maqayis_openiti,Harun_DarAlFikr,high
هضل,هضل,الهاء والضاد واللام ليس فيه إلا الهيضلة، وهي الجماعة المتسلحة ذات الجلبة,,1,parse_uncertain,maqayis_openiti,Harun_DarAlFikr,low
هضم,هضم,الهاء والضاد والميم: أصل صحيح يدل على كسر وضغط وتداخل,,1,has_asl,maqayis_openiti,Harun_DarAlFikr,high
هطر,هطر,الهاء والطاء والراء,,1,parse_uncertain,maqayis_openiti,Harun_DarAlFikr,low
هطع,هطع,الهاء والطاء والعين: أصيل يدل على إقبال على الشيء وانقياد,,1,has_asl,maqayis_openiti,Harun_DarAlFikr,high
هطل,هطل,الهاء والطاء واللام: كلمة تدل على تتابع في قطر وغيره,,1,has_asl,maqayis_openiti,Harun_DarAlFikr,high
هعر,هعر,الهاء والعين والراء وهذا لا يكون إلا بدخيل,,1,parse_uncertain,maqayis_openiti,Harun_DarAlFikr,low
هف,هف,الهاء والفاء أصل صحيح يدل على خفة وسرعة في سير وصوت,,1,has_asl,maqayis_openiti,Harun_DarAlFikr,high
هفا,هفا,الهاء والفاء والحرف المعتل: أصل يدل على ذهاب شيء في خفة وسرعة,,1,has_asl,maqayis_openiti,Harun_DarAlFikr,high
هفت,هفت,الهاء والفاء والتاء: كلمة تدل على سقوط شيء,,1,has_asl,maqayis_openiti,Harun_DarAlFikr,high
هقب,هقب,الهاء والقاف والباء,,1,parse_uncertain,maqayis_openiti,Harun_DarAlFikr,low
هقع,هقع,الهاء والقاف والعين,,1,parse_uncertain,maqayis_openiti,Harun_DarAlFikr,low
هقل,هقل,الهاء والقاف واللام ليس فيه إلا الهقل، وهو الفتي من النعام,,1,parse_uncertain,maqayis_openiti,Harun_DarAlFikr,low
هقم,هقم,الهاء والقاف والميم: يدل على اتساع وعظم,,1,has_asl,maqayis_openiti,Harun_DarAlFikr,high
هك,هك,الهاء والكاف أصيل يدل على انفراج في شيء أو شق,,1,has_asl,maqayis_openiti,Harun_DarAlFikr,high
هكر,هكر,الهاء والكاف والراء كلمتان: الهكر: العجب,,1,parse_uncertain,maqayis_openiti,Harun_DarAlFikr,low
هكع,هكع,الهاء والكاف والعين يدل على تطامن وخضوع,,1,has_asl,maqayis_openiti,Harun_DarAlFikr,high
هكل,هكل,الهاء والكاف واللام يدل على إشراف وعلو,,1,has_asl,maqayis_openiti,Harun_DarAlFikr,high
هكم,هكم,الهاء والكاف والميم تدل على تقحم وتهدم,,1,has_asl,maqayis_openiti,Harun_DarAlFikr,high
هل,هل,الهاء واللام أصل صحيح يدل على رفع صوت، ثم يتوسع فيه فيسمى الشيء الذي يصوت عنده ببعض ألفاظ الهاء واللام,,1,has_asl,maqayis_openiti,Harun_DarAlFikr,high
هلا,هلا,الهاء واللام والحرف المعتل,,1,parse_uncertain,maqayis_openiti,Harun_DarAlFikr,low
هلب,هلب,الهاء واللام والباء: أصل يدل على سبوغ في شيء وسعة,,1,has_asl,maqayis_openiti,Harun_DarAlFikr,high
هلت,هلت,الهاء واللام والتاء,,1,parse_uncertain,maqayis_openiti,Harun_DarAlFikr,low
هلج,هلج,الهاء واللام والجيم ليس بشيء,,1,parse_uncertain,maqayis_openiti,Harun_DarAlFikr,low
هلس,هلس,الهاء واللام والسين يدل على إخفاء شيء: من كلام وغيره,,1,has_asl,maqayis_openiti,Harun_DarAlFikr,high
هلع,هلع,الهاء واللام والعين: يدل على سرعة وحدة,,1,has_asl,maqayis_openiti,Harun_DarAlFikr,high
هلف,هلف,الهاء واللام والفاء: كلمات متقاربة القياس تدل على كبر وضخم,,1,has_asl,maqayis_openiti,Harun_DarAlFikr,high
هلك,هلك,الهاء واللام والكاف: يدل على كسر وسقوط,,1,has_asl,maqayis_openiti,Harun_DarAlFikr,high
هلم,هلم,الهاء واللام والميم ليس فيه إلا قولهم هلم: كلمة دعوة إلى شيء,,1,parse_uncertain,maqayis_openiti,Harun_DarAlFikr,low
هم,هم,الهاء والميم: أصل صحيح يدل على ذوب وجريان ودبيب وما أشبه ذلك، ثم يقاس عليه,,1,has_asl,maqayis_openiti,Harun_DarAlFikr,high
همج,همج,الهاء والميم والجيم: أصل يدل على اختلاط واضطراب,,1,has_asl,maqayis_openiti,Harun_DarAlFikr,high
همد,همد,الهاء والميم والدال: أصل يدل على خمود شيء,,1,has_asl,maqayis_openiti,Harun_DarAlFikr,high
همذ,همذ,الهاء والميم والذال، يدل على سرعة,,1,has_asl,maqayis_openiti,Harun_DarAlFikr,high
همر,همر,الهاء والميم والراء: أصل يدل على صب وانصباب,,1,has_asl,maqayis_openiti,Harun_DarAlFikr,high
همز,همز,الهاء والميم والزاء كلمة تدل على ضغط وعصر,,1,has_asl,maqayis_openiti,Harun_DarAlFikr,high
همس,همس,الهاء والميم والسين يدل على خفاء صوت وحس,,1,has_asl,maqayis_openiti,Harun_DarAlFikr,high
همش,همش,الهاء والميم والشين: أصل يدل على سرعة عمل أو كلام,,1,has_asl,maqayis_openiti,Harun_DarAlFikr,high
همط,همط,الهاء والميم والطاء ليس بأصل، إلا أنهم يقولون: همط: خلط بين الباطل والظلم,,1,has_asl,maqayis_openiti,Harun_DarAlFikr,high
همع,همع,الهاء والميم والعين,,1,parse_uncertain,maqayis_openiti,Harun_DarAlFikr,low
همق,همق,الهاء والميم والقاف: كلمة واحدة,,1,parse_uncertain,maqayis_openiti,Harun_DarAlFikr,low
همك,همك,الهاء والميم والكاف: كلمة واحدة,,1,parse_uncertain,maqayis_openiti,Harun_DarAlFikr,low
همل,همل,الهاء والميم واللام: أصل واحد,,1,has_asl,maqayis_openiti,Harun_DarAlFikr,high
همن,همن,الهاء والميم والنون ليس بشيء,,1,parse_uncertain,maqayis_openiti,Harun_DarAlFikr,low
همى,همى,الهاء والميم والحرف المعتل يدل على ذهاب شيء على وجهه,,1,has_asl,maqayis_openiti,Harun_DarAlFikr,high
هن,هن,الهاء والنون: أصل صحيح يدل على جنس من اللحم، وفيه شيء من الكلام الذي ننسبه إلى الإشكال، وإن كان علماؤنا قد تكلموا فيه,,1,has_asl,maqayis_openiti,Harun_DarAlFikr,high
هنا,هنأ,الهاء والنون والهمزة: يدل على إصابة خير من غير مشقة,,1,has_asl,maqayis_openiti,Harun_DarAlFikr,high
هنب,هنب,الهاء والنون والباء، ليس فيه إلا هنب: اسم رجل,,1,parse_uncertain,maqayis_openiti,Harun_DarAlFikr,low
هند,هند,الهاء والنون والدال ليس بقياس، وفيه أسماء موضوعة وضعا، فهند: اسم امرأة,,1,parse_uncertain,maqayis_openiti,Harun_DarAlFikr,low
هنع,هنع,الهاء والنون والعين: كلمة تدل على تطامن في شيء,,1,has_asl,maqayis_openiti,Harun_DarAlFikr,high
هنف,هنف,الهاء والنون والفاء: كلمة واحدة: هي المهانفة: الضحك فوق التبسم,,1,parse_uncertain,maqayis_openiti,Harun_DarAlFikr,low
هنق,هنق,الهاء والنون والقاف,,1,parse_uncertain,maqayis_openiti,Harun_DarAlFikr,low
هنم,هنم,الهاء والنون والميم,,1,parse_uncertain,maqayis_openiti,Harun_DarAlFikr,low
هو,هو,الهاء والواو ليست من شرط اللغة، وهي من العربية، والأصل هاء ضمت إليه واو,,1,has_asl,maqayis_openiti,Harun_DarAlFikr,high
هوب,هوب,الهاء والواو والباء: ليس بأصل جيد، لكنهم يقولون: الهوب: المخلط,,1,has_asl,maqayis_openiti,Harun_DarAlFikr,high
هوت,هوت,الهاء والواو والتاء: قريب من الذي قبله,,1,parse_uncertain,maqayis_openiti,Harun_DarAlFikr,low
هوج,هوج,الهاء والواو والجيم: كلمة تدل على تسرع وتعسف,,1,has_asl,maqayis_openiti,Harun_DarAlFikr,high
هود,هود,الهاء والواو والدال: أصل يدل على إرواد وسكون,,1,has_asl,maqayis_openiti,Harun_DarAlFikr,high
هوذ,هوذ,الهاء والواو والذال: كلمة واحدة، هي هوذة: القطاة، وبها سمي الرجل هوذة,,1,parse_uncertain,maqayis_openiti,Harun_DarAlFikr,low
هور,هور,الهاء والواو والراء: أصل يدل على تساقط شيء,,1,has_asl,maqayis_openiti,Harun_DarAlFikr,high
هوس,هوس,الهاء والواو والسين: كلمة تدل على طوفان ومجيء وذهاب في مثل الحيرة,,1,has_asl,maqayis_openiti,Harun_DarAlFikr,high
هوش,هوش,الهاء والواو والشين: أصيل يدل على اختلاط وشبهه,,1,has_asl,maqayis_openiti,Harun_DarAlFikr,high
هوع,هوع,الهاء والواو والعين: كلمتان: الهوع: سوء الحرص,,1,parse_uncertain,maqayis_openiti,Harun_DarAlFikr,low
هوف,هوف,الهاء والواو والفاء: كلمة واحدة تدل على خفة,,1,has_asl,maqayis_openiti,Harun_DarAlFikr,high
هوك,هوك,الهاء والواو والكاف: كلمة تدل على حمق ووقوع في الشيء على غير بصيرة,,1,has_asl,maqayis_openiti,Harun_DarAlFikr,high
هول,هول,الهاء والواو واللام: كلمتان تدل إحداهما على مخافة، والأخرى على تحسين وزينة,,1,has_asl,maqayis_openiti,Harun_DarAlFikr,high
هوم,هوم,الهاء والواو والميم كلمة,,1,parse_uncertain,maqayis_openiti,Harun_DarAlFikr,low
هون,هون,الهاء والواو والنون أصيل يدل على سكون أو سكينة أو ذل,,1,has_asl,maqayis_openiti,Harun_DarAlFikr,high
هوه,هوه,الهاء والواو والهاء,,1,parse_uncertain,maqayis_openiti,Harun_DarAlFikr,low
هوي,هوي,الهاء والواو والياء: أصل صحيح يدل على خلو وسقوط,,1,has_asl,maqayis_openiti,Harun_DarAlFikr,high
هي,هي,الهاء والياء، والهاء والهمزة يجريان مجرى ما قبلهما,,1,parse_uncertain,maqayis_openiti,Harun_DarAlFikr,low
هيا,هيأ,الهاء والياء والألف كلمة تأتي وهاؤها زائدة,,1,parse_uncertain,maqayis_openiti,Harun_DarAlFikr,low
هيب,هيب,الهاء والياء والباء كلمة إجلال ومخافة,,1,parse_uncertain,maqayis_openiti,Harun_DarAlFikr,low
هيت,هيت,الهاء والياء والتاء كلمة تدل على الصيحة,,1,has_asl,maqayis_openiti,Harun_DarAlFikr,high
هيج,هيج,يدل على ثوران شيء ||| على يبس نبات,الهاء والياء والجيم أصلان صحيحان,2,has_asl,maqayis_openiti,Harun_DarAlFikr,high
هيد,هيد,الهاء والياء والدال,,1,parse_uncertain,maqayis_openiti,Harun_DarAlFikr,low
هيس,هيس,الهاء والياء والسين,,1,parse_uncertain,maqayis_openiti,Harun_DarAlFikr,low
هيش,هيش,الهاء والياء والشين,,1,parse_uncertain,maqayis_openiti,Harun_DarAlFikr,low
هيض,هيض,الهاء والياء والضاد كلمة واحدة تدل على كسر شيء، وما أشبهه,,1,has_asl,maqayis_openiti,Harun_DarAlFikr,high
هيط,هيط,الهاء والياء والطاء كلمتان: إحداهما [الهياط] : الصياح، والأخرى كلمة حكاها الفراء: تهايط القوم: اجتمعوا لإصلاح ما بينهم,,1,parse_uncertain,maqayis_openiti,Harun_DarAlFikr,low
هيع,هيع,الهاء والياء والعين كلمة واحدة، وهي الهيعة: الصوت الذي يفزع منه ويخاف,,1,parse_uncertain,maqayis_openiti,Harun_DarAlFikr,low
هيغ,هيغ,الهاء والياء والغين كلمة تدل على رغد ونعمة عيش,,1,has_asl,maqayis_openiti,Harun_DarAlFikr,high
هيف,هيف,الهاء والياء والفاء أصل صحيح يدل على حرارة وعطش، ثم يستعار ذلك,,1,has_asl,maqayis_openiti,Harun_DarAlFikr,high
هيق,هيق,الهاء والياء والقاف كلمة واحدة، وهي الهيق: الظليم، ويقال لكل طويل دقيق: هيق، تشبيها,,1,parse_uncertain,maqayis_openiti,Harun_DarAlFikr,low
هيل,هيل,الهاء والياء واللام كلمة واحدة تدل على دفع شيء يمكن كيله دفعا من غير كيل,,1,has_asl,maqayis_openiti,Harun_DarAlFikr,high
هيم,هيم,الهاء والياء والميم كلمة تدل على عطش شديد,,1,has_asl,maqayis_openiti,Harun_DarAlFikr,high
هين,هين,الهاء والياء والنون: الهين: الأمر الهين، وهو من الواو، وقد مر,,1,parse_uncertain,maqayis_openiti,Harun_DarAlFikr,low
واب,وأب,الواو والهمزة والباء: كلمتان تدل إحداهما على تقعير شيء، والأخرى على غضب,,1,has_asl,maqayis_openiti,Harun_DarAlFikr,high
واد,وأد,الواو والهمزة والدال: كلمة تدل على إثقال شيء بشيء,,1,has_asl,maqayis_openiti,Harun_DarAlFikr,high
وار,وأر,الواو والهمزة والراء,,1,parse_uncertain,maqayis_openiti,Harun_DarAlFikr,low
واص,وأص,الواو والهمزة والصاد,,1,parse_uncertain,maqayis_openiti,Harun_DarAlFikr,low
واق,وأق,الواو والهمزة والقاف,,1,parse_uncertain,maqayis_openiti,Harun_DarAlFikr,low
وال,وأل,الواو والهمزة واللام: كلمة تدل على تجمع والتجاء,,1,has_asl,maqayis_openiti,Harun_DarAlFikr,high
وام,وأم,الواو والهمزة والميم,,1,parse_uncertain,maqayis_openiti,Harun_DarAlFikr,low
واه,وأه,الواو والهمزة والهاء: كلمة يقولون عند استطابة الشيء: واها له,,1,parse_uncertain,maqayis_openiti,Harun_DarAlFikr,low
واي,وأي,الواو والهمزة والياء كلمتان متباينتان: الأولى الوعد، يقال وأيته أئيه وأيا، وهو صادق الوأي,,1,parse_uncertain,maqayis_openiti,Harun_DarAlFikr,low
وبا,وبأ,الواو والباء والهمزة كلمة واحدة,,1,parse_uncertain,maqayis_openiti,Harun_DarAlFikr,low
وبخ,وبخ,الواو والباء والخاء كلمة واحدة,,1,parse_uncertain,maqayis_openiti,Harun_DarAlFikr,low
وبد,وبد,الواو والباء والدال كلمة تدل على سوء حال,,1,has_asl,maqayis_openiti,Harun_DarAlFikr,high
وبر,وبر,الواو والباء والراء كلمات لا تنقاس، بل هي منفردة,,1,parse_uncertain,maqayis_openiti,Harun_DarAlFikr,low
وبش,وبش,الواو والباء والشين كلمة تدل على اختلاط,,1,has_asl,maqayis_openiti,Harun_DarAlFikr,high
وبص,وبص,الواو والباء والصاد: يدل على ظهور شيء في بريق,,1,has_asl,maqayis_openiti,Harun_DarAlFikr,high
وبط,وبط,الواو والباء والطاء: كلمة تدل على ضعف,,1,has_asl,maqayis_openiti,Harun_DarAlFikr,high
وبق,وبق,الواو والباء والقاف كلمتان,,1,parse_uncertain,maqayis_openiti,Harun_DarAlFikr,low
وبل,وبل,الواو والباء واللام: أصل يدل على شدة في شيء وتجمع,,1,has_asl,maqayis_openiti,Harun_DarAlFikr,high
وتح,وتح,الواو والتاء والحاء: كلمة تدل على قلة في شيء,,1,has_asl,maqayis_openiti,Harun_DarAlFikr,high
وتد,وتد,الواو والتاء والدال: كلمة واحدة، هي الوتد، يقال: وتده، وتد وتدك,,1,parse_uncertain,maqayis_openiti,Harun_DarAlFikr,low
وتر,وتر,الواو والتاء والراء: باب لم تجئ كلمه على قياس واحد، بل هي مفردات لا تتشابه,,1,parse_uncertain,maqayis_openiti,Harun_DarAlFikr,low
وتش,وتش,الواو والتاء والشين,,1,parse_uncertain,maqayis_openiti,Harun_DarAlFikr,low
وتغ,وتغ,الواو والتاء والغين: كلمة تدل على إثم وبلية,,1,has_asl,maqayis_openiti,Harun_DarAlFikr,high
وتن,وتن,الواو والتاء والنون: كلمة تدل على ثبات وملازمة,,1,has_asl,maqayis_openiti,Harun_DarAlFikr,high
وثا,وثأ,الواو والثاء والهمزة، ليس فيه إلا وثئت يده، وهي موثوءة,,1,parse_uncertain,maqayis_openiti,Harun_DarAlFikr,low
وثب,وثب,الواو والثاء والباء يدل في لغة العرب على الظفر، إلا في لغات من لغات حمير فإنه بخلاف هذا,,1,has_asl,maqayis_openiti,Harun_DarAlFikr,high
وثج,وثج,الواو والثاء والجيم يدل على اكتناز,,1,has_asl,maqayis_openiti,Harun_DarAlFikr,high
وثر,وثر,الواو والثاء والراء: كلمة تدل على وطاءة في شيء,,1,has_asl,maqayis_openiti,Harun_DarAlFikr,high
وثق,وثق,الواو والثاء والقاف كلمة تدل على عقد وإحكام,,1,has_asl,maqayis_openiti,Harun_DarAlFikr,high
وثل,وثل,الواو والثاء واللام كلمة,,1,parse_uncertain,maqayis_openiti,Harun_DarAlFikr,low
وثم,وثم,الواو والثاء والميم: أصل يدل على جمع وتجمع,,1,has_asl,maqayis_openiti,Harun_DarAlFikr,high
وثن,وثن,الواو والثاء والنون,,1,parse_uncertain,maqayis_openiti,Harun_DarAlFikr,low
وج,وج,"الواو والجيم ليس إلا "" وج "" بلد الطائف",,1,parse_uncertain,maqayis_openiti,Harun_DarAlFikr,low
وجب,وجب,الواو والجيم والباء: أصل واحد، يدل على سقوط الشيء ووقوعه، ثم يتفرع,,1,has_asl,maqayis_openiti,Harun_DarAlFikr,high
وجح,وجح,الواو والجيم والحاء,,1,parse_uncertain,maqayis_openiti,Harun_DarAlFikr,low
وجد,وجد,الواو والجيم والدال، يدل على أصل واحد، وهو الشي يلفيه,,1,has_asl,maqayis_openiti,Harun_DarAlFikr,high
وجذ,وجذ,الواو والجيم والذال,,1,parse_uncertain,maqayis_openiti,Harun_DarAlFikr,low
وجر,وجر,الواو والجيم والراء كلمة تدل على جنس من السقي,,1,has_asl,maqayis_openiti,Harun_DarAlFikr,high
وجز,وجز,الواو والجيم والزاء كلمة واحدة,,1,parse_uncertain,maqayis_openiti,Harun_DarAlFikr,low
وجس,وجس,الواو والجيم والسين: كلمة تدل على إحساس بشيء وتسمع له,,1,has_asl,maqayis_openiti,Harun_DarAlFikr,high
وجع,وجع,الواو والجيم والعين: كلمة واحدة، هي الوجع: اسم يجمع المرض كله,,1,parse_uncertain,maqayis_openiti,Harun_DarAlFikr,low
وجم,وجم,الواو والجيم والميم: يدل على سكوت في اهتمام,,1,has_asl,maqayis_openiti,Harun_DarAlFikr,high
وجن,وجن,الواو والجيم والنون يدل على صلابة في الشيء,,1,has_asl,maqayis_openiti,Harun_DarAlFikr,high
وجه,وجه,الواو والجيم والهاء: أصل واحد يدل على مقابلة لشيء,,1,has_asl,maqayis_openiti,Harun_DarAlFikr,high
وجى,وجى,الواو والجيم والحرف المعتل: يقولون: تركته وما في قلبي منه أوجى، أي يئست منه,,1,parse_uncertain,maqayis_openiti,Harun_DarAlFikr,low
وجي,وجي,م: شديد الحر، وفيه نظر,,1,parse_uncertain,maqayis_openiti,Harun_DarAlFikr,low
وحد,وحد,الواو والحاء والدال: أصل واحد يدل على الانفراد,,1,has_asl,maqayis_openiti,Harun_DarAlFikr,high
وحر,وحر,الواو والحاء والراء: كلمة واحدة، هي الوحرة: دويبة شبه العظاية إذا دبت على اللحم وحر، ثم شبه الغل في الصدر بها، فيقال وحر صدره,,1,parse_uncertain,maqayis_openiti,Harun_DarAlFikr,low
وحش,وحش,الواو والحاء والشين: كلمة تدل على خلاف الإنس,,1,has_asl,maqayis_openiti,Harun_DarAlFikr,high
وحف,وحف,الواو والحاء والفاء: كلمة تدل على سواد في شيء,,1,has_asl,maqayis_openiti,Harun_DarAlFikr,high
وحل,وحل,الواو والحاء واللام: كلمة واحدة، هي الوحل,,1,parse_uncertain,maqayis_openiti,Harun_DarAlFikr,low
وحم,وحم,الواو والحاء والميم: كلمتان,,1,parse_uncertain,maqayis_openiti,Harun_DarAlFikr,low
وحى,وحى,الواو والحاء والحرف المعتل: أصل يدل على إلقاء علم في إخفاء أو غيره إلى غيرك,,1,has_asl,maqayis_openiti,Harun_DarAlFikr,high
وخ,وخ,الواو والخاء,,1,parse_uncertain,maqayis_openiti,Harun_DarAlFikr,low
وخد,وخد,الواو والخاء والدال: كلمة واحدة,,1,parse_uncertain,maqayis_openiti,Harun_DarAlFikr,low
وخز,وخز,الواو والخاء والزاء: كلمة واحدة، هي الوخز: الطعن بالرمح وغيره، ولا يكون نافذا,,1,parse_uncertain,maqayis_openiti,Harun_DarAlFikr,low
وخش,وخش,الواو والخاء والشين: كلمة واحدة هي الوخش: الدناة من الرجال والأخلاط,,1,parse_uncertain,maqayis_openiti,Harun_DarAlFikr,low
وخض,وخض,الواو والخاء والضاد: كلمة، وهي الطعن غير جائف,,1,parse_uncertain,maqayis_openiti,Harun_DarAlFikr,low
وخط,وخط,الواو والخاء والطاء: كلمتان: إحداهما وخط الشيب في رأسه,,1,parse_uncertain,maqayis_openiti,Harun_DarAlFikr,low
وخف,وخف,الواو والخاء والفاء: كلمة، هي الوخيف,,1,parse_uncertain,maqayis_openiti,Harun_DarAlFikr,low
وخم,وخم,الواو والخاء والميم: كلمة واحدة، هي الوخم: الوبي من الشيء,,1,parse_uncertain,maqayis_openiti,Harun_DarAlFikr,low
وخى,وخى,الواو والخاء والحرف المعتل: كلمة تدل على سير وقصد,,1,has_asl,maqayis_openiti,Harun_DarAlFikr,high
ود,ود,الواو والدال: كلمة تدل على محبة,,1,has_asl,maqayis_openiti,Harun_DarAlFikr,high
ودج,ودج,الواو والدال والجيم: كلمة واحدة: الودجان: عرقان في الأخدعين,,1,parse_uncertain,maqayis_openiti,Harun_DarAlFikr,low
ودس,ودس,الواو والدال والسين: كلمتان: الأولى الوديس: النبات، يقال أودست الأرض: أخرجت نبتها,,1,parse_uncertain,maqayis_openiti,Harun_DarAlFikr,low
ودص,ودص,الواو والدال والصاد,,1,parse_uncertain,maqayis_openiti,Harun_DarAlFikr,low
ودع,ودع,الواو والدال والعين: أصل واحد يدل على الترك والتخلية,,1,has_asl,maqayis_openiti,Harun_DarAlFikr,high
ودف,ودف,الواو والدال والفاء,,1,parse_uncertain,maqayis_openiti,Harun_DarAlFikr,low
ودق,ودق,الواو والدال والقاف: كلمة تدل على إتيان وأنسة,,1,has_asl,maqayis_openiti,Harun_DarAlFikr,high
ودك,ودك,الواو والدال والكاف: كلمة واحدة، هي الودك، وهو معروف,,1,parse_uncertain,maqayis_openiti,Harun_DarAlFikr,low
ودن,ودن,الواو والدال والنون، فيه ثلاث كلمات غير منقاسة: إحداها الودن، وهو حسن القيام على العروس,,1,parse_uncertain,maqayis_openiti,Harun_DarAlFikr,low
وده,وده,الواو والدال والهاء: كلمة واحدة,,1,parse_uncertain,maqayis_openiti,Harun_DarAlFikr,low
ودى,ودى,الواو والدال والحرف المعتل: ثلاث كلمات غير منقاسة: الأولى ودى الفرس ليضرب أو يبول، إذا أدلى,,1,parse_uncertain,maqayis_openiti,Harun_DarAlFikr,low
وذح,وذح,الواو والذال والحاء كلمة,,1,parse_uncertain,maqayis_openiti,Harun_DarAlFikr,low
وذر,وذر,الواو والذال والراء كلمتان: إحداهما الوذرة، وهي الفدرة من اللحم,,1,parse_uncertain,maqayis_openiti,Harun_DarAlFikr,low
وذف,وذف,الواو والذال والفاء: كلمة واحدة، هي التوذف: التبختر,,1,parse_uncertain,maqayis_openiti,Harun_DarAlFikr,low
وذل,وذل,الواو والذال واللام: كلمتان إحداهما مشهورة قد قيلت، الوذيلة، وهي المرآة,,1,parse_uncertain,maqayis_openiti,Harun_DarAlFikr,low
وذم,وذم,الواو والذال والميم: كلمة تدل على تعليق شيء بشيء,,1,has_asl,maqayis_openiti,Harun_DarAlFikr,high
ورب,ورب,الواو والراء والباء: كلمتان: إحداهما الورب وهو الفتر,,1,parse_uncertain,maqayis_openiti,Harun_DarAlFikr,low
ورث,ورث,الواو والراء والثاء: كلمة واحدة، هي الورث,,1,parse_uncertain,maqayis_openiti,Harun_DarAlFikr,low
ورخ,ورخ,الواو والراء والخاء: كلمة واحدة,,1,parse_uncertain,maqayis_openiti,Harun_DarAlFikr,low
ورد,ورد,الموافاة إلى الشيء ||| لون من الألوان,الواو والراء والدال: أصلان,2,has_asl,maqayis_openiti,Harun_DarAlFikr,high
ورس,ورس,الواو والراء والسين: كلمة واحدة، هي الورس: نبت,,1,parse_uncertain,maqayis_openiti,Harun_DarAlFikr,low
ورش,ورش,الواو والراء والشين كلمتان متقاربتا القياس,,1,parse_uncertain,maqayis_openiti,Harun_DarAlFikr,low
ورط,ورط,الواو والراء والطاء: كلمة تدل على شيء كالبلية والوقوع فيما لا مخلص منه,,1,has_asl,maqayis_openiti,Harun_DarAlFikr,high
ورع,ورع,الواو والراء والعين: أصل صحيح يدل على الكف والانقباض,,1,has_asl,maqayis_openiti,Harun_DarAlFikr,high
ورف,ورف,الواو والراء والفاء: أصل يدل على رقة ونضرة,,1,has_asl,maqayis_openiti,Harun_DarAlFikr,high
ورق,ورق,على خير ومال، وأصله ورق الشجر ||| على لون من الألوان,الواو والراء والقاف: أصلان يدل,2,has_asl,maqayis_openiti,Harun_DarAlFikr,high
ورك,ورك,الواو والراء والكاف,,1,parse_uncertain,maqayis_openiti,Harun_DarAlFikr,low
ورل,ورل,الواو والراء واللام: ليس إلا ورل، وهو شيء من الدواب,,1,parse_uncertain,maqayis_openiti,Harun_DarAlFikr,low
ورم,ورم,الواو والراء والميم: كلمة واحدة، هي الورم، أن ينفر اللحم,,1,parse_uncertain,maqayis_openiti,Harun_DarAlFikr,low
وره,وره,الواو والراء والهاء: كلمة تدل على اضطراب وخرق,,1,has_asl,maqayis_openiti,Harun_DarAlFikr,high
ورى,ورى,الواو والراء والحرف المعتل: بناء على غير قياس، وكلمه أفراد,,1,parse_uncertain,maqayis_openiti,Harun_DarAlFikr,low
وز,وز,الواو والزاء: حرف [يدل على] خفة وسرعة,,1,has_asl,maqayis_openiti,Harun_DarAlFikr,high
وزا,وزا,الواو والزاء والحرف المعتل أو المهموز: أصيل يدل على تجمع في شيء واكتناز,,1,has_asl,maqayis_openiti,Harun_DarAlFikr,high
وزر,وزر,الملجأ ||| الثقل في الشيء,الواو والزاء والراء أصلان صحيحان,2,has_asl,maqayis_openiti,Harun_DarAlFikr,high
وزع,وزع,الواو والزاء والعين: بناء موضوع على غير قياس,,1,parse_uncertain,maqayis_openiti,Harun_DarAlFikr,low
وزغ,وزغ,الواو والزاء والغين، ليس فيه إلا الوزغة: العظاية,,1,parse_uncertain,maqayis_openiti,Harun_DarAlFikr,low
وزف,وزف,الواو والزاء والفاء يقال وزف الرجل: أسرع في المشي,,1,parse_uncertain,maqayis_openiti,Harun_DarAlFikr,low
وزم,وزم,الواو والزاء والميم: بناء أيضا على غير قياس، وفيه كلمات منفردة,,1,parse_uncertain,maqayis_openiti,Harun_DarAlFikr,low
وزن,وزن,الواو والزاء والنون: بناء يدل على تعديل واستقامة: ووزنت الشيء وزنا,,1,has_asl,maqayis_openiti,Harun_DarAlFikr,high
وس,وس,الواو والسين: كلمة تدل على صوت غير رفيع,,1,has_asl,maqayis_openiti,Harun_DarAlFikr,high
وسب,وسب,الواو والسين والباء,,1,parse_uncertain,maqayis_openiti,Harun_DarAlFikr,low
وسج,وسج,الواو والسين والجيم: كلمة واحدة: الوسيج، وهو السير الشديد,,1,parse_uncertain,maqayis_openiti,Harun_DarAlFikr,low
وسخ,وسخ,الواو والسين والخاء كلمة,,1,parse_uncertain,maqayis_openiti,Harun_DarAlFikr,low
وسد,وسد,الواو والسين والدال: كلمة واحدة، هي الوسادة معروفة، وجمعها وسائد,,1,parse_uncertain,maqayis_openiti,Harun_DarAlFikr,low
وسط,وسط,الواو والسين والطاء: بناء صحيح يدل على العدل والنصف,,1,has_asl,maqayis_openiti,Harun_DarAlFikr,high
وسع,وسع,الواو والسين والعين: كلمة تدل على خلاف الضيق والعسر,,1,has_asl,maqayis_openiti,Harun_DarAlFikr,high
وسف,وسف,الواو والسين والفاء كلمة واحدة,,1,parse_uncertain,maqayis_openiti,Harun_DarAlFikr,low
وسق,وسق,الواو والسين والقاف: كلمة تدل على حمل الشيء,,1,has_asl,maqayis_openiti,Harun_DarAlFikr,high
وسل,وسل,الواو والسين واللام: كلمتان متباينتان جدا,,1,parse_uncertain,maqayis_openiti,Harun_DarAlFikr,low
وسم,وسم,الواو والسين والميم: أصل واحد يدل على أثر ومعلم,,1,has_asl,maqayis_openiti,Harun_DarAlFikr,high
وسن,وسن,الواو والسين والنون: كلمتان متقاربتان,,1,parse_uncertain,maqayis_openiti,Harun_DarAlFikr,low
وش,وش,الواو والشين: كلمة واحدة,,1,parse_uncertain,maqayis_openiti,Harun_DarAlFikr,low
وشب,وشب,الواو والشين والباء: كلمة,,1,parse_uncertain,maqayis_openiti,Harun_DarAlFikr,low
وشج,وشج,الواو والشين والجيم: كلمة تدل على اشتباك وتداخل,,1,has_asl,maqayis_openiti,Harun_DarAlFikr,high
وشح,وشح,الواو والشين والحاء: كلمة واحدة الوشاح,,1,parse_uncertain,maqayis_openiti,Harun_DarAlFikr,low
وشر,وشر,الواو والشين والراء: كلمة واحدة,,1,parse_uncertain,maqayis_openiti,Harun_DarAlFikr,low
وشز,وشز,الواو والشين والزاء: كلمة واحدة، هي الوشز: ما ارتفع من الأرض، كالنشز، ثم قيس عليه فقيل لشدائد الأمور: أوشاز، الواحد وشز,,1,parse_uncertain,maqayis_openiti,Harun_DarAlFikr,low
وشظ,وشظ,الواو والشين والظاء: قياس واحد، وهو إلصاق شيء بشيء ليس منه,,1,parse_uncertain,maqayis_openiti,Harun_DarAlFikr,low
وشع,وشع,الواو والشين والعين: أصل واحد يدل على نسج شيء أو تزيينه أو ما أشبه ذلك,,1,has_asl,maqayis_openiti,Harun_DarAlFikr,high
وشق,وشق,الواو والشين والقاف: كلمة واحدة، هي الوشيقة: لحم يقدد,,1,parse_uncertain,maqayis_openiti,Harun_DarAlFikr,low
وشك,وشك,الواو والشين والكاف: كلمة واحدة هي من السرعة,,1,parse_uncertain,maqayis_openiti,Harun_DarAlFikr,low
وشل,وشل,الواو والشين واللام، يدل على سيلان ماء قليل,,1,has_asl,maqayis_openiti,Harun_DarAlFikr,high
وشم,وشم,الواو والشين والميم: كلمة واحدة تدل على تأثير في شيء تزيينا له,,1,has_asl,maqayis_openiti,Harun_DarAlFikr,high
وشى,وشى,يدل على تحسين شيء وتزيينه ||| على نماء وزيادة,الواو والشين والحرف المعتل: أصلان,2,has_asl,maqayis_openiti,Harun_DarAlFikr,high
وشي,وشي,ك,,1,parse_uncertain,maqayis_openiti,Harun_DarAlFikr,low
وص,وص,الواو والصاد: كلمة تدل على نظر من خرق، أو خرق ينظر منه,,1,has_asl,maqayis_openiti,Harun_DarAlFikr,high
وصب,وصب,الواو والصاد والباء: كلمة تدل على دوام شيء,,1,has_asl,maqayis_openiti,Harun_DarAlFikr,high
وصد,وصد,الواو والصاد والدال: أصل يدل على ضم شيء إلى شيء,,1,has_asl,maqayis_openiti,Harun_DarAlFikr,high
وصر,وصر,الواو والصاد والراء: كلمة واحدة,,1,parse_uncertain,maqayis_openiti,Harun_DarAlFikr,low
وصع,وصع,الواو والصاد والعين: كلمة واحدة، هي الوصع: طائر صغير,,1,parse_uncertain,maqayis_openiti,Harun_DarAlFikr,low
وصف,وصف,الواو والصاد والفاء: أصل واحد، هو تحلية الشيء,,1,has_asl,maqayis_openiti,Harun_DarAlFikr,high
وصل,وصل,الواو والصاد واللام: أصل واحد يدل على ضم شيء إلى شيء حتى يعلقه,,1,has_asl,maqayis_openiti,Harun_DarAlFikr,high
وصم,وصم,الواو والصاد والميم: أصل صحيح يدل على كسر وضعف,,1,has_asl,maqayis_openiti,Harun_DarAlFikr,high
وصى,وصى,الواو والصاد والحرف المعتل: أصل يدل على وصل شيء بشيء,,1,has_asl,maqayis_openiti,Harun_DarAlFikr,high
وضا,وضأ,الواو والضاد والهمزة: كلمة واحدة تدل على حسن ونظافة,,1,has_asl,maqayis_openiti,Harun_DarAlFikr,high
وضح,وضح,الواو والضاد والحاء: أصل واحد يدل على ظهور الشيء وبروزه,,1,has_asl,maqayis_openiti,Harun_DarAlFikr,high
وضخ,وضخ,الواو والضاد والخاء:,,1,parse_uncertain,maqayis_openiti,Harun_DarAlFikr,low
وضع,وضع,الواو والضاد والعين: أصل واحد يدل على الخفض [للشيء] وحطه,,1,has_asl,maqayis_openiti,Harun_DarAlFikr,high
وضم,وضم,الواو والضاد والميم: كلمة واحدة، هي الوضم: كل شيء يوضع عليه اللحم من خشب وحجر,,1,parse_uncertain,maqayis_openiti,Harun_DarAlFikr,low
وط,وط,الواو والطاء: كلمة واحدة، هي الوطواط: الخطاف، وبه سمي الجبان وطواطا,,1,parse_uncertain,maqayis_openiti,Harun_DarAlFikr,low
وطا,وطأ,الواو والطاء والهمزة,,1,parse_uncertain,maqayis_openiti,Harun_DarAlFikr,low
وطب,وطب,الواو والطاء والباء: كلمة واحدة، هي وطب اللبن: سقاؤه,,1,parse_uncertain,maqayis_openiti,Harun_DarAlFikr,low
وطح,وطح,الواو والطاء والحاء: كلمة تدل على مزاحمة ومداولة,,1,has_asl,maqayis_openiti,Harun_DarAlFikr,high
وطد,وطد,الواو والطاء والدال: أصل واحد، وهو أن تثبت شيئا بوطثك حتى يتصلب,,1,has_asl,maqayis_openiti,Harun_DarAlFikr,high
وطر,وطر,الواو والطاء والراء: كلمة واحدة,,1,parse_uncertain,maqayis_openiti,Harun_DarAlFikr,low
وطس,وطس,الواو والطاء والسين: كلمة واحدة تدل على وطء شيء حتى ينهزم,,1,has_asl,maqayis_openiti,Harun_DarAlFikr,high
وطف,وطف,الواو والطاء والفاء: أصل صحيح يدل على طول شيء ورخاوته,,1,has_asl,maqayis_openiti,Harun_DarAlFikr,high
وطن,وطن,الواو والطاء والنون: كلمة صحيحة,,1,parse_uncertain,maqayis_openiti,Harun_DarAlFikr,low
وظب,وظب,الواو والظاء والباء: كلمة تدل على مداومة,,1,has_asl,maqayis_openiti,Harun_DarAlFikr,high
وظف,وظف,الواو والظاء والفاء: كلمة تدل على تقدير شيء,,1,has_asl,maqayis_openiti,Harun_DarAlFikr,high
وع,وع,الواو والعين: كلمة تدل على صوت,,1,has_asl,maqayis_openiti,Harun_DarAlFikr,high
وعب,وعب,الواو والعين والباء: كلمة تدل على استيظاف الشيء,,1,has_asl,maqayis_openiti,Harun_DarAlFikr,high
وعث,وعث,الواو والعين والثاء: كلمة تدل على سهولة في الشيء ورخاوة,,1,has_asl,maqayis_openiti,Harun_DarAlFikr,high
وعد,وعد,الواو والعين والدال: كلمة صحيحة تدل على ترجية بقول,,1,has_asl,maqayis_openiti,Harun_DarAlFikr,high
وعر,وعر,الواو والعين والراء: كلمة تدل على صلابة وخشونة,,1,has_asl,maqayis_openiti,Harun_DarAlFikr,high
وعز,وعز,الواو والعين والزاء: كلمة واحدة في التقدمة في الشيء,,1,parse_uncertain,maqayis_openiti,Harun_DarAlFikr,low
وعس,وعس,الواو والعين والسين: أصل يدل على سهولة في الشيء,,1,has_asl,maqayis_openiti,Harun_DarAlFikr,high
وعظ,وعظ,الواو والعين والظاء: كلمة واحدة,,1,parse_uncertain,maqayis_openiti,Harun_DarAlFikr,low
وعق,وعق,الواو والعين والقاف: كلمتان: إحداهما الوعيق: صوت يخرج من قنب الدابة,,1,parse_uncertain,maqayis_openiti,Harun_DarAlFikr,low
وعك,وعك,الواو والعين والكاف، يدل على عرك شيء وتذليله,,1,has_asl,maqayis_openiti,Harun_DarAlFikr,high
وعل,وعل,الواو والعين واللام كلمتان: إحداهما الوعل: ذكر الأروى,,1,parse_uncertain,maqayis_openiti,Harun_DarAlFikr,low
وعن,وعن,الواو والعين والنون: ليس بأصل، لكنهم يقولون: الوعنة الأرض البيضاء,,1,has_asl,maqayis_openiti,Harun_DarAlFikr,high
وعي,وعي,الواو والعين والياء: كلمة تدل على ضم شيء,,1,has_asl,maqayis_openiti,Harun_DarAlFikr,high
وغا,وغا,الواو والغين والحرف المعتل,,1,parse_uncertain,maqayis_openiti,Harun_DarAlFikr,low
وغب,وغب,الواو والغين والباء: كلمة تدل على سقوط وضعف,,1,has_asl,maqayis_openiti,Harun_DarAlFikr,high
وغد,وغد,الواو والغين والدال: كلمة تدل على دناءة,,1,has_asl,maqayis_openiti,Harun_DarAlFikr,high
وغر,وغر,الواو والغين والراء: كلمة تدل على حرارة، ثم يستعار,,1,has_asl,maqayis_openiti,Harun_DarAlFikr,high
وغف,وغف,الواو والغين والفاء ثلاث كلمات,,1,parse_uncertain,maqayis_openiti,Harun_DarAlFikr,low
وغق,وغق,الواو والغين والقاف,,1,parse_uncertain,maqayis_openiti,Harun_DarAlFikr,low
وغل,وغل,الواو والغين واللام: كلمة تدل على تقحم في سير وما أشبه ذلك,,1,has_asl,maqayis_openiti,Harun_DarAlFikr,high
وغم,وغم,الواو والغين والميم: كلمة واحدة، هي الوغم: الغيظ في الصدر، والحقد,,1,parse_uncertain,maqayis_openiti,Harun_DarAlFikr,low
وفد,وفد,الواو والفاء والدال: أصل صحيح يدل على إشراف وطلوع,,1,has_asl,maqayis_openiti,Harun_DarAlFikr,high
وفر,وفر,الواو والفاء والراء: كلمة تدل على كثرة وتمام,,1,has_asl,maqayis_openiti,Harun_DarAlFikr,high
وفز,وفز,الواو والفاء والزاء: كلمة تدل على عجلة وقلة استقرار,,1,has_asl,maqayis_openiti,Harun_DarAlFikr,high
وفض,وفض,الواو والفاء والضاد: ثلاث كلمات متباينة: الأولى أوفض إيفاضا: أسرع,,1,parse_uncertain,maqayis_openiti,Harun_DarAlFikr,low
وفع,وفع,الواو والفاء والعين,,1,parse_uncertain,maqayis_openiti,Harun_DarAlFikr,low
وفق,وفق,الواو والفاء والقاف: كلمة تدل على ملاءمة الشيئين,,1,has_asl,maqayis_openiti,Harun_DarAlFikr,high
وفل,وفل,الواو والفاء واللام: كلمة تدل على شعر وخشونة,,1,has_asl,maqayis_openiti,Harun_DarAlFikr,high
وفى,وفى,الواو والفاء والحرف المعتل: كلمة تدل على إكمال وإتمام,,1,has_asl,maqayis_openiti,Harun_DarAlFikr,high
وقب,وقب,الواو والقاف والباء: كلمة تدل على غيبة شيء في مغاب,,1,has_asl,maqayis_openiti,Harun_DarAlFikr,high
وقت,وقت,الواو والقاف والتاء: أصل يدل على حد شيء وكنهه في زمان وغيره,,1,has_asl,maqayis_openiti,Harun_DarAlFikr,high
وقح,وقح,الواو والقاف والحاء: كلمة تدل على صلابة في الشيء,,1,has_asl,maqayis_openiti,Harun_DarAlFikr,high
وقد,وقد,الواو والقاف والدال: كلمة تدل على اشتعال نار,,1,has_asl,maqayis_openiti,Harun_DarAlFikr,high
وقذ,وقذ,الواو والقاف والذال: كلمة تدل على ضرب بخشب,,1,has_asl,maqayis_openiti,Harun_DarAlFikr,high
وقر,وقر,الواو والقاف والراء: أصل يدل على ثقل في الشيء,,1,has_asl,maqayis_openiti,Harun_DarAlFikr,high
وقص,وقص,الواو والقاف والصاد: كلمة تدل على كسر شيء,,1,has_asl,maqayis_openiti,Harun_DarAlFikr,high
وقط,وقط,الواو والقاف والطاء: كلمة تدل على وقع شيء بشيء,,1,has_asl,maqayis_openiti,Harun_DarAlFikr,high
وقع,وقع,الواو والقاف والعين أصل واحد يرجع إليه فروعه، يدل على سقوط شيء,,1,has_asl,maqayis_openiti,Harun_DarAlFikr,high
وقف,وقف,الواو والقاف والفاء: أصل واحد يدل على تمكث في شيء ثم يقاس عليه,,1,has_asl,maqayis_openiti,Harun_DarAlFikr,high
وقل,وقل,الواو والقاف واللام: كلمة تدل على علو في جبل,,1,has_asl,maqayis_openiti,Harun_DarAlFikr,high
وقم,وقم,الواو والقاف والميم,,1,parse_uncertain,maqayis_openiti,Harun_DarAlFikr,low
وقه,وقه,الواو والقاف والهاء: كلمة واحدة,,1,parse_uncertain,maqayis_openiti,Harun_DarAlFikr,low
وقى,وقى,الواو والقاف والياء: كلمة واحدة تدل على دفع شيء عن شيء بغيره,,1,has_asl,maqayis_openiti,Harun_DarAlFikr,high
وكا,وكا,الواو والكاف والحرف المعتل: أصيل يدل على شد شيء وشدة,,1,has_asl,maqayis_openiti,Harun_DarAlFikr,high
وكب,وكب,الواو والكاف والباء: كلمتان تدل إحداهما على الانتصاب والأخرى على ضرب من السير,,1,has_asl,maqayis_openiti,Harun_DarAlFikr,high
وكت,وكت,الواو والكاف والتاء: كلمة وهي الوكتة، كالنكتة في الشيء,,1,parse_uncertain,maqayis_openiti,Harun_DarAlFikr,low
وكح,وكح,الواو والكاف والحاء: كلمة تدل على صلابة وشدة,,1,has_asl,maqayis_openiti,Harun_DarAlFikr,high
وكد,وكد,الواو والكاف والدال: كلمة تدل على شد وإحكام,,1,has_asl,maqayis_openiti,Harun_DarAlFikr,high
وكر,وكر,الواو والكاف والراء: أصل صحيح ليست كلمه على قياس واحد، لكنها أفراد,,1,has_asl,maqayis_openiti,Harun_DarAlFikr,high
وكز,وكز,الواو والكاف والزاء بناء صحيح ; يقال وكزه: طعنه,,1,parse_uncertain,maqayis_openiti,Harun_DarAlFikr,low
وكس,وكس,الواو والكاف والسين: كلمة تدل على نقص وخسران,,1,has_asl,maqayis_openiti,Harun_DarAlFikr,high
وكع,وكع,الواو والكاف والعين كلمتان,,1,parse_uncertain,maqayis_openiti,Harun_DarAlFikr,low
وكف,وكف,الواو والكاف والفاء: أصل صحيح ليست كلمه على قياس واحد,,1,has_asl,maqayis_openiti,Harun_DarAlFikr,high
وكل,وكل,الواو والكاف واللام: أصل صحيح يدل على اعتماد غيرك في أمرك,,1,has_asl,maqayis_openiti,Harun_DarAlFikr,high
وكم,وكم,الواو والكاف والميم كلمة,,1,parse_uncertain,maqayis_openiti,Harun_DarAlFikr,low
وكن,وكن,الواو والكاف والنون,,1,parse_uncertain,maqayis_openiti,Harun_DarAlFikr,low
ول,ول,الواو واللام,,1,parse_uncertain,maqayis_openiti,Harun_DarAlFikr,low
ولب,ولب,الواو واللام والباء,,1,parse_uncertain,maqayis_openiti,Harun_DarAlFikr,low
ولث,ولث,الواو واللام والثاء، فيه كلمتان,,1,parse_uncertain,maqayis_openiti,Harun_DarAlFikr,low
ولج,ولج,الواو واللام والجيم: كلمة تدل على دخول شيء,,1,has_asl,maqayis_openiti,Harun_DarAlFikr,high
ولح,ولح,الواو واللام والحاء,,1,parse_uncertain,maqayis_openiti,Harun_DarAlFikr,low
ولخ,ولخ,الواو واللام والخاء,,1,parse_uncertain,maqayis_openiti,Harun_DarAlFikr,low
ولد,ولد,الواو واللام والدال: أصل صحيح، وهو دليل النجل والنسل، ثم يقاس عليه غيره,,1,has_asl,maqayis_openiti,Harun_DarAlFikr,high
ولذ,ولذ,الواو واللام والذال,,1,parse_uncertain,maqayis_openiti,Harun_DarAlFikr,low
ولس,ولس,الواو واللام والسين: كلمة تدل على ضرب من السير,,1,has_asl,maqayis_openiti,Harun_DarAlFikr,high
ولع,ولع,الواو واللام والعين: كلمتان تدل إحداهما على اللهج بالشيء، والأخرى على لون من الألوان,,1,has_asl,maqayis_openiti,Harun_DarAlFikr,high
ولغ,ولغ,الواو واللام والغين: كلمة واحدة، وهي قولهم: ولغ الكلب في الإناء يلغ، ويولغ إذا أولغه صاحبه,,1,parse_uncertain,maqayis_openiti,Harun_DarAlFikr,low
ولق,ولق,الواو واللام والقاف: كلمة تدل على إسراع وخفة,,1,has_asl,maqayis_openiti,Harun_DarAlFikr,high
ولم,ولم,الواو واللام والميم، فيه كلمات تتشاكل,,1,parse_uncertain,maqayis_openiti,Harun_DarAlFikr,low
وله,وله,الواو واللام والهاء: أصل صحيح يدل على اضطراب شيء أو ذهابه [يقال: رجل] واله وامرأة واله ووالهة,,1,has_asl,maqayis_openiti,Harun_DarAlFikr,high
ولي,ولي,الواو واللام والياء: أصل صحيح يدل على قرب,,1,has_asl,maqayis_openiti,Harun_DarAlFikr,high
وما,ومأ,الواو والميم والهمزة: كلمة واحدة,,1,parse_uncertain,maqayis_openiti,Harun_DarAlFikr,low
ومد,ومد,الواو والميم والدال: كلمتان,,1,parse_uncertain,maqayis_openiti,Harun_DarAlFikr,low
ومض,ومض,الواو والميم والضاد: كلمة تدل على لمعان شيء,,1,has_asl,maqayis_openiti,Harun_DarAlFikr,high
ومق,ومق,الواو والميم والقاف: كلمة واحدة، وهي الومق: الحب,,1,parse_uncertain,maqayis_openiti,Harun_DarAlFikr,low
ونم,ونم,الواو والنون والميم,,1,parse_uncertain,maqayis_openiti,Harun_DarAlFikr,low
ونى,ونى,الواو والنون والحرف المعتل,,1,parse_uncertain,maqayis_openiti,Harun_DarAlFikr,low
وه,وه,الواو والهاء,,1,parse_uncertain,maqayis_openiti,Harun_DarAlFikr,low
وهب,وهب,الواو والهاء والباء: كلمات لا ينقاس بعضها على بعض,,1,parse_uncertain,maqayis_openiti,Harun_DarAlFikr,low
وهت,وهت,الواو والهاء والتاء,,1,parse_uncertain,maqayis_openiti,Harun_DarAlFikr,low
وهث,وهث,الواو والهاء والثاء,,1,parse_uncertain,maqayis_openiti,Harun_DarAlFikr,low
وهج,وهج,الواو والهاء والجيم: كلمة واحدة، وهي الوهج: حر النار وتوقدها,,1,parse_uncertain,maqayis_openiti,Harun_DarAlFikr,low
وهد,وهد,الواو والهاء والدال: كلمة واحدة، وهي الوهدة: المكان المطمئن، والجمع وهاد,,1,parse_uncertain,maqayis_openiti,Harun_DarAlFikr,low
وهز,وهز,الواو والهاء والزاء,,1,parse_uncertain,maqayis_openiti,Harun_DarAlFikr,low
وهس,وهس,الواو والهاء والسين: كلمتان: إحداهما الشدة في الأمور، والثانية من السرار,,1,parse_uncertain,maqayis_openiti,Harun_DarAlFikr,low
وهص,وهص,الواو والهاء والصاد: كلمات متقاربة، وهي الوهص: شدة الوطء للشيء بالقدم,,1,parse_uncertain,maqayis_openiti,Harun_DarAlFikr,low
وهط,وهط,الواو والهاء والطاء,,1,parse_uncertain,maqayis_openiti,Harun_DarAlFikr,low
وهف,وهف,الواو والهاء والفاء: كلمتان,,1,parse_uncertain,maqayis_openiti,Harun_DarAlFikr,low
وهق,وهق,الواو والهاء والقاف: كلمتان,,1,parse_uncertain,maqayis_openiti,Harun_DarAlFikr,low
وهل,وهل,الواو والهاء واللام كلمات لا تنقاس، وهي الوهل: الفزع,,1,parse_uncertain,maqayis_openiti,Harun_DarAlFikr,low
وهم,وهم,الواو والهاء والميم: كلمات لا تنقاس، بل أفراد,,1,parse_uncertain,maqayis_openiti,Harun_DarAlFikr,low
وهن,وهن,الواو والهاء والنون: كلمتان تدل إحداهما على ضعف، والأخرى على زمان,,1,has_asl,maqayis_openiti,Harun_DarAlFikr,high
وهي,وهي,الواو والهاء والحرف المعتل يدل على استرخاء في شيء,,1,has_asl,maqayis_openiti,Harun_DarAlFikr,high
ويح,ويح,الواو والياء والحاء,,1,parse_uncertain,maqayis_openiti,Harun_DarAlFikr,low
ياس,يأس,الياء والهمزة والسين,,1,parse_uncertain,maqayis_openiti,Harun_DarAlFikr,low
يب,يب,الياء والباء كلمة واحدة وهي اليباب، إتباع للخراب، وربما أفردوها فقالوا: أخبرت عن فعاله الأرض واستن,,1,parse_uncertain,maqayis_openiti,Harun_DarAlFikr,low
يبس,يبس,الياء والباء والسين: أصل صحيح يدل على جفاف,,1,has_asl,maqayis_openiti,Harun_DarAlFikr,high
ية,ية,أي صناع، ورجل يدي,,1,parse_uncertain,maqayis_openiti,Harun_DarAlFikr,low
يتم,يتم,الياء والتاء والميم,,1,parse_uncertain,maqayis_openiti,Harun_DarAlFikr,low
يتن,يتن,الياء والتاء والنون: كلمة واحدة، وهي اليتن، وهو الفصيل يخرج رجلاه عند الولادة قبل رأسه,,1,parse_uncertain,maqayis_openiti,Harun_DarAlFikr,low
يد,يد,الياء والدال: أصل بناء اليد للإنسان وغيره، ويستعار في المنة فيقال: له عليه يد,,1,has_asl,maqayis_openiti,Harun_DarAlFikr,high
يدع,يدع,الياء والدال والعين: كلمتان متباينتان، إحداهما الأيدع: صبغ أحمر,,1,parse_uncertain,maqayis_openiti,Harun_DarAlFikr,low
ير,ير,الياء والراء,,1,parse_uncertain,maqayis_openiti,Harun_DarAlFikr,low
يزن,يزن,الياء والزاء والنون,,1,parse_uncertain,maqayis_openiti,Harun_DarAlFikr,low
يسر,يسر,على انفتاح شيء وخفته ||| على عضو من الأعضاء,الياء والسين والراء: أصلان يدل,2,has_asl,maqayis_openiti,Harun_DarAlFikr,high
يعر,يعر,الياء والعين والراء,,1,parse_uncertain,maqayis_openiti,Harun_DarAlFikr,low
يعط,يعط,الياء والعين والطاء,,1,parse_uncertain,maqayis_openiti,Harun_DarAlFikr,low
يفع,يفع,الياء والفاء والعين: كلمة تدل على الارتفاع,,1,has_asl,maqayis_openiti,Harun_DarAlFikr,high
يفن,يفن,الياء والفاء والنون,,1,parse_uncertain,maqayis_openiti,Harun_DarAlFikr,low
يقن,يقن,الياء والقاف والنون: اليقن واليقين: زوال الشك,,1,parse_uncertain,maqayis_openiti,Harun_DarAlFikr,low
يقه,يقه,الياء والقاف والهاء,,1,parse_uncertain,maqayis_openiti,Harun_DarAlFikr,low
يل,يل,الياء واللام كلمة واحدة، هي اليلل: قصر الأسنان,,1,parse_uncertain,maqayis_openiti,Harun_DarAlFikr,low
يلب,يلب,الياء واللام والباء: كلمة واحدة قد اختلف في معناها,,1,parse_uncertain,maqayis_openiti,Harun_DarAlFikr,low
يلق,يلق,الياء واللام والقاف,,1,parse_uncertain,maqayis_openiti,Harun_DarAlFikr,low
يم,يم,الياء والميم: كلمة تدل على قصد الشيء وتعمده وقصده,,1,has_asl,maqayis_openiti,Harun_DarAlFikr,high
يمن,يمن,الياء والميم والنون: كلمات من قياس واحد,,1,parse_uncertain,maqayis_openiti,Harun_DarAlFikr,low
ينف,ينف,الياء والنون والفاء,,1,parse_uncertain,maqayis_openiti,Harun_DarAlFikr,low
ينم,ينم,الياء والنون والميم,,1,parse_uncertain,maqayis_openiti,Harun_DarAlFikr,low
يه,يه,الياء والهاء,,1,parse_uncertain,maqayis_openiti,Harun_DarAlFikr,low
يهر,يهر,الياء والهاء والراء,,1,parse_uncertain,maqayis_openiti,Harun_DarAlFikr,low
يهم,يهم,الياء والهاء والميم,,1,parse_uncertain,maqayis_openiti,Harun_DarAlFikr,low
يوح,يوح,الياء والواو والحاء: كلمة واحدة، وهي يوح: اسم من أسماء الشمس,,1,parse_uncertain,maqayis_openiti,Harun_DarAlFikr,low
يوم,يوم,الياء والواو والميم: كلمة واحدة، هي اليوم: الواحد من الأيام، ثم يستعيرونه في الأمر العظيم ويقولون نعم فلان في اليوم إذا نزل,,1,parse_uncertain,maqayis_openiti,Harun_DarAlFikr,low
